role,threshold,objective,node_f1,exact_set_attack,node_balanced_accuracy
source,0.0,0.053042657282636685,0.08840442880439447,0.0,0.5
source,0.001,0.5719017013687342,0.5781014565544953,0.5626020685900925,0.9616675437022195
source,0.002,0.5889155948082909,0.5913971581045457,0.5851932498639085,0.9630635385088689
source,0.003,0.5995716145640114,0.5989956958393113,0.6004354926510616,0.9634738814546542
source,0.004,0.6083943878640877,0.6053533755274262,0.61295590636908,0.9641725238117438
source,0.005,0.6154138142086844,0.609794208584062,0.6238432226456179,0.9642225915217324
source,0.006,0.6211099706630197,0.6138441445363518,0.6320087098530213,0.9644534240290679
source,0.007,0.6261211182035034,0.6169338542368314,0.6399020141535111,0.964556103715472
source,0.008,0.6296660518589985,0.619031516299202,0.6456178551986935,0.9645306305809449
source,0.009000000000000001,0.6330140850610726,0.6213453767530307,0.6505171475231355,0.9646261091300365
source,0.01,0.635475124251307,0.6230881902101714,0.6540555253130104,0.9646970642009323
source,0.011,0.6376776163948239,0.62494445773661,0.6567773543821448,0.964732389385097
source,0.012,0.6401233109343534,0.6268431520471848,0.6600435492651061,0.9648677433433408
source,0.013000000000000001,0.6418090715800921,0.6280196556819354,0.6624931954273272,0.9649141749360404
source,0.014,0.6442812713709333,0.6292367043262607,0.6668481219379423,0.9648684238457385
source,0.015,0.6454355459907977,0.630071763731714,0.668481219379423,0.9648243029141652
source,0.016,0.6462757227523009,0.6309276925203927,0.6692977681001633,0.9647340906410912
source,0.017,0.6471238290628412,0.6316153819528573,0.670386499727817,0.9646716621636706
source,0.018000000000000002,0.6485722204968174,0.6323962702346702,0.6728361458900382,0.9646684018462132
source,0.019,0.6497799524195711,0.6331389698736637,0.6747414262384323,0.964708617506564
source,0.02,0.6502745019541024,0.6337817638266069,0.6750136091453457,0.9645435448913721
source,0.021,0.6509981034429163,0.6344434004941365,0.675830157866086,0.9646220058021463
source,0.022,0.6522536266845892,0.635084297060053,0.6780076211213936,0.9646978513492281
source,0.023,0.6530444853920914,0.6354951185495119,0.6793685356559608,0.9646014231438054
source,0.024,0.6544883229332639,0.6362684170099854,0.6818181818181818,0.9646442541678486
source,0.025,0.6551429841600069,0.6366336979694545,0.6829069134458357,0.9644938885298477
source,0.026000000000000002,0.655502009972672,0.6368691637813451,0.6834512792596625,0.9643765374148852
source,0.027,0.6559148154785894,0.6373757176865985,0.683723462166576,0.9643392773694255
source,0.028,0.6564941628581848,0.6377969308387639,0.6845400108873163,0.9643402625743893
source,0.029,0.6572481300026211,0.638327721661055,0.6856287425149701,0.9643056178926221
source,0.03,0.6573941736850533,0.638571127798442,0.6856287425149701,0.9642856801880462
source,0.031,0.6576340166823409,0.6387894108559792,0.6859009254218835,0.9642144204145844
source,0.032,0.657753415479607,0.6389884088514225,0.6859009254218835,0.9641892519826234
source,0.033,0.6581832908474899,0.639341957255343,0.6864452912357104,0.9641336843913165
source,0.034,0.6587662858084624,0.6397692497098034,0.6872618399564507,0.9641833763014735
source,0.035,0.6591731597671995,0.6400844624318142,0.6878062057702776,0.9642199913931682
source,0.036000000000000004,0.6594663512443337,0.6403916596224288,0.6880783886771911,0.9641104863692831
source,0.037,0.6595708432527709,0.6407472682410997,0.6878062057702776,0.9640549187779761
source,0.038,0.6602368449200233,0.6411314499347512,0.6888949373979314,0.9640993799607482
source,0.039,0.6605461365590408,0.6414654807285048,0.6891671203048448,0.9640411970057488
source,0.04,0.6610750526918192,0.6418026418026418,0.6899836690255852,0.9640317207559427
source,0.041,0.6613456355890707,0.6420721580267854,0.6902558519324986,0.9640143984150591
source,0.042,0.6616980125740304,0.642296542459167,0.6908002177463255,0.9639918453467906
source,0.043000000000000003,0.662048975978005,0.6425185709232402,0.6913445835601524,0.9639205855733288
source,0.044,0.662375847246584,0.6427004458283206,0.6918889493739793,0.9639415084828686
source,0.045,0.6624698654638774,0.6428571428571429,0.6918889493739793,0.9639111093235226
source,0.046,0.6626030168551413,0.6428976065713071,0.6921611322808927,0.9638189266405212
source,0.047,0.6626546349623678,0.6429836367500178,0.6921611322808927,0.9637319746849046
source,0.048,0.6624171774793608,0.6429507848208907,0.6916167664670658,0.963534532500439
source,0.049,0.6626202520637732,0.6431077871903024,0.6918889493739793,0.9635041333410931
source,0.05,0.6627397985834909,0.6431255761185564,0.6921611322808927,0.9634093352943991
source,0.051000000000000004,0.663025117490518,0.6434196523589926,0.6924333151878062,0.9633946283172079
source,0.052000000000000005,0.663516142596565,0.6436936617219107,0.6932498639085466,0.9634260126815177
source,0.053,0.6639661582215113,0.6438993219496609,0.6940664126292869,0.9634495509547499
source,0.054,0.6639244246044069,0.6440112211924293,0.6937942297223735,0.963413921068019
source,0.055,0.6640038903329439,0.6441436640733241,0.6937942297223735,0.9633321998397875
source,0.056,0.6640309398521437,0.6443702018765994,0.69352204681546,0.9633096467715189
source,0.057,0.6640678999379603,0.6444318020196272,0.69352204681546,0.9631713727470166
source,0.058,0.6641765062728706,0.644612812577811,0.69352204681546,0.9631435889513631
source,0.059000000000000004,0.6640923312599138,0.6446539761608254,0.6932498639085466,0.9630514062683615
source,0.06,0.6641583494930833,0.6447640065494411,0.6932498639085466,0.9629670696764374
source,0.061,0.6641251841334229,0.6447087309500071,0.6932498639085466,0.9627670121282794
source,0.062,0.6643029388871584,0.6448235336016239,0.69352204681546,0.9627800889467417
source,0.063,0.6643994143374692,0.6449843260188087,0.69352204681546,0.962798396492589
source,0.064,0.6643305163608246,0.6450509513290101,0.6932498639085466,0.9627575358784732
source,0.065,0.6644670934620391,0.6452785798310341,0.6932498639085466,0.9627349828102048
source,0.066,0.66456236399226,0.6454373640480691,0.6932498639085466,0.9627045836508588
source,0.067,0.664479752049701,0.6454811327484128,0.6929776810016332,0.9626611076730505
source,0.068,0.6645764671421894,0.645642324569227,0.6929776810016332,0.9626794152188978
source,0.069,0.6646041088985661,0.6456883941631881,0.6929776810016332,0.9626846459462828
source,0.07,0.6646978119065877,0.6456631105719485,0.6932498639085466,0.962633323877397
source,0.07100000000000001,0.664765593873494,0.6457760805167921,0.6932498639085466,0.9625976939906662
source,0.07200000000000001,0.664791913864982,0.6458199471692725,0.6932498639085466,0.9625542180128579
source,0.073,0.664695535092549,0.6458407711531596,0.6929776810016332,0.9625081266713571
source,0.074,0.6646928578598734,0.6458363090987003,0.6929776810016332,0.9624107132609705
source,0.075,0.6647468819516766,0.6459263492517056,0.6929776810016332,0.9623724680105472
source,0.076,0.6649388294903952,0.6460648065449609,0.6932498639085466,0.962388160192702
source,0.077,0.6649210012043434,0.6460350927348747,0.6932498639085466,0.9622394247134298
source,0.078,0.6649612387685515,0.6461021553418881,0.6932498639085466,0.962198564099314
source,0.079,0.6650305332940063,0.6462176462176462,0.6932498639085466,0.9622116409177763
source,0.08,0.6651137194316872,0.6463562897804477,0.6932498639085466,0.9622273330999311
source,0.081,0.6654563119125572,0.6465643667060128,0.6937942297223735,0.9622508713731635
source,0.082,0.6656055282372895,0.6466316053092912,0.6940664126292869,0.9622100107590477
source,0.083,0.6657269936587139,0.6466525924070563,0.6943385955362004,0.9621639194175469
source,0.084,0.6657118203937609,0.6466273036321345,0.6943385955362004,0.9621125973486611
source,0.085,0.6657534755775895,0.6466967289385155,0.6943385955362004,0.9621204434397386
source,0.08600000000000001,0.6654091051155303,0.6466671439822439,0.69352204681546,0.9619717079604663
source,0.08700000000000001,0.6654204204019816,0.6466860027929959,0.69352204681546,0.9618769099137723
source,0.088,0.6654760034842687,0.6467786412634745,0.69352204681546,0.9618873713685421
source,0.089,0.665601123662775,0.6469871748943183,0.69352204681546,0.9619109096417744
source,0.09,0.6653530215228316,0.6469365818702973,0.6929776810016332,0.961808265504003
source,0.091,0.6655036220603548,0.6470061274948937,0.6932498639085466,0.9618161115950803
source,0.092,0.6658048500553235,0.6471452636106234,0.6937942297223735,0.9618318037772352
source,0.093,0.6659681438858727,0.6472359647235966,0.6940664126292869,0.9617935585268118
source,0.094,0.6658719407236572,0.6472570813911797,0.6937942297223735,0.961747467185311
source,0.095,0.6661846974604535,0.6474154320766223,0.6943385955362004,0.9616683613207719
source,0.096,0.6661163931884877,0.6474830468946217,0.6940664126292869,0.961627500706656
source,0.097,0.666020221762994,0.6475042164567409,0.6937942297223735,0.9615814093651552
source,0.098,0.6660887102313163,0.6476183639039449,0.6937942297223735,0.9615457794784243
source,0.099,0.6664559510569927,0.647686066132912,0.6946107784431138,0.9615049188643086
source,0.1,0.6664826336984175,0.6477305372019534,0.6946107784431138,0.9614614428865003
source,0.101,0.6666181990858572,0.6477750242430772,0.6948829613500273,0.961417966908692
source,0.10200000000000001,0.6666716123056129,0.6478640462760032,0.6948829613500273,0.9613310149530754
source,0.10300000000000001,0.6665754910818702,0.6478852995077078,0.6946107784431138,0.9612849236115746
source,0.10400000000000001,0.6666313733718547,0.647978436657682,0.6946107784431138,0.9612953850663444
source,0.105,0.6667012488323139,0.6480948957584473,0.6946107784431138,0.9613084618848068
source,0.106,0.6665620128477847,0.6480442910555075,0.6943385955362004,0.9612058177470353
source,0.107,0.6666179349784669,0.6481374946066446,0.6943385955362004,0.9612162792018052
source,0.108,0.6666878602664814,0.6482540367533355,0.6943385955362004,0.9612293560202676
source,0.109,0.6667578107056679,0.6483706208186462,0.6943385955362004,0.9612424328387299
source,0.11,0.6667857979267103,0.6484172661870503,0.6943385955362004,0.9612476635661149
source,0.111,0.6666325728942877,0.6483433464042883,0.6940664126292869,0.961142404064651
source,0.112,0.6667305592942481,0.6485066570708888,0.6940664126292869,0.9611607116104983
source,0.113,0.6667713966094458,0.6485747192628851,0.6940664126292869,0.9611198509963825
source,0.114,0.6667854031901448,0.64859806356405,0.6940664126292869,0.961122466360075
source,0.115,0.666921124728988,0.6486428108575131,0.6943385955362004,0.9610789903822666
source,0.116,0.6668671397519417,0.6487342911670447,0.6940664126292869,0.9610407451318432
source,0.117,0.6669091925365894,0.6488043791414577,0.6940664126292869,0.9610485912229207
source,0.11800000000000001,0.6670881738698489,0.6489212260922811,0.6943385955362004,0.961061668041383
source,0.11900000000000001,0.6672003994827201,0.6491082687804,0.6943385955362004,0.9610825909509229
source,0.12,0.6673350671346248,0.649151259595632,0.6946107784431138,0.9609904082679213
source,0.121,0.6672812204783589,0.6492429704397981,0.6943385955362004,0.960952163017498
source,0.122,0.6673081802371952,0.6492879033711917,0.6943385955362004,0.9609086870396897
source,0.123,0.6672930050121579,0.6492626113294631,0.6943385955362004,0.9608573649708039
source,0.124,0.6670589498231676,0.6492354298903635,0.6937942297223735,0.960757336196725
source,0.125,0.6670437684957444,0.6492101276779918,0.6937942297223735,0.9607060141278392
source,0.126,0.6670718687754016,0.6492569614774203,0.6937942297223735,0.9607112448552242
source,0.127,0.6669899724474582,0.6493019228687903,0.69352204681546,0.9606677688774159
source,0.128,0.6670825327635975,0.6492747347910802,0.6937942297223735,0.9605677401033368
source,0.129,0.6671095212584683,0.6493197156158649,0.6937942297223735,0.9605242641255285
source,0.13,0.667192782141657,0.6494584837545125,0.6937942297223735,0.9604912496024901
source,0.131,0.6672772065852736,0.6495991911605402,0.6937942297223735,0.960506941784645
source,0.132,0.6674564614004455,0.649716493914551,0.6940664126292869,0.9605200186031073
source,0.133,0.66738873187739,0.649785066647401,0.6937942297223735,0.9604791579889915
source,0.134,0.6671254324297697,0.649709144777252,0.6932498639085466,0.9603251917823343
source,0.135,0.6673995261678494,0.6498030571315,0.6937942297223735,0.9603356532371041
source,0.136,0.6672450857591112,0.6497271117215455,0.69352204681546,0.9601816870304469
source,0.137,0.6672862635040301,0.6497957412964102,0.69352204681546,0.9601408264163311
source,0.138,0.6673415590169196,0.6498879004845592,0.69352204681546,0.9601025811659079
source,0.139,0.6672022963771618,0.6498372513562387,0.6932498639085466,0.9599999370281364
source,0.14,0.667395796008777,0.6499782954709883,0.69352204681546,0.9600156292102913
source,0.14100000000000001,0.667408818726184,0.65,0.69352204681546,0.9599695378687905
source,0.14200000000000002,0.667451153277691,0.6500705575858451,0.69352204681546,0.9599773839598678
source,0.14300000000000002,0.6675578641592255,0.6500669537837935,0.6937942297223735,0.9598799705494813
source,0.14400000000000002,0.6677090900263781,0.6501375416244389,0.6940664126292869,0.9598878166405587
source,0.145,0.6677362562510776,0.6501828186656048,0.6940664126292869,0.9598443406627504
source,0.146,0.6677927549934215,0.6502769832361779,0.6940664126292869,0.9598548021175204
source,0.147,0.6676828135575473,0.6502752027809965,0.6937942297223735,0.9598060954123271
source,0.148,0.667739334652965,0.6503694046066927,0.6937942297223735,0.9598165568670969
source,0.149,0.6678906093850844,0.6504400738889493,0.6940664126292869,0.9598244029581744
source,0.15,0.6679330201701673,0.6505107585307542,0.6940664126292869,0.9598322490492518
source,0.151,0.6680984553871488,0.6506050286211145,0.6943385955362004,0.9598427105040217
source,0.152,0.6681267425623063,0.6506521739130435,0.6943385955362004,0.9598479412314067
source,0.153,0.6680309714874302,0.6506740107261922,0.6940664126292869,0.9598018498899059
source,0.154,0.6678111384072278,0.6506705328017398,0.69352204681546,0.9597044364795193
source,0.155,0.6677295268576002,0.650715968823636,0.6932498639085466,0.959660960501711
source,0.156,0.6677709561149252,0.6507850175858443,0.6932498639085466,0.9596200998875952
source,0.157,0.6678417603164468,0.6509030245883803,0.6932498639085466,0.9596331767060575
source,0.158,0.667884255164086,0.6509738493344456,0.6932498639085466,0.959641022797135
source,0.159,0.6681064931447886,0.6511627906976744,0.69352204681546,0.9596619457066748
source,0.16,0.6681773795796566,0.6512809347557877,0.69352204681546,0.9596750225251371
source,0.161,0.6679434405638298,0.6512539469386275,0.6929776810016332,0.9595749937510583
source,0.162,0.6679718063123079,0.6513012231860912,0.6929776810016332,0.9595802244784432
source,0.163,0.6679991752104986,0.6513468380164089,0.6929776810016332,0.9595367485006349
source,0.164,0.6680701254488359,0.6514650884136378,0.6929776810016332,0.9595498253190973
source,0.165,0.6680701254488359,0.6514650884136378,0.6929776810016332,0.9595498253190973
source,0.166,0.6681127079587911,0.6515360592635631,0.6929776810016332,0.9595576714101747
source,0.167,0.6678645877879139,0.6514854361879857,0.6924333151878062,0.9594550272724032
source,0.168,0.6677405243928163,0.6514601191340985,0.6921611322808927,0.9594037052035174
source,0.169,0.6677689207656081,0.6515074464220849,0.6921611322808927,0.9594089359309024
source,0.17,0.6674761946513541,0.6513824801075463,0.6916167664670658,0.959201032291667
source,0.171,0.6675036002564244,0.6514281561159968,0.6916167664670658,0.9591575563138587
source,0.17200000000000001,0.6675320096832066,0.6514755051606338,0.6916167664670658,0.9591627870412436
source,0.17300000000000001,0.6675746315677444,0.6515465416348635,0.6916167664670658,0.9591706331323211
source,0.17400000000000002,0.6676030513216598,0.6515939078913889,0.6916167664670658,0.959175863859706
source,0.17500000000000002,0.6676741187878007,0.6517123536682906,0.6916167664670658,0.9591889406781684
source,0.176,0.6676883353815909,0.6517360479912743,0.6916167664670658,0.9591915560418609
source,0.177,0.6676873581758016,0.6517344193149589,0.6916167664670658,0.9591428493366676
source,0.178,0.6677157974959171,0.6517818181818181,0.6916167664670658,0.9591480800640526
source,0.179,0.6677157974959171,0.6517818181818181,0.6916167664670658,0.9591480800640526
source,0.18,0.6677157974959171,0.6517818181818181,0.6916167664670658,0.9591480800640526
source,0.181,0.6677869138972463,0.6519003455173668,0.6916167664670658,0.9591611568825149
source,0.182,0.667771720226662,0.6518750227330593,0.6916167664670658,0.9591098348136292
source,0.183,0.6677045667889243,0.6519445556081056,0.6913445835601524,0.9590689741995133
source,0.184,0.6678551778942752,0.652014118845748,0.6916167664670658,0.9590281135853975
source,0.185,0.6678694140104071,0.652037845705968,0.6916167664670658,0.95903072894909
source,0.186,0.667940610135507,0.6521565059144677,0.6916167664670658,0.9590438057675523
source,0.187,0.6676639910187665,0.6520583845957849,0.6910724006532389,0.9589359309023959
source,0.188,0.667844080693611,0.6521770787825834,0.6913445835601524,0.9589490077208583
source,0.189,0.6679295747393329,0.6523195688587866,0.6913445835601524,0.9589646999030131
source,0.19,0.6679295747393329,0.6523195688587866,0.6913445835601524,0.9589646999030131
source,0.191,0.6679580810569816,0.652367079388201,0.6913445835601524,0.958969930630398
source,0.192,0.6680151061513337,0.6524621212121212,0.6913445835601524,0.958980392085168
source,0.193,0.6680436249298525,0.6525096525096525,0.6913445835601524,0.958985622812553
source,0.194,0.6680712226185671,0.6525556486575103,0.6913445835601524,0.9589421468347447
source,0.195,0.6681140193892289,0.6526269766086132,0.6913445835601524,0.9589499929258221
source,0.196,0.6680988303632827,0.6526016615653695,0.6913445835601524,0.9588986708569364
source,0.197,0.6681701815417037,0.6527205801960713,0.6913445835601524,0.9589117476753988
source,0.198,0.6680309285499779,0.652669947147804,0.6910724006532389,0.9588091035376273
source,0.199,0.668045202879944,0.6526937376977473,0.6910724006532389,0.9588117189013198
source,0.2,0.6680880321143086,0.6527651197550217,0.6910724006532389,0.9588195649923972
source,0.201,0.6681165901420787,0.6528127164679719,0.6910724006532389,0.9588247957197822
source,0.202,0.6677301120682153,0.6527129521586931,0.6902558519324986,0.9586682141494325
source,0.203,0.6677586751030994,0.6527605572168332,0.6902558519324986,0.9586734448768174
source,0.20400000000000001,0.6677872423047282,0.6528081692195479,0.6902558519324986,0.9586786756042023
source,0.20500000000000002,0.6675533889030587,0.6527813240926501,0.6897114861186717,0.9585786468301234
source,0.20600000000000002,0.6675810555930359,0.6528274352426121,0.6897114861186717,0.958535170852315
source,0.20700000000000002,0.6675801466786506,0.6528259203853031,0.6897114861186717,0.9584864641471218
source,0.20800000000000002,0.6676230267931116,0.6528973872427383,0.6897114861186717,0.9584943102381992
source,0.209,0.6674846582624065,0.652848228296172,0.6894393032117583,0.958440372805621
source,0.21,0.6675409424848786,0.6529420353336254,0.6894393032117583,0.9584021275551977
source,0.211,0.6674740770376006,0.6530120481927711,0.6891671203048448,0.9583612669410818
source,0.212,0.667488382314497,0.6530358903209318,0.6891671203048448,0.9583638823047742
source,0.213,0.6676401775762391,0.6531074271525596,0.6894393032117583,0.9583717283958517
source,0.214,0.6674865902977405,0.6530329036263376,0.6891671203048448,0.9582664688943877
source,0.215,0.6675152101247865,0.6530806033380812,0.6891671203048448,0.9582716996217726
source,0.216,0.6675438341331144,0.6531283100186274,0.6891671203048448,0.9582769303491576
source,0.217,0.6676002106822185,0.6532222709338009,0.6891671203048448,0.9582386850987343
source,0.218,0.667614529974994,0.6532461364217603,0.6891671203048448,0.9582413004624268
source,0.219,0.6675993264733573,0.6532207972523657,0.6891671203048448,0.958189978393541
source,0.22,0.6676566160737012,0.6533162799196054,0.6891671203048448,0.9582004398483109
source,0.221,0.6676709410908022,0.653340154948107,0.6891671203048448,0.9582030552120033
source,0.222,0.6675307789947027,0.6532880067258836,0.6888949373979314,0.9580517043690386
source,0.223,0.6675451075809009,0.6533118877028806,0.6888949373979314,0.9580543197327311
source,0.224,0.6674210254638782,0.6532865394457849,0.688622754491018,0.9580029976638453
source,0.225,0.6674353555894097,0.6533104229883376,0.688622754491018,0.9580056130275378
source,0.226,0.667587225416211,0.653382084095064,0.6888949373979314,0.9580134591186154
source,0.227,0.6676302315138221,0.6534537609244158,0.6888949373979314,0.9580213052096928
source,0.228,0.6677154114943983,0.6535957275587095,0.6888949373979314,0.9579882906866544
source,0.229,0.6678673237026952,0.6536674593012621,0.6891671203048448,0.9579961367777318
source,0.23,0.6679896907699032,0.6536899491419998,0.6894393032117583,0.957950045436231
source,0.231,0.6680175422610628,0.6537363682939326,0.6894393032117583,0.9579065694584227
source,0.232,0.6680310466635189,0.6537588756313593,0.6894393032117583,0.957860478116922
source,0.233,0.6681028435894952,0.6538785371746532,0.6894393032117583,0.9578735549353843
source,0.234,0.6681315697196292,0.6539264140582097,0.6894393032117583,0.9578787856627693
source,0.23500000000000001,0.6681450962618187,0.6539489582951924,0.6894393032117583,0.9578326943212684
source,0.23600000000000002,0.6680859486822646,0.6538503789959353,0.6894393032117583,0.957724819456112
source,0.23700000000000002,0.6679762306752228,0.6538489709221416,0.6891671203048448,0.9576761127509188
source,0.23800000000000002,0.6676039648973782,0.6537728937728938,0.6883505715841045,0.9575221465442616
source,0.23900000000000002,0.6677407302997961,0.6538193808389815,0.688622754491018,0.9574786705664533
source,0.24,0.6676310098149403,0.6538179686354976,0.6883505715841045,0.95742996386126
source,0.241,0.6676597595973648,0.6538658849395382,0.6883505715841045,0.957435194588645
source,0.242,0.6676876722839991,0.6539124060839289,0.6883505715841045,0.9573917186108367
source,0.243,0.6677595834723515,0.6540322580645161,0.6883505715841045,0.957404795429299
source,0.244,0.6678171314053092,0.6541281712861123,0.6883505715841045,0.9574152568840689
source,0.245,0.6678746962194442,0.6542241126430038,0.6883505715841045,0.9574257183388388
source,0.246,0.6678890900615322,0.6542481023798173,0.6883505715841045,0.9574283337025313
source,0.247,0.6679322779221852,0.6543200821475723,0.6883505715841045,0.9574361797936087
source,0.248,0.6678657916824531,0.6543907270192943,0.6880783886771911,0.9573953191794928
source,0.249,0.6677849176458224,0.654437392229519,0.6878062057702776,0.9573518432016845
source,0.25,0.6678857850604045,0.6546055045871559,0.6878062057702776,0.9573701507475318
source,0.251,0.6679146138407006,0.6546535525543159,0.6878062057702776,0.9573753814749169
source,0.252,0.6679434468533654,0.6547016075754238,0.6878062057702776,0.9573806122023018
source,0.253,0.6680155479077585,0.6548217759994126,0.6878062057702776,0.9573936890207642
source,0.254,0.6680588212463591,0.6548938982304134,0.6878062057702776,0.9574015351118416
source,0.255,0.6681021041182817,0.6549660363502845,0.6878062057702776,0.957409381202919
source,0.256,0.6681021041182817,0.6549660363502845,0.6878062057702776,0.957409381202919
source,0.257,0.6681886984746981,0.6551103602776451,0.6878062057702776,0.9574250733850738
source,0.258,0.668048654329388,0.6550584086400705,0.6875340228633642,0.9572737225421091
source,0.259,0.6680775327309445,0.6551065393093314,0.6875340228633642,0.9572789532694941
source,0.26,0.6680615606426816,0.6550799191622267,0.6875340228633642,0.9571789244954152
source,0.261,0.6680607942107579,0.6550786417756872,0.6875340228633642,0.9571302177902218
source,0.262,0.6681330269422361,0.6551990296614841,0.6875340228633642,0.9571432946086842
source,0.263,0.6680226360597834,0.6551965001286718,0.6872618399564507,0.9570458811982977
source,0.264,0.668065243428802,0.6552675124103695,0.6872618399564507,0.9570050205841818
source,0.265,0.6679251845794147,0.6552155362659998,0.6869896570495373,0.9568536697412171
source,0.266,0.6679822798022659,0.6553106949707517,0.6869896570495373,0.9568154244907938
source,0.267,0.6680394044404818,0.6554059027011114,0.6869896570495373,0.9567771792403704
source,0.268,0.6680386584475062,0.6554046593794854,0.6869896570495373,0.9567284725351772
source,0.269,0.6682054316795656,0.6555011594949756,0.6872618399564507,0.956738933989947
source,0.27,0.6682046918064648,0.6554999263731409,0.6872618399564507,0.9566902272847538
source,0.271,0.6682191710597072,0.6555240584618782,0.6872618399564507,0.9566928426484462
source,0.272,0.668320555690932,0.6556930328472529,0.6872618399564507,0.9567111501942935
source,0.273,0.6683198282375797,0.6556918204249991,0.6872618399564507,0.9566624434891002
source,0.274,0.6683625766279555,0.655763067742292,0.6872618399564507,0.9566215828749844
source,0.275,0.6684060622425272,0.6558355437665783,0.6872618399564507,0.956629428966062
source,0.276,0.6684495574703663,0.6559080358129766,0.6872618399564507,0.9566372750571394
source,0.277,0.6684495574703663,0.6559080358129766,0.6872618399564507,0.9566372750571394
source,0.278,0.6684336274920142,0.6558814858490566,0.6872618399564507,0.9565372462830604
source,0.279,0.6683240388416334,0.6558802933696973,0.6869896570495373,0.9564885395778671
source,0.28,0.6681999453166272,0.655854926099296,0.6867174741426239,0.9564372175089814
source,0.281,0.6682724795929045,0.6559758165597582,0.6867174741426239,0.9564502943274438
source,0.28200000000000003,0.6682717701016907,0.6559746340744018,0.6867174741426239,0.9564015876222505
source,0.28300000000000003,0.6683588560139474,0.6561197772614964,0.6867174741426239,0.9564172798044053
source,0.28400000000000003,0.6685258078646275,0.6562165750746874,0.6869896570495373,0.9564277412591753
source,0.28500000000000003,0.668554853635351,0.6562649846925602,0.6869896570495373,0.9564329719865602
source,0.28600000000000003,0.668612958035073,0.6563618253587634,0.6869896570495373,0.9564434334413301
source,0.28700000000000003,0.6685977443914807,0.6563364692861096,0.6869896570495373,0.9563921113724443
source,0.28800000000000003,0.6686704015652023,0.6564575645756457,0.6869896570495373,0.9564051881909067
source,0.289,0.6686994719422594,0.656506015204074,0.6869896570495373,0.9564104189182916
source,0.29,0.6687133353229522,0.6565291208385621,0.6869896570495373,0.9563643275767909
source,0.291,0.6686974464884627,0.6565026394477463,0.6869896570495373,0.9562642988027119
source,0.292,0.66849929121505,0.6563538359300007,0.6867174741426239,0.9561024865049772
source,0.293,0.6684188166161409,0.6564011668697611,0.6864452912357104,0.9560590105271689
source,0.294,0.6683890470703551,0.6563515509601181,0.6864452912357104,0.9560050730945908
source,0.295,0.6684319984474496,0.6564231365886091,0.6864452912357104,0.9559642124804749
source,0.296,0.6684167689765537,0.6563977541371158,0.6864452912357104,0.9559128904115892
source,0.297,0.6684313173365137,0.6564220014037161,0.6864452912357104,0.9559155057752816
source,0.298,0.6684458667713435,0.6564462504617657,0.6864452912357104,0.9559181211389741
source,0.299,0.6684597391943506,0.6564693711667775,0.6864452912357104,0.9558720297974733
source,0.3,0.6685179583389371,0.6565664030744217,0.6864452912357104,0.9558824912522432
source,0.301,0.6685616339930831,0.6566391958313316,0.6864452912357104,0.9558903373433207
source,0.302,0.6685609668786721,0.6566380839739799,0.6864452912357104,0.9558416306381274
source,0.303,0.6684514264535385,0.6566369718700329,0.686173108328797,0.9557929239329341
source,0.304,0.6684361946457031,0.6566115855236405,0.686173108328797,0.9557416018640484
source,0.305,0.6685527399849966,0.6568058277557964,0.686173108328797,0.9557625247735883
source,0.306,0.6684279787196817,0.6567793475848805,0.6859009254218835,0.9556624959995093
source,0.307,0.6684571300444746,0.656827933126202,0.6859009254218835,0.9556677267268942
source,0.308,0.6684862856825509,0.656876525856329,0.6859009254218835,0.955672957454279
source,0.309,0.6686029513868397,0.6570709686968105,0.6859009254218835,0.9556938803638189
source,0.31,0.6686460844544677,0.6571428571428571,0.6859009254218835,0.9556530197497031
source,0.311,0.668733033157906,0.6572877716485875,0.6859009254218835,0.9556200052266647
source,0.312,0.6687622362134052,0.6573364434077531,0.6859009254218835,0.9556252359540496
source,0.313,0.6688352627772558,0.6574581543475041,0.6859009254218835,0.955638312772512
source,0.314,0.6687111666600878,0.6574327827568329,0.6856287425149701,0.9555869907036263
source,0.315,0.6688638702983878,0.6575058335493907,0.6859009254218835,0.9555948367947037
source,0.316,0.6690896723634183,0.6577007150531659,0.686173108328797,0.9556157597042435
source,0.317,0.6693659091367992,0.6577981991329159,0.6867174741426239,0.9556262211590134
source,0.318,0.6693799444804569,0.6578215913723455,0.6867174741426239,0.9555801298175126
source,0.319,0.6694238317623127,0.6578947368421053,0.6867174741426239,0.9555879759085901
source,0.32,0.6694232464684073,0.6578937613522631,0.6867174741426239,0.9555392692033968
source,0.321,0.6694232464684073,0.6578937613522631,0.6867174741426239,0.9555392692033968
source,0.322,0.6694671483283627,0.6579669311188552,0.6867174741426239,0.9555471152944741
source,0.323,0.6695110599547768,0.6580401171628787,0.6867174741426239,0.9555549613855516
source,0.324,0.6696784971506637,0.658137723884748,0.6869896570495373,0.9555654228403215
source,0.325,0.6697224315781594,0.6582109479305741,0.6869896570495373,0.9555732689313989
source,0.326,0.6697810260245627,0.6583086053412464,0.6869896570495373,0.9555837303861688
source,0.327,0.6698390862086772,0.6584053723147703,0.6869896570495373,0.9555454851357454
source,0.328,0.6698684018721692,0.6584542317539237,0.6869896570495373,0.9555507158631305
source,0.329,0.6697443201702411,0.6584288841886526,0.6867174741426239,0.9554993937942446
source,0.33,0.6697280052095531,0.658401692587506,0.6867174741426239,0.9553506583149725
source,0.331,0.6697861208666731,0.6584985520160392,0.6867174741426239,0.9553124130645491
source,0.332,0.6697709047023488,0.6584731917421655,0.6867174741426239,0.9552610909956634
source,0.333,0.6698002462482118,0.6585220943186038,0.6867174741426239,0.9552663217230484
source,0.334,0.670032122152082,0.658545643615836,0.6872618399564507,0.9552202303815476
source,0.335,0.6700457144736089,0.6585682974850477,0.6872618399564507,0.9551254323348535
source,0.336,0.6702133119133189,0.6586661712799554,0.6875340228633642,0.9551358937896235
source,0.337,0.6702426805978036,0.6587151190874299,0.6875340228633642,0.9551411245170084
source,0.338,0.670028318959722,0.6585393049619029,0.6872618399564507,0.9548792834451947
source,0.339,0.6697947963484994,0.6585130111524163,0.6867174741426239,0.9547792546711157
source,0.34,0.6697000677137963,0.6585365853658537,0.6864452912357104,0.954733163329615
source,0.341,0.6697294513645154,0.6585855581170522,0.6864452912357104,0.9547383940569999
source,0.342,0.6697588393858505,0.6586345381526105,0.6864452912357104,0.9547436247843848
source,0.343,0.669832328567033,0.6587570201212481,0.6864452912357104,0.9547567016028472
source,0.34400000000000003,0.67000001275715,0.6588550385001675,0.6867174741426239,0.9547671630576171
source,0.34500000000000003,0.6700294248343124,0.6589040586287713,0.6867174741426239,0.9547723937850021
source,0.34600000000000003,0.6700730361686774,0.6589767441860465,0.6867174741426239,0.9547315331708862
source,0.34700000000000003,0.6699189917547783,0.6589014587674903,0.6864452912357104,0.9546262736694223
source,0.34800000000000003,0.6699468667269635,0.6589479170544655,0.6864452912357104,0.9544853842812275
source,0.34900000000000003,0.6701735274740532,0.6591442296950062,0.6867174741426239,0.9545063071907672
source,0.35000000000000003,0.6702324475884437,0.6592424298856568,0.6867174741426239,0.9545167686455371
source,0.35100000000000003,0.6703061224241483,0.659365221278498,0.6867174741426239,0.9545298454639995
source,0.352,0.6704093133146863,0.6595372060960613,0.6867174741426239,0.9545481530098469
source,0.353,0.6705771768734057,0.6596355234226512,0.6869896570495373,0.9545586144646168
source,0.354,0.670650939605263,0.6597584613090801,0.6869896570495373,0.9545716912830791
source,0.355,0.6707095125718749,0.6598560829200999,0.6869896570495373,0.9545334460326558
source,0.356,0.6706938341801968,0.6598299522673031,0.6869896570495373,0.9544334172585769
source,0.357,0.6707819858473825,0.6599768717126124,0.6869896570495373,0.9544004027355384
source,0.358,0.6708254172641764,0.6600492574072692,0.6869896570495373,0.9543108354162293
source,0.359,0.6708545348610198,0.6600977867353414,0.6869896570495373,0.954267359438421
source,0.36,0.6708393102461896,0.660072412377291,0.6869896570495373,0.9542160373695352
source,0.361,0.6709925364902702,0.6601463341794833,0.6872618399564507,0.9542238834606127
source,0.362,0.6710221107305829,0.6601956245800044,0.6872618399564507,0.9542291141879977
source,0.363,0.6710664803726785,0.660269573983497,0.6872618399564507,0.954236960279075
source,0.364,0.671096065656603,0.6603188827900378,0.6872618399564507,0.95424219100646
source,0.365,0.6710952121730565,0.6603174603174603,0.6872618399564507,0.9541447775960734
source,0.366,0.6712332580060105,0.6603660814344415,0.6875340228633642,0.9541013016182651
source,0.367,0.6712776656328117,0.6604400941457765,0.6875340228633642,0.9541091477093426
source,0.368,0.6711535684129931,0.6604147207173547,0.6872618399564507,0.9540578256404568
source,0.369,0.67118276288841,0.6604633781763827,0.6872618399564507,0.9540143496626485
source,0.37,0.6714745660307797,0.6605868062044479,0.6878062057702776,0.9540274264811109
source,0.371,0.6717663968579409,0.6607102803738318,0.6883505715841045,0.9540405032995734
source,0.372,0.6719938628464408,0.6609079350833894,0.688622754491018,0.9540614262091132
source,0.373,0.6720680194012245,0.6610315293413621,0.688622754491018,0.9540745030275755
source,0.374,0.6721273646176393,0.661130438035387,0.688622754491018,0.9540849644823454
source,0.375,0.6721422036967514,0.661155169833907,0.688622754491018,0.9540875798460379
source,0.376,0.672107179688873,0.6612782517587187,0.6883505715841045,0.954051949959307
source,0.377,0.6721962807333499,0.6614267534995135,0.6883505715841045,0.9540676421414618
source,0.378,0.6722557036654604,0.6615257917196975,0.6883505715841045,0.9540781035962318
source,0.379,0.6722557036654604,0.6615257917196975,0.6883505715841045,0.9540781035962318
source,0.38,0.6722705621791065,0.6615505559091079,0.6883505715841045,0.9540807189599242
source,0.381,0.6721910679165856,0.6615995207428486,0.6880783886771911,0.9540372429821158
source,0.382,0.6722505286284558,0.661698621929299,0.6880783886771911,0.9540477044368858
source,0.383,0.6722802656648694,0.661748183656655,0.6880783886771911,0.9540529351642707
source,0.384,0.6722948059166027,0.6617724174095438,0.6880783886771911,0.95400684382277
source,0.385,0.672309350525945,0.6617966584251143,0.6880783886771911,0.9539607524812692
source,0.386,0.6724926135113067,0.661920641462775,0.6883505715841045,0.9539738292997315
source,0.387,0.6723685383689167,0.6618953048300672,0.6880783886771911,0.9539225072308458
source,0.388,0.6723486611820896,0.6620436314566309,0.6878062057702776,0.9538894927078074
source,0.389,0.6724082287278457,0.6621429106995577,0.6878062057702776,0.9538999541625773
source,0.39,0.6724231234058504,0.662167735162899,0.6878062057702776,0.9539025695262697
source,0.391,0.6723139466031633,0.6621672290963629,0.6875340228633642,0.9538538628210765
source,0.392,0.6723285420186675,0.6621915547888697,0.6875340228633642,0.9538077714795757
source,0.393,0.672249171675165,0.6622407261543077,0.6872618399564507,0.9537642955017673
source,0.394,0.6722789810780452,0.6622904084924416,0.6872618399564507,0.9537695262291523
source,0.395,0.6724773092916707,0.662439500243875,0.6875340228633642,0.9537852184113071
source,0.396,0.6724770237794919,0.6624390243902438,0.6875340228633642,0.953736511706114
source,0.397,0.6725068544170358,0.6624887421194836,0.6875340228633642,0.9537417424334989
source,0.398,0.6726903237674062,0.6626130690988252,0.6878062057702776,0.9537548192519614
source,0.399,0.6727500208793786,0.6627125642854461,0.6878062057702776,0.9537652807067312
source,0.4,0.6728097359217773,0.6628120893561104,0.6878062057702776,0.9537757421615011
source,0.401,0.6728244086345727,0.6628365438774361,0.6878062057702776,0.9537296508200004
source,0.402,0.6728692150706166,0.6629112212708427,0.6878062057702776,0.9537374969110777
source,0.403,0.6728537672872644,0.6628854749652556,0.6878062057702776,0.9536374681369988
source,0.404,0.6729284782507063,0.6630099932376587,0.6878062057702776,0.9536505449554611
source,0.405,0.6729583704956674,0.6630598136459273,0.6878062057702776,0.9536557756828461
source,0.406,0.6730181684647321,0.6631594769277018,0.6878062057702776,0.953666237137616
source,0.40700000000000003,0.6730779844127412,0.6632591701743836,0.6878062057702776,0.9536766985923859
source,0.40800000000000003,0.6730927123487064,0.6632837167343256,0.6878062057702776,0.9536306072508851
source,0.40900000000000003,0.6729836102731228,0.6632833352129619,0.6875340228633642,0.9535819005456918
source,0.41000000000000003,0.6730284974828147,0.663358147229115,0.6875340228633642,0.9535897466367693
source,0.41100000000000003,0.6728402404053735,0.6634072959759308,0.6869896570495373,0.9534975639537677
source,0.41200000000000003,0.6728549916846311,0.6634318814413602,0.6869896570495373,0.9534514726122669
source,0.41300000000000003,0.6729786205661331,0.6634564743059214,0.6872618399564507,0.9534053812707661
source,0.41400000000000003,0.672869530000672,0.6634561119680952,0.6869896570495373,0.9533566745655728
source,0.41500000000000004,0.6727903990045321,0.6635056822458041,0.6867174741426239,0.9533131985877645
source,0.41600000000000004,0.672850331772217,0.6636055701919457,0.6867174741426239,0.9533236600425344
source,0.417,0.6730191557506289,0.6637054882180231,0.6869896570495373,0.9533341214973043
source,0.418,0.6730341462754897,0.6637304724261247,0.6869896570495373,0.9533367368609968
source,0.419,0.6732327974376187,0.6638801024250639,0.6872618399564507,0.9533037223379583
source,0.42,0.6732327974376187,0.6638801024250639,0.6872618399564507,0.9533037223379583
source,0.421,0.6732928046779705,0.663980114492317,0.6872618399564507,0.9533141837927284
source,0.422,0.6733528300009621,0.664080156697303,0.6872618399564507,0.9533246452474982
source,0.423,0.6732287717326455,0.6640548481880509,0.6869896570495373,0.9532733231786126
source,0.424,0.6732285946135081,0.6640545529894888,0.6869896570495373,0.9532246164734193
source,0.425,0.6732736322244872,0.6641296156744537,0.6869896570495373,0.9532324625644967
source,0.426,0.6730405246344764,0.664104013566987,0.6864452912357104,0.9531324337904177
source,0.427,0.673100599627223,0.664204138554898,0.6864452912357104,0.9531428952451875
source,0.428,0.6731755602223692,0.6643290728801419,0.6864452912357104,0.9531072653584567
source,0.429,0.6732204968540534,0.664403967266282,0.6864452912357104,0.9530664047443409
source,0.43,0.673126505806531,0.6644287707916872,0.686173108328797,0.9530203134028401
source,0.431,0.6730810879184671,0.6643530743115805,0.686173108328797,0.9529150539013761
source,0.432,0.6731562835126166,0.6644784003018298,0.686173108328797,0.9529281307198385
source,0.433,0.6732950976263596,0.6645283018867925,0.6864452912357104,0.9528846547420302
source,0.434,0.6733703414423876,0.6646537082468391,0.6864452912357104,0.9528977315604925
source,0.435,0.6734941317052925,0.6646785700804048,0.6867174741426239,0.9528516402189917
source,0.436,0.6733398199071503,0.6646028390214437,0.6864452912357104,0.9527463807175278
source,0.437,0.673493861471284,0.6646781196903908,0.6867174741426239,0.9527542268086053
source,0.438,0.6733393990200593,0.6646021375429586,0.6864452912357104,0.952600260601948
source,0.439,0.6733393990200593,0.6646021375429586,0.6864452912357104,0.952600260601948
source,0.44,0.6733544591183493,0.6646272377067755,0.6864452912357104,0.9526028759656405
source,0.441,0.673429646528285,0.664752550056668,0.6864452912357104,0.9525672460789096
source,0.442,0.6734597849240862,0.6648027807163367,0.6864452912357104,0.9525724768062946
source,0.443,0.673365857599959,0.6648276904474003,0.686173108328797,0.9525263854647938
source,0.444,0.6732417850277965,0.6648023580984053,0.6859009254218835,0.952475063395908
source,0.445,0.6732718113752394,0.66485240201081,0.6859009254218835,0.9524315874180997
source,0.446,0.6733170496879187,0.6649277991986089,0.6859009254218835,0.9524394335091771
source,0.447,0.6733470993456598,0.6649778819615108,0.6859009254218835,0.9523959575313689
source,0.448,0.6734710582135515,0.6650030248033877,0.686173108328797,0.9523985728950614
source,0.449,0.6735163221744003,0.6650784647381357,0.686173108328797,0.9524064189861388
source,0.45,0.6735465038541524,0.6651287675377227,0.686173108328797,0.9524116497135238
source,0.451,0.6734375259932618,0.6651285930408473,0.6859009254218835,0.9523629430083305
source,0.452,0.6735461896884833,0.6651282439282743,0.686173108328797,0.952265529597944
source,0.453,0.673406908193725,0.6650775633749526,0.6859009254218835,0.9521628854601725
source,0.454,0.6733764906561521,0.665026867478998,0.6859009254218835,0.9520602413224011
source,0.455,0.6733611649910538,0.665001324703834,0.6859009254218835,0.951960212548322
source,0.456,0.6729433372320247,0.6648493109192791,0.6850843767011432,0.9517009868402009
source,0.457,0.6728645526038433,0.664899458476919,0.6848121937942298,0.9516575108623926
source,0.458,0.672631455107016,0.6648738731914249,0.6842678279804029,0.9515574820883136
source,0.459,0.6725526846687866,0.6649240443989847,0.6839956450734894,0.9515140061105052
source,0.46,0.6725829142142793,0.6649744269748058,0.6839956450734894,0.9515192368378902
source,0.461,0.6724890438412808,0.6649994316244174,0.683723462166576,0.9514731454963894
source,0.462,0.6725041631917534,0.6650246305418719,0.683723462166576,0.9514757608600819
source,0.463,0.6725191733908478,0.6650496475403622,0.683723462166576,0.9514296695185811
source,0.464,0.6725342967483814,0.6650748531362517,0.683723462166576,0.9514322848822736
source,0.465,0.672627825883831,0.6650492797573919,0.6839956450734894,0.9513322561081946
source,0.466,0.672673209691829,0.6651249194373886,0.6839956450734894,0.951340102199272
source,0.467,0.6727668468319716,0.6650995260663507,0.6842678279804029,0.9512887801303863
source,0.468,0.6728121408626075,0.6651750161174107,0.6842678279804029,0.9512479195162704
source,0.46900000000000003,0.6728878321480101,0.6653011682597482,0.6842678279804029,0.9512609963347328
source,0.47000000000000003,0.6729786995964407,0.6654526140071326,0.6842678279804029,0.9512766885168877
source,0.47100000000000003,0.6729482331121733,0.6654018365333536,0.6842678279804029,0.9511740443791162
source,0.47200000000000003,0.6731177121348126,0.6655028462998103,0.6845400108873163,0.9511845058338861
source,0.47300000000000003,0.6729936045487728,0.6654774555943526,0.6842678279804029,0.9511331837650003
source,0.47400000000000003,0.6729149645548484,0.6655278442090878,0.6839956450734894,0.951089707787192
source,0.47500000000000003,0.6730844803701861,0.6656289152967083,0.6842678279804029,0.951100169241962
source,0.47600000000000003,0.6730844803701861,0.6656289152967083,0.6842678279804029,0.951100169241962
source,0.47700000000000004,0.6732388476113056,0.6657047387606319,0.6845400108873163,0.9511080153330393
source,0.47800000000000004,0.6731754183171137,0.6657804785415875,0.6842678279804029,0.9510671547189236
source,0.47900000000000004,0.6732664686788653,0.6659322291445069,0.6842678279804029,0.9510828469010784
source,0.48,0.6732816477746176,0.6659575276374274,0.6842678279804029,0.9510854622647709
source,0.481,0.6732967812548536,0.6659827501044873,0.6842678279804029,0.9510393709232701
source,0.482,0.6734359785131694,0.666033290263738,0.6845400108873163,0.9509958949454618
source,0.483,0.6733118292042483,0.6660078300201452,0.6842678279804029,0.9508958661713828
source,0.484,0.6732661671535387,0.665931726602296,0.6842678279804029,0.9507906066699189
source,0.485,0.6734206121943365,0.66600767973235,0.6845400108873163,0.9507984527609963
source,0.486,0.6734357617601511,0.6660329290087076,0.6845400108873163,0.9507523614194955
source,0.487,0.6734204768581592,0.6660074541720544,0.6845400108873163,0.9506523326454165
source,0.488,0.6733267584268512,0.6660327120578167,0.6842678279804029,0.9506062413039157
source,0.489,0.6733723649579009,0.6661087229428996,0.6842678279804029,0.9506140873949931
source,0.49,0.6733875329727799,0.6661340029676978,0.6842678279804029,0.9505679960534923
source,0.491,0.6733722885301621,0.6661085955633348,0.6842678279804029,0.9505166739846067
source,0.492,0.6734963696517302,0.6661339421613395,0.6845400108873163,0.9505192893482991
source,0.493,0.6732024595821435,0.6660070025879129,0.6839956450734894,0.950360092414257
source,0.494,0.6732328778056004,0.6660576996270077,0.6839956450734894,0.9503653231416419
source,0.495,0.6732633006603337,0.6661084043848965,0.6839956450734894,0.9503705538690268
source,0.496,0.6732632241452872,0.6661082768598189,0.6839956450734894,0.9502731404586403
source,0.497,0.6732783677060781,0.6661335161278038,0.6839956450734894,0.9501783424119463
source,0.498,0.6732631093071503,0.6661080854629241,0.6839956450734894,0.9501270203430605
source,0.499,0.6733087783310642,0.6661842005027806,0.6839956450734894,0.950134866434138
source,0.5,0.673339230145806,0.6662349535273503,0.6839956450734894,0.9501400971615229
source,0.501,0.673445830622948,0.6664126209892538,0.6839956450734894,0.950109698002177
source,0.502,0.6734915466455778,0.6664888143603034,0.6839956450734894,0.9501175440932543
source,0.503,0.6735220298020832,0.6665396196211456,0.6839956450734894,0.9501227748206393
source,0.504,0.6737223803248668,0.6666920818878427,0.6842678279804029,0.9501384670027941
source,0.505,0.6737376306202969,0.6667174990468929,0.6842678279804029,0.9501410823664866
source,0.506,0.6737071311921612,0.6666666666666666,0.6842678279804029,0.9500384382287153
source,0.507,0.6736135123959582,0.6666920906109374,0.6839956450734894,0.9499923468872145
source,0.508,0.6735046409786102,0.6666920935199664,0.683723462166576,0.9499436401820212
source,0.509,0.6735199017462794,0.6667175281327484,0.683723462166576,0.9498975488405204
source,0.51,0.6735656857975018,0.6667938348847856,0.683723462166576,0.9499053949315979
source,0.511,0.6735504302691486,0.666768409004197,0.683723462166576,0.9498540728627121
source,0.512,0.673550437257213,0.6667684206509711,0.683723462166576,0.9498053661575188
source,0.513,0.673550437257213,0.6667684206509711,0.683723462166576,0.9498053661575188
source,0.514,0.6735962510167773,0.6668447769169116,0.683723462166576,0.949764505543403
source,0.515,0.6735809914164987,0.6668193442497806,0.683723462166576,0.9497131834745173
source,0.516,0.6737051486573782,0.6668448177133041,0.6839956450734894,0.9496670921330165
source,0.517,0.6737662546694629,0.6669466610667787,0.6839956450734894,0.9496775535877864
source,0.518,0.6737968146753158,0.6669975944098667,0.6839956450734894,0.9496827843151713
source,0.519,0.6737510114090643,0.6669212556327808,0.6839956450734894,0.9495775248137074
source,0.52,0.6737815760862244,0.666972196761381,0.6839956450734894,0.9495827555410923
source,0.521,0.673796882933903,0.6669977081741788,0.6839956450734894,0.9495366641995915
source,0.522,0.673858037980496,0.6670996332518337,0.6839956450734894,0.9495471256543615
source,0.523,0.6738886225132348,0.6671506074730649,0.6839956450734894,0.9495523563817464
source,0.524,0.6738733611930823,0.6671251719394774,0.6839956450734894,0.9495010343128607
source,0.525,0.6737492541676584,0.6670997821683801,0.683723462166576,0.9494010055387816
source,0.526,0.6736404108018623,0.6670998318299954,0.6834512792596625,0.9493522988335884
source,0.527,0.6737799491730992,0.6671509405107815,0.683723462166576,0.9492601161505869
source,0.528,0.673686415650026,0.667176506576935,0.6834512792596625,0.9492140248090861
source,0.529,0.6733922284347822,0.6670491050940798,0.6829069134458357,0.9490548278750439
source,0.53,0.6732527906243817,0.6669981640146879,0.6826347305389222,0.9489521837372725
source,0.531,0.6731439402876453,0.6669982020580698,0.6823625476320088,0.9489034770320792
source,0.532,0.6733294059338562,0.6671258561971454,0.6826347305389222,0.9488678471453482
source,0.533,0.673174640177947,0.6670493685419059,0.6823625476320088,0.9487625876438843
source,0.534,0.6730045669426696,0.6669473684210526,0.6820903647250952,0.9486060060735346
source,0.535,0.6727102796609814,0.6668198001607902,0.6815459989112683,0.9484468091394925
source,0.536,0.6727409157404712,0.6668708602932731,0.6815459989112683,0.9484520398668774
source,0.537,0.6726320566513972,0.6668708837494256,0.6812738160043549,0.9484033331616842
source,0.538,0.6727562672115662,0.6668964460784315,0.6815459989112683,0.9483572418201834
source,0.539,0.6728958099012106,0.6669475619565632,0.6818181818181818,0.948313765842375
source,0.54,0.6727869561075659,0.6669475942384309,0.6815459989112683,0.9482650591371818
source,0.541,0.6728022864740579,0.6669731448492511,0.6815459989112683,0.9482676745008743
source,0.542,0.6729724928506491,0.6670753668722939,0.6818181818181818,0.9482781359556443
source,0.543,0.6730338448675295,0.6671776202337613,0.6818181818181818,0.948288597410414
source,0.544,0.6731259081674965,0.6673310590670397,0.6818181818181818,0.948304289592569
source,0.545,0.6731412561679351,0.6673566390677705,0.6818181818181818,0.9483069049562615
source,0.546,0.6731720068452807,0.6674078901966799,0.6818181818181818,0.9482634289784532
source,0.547,0.6730325258730314,0.6673568771808736,0.6815459989112683,0.9481607848406817
source,0.548,0.6731568029286149,0.6673825503355704,0.6818181818181818,0.9481146934991809
source,0.549,0.673017310231532,0.6673315177783744,0.6815459989112683,0.9480120493614095
source,0.55,0.6731723651990708,0.6674084874529967,0.6818181818181818,0.9479224820421004
source,0.551,0.6731570501639573,0.6673829623944744,0.6818181818181818,0.9478711599732146
source,0.552,0.6732185223434839,0.6674854160270187,0.6818181818181818,0.9478816214279846
source,0.553,0.6732032621326698,0.6674599823423285,0.6818181818181818,0.9477815926539055
source,0.554,0.6731251952337081,0.6675113261153345,0.6815459989112683,0.9477381166760972
source,0.555,0.6731867122901045,0.6676138545426619,0.6815459989112683,0.9477485781308671
source,0.556,0.6730164972509182,0.6675116180819604,0.6812738160043549,0.9475919965605175
source,0.557,0.6730626492411058,0.6675885380656065,0.6812738160043549,0.9475998426515948
source,0.558,0.672953903584758,0.6675887505763024,0.6810016330974414,0.9475024292412083
source,0.559,0.6728450941972486,0.6675888568683958,0.680729450190528,0.9474537225360151
source,0.56,0.6728451579872096,0.6675889631849973,0.680729450190528,0.9474050158308218
source,0.561,0.6731245561922474,0.6676917163175091,0.6812738160043549,0.9473667705803985
source,0.562,0.6732796328414565,0.6677687221282486,0.6815459989112683,0.9473746166714758
source,0.5630000000000001,0.6731400288814622,0.6677175041328669,0.6812738160043549,0.9473206792388977
source,0.5640000000000001,0.6732797853985456,0.6677689763900638,0.6815459989112683,0.9472772032610893
source,0.5650000000000001,0.6732172187094343,0.6678461538461539,0.6812738160043549,0.9472363426469735
source,0.5660000000000001,0.6730776804739358,0.6677950453915987,0.6810016330974414,0.947133698509202
source,0.5670000000000001,0.6731866317762658,0.6677951756242065,0.6812738160043549,0.9470849918040088
source,0.5680000000000001,0.6733263369274407,0.6678465622715556,0.6815459989112683,0.9470902225313937
source,0.5690000000000001,0.6733264186502392,0.6678466984762198,0.6815459989112683,0.9470415158262006
source,0.5700000000000001,0.6730779931404544,0.667795566502463,0.6810016330974414,0.946938871688429
source,0.5710000000000001,0.6730780713522132,0.6677956968553943,0.6810016330974414,0.9468901649832357
source,0.5720000000000001,0.6732487271409426,0.6678986678986678,0.6812738160043549,0.9468519197328125
source,0.5730000000000001,0.6733884596291925,0.6679501001078085,0.6815459989112683,0.9468571504601974
source,0.5740000000000001,0.6734193237077495,0.668001540238737,0.6815459989112683,0.9468623811875823
source,0.5750000000000001,0.6733260730257838,0.6680275777067365,0.6812738160043549,0.9467675831408883
source,0.5760000000000001,0.6733416077608081,0.668053468931777,0.6812738160043549,0.9467214917993875
source,0.577,0.6733570493233847,0.6680792048694044,0.6812738160043549,0.94672410716308
source,0.578,0.6733724920757413,0.668104942789999,0.6812738160043549,0.9467267225267724
source,0.579,0.6735278057530936,0.6681823436476437,0.6815459989112683,0.9466858619126566
source,0.58,0.6735587055493237,0.6682338433080273,0.6815459989112683,0.9466910926400416
source,0.581,0.6735125643683306,0.6681569413397056,0.6815459989112683,0.9465858331385777
source,0.582,0.6735590317927262,0.6682343870470316,0.6815459989112683,0.9465449725244618
source,0.583,0.6735285422563699,0.6681835711531044,0.6815459989112683,0.9463449149763038
source,0.584,0.6734044155049244,0.6681581485053039,0.6812738160043549,0.9462448862022248
source,0.585,0.6734508117963874,0.6682354756577424,0.6812738160043549,0.9462527322933022
source,0.586,0.6733112173257118,0.6681842734778919,0.6810016330974414,0.9461500881555307
source,0.587,0.6731869799527354,0.6681586664608736,0.680729450190528,0.946098766086645
source,0.588,0.6732180276158661,0.6682104125660917,0.680729450190528,0.9460552901088367
source,0.589,0.6732337195450191,0.6682365657813465,0.680729450190528,0.9459604920621427
source,0.59,0.6732491981358955,0.6682623634328071,0.680729450190528,0.9459631074258351
source,0.591,0.6732959900333392,0.6683403499285466,0.680729450190528,0.9458248334013328
source,0.592,0.6733115969727229,0.6683663614941863,0.680729450190528,0.945778742059832
source,0.593,0.6731256106185804,0.6682378395085578,0.6804572672836146,0.9456195451257898
source,0.594,0.6730013549515614,0.6682122020014682,0.6801850843767011,0.9455682230569041
source,0.595,0.6731414351088618,0.6682642136590268,0.6804572672836146,0.9454760403739026
source,0.596,0.6732969217625296,0.6683419028105307,0.680729450190528,0.9454351797597866
source,0.597,0.6734054691713387,0.668522815158546,0.680729450190528,0.9454534873056339
source,0.598,0.6732657020718047,0.6684713252639314,0.6804572672836146,0.9453995498730559
source,0.599,0.6733434036060302,0.668600827820974,0.6804572672836146,0.945363919986325
source,0.6,0.6735919890383659,0.6688336816035911,0.680729450190528,0.9453874582595572
source,0.601,0.6736232040031376,0.6688857065448774,0.680729450190528,0.9453439822817489
source,0.602,0.6737477673952883,0.6689118569271862,0.6810016330974414,0.9452978909402481
source,0.603,0.6738256290376214,0.6690416263310747,0.6810016330974414,0.9452622610535173
source,0.604,0.6738570579335577,0.6690940078243018,0.6810016330974414,0.9451700783705157
source,0.605,0.6738881605021956,0.6691458454386984,0.6810016330974414,0.9451753090979006
source,0.606,0.6739819951117819,0.6691207811833999,0.6812738160043549,0.9450265736186284
source,0.607,0.6740132858002381,0.669172932330827,0.6812738160043549,0.94498309764082
source,0.608,0.6739201508744522,0.6691991627257927,0.6810016330974414,0.9449370062993192
source,0.609,0.6738270208298749,0.6692254012561061,0.680729450190528,0.9448909149578185
source,0.61,0.6737338956687773,0.6692516479255525,0.6804572672836146,0.9448448236163177
source,0.611,0.6737963731508891,0.6693557770624055,0.6804572672836146,0.9448065783658943
source,0.612,0.6740300759577847,0.6693823711980136,0.6810016330974414,0.9447117803192002
source,0.613,0.6738904142528369,0.6693310569610429,0.680729450190528,0.9446091361814288
source,0.614,0.6739527549287414,0.6694349580875504,0.680729450190528,0.9446195976361987
source,0.615,0.6738596651807955,0.6694612637789162,0.6804572672836146,0.944573506294698
source,0.616,0.6740309105109938,0.6695652173913044,0.680729450190528,0.9445839677494678
source,0.617,0.6740777023497679,0.6696432037892612,0.680729450190528,0.9445918138405454
source,0.618,0.6741091146521664,0.669695557626592,0.680729450190528,0.9445483378627371
source,0.619,0.6744517265260428,0.6699036668738346,0.6812738160043549,0.9445692607722769
source,0.62,0.6746230615691693,0.6700077700077699,0.6815459989112683,0.9445797222270467
source,0.621,0.6747946570198153,0.6701123071542378,0.6818181818181818,0.9445414769766234
source,0.622,0.6747948980673426,0.6701127089001166,0.6818181818181818,0.9444927702714301
source,0.623,0.6748417827750823,0.6701908500796828,0.6818181818181818,0.9445006163625075
source,0.624,0.675091638793013,0.6704258215049582,0.6820903647250952,0.9444754479305465
source,0.625,0.6749992042581032,0.670453219218051,0.6818181818181818,0.9443319431786592
source,0.626,0.6752335927647948,0.6706624114579278,0.6820903647250952,0.9443041593830057
source,0.627,0.6751096153641991,0.6706372377282106,0.6818181818181818,0.9442041306089267
source,0.628,0.6752968217972177,0.6707677931786327,0.6820903647250952,0.9442172074273891
source,0.629,0.6753281636456645,0.6708200295927108,0.6820903647250952,0.9442224381547741
source,0.63,0.6754843553980285,0.6708988939087085,0.6823625476320088,0.9441815775406582
source,0.631,0.6755319984426815,0.6709782989831301,0.6823625476320088,0.9440920102213493
source,0.632,0.6754237301618903,0.6709793071197537,0.6820903647250952,0.9439945968109626
source,0.633,0.675408944393137,0.6709546641718317,0.6820903647250952,0.9438458613316905
source,0.634,0.6755495106310941,0.6710074859638178,0.6823625476320088,0.9438023853538821
source,0.635,0.6754883554145904,0.6710870158742539,0.6820903647250952,0.943712818034573
source,0.636,0.6756757672778171,0.671217913708356,0.6823625476320088,0.9437258948530354
source,0.637,0.6756764065976762,0.6712189792414546,0.6823625476320088,0.9436284814426488
source,0.638,0.6757707157197304,0.6713761611115449,0.6823625476320088,0.9436441736248037
source,0.639,0.6756936233464146,0.6714291290939609,0.6820903647250952,0.9436006976469954
source,0.64,0.6757722695820575,0.6715602061533658,0.6820903647250952,0.9436137744654578
source,0.641,0.6758198215910457,0.6716394595016794,0.6820903647250952,0.9435729138513419
source,0.642,0.6757897323879285,0.6715893108298173,0.6820903647250952,0.943372856303184
source,0.643,0.6756500610986387,0.6715379806189433,0.6818181818181818,0.9432702121654124
source,0.644,0.6753549436384041,0.6714090287277702,0.6812738160043549,0.9430623085261771
source,0.645,0.6751224482546527,0.6713844469640693,0.680729450190528,0.9429135730469047
source,0.646,0.675045748635844,0.6714380695373303,0.6804572672836146,0.9428213903639032
source,0.647,0.6750615051612556,0.6714643304130163,0.6804572672836146,0.9428240057275957
source,0.648,0.6749533076729088,0.6714654565370473,0.6801850843767011,0.9427265923172092
source,0.649,0.6749851735558219,0.6715185663419024,0.6801850843767011,0.9426831163394009
source,0.65,0.6750170519097287,0.6715716969317471,0.6801850843767011,0.9426396403615926
source,0.651,0.6749558440608658,0.6716511391215846,0.6799129014697877,0.9425987797474767
source,0.652,0.6750824505820407,0.6718621499902095,0.6799129014697877,0.9425709959518234
source,0.653,0.6746629084113795,0.6717072788529342,0.6790963527490473,0.9423117702437022
source,0.654,0.6747422326114929,0.6718394858531234,0.6790963527490473,0.9422761403569713
source,0.655,0.6746182894239385,0.6718143691451417,0.6788241698421339,0.9421761115828922
source,0.656,0.6747289151727981,0.6719987453932409,0.6788241698421339,0.9421944191287396
source,0.657,0.6746211712889723,0.6720006275248068,0.6785519869352205,0.9420482990131598
source,0.658,0.6747318971671834,0.6721851706551588,0.6785519869352205,0.9420666065590071
source,0.659,0.674639630279847,0.6722128477808735,0.678279804028307,0.941971808512313
source,0.66,0.6745636012123766,0.6722675879396985,0.6780076211213936,0.9418309191241183
source,0.661,0.6744555198236071,0.6722689075630252,0.6777354382144801,0.9417335057137317
source,0.662,0.6745351368695771,0.6724016026396419,0.6777354382144801,0.9416978758270008
source,0.663,0.6746606729033922,0.6724293740913913,0.6780076211213936,0.9416030777803068
source,0.664,0.6744896008929602,0.6723257093452801,0.6777354382144801,0.9414464962099571
source,0.665,0.6745530228606682,0.6724314126247937,0.6777354382144801,0.941456957664727
source,0.666,0.6745242899725017,0.6725649797491251,0.6774632553075667,0.9413726210728028
source,0.667,0.6745560284590997,0.6726178772267883,0.6774632553075667,0.9413778518001878
source,0.668,0.6746063628601668,0.6728832231665093,0.6771910724006532,0.9413552987319194
source,0.669,0.6749516836502871,0.6730958472741586,0.6777354382144801,0.9413275149362659
source,0.67,0.6748750659025542,0.6731496062992126,0.6774632553075667,0.9412840389584576
source,0.671,0.6746268871092749,0.6730988855196315,0.6769188894937398,0.9411326881154929
source,0.672,0.674582104993511,0.6732057039313007,0.6766467065868264,0.9410944428650695
source,0.673,0.674317546638948,0.6731276838829138,0.6761023407729995,0.9409891833636055
source,0.674,0.6743971188294929,0.6732603042004885,0.6761023407729995,0.9410022601820679
source,0.675,0.6747581741401111,0.6734991525089676,0.6766467065868264,0.9410257984553001
source,0.676,0.6747905230384523,0.6735530673395363,0.6766467065868264,0.9409823224774918
source,0.677,0.6749795766209696,0.6736867013724562,0.6769188894937398,0.940946692590761
source,0.678,0.675213765360641,0.6737141053960239,0.6774632553075667,0.9409006012492602
source,0.679,0.6750735020540248,0.6736617884896059,0.6771910724006532,0.940846663816682
source,0.68,0.6748714150035571,0.6735064320101019,0.6769188894937398,0.9405874381085608
source,0.681,0.6749498451828784,0.6734556937043616,0.6771910724006532,0.9404360872655961
source,0.682,0.6749343770911578,0.6734299135514941,0.6771910724006532,0.9403847651967103
source,0.683,0.6750310831998253,0.6735910903992733,0.6771910724006532,0.9403030439684787
source,0.684,0.6748757920210788,0.6735137270393048,0.6769188894937398,0.9401490777618215
source,0.685,0.674924179923301,0.6735943735430084,0.6769188894937398,0.9401082171477058
source,0.686,0.6750505069870609,0.6736234633779993,0.6771910724006532,0.9399647123958184
source,0.687,0.6752552582373665,0.6737832601905666,0.6774632553075667,0.9399804045779733
source,0.6880000000000001,0.6753991606897092,0.6740230976111374,0.6774632553075667,0.9400039428512055
source,0.6890000000000001,0.675479150772103,0.6741564144151272,0.6774632553075667,0.9400170196696679
source,0.6900000000000001,0.6754673974171418,0.6743182807614675,0.6771910724006532,0.9399352984414362
source,0.6910000000000001,0.6752192527059895,0.6742676167854316,0.6766467065868264,0.9397839475984715
source,0.6920000000000001,0.6751285713050543,0.6742979363884819,0.6763745236799129,0.9395917361413909
source,0.6930000000000001,0.6750368158654597,0.6743264659270999,0.6761023407729995,0.9394969380946969
source,0.6940000000000001,0.6751937845878664,0.6744066251931687,0.6763745236799129,0.9395047841857743
source,0.6950000000000001,0.6751341343431304,0.6744886633898843,0.6761023407729995,0.9394152168664652
source,0.6960000000000001,0.6751358092224794,0.674491454855466,0.6761023407729995,0.9392690967508854
source,0.6970000000000001,0.6750280533102389,0.674493316939674,0.675830157866086,0.9391716833404988
source,0.6980000000000001,0.675124382740198,0.6746538659896061,0.675830157866086,0.9391873755226537
source,0.6990000000000001,0.6752374090209432,0.6748422431241814,0.675830157866086,0.9391569763633079
source,0.7000000000000001,0.6749577008377364,0.674738973361388,0.6752857920522591,0.9389516880877649
source,0.7010000000000001,0.6749760899381582,0.6747696218620909,0.6752857920522591,0.9387594766306844
source,0.7020000000000001,0.6746963162042096,0.6746662428480611,0.6747414262384323,0.9385541883551414
source,0.7030000000000001,0.6748546030046941,0.6747485989109264,0.6750136091453457,0.9384646210358323
source,0.704,0.674887953299902,0.674804182736273,0.6750136091453457,0.9383724383528307
source,0.705,0.6754239558984434,0.6751531545866816,0.675830157866086,0.9384064380808329
source,0.706,0.6757396526622859,0.6753164053172013,0.6763745236799129,0.9383247168526012
source,0.707,0.6757259990001356,0.6752936492136173,0.6763745236799129,0.9381272746681357
source,0.708,0.6759772582709098,0.6753495041223564,0.6769188894937398,0.9380350919851341
source,0.709,0.6760418258050647,0.6754571166792813,0.6769188894937398,0.9380455534399041
source,0.71,0.6762010473493251,0.6755410306484396,0.6771910724006532,0.9379072794154018
source,0.711,0.67653190451558,0.6757295487163132,0.6777354382144801,0.9379255869612491
source,0.712,0.6766737609969047,0.6757845209139121,0.6780076211213936,0.9378821109834408
source,0.713,0.6767721233278808,0.6759484581322057,0.6780076211213936,0.9378003897552091
source,0.714,0.6768226852475996,0.6760327279984035,0.6780076211213936,0.9376621157307067
source,0.715,0.6771868771124662,0.6762768038972966,0.6785519869352205,0.9376369472987458
source,0.716,0.6770807682415014,0.6762814110502977,0.678279804028307,0.9374421204779726
source,0.717,0.6770983666241106,0.6763107416879796,0.678279804028307,0.9373473224312787
source,0.718,0.6768191982738383,0.6762083716467437,0.6777354382144801,0.9370933274505424
source,0.719,0.6769010139180656,0.6763447310537891,0.6777354382144801,0.9370576975638116
source,0.72,0.6771079932397239,0.676508241318611,0.6780076211213936,0.9370246830407731
source,0.721,0.6774564161469119,0.6767260356213728,0.6785519869352205,0.9369968992451198
source,0.722,0.6773497178957558,0.676729660474055,0.678279804028307,0.93685077912954
source,0.723,0.6774487586566682,0.6768947284089089,0.678279804028307,0.9367690579013083
source,0.724,0.67729401218328,0.6768182728912042,0.6780076211213936,0.9365663849894579
source,0.725,0.6772998277211498,0.6770094207255963,0.6777354382144801,0.9365359858301119
source,0.726,0.6778056507939807,0.6773080933664876,0.6785519869352205,0.9365647548307291
source,0.727,0.6773258454835146,0.6772342389341466,0.6774632553075667,0.9362646685084921
source,0.728,0.6773755401513653,0.6773170633805643,0.6774632553075667,0.9362238078943763
source,0.729,0.6774750013318938,0.6774828320147784,0.6774632553075667,0.9361420866661446
source,0.73,0.6774299162095709,0.6774076901442404,0.6774632553075667,0.9358907070491009
source,0.731,0.6776655514627845,0.6774375050237119,0.6780076211213936,0.9357959090024068
source,0.732,0.6775761407850079,0.6774699424986932,0.6777354382144801,0.9356036975453264
source,0.733,0.6773778773027139,0.6775024139040876,0.6771910724006532,0.9354114860882458
source,0.734,0.6779769783609002,0.677775094582629,0.678279804028307,0.9354376397251705
source,0.735,0.6777960158754253,0.6778364009827219,0.6777354382144801,0.9351993369265892
source,0.736,0.6779564835938207,0.6779223919087721,0.6780076211213936,0.9350610629020868
source,0.737,0.6780073051399473,0.6780070944856498,0.6780076211213936,0.9349714955827777
source,0.738,0.6780097745262219,0.6780112101294408,0.6780076211213936,0.9348253754671979
source,0.739,0.6778869629910076,0.6779879795086927,0.6777354382144801,0.9346766399879256
source,0.74,0.6780191147531045,0.6782082324455206,0.6777354382144801,0.9346488561922721
source,0.741,0.6778047235339046,0.6782138242894057,0.6771910724006532,0.9344540293714991
source,0.742,0.6776655001454626,0.6781632405799443,0.6769188894937398,0.9343026785285344
source,0.743,0.6777337752899801,0.6782770324874737,0.6769188894937398,0.9341670198677245
source,0.744,0.6775514669081942,0.6783360957270484,0.6763745236799129,0.9340261304795296
source,0.745,0.6777270206856808,0.6784472300849171,0.6766467065868264,0.9339878852291064
source,0.746,0.6780452937551475,0.6786147746581438,0.6771910724006532,0.9339061640008748
source,0.747,0.6783693196114892,0.6789733624807708,0.6774632553075667,0.9338914570236836
source,0.748,0.6785361406549881,0.6792513975532691,0.6774632553075667,0.9338201972502218
source,0.749,0.6787450242544673,0.6794180816144588,0.6777354382144801,0.9337871827271834
source,0.75,0.678764341905162,0.67945027769895,0.6777354382144801,0.9336436779752961
source,0.751,0.6783615682107854,0.6793233540221492,0.6769188894937398,0.9332896542204809
source,0.752,0.6783703475425965,0.67951944151311,0.6766467065868264,0.9332105483559417
source,0.753,0.6785142062238052,0.6795777507105155,0.6769188894937398,0.9331183656729402
source,0.754,0.6782358673205189,0.6794767630809229,0.6763745236799129,0.9328156639870107
source,0.755,0.6783963182668677,0.679562726053562,0.6766467065868264,0.9327260966677016
source,0.756,0.678224918216223,0.6794585145737632,0.6763745236799129,0.9325208083921587
source,0.757,0.6783419116314673,0.6796535035991703,0.6763745236799129,0.9324904092328128
source,0.758,0.6783945423523003,0.6797412214672254,0.6763745236799129,0.9323521352083104
source,0.759,0.6786039773270132,0.6799088244871376,0.6766467065868264,0.932319120685272
source,0.76,0.6781576936698732,0.679890839477007,0.6755579749591726,0.93202426509042
source,0.761,0.6776126148041811,0.679708195785956,0.6744692433315188,0.9316650106082198
source,0.762,0.6776164435099776,0.6797145769622834,0.6744692433315188,0.9314701837874468
source,0.763,0.6779692150260954,0.6799396189465954,0.6750136091453457,0.9313936932866
source,0.764,0.6778309405210862,0.6798906167095221,0.6747414262384323,0.931193635738442
source,0.765,0.6779494943764575,0.6800882064684743,0.6747414262384323,0.931114529873903
source,0.766,0.6778779155233405,0.6801503636512217,0.6744692433315188,0.9309249337805148
source,0.767,0.6775552647464453,0.6801569781702234,0.6736526946107785,0.9307301069597418
source,0.768,0.6778173736874891,0.6804123711340206,0.6739248775176919,0.9306075251173943
source,0.769,0.6779019202328092,0.6805532820428875,0.6739248775176919,0.9305718952306634
source,0.77,0.6780305804950695,0.6805862605420454,0.6741970604246054,0.930428390478776
source,0.771,0.6778923625404976,0.6805373525557012,0.6739248775176919,0.9302283329306181
source,0.772,0.6781466401721896,0.6805982380659701,0.6744692433315188,0.9300874435424233
source,0.773,0.6782941430720499,0.6806626209611285,0.6747414262384323,0.929849140743842
source,0.774,0.6780962497174671,0.6806957092460415,0.6741970604246054,0.9297056359919547
source,0.775,0.6777748127347415,0.6807043467553258,0.673380511703865,0.9294621024659884
source,0.776,0.6777382378612059,0.6808248439040421,0.6731083287969516,0.9292290303947919
source,0.777,0.6774596172524361,0.6807233867653103,0.6725639629831247,0.9289263287088625
source,0.778,0.6777634186934177,0.6808668119577285,0.6731083287969516,0.9288419921169383
source,0.779,0.6775488266576678,0.6808720691073632,0.6725639629831247,0.9286958720013585
source,0.78,0.6776865163256749,0.681101551887375,0.6725639629831247,0.9285706747953186
source,0.781,0.6774246936333506,0.6810280912760523,0.6720195971692978,0.9282705884730815
source,0.782,0.6770349894659495,0.680922950144211,0.6712030484485574,0.9280653001975387
source,0.783,0.6769798159173748,0.6810124495011953,0.6709308655416439,0.9279270261730364
source,0.784,0.6770922201144145,0.6813812451008705,0.6706586826347305,0.9278636124906521
source,0.785,0.6770470616121123,0.6813059809303669,0.6706586826347305,0.9276122328736083
source,0.786,0.6773682728586714,0.681478422465414,0.6712030484485574,0.9275305116453766
source,0.787,0.6775225416934725,0.6817355371900826,0.6712030484485574,0.9274566365082224
source,0.788,0.6776251158698534,0.6819064941507174,0.6712030484485574,0.9274236219851839
source,0.789,0.6776127330270657,0.6818858560794046,0.6712030484485574,0.9272261798007184
source,0.79,0.677633060504785,0.6819197352089367,0.6712030484485574,0.9270826750488311
source,0.791,0.6773480852246894,0.681626231680053,0.6709308655416439,0.9266155457014746
source,0.792,0.6771117746275908,0.6817767464987156,0.6701143168209036,0.9263850889939707
source,0.793,0.6771015794463613,0.6817597545299996,0.6701143168209036,0.9260902333991186
source,0.794,0.6773659577656495,0.6816560192483199,0.6709308655416439,0.9258362384183825
source,0.795,0.6774612177195343,0.681633330566852,0.6712030484485574,0.9256875029391102
source,0.796,0.6776900593306308,0.6818332779807372,0.6714752313554708,0.9256571037797643
source,0.797,0.6774462587182155,0.6817898541692633,0.6709308655416439,0.9253109261160264
source,0.798,0.6770845075987846,0.6815498461794297,0.670386499727817,0.9248977342012481
source,0.799,0.6772806506107695,0.6816952959281288,0.6706586826347305,0.924813397609324
source,0.8,0.6774791471822781,0.6818446682760343,0.6709308655416439,0.9246316476070133
source,0.801,0.6770842125525178,0.6815493544356518,0.670386499727817,0.9241645182596567
source,0.802,0.6767279804028308,0.6815000000000001,0.6695699510070767,0.9239644607114987
source,0.803,0.676113878505094,0.6812023179222079,0.668481219379423,0.9235460380693354
source,0.804,0.6761204280079334,0.6812132337602737,0.668481219379423,0.9232537978381758
source,0.805,0.6756330025320101,0.6809452237808951,0.6676646706586826,0.9227892838545118
source,0.806,0.6757962953109502,0.6810359231411862,0.6679368535655961,0.9226510098300095
source,0.807,0.6753886308586793,0.6809008482012283,0.6671203048448557,0.9224431061907741
source,0.808,0.675167710326559,0.681077013128188,0.6663037561241154,0.9223126782573492
source,0.809,0.6753984157713739,0.6812800669316041,0.6665759390310289,0.9222335723928099
source,0.81,0.6752608294210173,0.6812322116189519,0.6663037561241154,0.9219848081394587
source,0.811,0.6749910629060597,0.6813269665745162,0.6654872074033751,0.9217491207045698
source,0.812,0.6747285511963624,0.6812523576009053,0.6649428415895482,0.9214490343823328
source,0.8130000000000001,0.6743228311624523,0.6811205233582153,0.6641262928688079,0.9211437173327108
source,0.8140000000000001,0.6741608980512316,0.6812135453820654,0.663581927054981,0.9209567366030154
source,0.8150000000000001,0.6737390031979892,0.6810547531071549,0.6627653783342407,0.9206000974845077
source,0.8160000000000001,0.6733754433678983,0.6808117305995547,0.6622210125204138,0.9201869055697294
source,0.8170000000000001,0.6728190905440443,0.6804288417069582,0.6614044637996733,0.9196632234261021
source,0.8180000000000001,0.6726467375442833,0.6803230419786321,0.6611322808927599,0.9194092284453659
source,0.8190000000000001,0.6727346949603106,0.6804696376720111,0.6611322808927599,0.9193248918534418
source,0.8200000000000001,0.6725232266759195,0.6804801010739104,0.660587915078933,0.9190326516222822
source,0.8210000000000001,0.6724529541978711,0.6805444355484388,0.6603157321720196,0.918843055528894
source,0.8220000000000001,0.6720476177195376,0.6804132405650433,0.6594991834512792,0.9184890317740789
source,0.8230000000000001,0.6717606731005876,0.6804793653472867,0.6586826347305389,0.9182507289754975
source,0.8240000000000001,0.6714554907687073,0.680515093941313,0.6578660860097986,0.918058517518417
source,0.8250000000000001,0.6713346336081855,0.680495120611719,0.6575939031028851,0.9178123686287583
source,0.8260000000000001,0.6713398946872142,0.680503889076767,0.6575939031028851,0.917568835102792
source,0.8270000000000001,0.6709406117688146,0.6802013280886521,0.6570495372890582,0.9171504124606287
source,0.8280000000000001,0.6702673217736554,0.6799864544530985,0.655688622754491,0.9166911292043495
source,0.8290000000000001,0.6700892188520059,0.6800525267929004,0.6551442569406641,0.9164528264057681
source,0.8300000000000001,0.6703812656186694,0.680176360861455,0.655688622754491,0.9162197543345718
source,0.8310000000000001,0.6699936361308119,0.6800746775288528,0.6548720740337507,0.9158196392382558
source,0.8320000000000001,0.66961386094777,0.6798046294330007,0.6543277082199238,0.9152577118442051
source,0.833,0.6696671119025661,0.6800748362956034,0.6540555253130104,0.9149890098862778
source,0.834,0.669083581704241,0.6798281070501639,0.6529667936853566,0.9145758179714996
source,0.835,0.6693027459672032,0.680011925550492,0.65323897659227,0.9142992699224949
source,0.836,0.6687766765696825,0.6796795090351176,0.6524224278715297,0.9138295252114458
source,0.837,0.6689059333367035,0.679713481708877,0.6526946107784432,0.9136860204595585
source,0.838,0.6689064951532209,0.6798958733410149,0.6524224278715297,0.913458179115747
source,0.839,0.6681066086456229,0.6796514607893388,0.6507893304300489,0.9129475737905822
source,0.84,0.668022164695445,0.6796921761436512,0.6505171475231355,0.912609242217922
source,0.841,0.667634765134002,0.67959087602174,0.6497005988023952,0.9121604204164127
source,0.842,0.667001616166902,0.6792614488283425,0.6486118671747414,0.9115445555897839
source,0.843,0.666569282999227,0.6789038040914354,0.6480675013609145,0.9108773686942693
source,0.844,0.6665952860010191,0.6789471424277556,0.6480675013609145,0.9104416237112224
source,0.845,0.6659757987023963,0.67864048468182,0.6469787697332607,0.9099744943638659
source,0.846,0.6657977037762358,0.6787065703474371,0.6464344039194339,0.9097361915652844
source,0.847,0.6653956021613479,0.6783993115318417,0.645890038105607,0.909269062217928
source,0.848,0.664920304061798,0.6781515138464189,0.6450734893848666,0.9087584568927631
source,0.849,0.6645395573078311,0.677879846465692,0.6445291235710398,0.9080504093831328
source,0.85,0.6641496822472808,0.677774420511935,0.6437125748502994,0.9076502942868168
source,0.851,0.6636868201513866,0.6777288047705471,0.6426238432226457,0.9072067032126925
source,0.852,0.6634969068283645,0.6775937378367859,0.6423516603157322,0.906803972752684
source,0.853,0.6630380089685453,0.6773732738842475,0.6415351115949919,0.9062959827912116
source,0.854,0.6620610612829113,0.6768337593691781,0.6399020141535111,0.9056131037135422
source,0.855,0.6617847974478974,0.6765547749154307,0.6396298312465977,0.9050511763194916
source,0.856,0.6611071846740464,0.6763326966487238,0.6382689167120305,0.9045431863580192
source,0.857,0.660430055853385,0.6761114249706661,0.6369080021774632,0.9039864896913535
source,0.858,0.6598659731863958,0.6757156530061778,0.6360914534567229,0.9033166874321465
source,0.859,0.659929667823029,0.675640355462624,0.6363636363636364,0.9027730675839433
source,0.86,0.6594516974328779,0.6753881039595325,0.635547087642896,0.9022137555535852
source,0.861,0.6589876735272984,0.6753405518686693,0.6344583560152423,0.9017214577742676
source,0.862,0.6577916855404902,0.6747988807275271,0.6322808927599347,0.9008437518758252
source,0.863,0.6575265435515523,0.674719887955182,0.6317365269461078,0.9003975454380084
source,0.864,0.6571309691679074,0.6747864184008763,0.630647795318454,0.9000618292290405
source,0.865,0.6567581182925182,0.6747093660890545,0.6298312465977136,0.8995182093808373
source,0.866,0.6555250929872567,0.6741059660838239,0.6276537833424061,0.8985865660498167
source,0.867,0.6544488423054712,0.6737638571177196,0.6254763200870985,0.8978732878128013
source,0.868,0.6534856431762571,0.67324725686335,0.6238432226456179,0.8969007838676648
source,0.869,0.652504039486564,0.6726999823415152,0.6222101252041372,0.8958769578536426
source,0.87,0.6521287013115908,0.6726187845303867,0.6213935764833969,0.8953820447106327
source,0.871,0.6514663786326331,0.6724221897551689,0.6200326619488297,0.8946331365868864
source,0.872,0.6516137622875802,0.6724863739088048,0.6203048448557431,0.8943461270831118
source,0.873,0.6515472640581904,0.6723755435264887,0.6203048448557431,0.893799891871216
source,0.874,0.6501108364215447,0.671614594906893,0.617855198693522,0.8927090516061533
source,0.875,0.64880075765489,0.6707013171947313,0.6159499183451279,0.8916538412278213
source,0.876,0.6476874253000982,0.6699344948977319,0.6143168209036473,0.8906604143731451
source,0.877,0.6470206634578588,0.6697305015170445,0.61295590636908,0.8900576263649786
source,0.878,0.6457957732036598,0.6691406599302513,0.6107784431137725,0.8889337715768775
source,0.879,0.6439185093957773,0.6681893501724214,0.6075122482308111,0.8877298257192732
source,0.88,0.6432510209910387,0.6678026905829596,0.6064235166031573,0.8870139321185655
source,0.881,0.6424920367861249,0.6674449932644814,0.6050626020685901,0.8863006538815501
source,0.882,0.6416785434311115,0.666996447362504,0.6037016875340229,0.8854821161430708
source,0.883,0.6405753087127182,0.666246454459502,0.6020685900925422,0.8845887180624736
source,0.884,0.6390529695000425,0.6655237751511324,0.5993467610234078,0.8834056951144091
source,0.885,0.637710866108912,0.66473857833612,0.5971692977681001,0.8823148548493465
source,0.886,0.6367841628355769,0.6642828045082153,0.5955362003266195,0.8814476104056739
source,0.887,0.6351115949918344,0.6634911994193431,0.5925421883505716,0.880161943319838
source,0.888,0.6344182514896841,0.662879992729586,0.5917256396298313,0.8791842086473167
source,0.889,0.6337428178083795,0.6624800910125141,0.5906369080021775,0.8784196083414155
source,0.89,0.6324651350676644,0.6618022619481942,0.5884594447468698,0.8772418161207362
source,0.891,0.6312591764469632,0.6606996072700703,0.5870985302123026,0.8760761155135554
source,0.892,0.6309242329126415,0.660504278588752,0.5865541643984757,0.8752324093431151
source,0.893,0.6301707715681748,0.65997433076641,0.585465432770822,0.8743112274668643
source,0.894,0.6288699269685863,0.6592578986039677,0.5832879695155144,0.8732282332928789
source,0.895,0.6272363877858642,0.6581684307409112,0.5808383233532934,0.8718216145234243
source,0.896,0.626060683197293,0.6576605652634977,0.5786608600979859,0.8708543413056729
source,0.897,0.6250073067168693,0.6569936694237789,0.5770277626565051,0.8696791644486859
source,0.898,0.6236823090685095,0.6562369821800509,0.5748502994011976,0.8686422616162013
source,0.899,0.6220224511578547,0.6551036497704401,0.5724006532389766,0.8672817341882475
source,0.9,0.6211893861918845,0.6548039397881434,0.5707675557974959,0.866478888631923
source,0.901,0.6192067391519157,0.6533140807676184,0.5680457267283615,0.8646999385618059
source,0.902,0.6171608490480964,0.6522631824545031,0.5645073489384866,0.863444670635316
source,0.903,0.6150755727602034,0.6513280957725401,0.5606967882416984,0.8621511574584028
source,0.904,0.6131050193712924,0.650039848108387,0.5577027762656506,0.8605366350497128
source,0.905,0.6114818965997684,0.6491491962019367,0.554980947196516,0.8591022324846047
source,0.906,0.6093476353933679,0.6479510127178523,0.5514425694066413,0.8576903829877651
source,0.907,0.6080718656398184,0.6470949166941993,0.5495372890582472,0.8565021293123158
source,0.908,0.6060705560855624,0.6459368640257467,0.5462710941752857,0.854900683722088
source,0.909,0.6041926553761356,0.6448030374940674,0.5432770821992379,0.853301853495553
source,0.91,0.6028311684759353,0.6439855348306053,0.5410996189439303,0.8519727104319088
source,0.911,0.6012642249455401,0.6430070597214272,0.5386499727817093,0.850581783844609
source,0.912,0.5997009853851667,0.6416718473530678,0.5367446924333152,0.8489672614359189
source,0.913,0.5981164065337686,0.6406639800422184,0.5342950462710941,0.8473328013226529
source,0.914,0.5968407610560948,0.6396266358737491,0.5326619488296135,0.8457931392560809
source,0.915,0.594511884532018,0.6382855487981465,0.5288513881328253,0.8439864053903103
source,0.916,0.5927634981138405,0.6371861241472736,0.5261295590636909,0.842587632711933
source,0.917,0.590842416400851,0.6357988740050475,0.5234077299945563,0.84077828348247
source,0.918,0.5891070849866771,0.6347212076941806,0.5206859009254219,0.8390925013003182
source,0.919,0.587812912034013,0.6338344396720031,0.5187806205770278,0.837858156283368
source,0.92,0.5860191155022374,0.6328407867697425,0.5157866086009799,0.836518551764954
source,0.921,0.5829271520019323,0.6307722538809196,0.5111594991834513,0.8340750301630149
source,0.922,0.581027144205403,0.6297830374753451,0.50789330430049,0.8323510027304397
source,0.923,0.5796310139012546,0.6289077958053028,0.5057158410451824,0.8308783549149082
source,0.924,0.5764913428819949,0.6269412056561646,0.5008165487207403,0.8288323330455926
source,0.925,0.5738765126358709,0.6253049843150924,0.49673380511703863,0.8268150801768941
source,0.926,0.5711646992987736,0.6231442139465133,0.49319542732716387,0.8244176499164557
source,0.927,0.5691172339401163,0.6220906902086677,0.48965704953728906,0.8227884205305744
source,0.928,0.5662913600005877,0.620102729378588,0.48557430593358736,0.8205040958626775
source,0.929,0.5641792610896077,0.6185785725109865,0.4825802939575395,0.8187408379747152
source,0.93,0.5621358206367775,0.6173503016782437,0.4793140990745781,0.8169550270184844
source,0.931,0.5595825228429727,0.6156351791530945,0.47550353837778986,0.8148890674445927
source,0.932,0.5562834098152971,0.6134028523232633,0.47060424605334783,0.8123968391374601
source,0.933,0.5539291474918373,0.6112936344969199,0.4678824169842134,0.8100124856954841
source,0.934,0.5517522785212653,0.6091171617161716,0.4657049537289058,0.807528103479429
source,0.935,0.5494301926567642,0.6068801160501504,0.4632553075666848,0.8049923991944883
source,0.936,0.5463097345411119,0.6036753605080951,0.4602612955906369,0.8018990130379181
source,0.937,0.5440827322152955,0.6017782426778242,0.45753946652150246,0.7995869045743675
source,0.9380000000000001,0.5397988075924565,0.5988118395457652,0.4512792596624932,0.7965657633962229
source,0.9390000000000001,0.5358286644985992,0.5960054950861249,0.44556341861731086,0.7937038191521204
source,0.9400000000000001,0.5328851396816281,0.5938214494603073,0.44148067501360916,0.7908480908403666
source,0.9410000000000001,0.5293580402085394,0.5919349663065568,0.43549265106151336,0.7883055256693121
source,0.9420000000000001,0.5278348668630857,0.5908479862343389,0.43331518780620576,0.7863075655514248
source,0.9430000000000001,0.5227018479470117,0.586647881218164,0.4267827980402831,0.7821007860615233
source,0.9440000000000001,0.5192081929146299,0.5837284071712713,0.42242787152966793,0.7791466591344192
source,0.9450000000000001,0.515849810925956,0.5810343881972249,0.4180729450190528,0.7761186570701609
source,0.9460000000000001,0.5114061709539481,0.5770759717314488,0.4129014697876973,0.7724198675417318
source,0.9470000000000001,0.5060256828813111,0.5728263286635534,0.40582471420794775,0.7685592657155681
source,0.9480000000000001,0.5031645211026192,0.5705980994969257,0.4020141535111595,0.7661010371364378
source,0.9490000000000001,0.49680506688194404,0.5654426672674027,0.39384866630375615,0.761701060984492
source,0.9500000000000001,0.49331757589601566,0.5619891008174386,0.39031028851388133,0.7581085161624905
source,0.9510000000000001,0.48865690455356264,0.558394786486023,0.3840500816548721,0.7546977213427999
source,0.9520000000000001,0.4847322714517292,0.555119926199262,0.37915078933043006,0.7511287147940306
source,0.9530000000000001,0.4804175009478688,0.5511948369091226,0.37425149700598803,0.747323035605409
source,0.9540000000000001,0.4738800880063393,0.5457428068115091,0.36608600979858463,0.7425056220162636
source,0.9550000000000001,0.46729265348091686,0.5402074074074074,0.3579205225911813,0.7378778045205063
source,0.9560000000000001,0.46125977709652466,0.534688995215311,0.3511159499183451,0.7333065398210198
source,0.9570000000000001,0.45515159829429186,0.5297709000785831,0.3432226456178552,0.7287928131227677
source,0.9580000000000001,0.447399222708621,0.5237455744109387,0.33287969515514426,0.7240110294203531
source,0.9590000000000001,0.43974692277206584,0.5164353993216158,0.32471420794774086,0.718622857141116
source,0.96,0.43104786906795767,0.5091951873324607,0.31382689167120303,0.7132529924077262
source,0.961,0.42404676275286035,0.5031517902168431,0.30538922155688625,0.7084565017281206
source,0.962,0.41594732943653356,0.49473348228534947,0.29776810016330973,0.7024168347355237
source,0.963,0.4055361348252342,0.4860913442877475,0.28470332063146436,0.6962849850599253
source,0.964,0.3948945276510096,0.47688373008066104,0.2719107240065324,0.6899887077228999
source,0.965,0.3845695713726016,0.4682038673666024,0.25911812738160045,0.6841213144828076
source,0.966,0.37520386740142897,0.4593082057851797,0.24904735982580295,0.678074786604097
source,0.967,0.3667525660702536,0.4504849064335473,0.24115405552531302,0.6724613883447409
source,0.968,0.3547113207765582,0.440396204197548,0.2261839956450735,0.6662677551454869
source,0.969,0.342852639635448,0.42970449919281245,0.2125748502994012,0.6600914442871163
source,0.97,0.3275626128486881,0.41547134803396846,0.19569951007076755,0.6522205199505529
source,0.971,0.31139806928421837,0.39941775836972343,0.1793685356559608,0.6434901972613942
source,0.972,0.2963415553519193,0.3846665189452692,0.1638541099618944,0.636098493885686
source,0.973,0.2823410979573206,0.3709495526652131,0.14942841589548175,0.6289732173554112
source,0.974,0.2688508190571464,0.35717560751948646,0.13636363636363635,0.6221836570341045
source,0.975,0.25422103725276435,0.34277267776567605,0.12139357648339684,0.615212346710487
source,0.976,0.23758320399015695,0.3244786297676632,0.10724006532389765,0.6069690910732609
source,0.977,0.2219000985905021,0.30577978689053925,0.09608056614044638,0.5989562921435388
source,0.978,0.20746433043787868,0.2889783841538588,0.08519324986390854,0.5918431072267628
source,0.979,0.18892855421419777,0.2680654637012169,0.07022318998366903,0.5833971786776864
source,0.98,0.1706870310402224,0.2465542333704306,0.05688622754491018,0.5751303847672281
source,0.981,0.1512948606809964,0.22348816827344437,0.04300489929232444,0.5665079369432259
source,0.982,0.13524425524089076,0.2036324595150756,0.0326619488296135,0.5593695835944889
source,0.983,0.1173106734753573,0.18081991215226942,0.022046815459989114,0.5515378897133125
source,0.984,0.10567903827655685,0.16397422728546085,0.01823625476320087,0.5458898467721892
source,0.985,0.0909529891998882,0.1419711859555386,0.01442569406641263,0.5389080749938019
source,0.986,0.07705251232998886,0.12170700884611643,0.010070767555797496,0.5327422255902012
source,0.987,0.06428014451966547,0.10296010296010295,0.006260206859009254,0.5272340868323091
source,0.988,0.05088682878476426,0.08208955223880597,0.004082743603701687,0.5213274631368296
source,0.989,0.039881416528123104,0.06429156429156428,0.00326619488296135,0.5164551269101423
source,0.99,0.02791148374449062,0.04506749740394599,0.002177463255307567,0.5113304258614475
source,0.991,0.018349706275956383,0.02985702270815812,0.0010887316276537834,0.5073975790568582
source,0.992,0.013055369458673432,0.021396038555237792,0.0005443658138268917,0.5052646052319258
source,0.993,0.007425584124613252,0.012375973541022087,0.0,0.5030106797233748
source,0.994,0.004243463351907416,0.007072438919845693,0.0,0.5017040897279991
source,0.995,0.0034778875053671104,0.005796479175611851,0.0,0.5014066187694546
source,0.996,0.002451612903225807,0.0040860215053763445,0.0,0.5009960422183688
source,0.997,0.0006468305304010349,0.0010780508840017248,0.0,0.5002670717991986
source,0.998,0.0,0.0,0.0,0.5
source,0.999,0.0,0.0,0.0,0.5
source,1.0,0.0,0.0,0.0,0.5
transit,0.0,0.07436192615471009,0.12393654359118349,0.0,0.5
transit,0.001,0.4519700294986495,0.5429767230892933,0.31545998911268375,0.9381986702014791
transit,0.002,0.4690249319910734,0.555433496704411,0.33941208492106695,0.940426108452205
transit,0.003,0.4783180531686604,0.5622121789791591,0.3524768644529124,0.941270044037418
transit,0.004,0.48453180930845174,0.5673062363451513,0.3603701687534023,0.9420485709146692
transit,0.005,0.4901886923978556,0.5714721719604979,0.36826347305389223,0.9427621598417413
transit,0.006,0.4951795544440617,0.575072438317675,0.3753402286336418,0.9432800430198551
transit,0.007,0.49951167057177437,0.5775747948106963,0.3824169842133914,0.9434953862663453
transit,0.008,0.5027755994052747,0.5799299365881779,0.38704409363091996,0.9436435914658725
transit,0.009000000000000001,0.5065525236779497,0.5820513391366299,0.39330430048992926,0.9438951225529182
transit,0.01,0.5094447049010915,0.5839683568347896,0.39765922700054435,0.9441012491123312
transit,0.011,0.5118900801244304,0.5855036084091623,0.4014697876973326,0.9442894130553723
transit,0.012,0.5135340413827862,0.5867919016695503,0.4036472509526402,0.9443944138240509
transit,0.013000000000000001,0.5155563294245508,0.5881663737551259,0.4066412629286881,0.9445154397201292
transit,0.014,0.5167686693182967,0.5892796638883242,0.4080021774632553,0.9444884685666508
transit,0.015,0.5189655299481921,0.5904007244736246,0.41181273816004355,0.9445560773713966
transit,0.016,0.5202733994703318,0.5914917753828701,0.4134458356015242,0.9446480905500392
transit,0.017,0.5217371798682762,0.592479767209239,0.4156232988568318,0.9447187368921489
transit,0.018000000000000002,0.523462954937032,0.5933600510064668,0.4186173108328797,0.9448301794183526
transit,0.019,0.524395031610793,0.5941876910442995,0.4197060424605335,0.9448363585680659
transit,0.02,0.5252362061075835,0.5948638274538476,0.4207947740881873,0.9447807413799494
transit,0.021,0.5262646826615864,0.5956706786874743,0.4221556886227545,0.9448761587787533
transit,0.022,0.5274977482744255,0.5962741458720011,0.42433315187806203,0.944836933400834
transit,0.023,0.5285391599246647,0.5969211003280794,0.42596624931954274,0.9449003005448384
transit,0.024,0.5294819804308983,0.5977666467533661,0.4270549809471965,0.9450334765903724
transit,0.025,0.5303806015024917,0.5983570721829771,0.42841589548176373,0.9449591634202895
transit,0.026000000000000002,0.5312443184946307,0.5988893241468305,0.429776810016331,0.9448417498943433
transit,0.027,0.5320749113468386,0.5995478244820746,0.4308655416439848,0.9449375339759446
transit,0.028,0.5331609883345638,0.6000877658960205,0.4327708219923789,0.944947117345819
transit,0.029,0.534013388252397,0.6006011560693642,0.4341317365269461,0.9449513590065604
transit,0.03,0.5354244947220719,0.6013199027440084,0.43658138268916713,0.9449632465482043
transit,0.031,0.5366553514168328,0.6019196883984049,0.4387588459444747,0.9449835133363453
transit,0.032,0.5375742248675057,0.6025438677931483,0.44011976047904194,0.9450712848542466
transit,0.033,0.5386169596780953,0.6030115722452015,0.44202504082743604,0.9450026800760944
transit,0.034,0.5392384378990438,0.603321548195013,0.4431137724550898,0.9448722789601124
transit,0.035,0.5397709131319232,0.6036646411026518,0.44393032117583014,0.9447796364908605
transit,0.036000000000000004,0.5404965514406666,0.6041482171987882,0.4450190528034839,0.9448082825254986
transit,0.037,0.541378654514052,0.6045296573601101,0.44665215024496463,0.9447858156405737
transit,0.038,0.5423035226229427,0.6049823725806076,0.4482852476864453,0.9447767030284819
transit,0.039,0.5430333063518635,0.6054728577103732,0.44937397931409906,0.944837766000717
transit,0.04,0.5434259338379525,0.6059457815825791,0.4496461622210125,0.9448637411807885
transit,0.041,0.5440207008150573,0.6063926940639269,0.45046271094175283,0.9447897946935031
transit,0.042,0.5449954581742198,0.6069285580348772,0.45209580838323354,0.944858870229438
transit,0.043000000000000003,0.5457825108847303,0.6073330361960168,0.45345672291780076,0.9448714911366766
transit,0.044,0.5461576654575273,0.6077768385460693,0.4537289058247142,0.944859707670018
transit,0.045,0.5466089330459469,0.6079845853796085,0.45454545454545453,0.9447403566550999
transit,0.046,0.5469591582759448,0.6083868388249959,0.454817637452368,0.9447205606247415
transit,0.047,0.5474649254990185,0.6086854183829586,0.4556341861731083,0.94464965167482
transit,0.048,0.5481604581295285,0.6089373630774304,0.45699510070767557,0.9445383132236016
transit,0.049,0.5482564423570745,0.6090973367900071,0.45699510070767557,0.9444731126656106
transit,0.05,0.5489284098093087,0.6094914614586282,0.45808383233532934,0.9444830627182825
transit,0.051000000000000004,0.5497100347506031,0.6097054380664652,0.45971692977681,0.9443961286409611
transit,0.052000000000000005,0.5500425632619653,0.6100781969807932,0.45998911268372344,0.9443385739638727
transit,0.053,0.5500403998275976,0.6102560465281226,0.45971692977681,0.9441814643022244
transit,0.054,0.5503895295912888,0.6104750189250568,0.4602612955906369,0.9441269471624998
transit,0.055,0.5504492738194061,0.6107560479098613,0.45998911268372344,0.9441155303786387
transit,0.056,0.5510362251197477,0.6110084789919947,0.46107784431137727,0.9440987718856443
transit,0.057,0.5514467034385624,0.6113296989808011,0.46162221012520416,0.9440629507278862
transit,0.058,0.5516270180917267,0.6116302234027415,0.46162221012520416,0.9440866217361885
transit,0.059000000000000004,0.5520835770112525,0.611846789121458,0.4624387588459445,0.9439996876588671
transit,0.06,0.5522591879278136,0.6119580187111174,0.46271094175285793,0.9438616406619825
transit,0.061,0.552646734317303,0.6122410188177152,0.4632553075666848,0.9438502238781215
transit,0.062,0.5532743436765943,0.6125612133314315,0.4643440391943386,0.9439089826785871
transit,0.063,0.5536314568720723,0.6127934914480101,0.4648884050081655,0.9438247194558325
transit,0.064,0.553744750496756,0.6129823141558164,0.4648884050081655,0.9437324436693779
transit,0.065,0.553803318562283,0.6130799275983615,0.4648884050081655,0.9435917258179266
transit,0.066,0.5539763318590984,0.6133682830930537,0.4648884050081655,0.9436127259716622
transit,0.067,0.5542694611816714,0.6136753766927331,0.4651605879150789,0.9436688139175615
transit,0.068,0.5546056147326652,0.6138727220685049,0.4657049537289058,0.9436413720063006
transit,0.069,0.5552035955297692,0.6141435356452422,0.46679368535655963,0.9436272843678728
transit,0.07,0.5551869878763773,0.6142973114941981,0.4665215024496462,0.943591829892912
transit,0.07100000000000001,0.5554048928516031,0.6146604864529077,0.4665215024496462,0.9436261843194809
transit,0.07200000000000001,0.5557702685178002,0.6149065353540183,0.46706586826347307,0.9436391719095167
transit,0.073,0.5557892939115952,0.6151196996149523,0.46679368535655963,0.9436144008528224
transit,0.074,0.5555670580558834,0.6151122170646505,0.46624931954273274,0.943422570081808
transit,0.075,0.5556686286213826,0.6152815013404825,0.46624931954273274,0.9433897864614138
transit,0.076,0.556145535983279,0.6155319811298163,0.46706586826347307,0.9434351909890464
transit,0.077,0.556365024013914,0.6157163392429323,0.4673380511703865,0.9434050782232188
transit,0.078,0.5565735646153636,0.6158824516407393,0.46761023407729996,0.9433398776652279
transit,0.079,0.5568666740251251,0.6160080567811241,0.46815459989112684,0.9432990814811338
transit,0.08,0.5572684538443615,0.6163147792706334,0.46869896570495373,0.9433227524894361
transit,0.081,0.5572506939161436,0.6164666346615458,0.4684267827980403,0.9432548810768785
transit,0.082,0.5575462005127454,0.6165962351133308,0.4689711486118672,0.9432465018303813
transit,0.083,0.5579150189143289,0.6168480219067521,0.46951551442569406,0.943291906358014
transit,0.084,0.5581263109999451,0.6170187201115036,0.4697876973326075,0.9432591227376197
transit,0.085,0.5581021405732682,0.6171598913383177,0.46951551442569406,0.9432209974080924
transit,0.08600000000000001,0.5582357185402261,0.6173825212832476,0.46951551442569406,0.9432610602265918
transit,0.08700000000000001,0.5582763920160065,0.6174503104095481,0.46951551442569406,0.9430825837284105
transit,0.088,0.5587236096006221,0.6176513072367471,0.4703320631464344,0.9430551418171496
transit,0.089,0.5588821568576778,0.6179155526651734,0.4703320631464344,0.9430708002617519
transit,0.09,0.5593674840759618,0.6181800655484866,0.4711486118671747,0.9430864587063544
transit,0.091,0.5593548626018954,0.6183404850296513,0.4708764289602613,0.9430834211689905
transit,0.092,0.5596957748009894,0.6185457614855903,0.4714207947740882,0.9430883961953265
transit,0.093,0.5598941733423319,0.6186949704498854,0.47169297768100166,0.9431151047409927
transit,0.094,0.5602283672517029,0.6188890497562858,0.47223734349482854,0.9431498258503588
transit,0.095,0.5605626342412154,0.6190832508629222,0.47278170930865543,0.943184546959725
transit,0.096,0.5604932564821221,0.6193305318069845,0.47223734349482854,0.9431651176121639
transit,0.097,0.5606318636131453,0.6193800884207474,0.472509526401742,0.94307855021764
transit,0.098,0.5609091339404011,0.6194792950902893,0.47305389221556887,0.9429054154285919
transit,0.099,0.5611687738224227,0.6197305729557162,0.4733260751224823,0.9429184030186277
transit,0.1,0.5611945415472508,0.6197735191637631,0.4733260751224823,0.94276700174891
transit,0.101,0.5614842847965953,0.619893514036786,0.4738704409363092,0.942788368585443
transit,0.10200000000000001,0.5615592170020962,0.6200184010459542,0.4738704409363092,0.9427151554637521
transit,0.10300000000000001,0.5615433679373045,0.6201734412092437,0.47359825802939576,0.9426472840511944
transit,0.10400000000000001,0.5616315055912683,0.6203203372991833,0.47359825802939576,0.9426415756592639
transit,0.105,0.5622489909805891,0.6204422032583399,0.474959172563963,0.9425359455999761
transit,0.106,0.5624822489623797,0.6206495112900486,0.4752313554708764,0.942540920626312
transit,0.107,0.5625324364118882,0.6207331570392295,0.4752313554708764,0.9424921118785181
transit,0.108,0.562511941607248,0.6208804543027714,0.474959172563963,0.9424864034865875
transit,0.109,0.5626023698703274,0.6210311680745704,0.474959172563963,0.9425131120322539
transit,0.11,0.5625457842814956,0.6211183140311263,0.47468698965704953,0.9424967202220567
transit,0.111,0.5626343042904683,0.6212658473794141,0.47468698965704953,0.9424910118301262
transit,0.112,0.563022326827163,0.6213681857934117,0.47550353837778986,0.9424772908744956
transit,0.113,0.5629397897275412,0.6214120792319845,0.4752313554708764,0.9423258896047779
transit,0.114,0.5632260941106331,0.6215263426612531,0.4757757212847033,0.9422824225661173
transit,0.115,0.5634146139006795,0.6216590870400546,0.47604790419161674,0.9422740433196201
transit,0.116,0.5636868387614578,0.6219313398700761,0.4763200870985302,0.9423221187018194
transit,0.117,0.5639863146021082,0.622067555728609,0.47686445291235713,0.942346156392919
transit,0.11800000000000001,0.5641821448331128,0.6222124841756743,0.47713663581927057,0.9423080310633916
transit,0.11900000000000001,0.5644144238271844,0.6224181605611847,0.477408818726184,0.9422805891521306
transit,0.12,0.5644599100390109,0.6224939709142286,0.477408818726184,0.9422939434249638
transit,0.121,0.5647667311969683,0.6226424289682733,0.4779531845400109,0.9422882350330333
transit,0.122,0.5649556274058161,0.6227758007117439,0.47822536744692434,0.942279855786536
transit,0.123,0.5648232236834533,0.6229180383836905,0.47768100163309746,0.9422093135194118
transit,0.124,0.5649235080783536,0.6230851790418577,0.47768100163309746,0.9422386929196447
transit,0.125,0.5652123136251038,0.6232036110772234,0.47822536744692434,0.9422276428185808
transit,0.126,0.565128905529809,0.623246052856341,0.4779531845400109,0.9422032384446839
transit,0.127,0.5651094069511445,0.6233950104965092,0.47768100163309746,0.9421975300527533
transit,0.128,0.565115480014468,0.6235865875399907,0.477408818726184,0.9421674172869258
transit,0.129,0.5653157501903326,0.6237389158951561,0.47768100163309746,0.9421941258325921
transit,0.13,0.5653778713693921,0.6238424511935885,0.47768100163309746,0.9421804048769615
transit,0.131,0.5653201204270495,0.6239276548942931,0.477408818726184,0.9421315961291676
transit,0.132,0.5654820227135724,0.6240160367672224,0.47768100163309746,0.9421152043189706
transit,0.133,0.565787579113766,0.6241623868916605,0.47822536744692434,0.942077078989443
transit,0.134,0.5657574206049951,0.6242935779816514,0.4779531845400109,0.942036282805349
transit,0.135,0.5660191292760447,0.6243668485575159,0.4784975503538378,0.9420172201405854
transit,0.136,0.5660539393779521,0.6244248653940284,0.4784975503538378,0.941995486621255
transit,0.137,0.5659853435708474,0.6244919943201294,0.47822536744692434,0.9419115900812977
transit,0.138,0.5664128972372384,0.6246602179502877,0.47904191616766467,0.9419409694815306
transit,0.139,0.5667022376603215,0.6247795414462081,0.47958628198149156,0.9419299193804667
transit,0.14,0.5669213336178143,0.6249632461040872,0.479858464888405,0.9419619696352662
transit,0.14100000000000001,0.5670224281357007,0.6251317369672312,0.479858464888405,0.9419913490354992
transit,0.14200000000000002,0.567094158203462,0.6252512870801666,0.479858464888405,0.9419802989344352
transit,0.14300000000000002,0.5673836732946498,0.6253709016895951,0.4804028307022319,0.9419692488333715
transit,0.14400000000000002,0.5677192608157801,0.6255673036822609,0.4809471965160588,0.9419715530051407
transit,0.145,0.5677634939910389,0.6256410256410256,0.4809471965160588,0.9419524903403771
transit,0.146,0.5678243648368491,0.6257424770507093,0.4809471965160588,0.9419063524471498
transit,0.147,0.5681232637731033,0.6258777314019149,0.48149156232988566,0.9418979732006525
transit,0.148,0.5682026669312175,0.626010069998772,0.48149156232988566,0.9418571770165585
transit,0.149,0.5682285490764925,0.6260532069075635,0.48149156232988566,0.9418327726426615
transit,0.15,0.5684389493699666,0.6262224187920783,0.4817637452367991,0.9418621520428945
transit,0.151,0.5684907805014443,0.6263088040112078,0.4817637452367991,0.9418133432951005
transit,0.152,0.5685334022127282,0.626379840196681,0.4817637452367991,0.94176186369274
transit,0.153,0.5693843814286468,0.6265279519909491,0.48366902558519326,0.9417237383632124
transit,0.154,0.5694565887816073,0.6266482975792167,0.48366902558519326,0.9417126882621487
transit,0.155,0.5695306023600616,0.6267716535433071,0.48366902558519326,0.9417340550986817
transit,0.156,0.5696028830687521,0.6268921213911246,0.48366902558519326,0.941723004997618
transit,0.157,0.569518264397752,0.6269325455440669,0.4833968426782798,0.941666183686124
transit,0.158,0.5698286380385565,0.6270869244028564,0.4839412084921067,0.9416928922317903
transit,0.159,0.5700765377395564,0.6273186352999138,0.48421339139902014,0.9417329550502898
transit,0.16,0.5702874290127342,0.6274886654839346,0.4844855743059336,0.9417623344505226
transit,0.161,0.5703987845877978,0.6276742581090407,0.4844855743059336,0.9417943847053222
transit,0.162,0.5706780674209657,0.6277768189551024,0.48502994011976047,0.9417482468120948
transit,0.163,0.5708595292935343,0.6278978001381079,0.4853021230266739,0.9417371967110311
transit,0.164,0.5709397375238958,0.6280314805220437,0.4853021230266739,0.941696400526937
transit,0.165,0.5709659154627977,0.6280751104202137,0.4853021230266739,0.94167199615304
transit,0.166,0.5708629138563939,0.6280848963474828,0.48502994011976047,0.941609833132413
transit,0.167,0.5710555089327204,0.6282244328700847,0.4853021230266739,0.9416338708235126
transit,0.168,0.5712371297808423,0.6283456790123457,0.48557430593358736,0.9416228207224487
transit,0.169,0.5713722301487356,0.6283893910208921,0.4858464888405008,0.9415984163485518
transit,0.17,0.5714187901569615,0.6284669910346019,0.4858464888405008,0.9416117706213849
transit,0.171,0.5716098078051247,0.628603898510265,0.48611867174741424,0.9416033913748877
transit,0.17200000000000001,0.5716250614242616,0.6286293212088265,0.48611867174741424,0.9415438992088273
transit,0.17300000000000001,0.5717898638447774,0.6287225366384104,0.4863908546543277,0.941559924336227
transit,0.17400000000000002,0.5718441255172411,0.6288129727591832,0.4863908546543277,0.94154353252603
transit,0.17500000000000002,0.5719280812609151,0.6289528989986402,0.4863908546543277,0.9415675702171296
transit,0.176,0.5720599173715892,0.6289911705784879,0.48666303756124113,0.941478331968039
transit,0.177,0.572240131384768,0.6291100719958436,0.4869352204681546,0.9414348649293782
transit,0.178,0.5722834922656621,0.6291823401306672,0.4869352204681546,0.9413833853270177
transit,0.179,0.5725649816982968,0.6292885786425071,0.4874795862819815,0.9413696643713874
transit,0.18,0.5726100568450531,0.6293637038871007,0.4874795862819815,0.9413506017066235
transit,0.181,0.5727112718022715,0.6295323954824649,0.4874795862819815,0.9413475641692596
transit,0.182,0.5728636210906453,0.6296048556918122,0.48775176918889496,0.941296084566899
transit,0.183,0.5731749773563112,0.629760872258704,0.48829613500272184,0.9413227931125653
transit,0.184,0.5732405319231666,0.6298701298701298,0.48829613500272184,0.9413414890945317
transit,0.185,0.5732075026352665,0.6298150810569629,0.48829613500272184,0.9412362257180413
transit,0.186,0.5734288148901125,0.630002479543764,0.4885683179096353,0.9412682759728408
transit,0.187,0.5737403115846229,0.6301587301587301,0.48911268372346217,0.941294984518507
transit,0.188,0.5739148376798584,0.630268151712847,0.4893848666303756,0.9413136805004735
transit,0.189,0.5739507411740576,0.6303279908698457,0.4893848666303756,0.9412919469811432
transit,0.19,0.5736873357032171,0.6302518922943292,0.48884050081654873,0.9411191788748924
transit,0.191,0.5736934679993756,0.6302621127879269,0.48884050081654873,0.9410570158542653
transit,0.192,0.5738460318527188,0.6303349306055566,0.48911268372346217,0.9410055362519048
transit,0.193,0.5738615675667149,0.6303608234622167,0.48911268372346217,0.9409460440858444
transit,0.194,0.5740517555655502,0.6304963481889999,0.4893848666303756,0.9409052479017503
transit,0.195,0.5740893503788583,0.6305590062111802,0.4893848666303756,0.9409159313200168
transit,0.196,0.5742248116646324,0.6306033197495279,0.48965704953728906,0.9408915269461198
transit,0.197,0.5743476530104898,0.6306266000546815,0.4899292324442025,0.9407996178424625
transit,0.198,0.5742559788086513,0.6306552649895595,0.48965704953728906,0.940772542613999
transit,0.199,0.5745567945072656,0.6307937139446986,0.49020141535111594,0.9407641633675017
transit,0.2,0.57476921793771,0.6309662977241637,0.4904735982580294,0.9407935427677346
transit,0.201,0.5749031487680968,0.6310080605035328,0.49074578116494283,0.9407367214562408
transit,0.202,0.5749957715904825,0.6311624318741756,0.49074578116494283,0.9407310130643103
transit,0.203,0.5751517722184185,0.63124097764946,0.49101796407185627,0.9407443673371434
transit,0.20400000000000001,0.5751894826367577,0.631303828346692,0.49101796407185627,0.9407550507554099
transit,0.20500000000000002,0.5754020981809957,0.631476732315813,0.4912901469787697,0.9407844301556427
transit,0.20600000000000002,0.5753057883336666,0.6314976711748735,0.49101796407185627,0.9406601041143887
transit,0.20700000000000002,0.5752727412673345,0.6314425927309867,0.49101796407185627,0.9405548407378982
transit,0.20800000000000002,0.5754571326671776,0.6315684564594494,0.4912901469787697,0.9405762075744313
transit,0.209,0.5754650010057563,0.6315815703570805,0.4912901469787697,0.940546461491401
transit,0.21,0.5755389899978887,0.6317048853439681,0.4912901469787697,0.9405354113903373
transit,0.211,0.5756636236176159,0.6317311527722378,0.49156232988568316,0.9404759192242768
transit,0.212,0.5758481079297257,0.6318571713544784,0.4918345127925966,0.9404972860608098
transit,0.213,0.5758749094115172,0.6319018404907976,0.4918345127925966,0.9404728816869128
transit,0.214,0.5760200497596872,0.6319622857998054,0.49210669569951004,0.9404511481675826
transit,0.215,0.5761951399067946,0.6320726474403753,0.49237887860642354,0.9404698441495489
transit,0.216,0.576302459484704,0.6320700581322821,0.492651061513337,0.940437427211952
transit,0.217,0.5764681124904957,0.6321646912039924,0.49292324442025043,0.9404534523393517
transit,0.218,0.5766417051876982,0.6322725570947211,0.49319542732716387,0.9404397313837214
transit,0.219,0.5766859704015801,0.6323463324511909,0.49319542732716387,0.9403882517813608
transit,0.22,0.576583486096814,0.6323569805478563,0.49292324442025043,0.9403260887607336
transit,0.221,0.5767397362872414,0.6324359422606264,0.49319542732716387,0.9403394430335669
transit,0.222,0.5767855896249755,0.6325123644901833,0.49319542732716387,0.9403203803688032
transit,0.223,0.5768204455660845,0.6325704577253648,0.49319542732716387,0.9402662299118759
transit,0.224,0.5768853084327399,0.6326785625031239,0.49319542732716387,0.9402525089562455
transit,0.225,0.576860212726686,0.6326367363263673,0.49319542732716387,0.9401174994967247
transit,0.226,0.5767957323941598,0.632710724376766,0.49292324442025043,0.9400660198943642
transit,0.227,0.5769520731015167,0.6327898369510854,0.49319542732716387,0.9400793741671974
transit,0.228,0.5770090498263686,0.6328847981591716,0.49319542732716387,0.9400953992945972
transit,0.229,0.5770250063739035,0.6329113924050632,0.49319542732716387,0.9400359071285367
transit,0.23,0.5770630095598372,0.6329747310482862,0.49319542732716387,0.9400465905468032
transit,0.231,0.5774261251537912,0.6330355578910493,0.4940119760479042,0.940024857027473
transit,0.232,0.5774108108734175,0.6331914893617021,0.49373979314099076,0.9400191486355424
transit,0.233,0.5774473480452704,0.6332523846481236,0.49373979314099076,0.939997415116212
transit,0.234,0.5774633643579363,0.6332790785025667,0.49373979314099076,0.9399379229501515
transit,0.23500000000000001,0.5776876166975351,0.6332899218593467,0.49428415895481764,0.9398757599295244
transit,0.23600000000000002,0.5777337036620873,0.6333667334669338,0.49428415895481764,0.9398566972647608
transit,0.23700000000000002,0.5776503918824174,0.6334093357720929,0.4940119760479042,0.9397998759532669
transit,0.23800000000000002,0.577825933028599,0.6335204490777866,0.49428415895481764,0.9398185719352333
transit,0.23900000000000002,0.5781686167377589,0.633547222779226,0.49510070767555797,0.939759079769173
transit,0.24,0.5783537290368392,0.6336742880064179,0.4953728905824714,0.9397804466057059
transit,0.241,0.5782308547853685,0.6336509528585756,0.49510070767555797,0.9396805249383487
transit,0.242,0.578622734010739,0.6337597190870329,0.4959172563962983,0.9396668039827183
transit,0.243,0.5785786330286412,0.6336862174502031,0.4959172563962983,0.9395264528140643
transit,0.244,0.5788712163478528,0.6338109457730045,0.4964616222101252,0.9395154027130006
transit,0.245,0.5788071010224896,0.6338855421686748,0.49618943930321174,0.9394639231106401
transit,0.246,0.5789431366081049,0.6339308128734248,0.4964616222101252,0.939439518736743
transit,0.247,0.5789688296750105,0.6339736346516007,0.4964616222101252,0.9393826974252493
transit,0.248,0.5790055640480463,0.6340348586066603,0.4964616222101252,0.9393609639059188
transit,0.249,0.5790533400150877,0.634114485218396,0.4964616222101252,0.939374318178752
transit,0.25,0.5793174058866315,0.6341916844617511,0.49700598802395207,0.9393552555139884
transit,0.251,0.5793828701436178,0.6343007915567282,0.49700598802395207,0.9393415345583578
transit,0.252,0.5795969711674397,0.6344761713251558,0.4972781709308655,0.9393709139585907
transit,0.253,0.5796625129039498,0.6345854075526726,0.4972781709308655,0.9393571930029603
transit,0.254,0.5798163591243277,0.6346603626486934,0.497550353837779,0.9393057134005998
transit,0.255,0.579722296748277,0.634685047293218,0.4972781709308655,0.9392138042969425
transit,0.256,0.579879074284753,0.6347648879160692,0.497550353837779,0.9392271585697756
transit,0.257,0.5800344224836793,0.6348423463096706,0.49782253674469246,0.939208095905012
transit,0.258,0.5802986625612496,0.6349198358964032,0.49836690255851934,0.9391890332402482
transit,0.259,0.580434866407696,0.6349653870358716,0.4986390854654328,0.9391646288663512
transit,0.26,0.5805998583409819,0.6350589183200726,0.49891126837234623,0.9391482370561541
transit,0.261,0.5806574310457402,0.635154872828003,0.49891126837234623,0.9391642621835539
transit,0.262,0.5808224699552947,0.6352484824059847,0.49918345127925967,0.9391478703733569
transit,0.263,0.5811170356876616,0.6353765147507117,0.49972781709308656,0.9391692372098899
transit,0.264,0.5810355608027481,0.6354221785471313,0.4994556341861731,0.9391448328359928
transit,0.265,0.5812999319539303,0.6354998865898839,0.5,0.9391257701712292
transit,0.266,0.5813479860866058,0.6355799768110096,0.5,0.9391391244440623
transit,0.267,0.5815419829403863,0.6357218496293682,0.5002721829069134,0.939130745197565
transit,0.268,0.5815598149889247,0.6357515697102656,0.5002721829069134,0.9391036699691014
transit,0.269,0.5815886734351212,0.6357996671205932,0.5002721829069134,0.9391116825328014
transit,0.27,0.5819604052494345,0.6360563096018972,0.5008165487207403,0.9391544162058674
transit,0.271,0.5819961460856515,0.6361158776622591,0.5008165487207403,0.9391002657489402
transit,0.272,0.5820346752120998,0.6361800928730063,0.5008165487207403,0.9391109491672067
transit,0.273,0.582337761754451,0.6363223265677067,0.5013609145345672,0.9391025699207095
transit,0.274,0.5822261304332157,0.6363177296369237,0.5010887316276538,0.9390377360455159
transit,0.275,0.5824907055153064,0.6363957775645234,0.5016330974414807,0.9390186733807522
transit,0.276,0.5826670905435405,0.6365082973403047,0.5019052803483941,0.9390373693627185
transit,0.277,0.5829523726120186,0.6366208569118836,0.502449646162221,0.9390560653446849
transit,0.278,0.5830888326939028,0.6366668351104149,0.5027218290691344,0.9390316609707879
transit,0.279,0.5831467524504577,0.6367633680380066,0.5027218290691344,0.9390476860981878
transit,0.28,0.5833521975814813,0.6369243213184369,0.5029940119760479,0.939074394643854
transit,0.281,0.5834707306262716,0.6369404211218118,0.5032661948829613,0.9390770654984206
transit,0.28200000000000003,0.5833771243858679,0.6369658659924147,0.5029940119760479,0.9389851563947633
transit,0.28300000000000003,0.5836528587024359,0.6370625126441433,0.5035383777898748,0.939001181522163
transit,0.28400000000000003,0.5836888372291689,0.6371224768553649,0.5035383777898748,0.9389470310652359
transit,0.28500000000000003,0.5837275190896407,0.637186946622818,0.5035383777898748,0.9389577144835024
transit,0.28600000000000003,0.5837538546963249,0.637230839300625,0.5035383777898748,0.9389008931720086
transit,0.28700000000000003,0.5839441973022578,0.6371851664346285,0.5040827436037016,0.9387010498372943
transit,0.28800000000000003,0.5841582173440095,0.6373604112329392,0.5043549265106151,0.9386980122999303
transit,0.289,0.5842163279551388,0.6374572622514879,0.5043549265106151,0.9387140374273301
transit,0.29,0.5843212055057894,0.6374506028979633,0.5046271094175285,0.9386167866145395
transit,0.291,0.5842775102236364,0.6375592326989838,0.5043549265106151,0.9385706487213122
transit,0.292,0.5842955719018283,0.6375893354959704,0.5043549265106151,0.9385435734928487
transit,0.293,0.5842228358312596,0.6376495639829649,0.5040827436037016,0.9384894230359215
transit,0.294,0.5845979543863598,0.6377303957609717,0.504899292324442,0.9385027773087546
transit,0.295,0.5844961424788483,0.6377421645197281,0.5046271094175285,0.9384406142881275
transit,0.296,0.5848012352341964,0.637887741902757,0.5051714752313554,0.9384646519792272
transit,0.297,0.5847999212613733,0.6378855519480519,0.5051714752313554,0.9384322350416303
transit,0.298,0.5849670517681698,0.6379826475214369,0.505443658138269,0.93844826016903
transit,0.299,0.5851134658996897,0.6380452158026947,0.5057158410451824,0.9384265266496997
transit,0.3,0.5850006701991175,0.6380386782396833,0.505443658138269,0.9383292758369092
transit,0.301,0.5850174896552669,0.6380667106665989,0.505443658138269,0.9382697836708487
transit,0.302,0.5851833784391469,0.63816173670179,0.5057158410451824,0.9382533918606517
transit,0.303,0.5851107965886408,0.6382222222222221,0.505443658138269,0.9381992414037245
transit,0.304,0.5850077492440728,0.6382319319192177,0.5051714752313554,0.9381046614455006
transit,0.305,0.5848949745779117,0.6382254294135583,0.504899292324442,0.9380074106327101
transit,0.306,0.5849021042839663,0.6382373122569824,0.504899292324442,0.937945247612083
transit,0.307,0.5850083760773426,0.6382329766413339,0.5051714752313554,0.9378804137368892
transit,0.308,0.5850473134967975,0.6382978723404256,0.5051714752313554,0.9378910971551557
transit,0.309,0.5853124481365647,0.6383768528641529,0.5057158410451824,0.937872034490392
transit,0.31,0.5853183040689465,0.6383866127514559,0.5057158410451824,0.9377774545321682
transit,0.311,0.5851873571943161,0.6383498232316809,0.505443658138269,0.9377072789478411
transit,0.312,0.585225033848032,0.6384126176545408,0.505443658138269,0.9376855454285109
transit,0.313,0.5852919670721015,0.6385241730279898,0.505443658138269,0.9376718244728804
transit,0.314,0.5853797233148632,0.6386704334325927,0.505443658138269,0.93769586216398
transit,0.315,0.5853674036921044,0.6386499007279947,0.505443658138269,0.9376283574342197
transit,0.316,0.5853648359640653,0.6386456211812628,0.505443658138269,0.9375635235590261
transit,0.317,0.5854600988951559,0.6386229374618049,0.5057158410451824,0.9374636018916689
transit,0.318,0.5854978479423312,0.6386858525404303,0.5057158410451824,0.9374418683723384
transit,0.319,0.5855564146167025,0.6387834636643827,0.5057158410451824,0.9374578934997383
transit,0.32,0.5856052338552769,0.6388648290620065,0.5057158410451824,0.9374712477725714
transit,0.321,0.585673601686756,0.638978775447805,0.5057158410451824,0.9374899437545379
transit,0.322,0.5857419939104277,0.6390927624872579,0.5057158410451824,0.9375086397365042
transit,0.323,0.5857492375472244,0.6391048352152525,0.5057158410451824,0.9374464767158772
transit,0.324,0.5857577478738838,0.6391190190930179,0.5057158410451824,0.9374167306328469
transit,0.325,0.5856059764105187,0.6390475219253519,0.505443658138269,0.9373087964017899
transit,0.326,0.585684195201452,0.6391778865769074,0.505443658138269,0.9373301632383229
transit,0.327,0.5856034026403616,0.639224687579699,0.5051714752313554,0.9373057588644259
transit,0.328,0.5858896320842211,0.6393388261102467,0.5057158410451824,0.9373244548463924
transit,0.329,0.5858858669584619,0.6393325509006481,0.5057158410451824,0.9372272040336018
transit,0.33,0.5860522211924244,0.6394283526859769,0.5059880239520959,0.9372108122234046
transit,0.331,0.5861207698442514,0.6395426004390218,0.5059880239520959,0.9372295082053711
transit,0.332,0.5861685054705499,0.6396221598161859,0.5059880239520959,0.9372104455406074
transit,0.333,0.5862260617041243,0.6397180868721433,0.5059880239520959,0.9371940537304102
transit,0.334,0.5862444280914114,0.6397486975176218,0.5059880239520959,0.9371669785019467
transit,0.335,0.5862505204682853,0.6397588514790784,0.5059880239520959,0.9370723985437228
transit,0.336,0.5865160679713698,0.6398385201083345,0.5065323897659227,0.937053335878959
transit,0.337,0.5865540767568457,0.6399018680841276,0.5065323897659227,0.9370316023596288
transit,0.338,0.5865908705813518,0.6399631911249712,0.5065323897659227,0.9369774519027015
transit,0.339,0.5865200361106846,0.6400265889451348,0.5062602068590093,0.9369557183833712
transit,0.34,0.5865470440017548,0.6400716020969185,0.5062602068590093,0.9368988970718773
transit,0.341,0.5867541504325233,0.6402353242102571,0.5065323897659227,0.9369256056175437
transit,0.342,0.5867418891373745,0.6402148887183423,0.5065323897659227,0.9368581008877834
transit,0.343,0.5867799850494748,0.6402783819051762,0.5065323897659227,0.936836367368453
transit,0.34400000000000003,0.5869171357712868,0.6403255111702537,0.5068045726728362,0.936811962994556
transit,0.34500000000000003,0.5870432492640737,0.640354245053623,0.5070767555797496,0.9367524708284956
transit,0.34600000000000003,0.5869417870845971,0.6403665966924377,0.5068045726728362,0.9366903078078685
transit,0.34700000000000003,0.5869811357412631,0.6404321777868811,0.5068045726728362,0.936700991226135
transit,0.34800000000000003,0.5869983975710551,0.640460947503201,0.5068045726728362,0.9366414990600747
transit,0.34900000000000003,0.587015666475005,0.6404897290097843,0.5068045726728362,0.9365820068940142
transit,0.35000000000000003,0.5871627119667533,0.640553349558089,0.5070767555797496,0.9365602733746838
transit,0.35100000000000003,0.5871086565211281,0.6404632571487137,0.5070767555797496,0.9364172513514633
transit,0.352,0.5872545069647097,0.6405248859500742,0.5073489384866631,0.9363631008945361
transit,0.353,0.5874126348543061,0.6406069771614591,0.5076211213935765,0.9363764551673692
transit,0.354,0.5874397930349201,0.6406522407958158,0.5076211213935765,0.9363196338558755
transit,0.355,0.5875967514052919,0.6407323828084932,0.50789330430049,0.9363005711911117
transit,0.356,0.5877537295090003,0.6408125577100647,0.5081654872074034,0.9362815085263481
transit,0.357,0.5877919895008521,0.6408763243631513,0.5081654872074034,0.9362597750070176
transit,0.358,0.5877907985055177,0.6408743393709272,0.5081654872074034,0.9362273580694209
transit,0.359,0.587898480489601,0.6408723540731238,0.5084376701143168,0.936194941131824
transit,0.36,0.5879170233959962,0.6409032589171157,0.5084376701143168,0.9361678659033603
transit,0.361,0.587976238356783,0.6410019505184272,0.5084376701143168,0.9361838910307602
transit,0.362,0.5881234155006604,0.6410657904869471,0.5087098530212303,0.9361621575114298
transit,0.363,0.5882706064123358,0.6411296534017972,0.5089820359281437,0.9361404239920994
transit,0.364,0.5882386150747776,0.6410763345058669,0.5089820359281437,0.9360675775532059
transit,0.365,0.5884166336049012,0.6411915767847971,0.5092542188350572,0.9360862735351723
transit,0.366,0.5884648643551469,0.64127196136854,0.5092542188350572,0.9360672108704086
transit,0.367,0.5886033886656546,0.6413213799481107,0.5095264017419706,0.9360752234341085
transit,0.368,0.5886097590317918,0.6413319972250058,0.5095264017419706,0.9359806434758846
transit,0.369,0.5886690912649788,0.6414308842803176,0.5095264017419706,0.9359966686032843
transit,0.37,0.58867664818972,0.6414434791548862,0.5095264017419706,0.9359345055826572
transit,0.371,0.5888239301190976,0.6415074937659067,0.5097985846488841,0.9359127720633269
transit,0.372,0.5890009213862779,0.6416210239399316,0.5100707675557975,0.9358990511076966
transit,0.373,0.589019563065936,0.6416520934060282,0.5100707675557975,0.9358719758792329
transit,0.374,0.5892472851449526,0.6418501749331138,0.5103429504627109,0.9359040261340323
transit,0.375,0.5894354316928477,0.6419822972416633,0.5106151333696244,0.9359253929705654
transit,0.376,0.5897214308053103,0.6420960518865496,0.5111594991834513,0.935911672014935
transit,0.377,0.5899788432962085,0.6421621621621622,0.5117038649972782,0.9359223554332015
transit,0.378,0.5899677898209871,0.6421437397034596,0.5117038649972782,0.9358872676410379
transit,0.379,0.590094229666311,0.6421730175077239,0.5119760479041916,0.9358277754749775
transit,0.38,0.5900190965411575,0.642047795632468,0.5119760479041916,0.935646994805027
transit,0.381,0.5901875012566009,0.6421470148869314,0.512248230811105,0.9356630199324267
transit,0.382,0.5902470512116136,0.6422462648119527,0.512248230811105,0.9356790450598265
transit,0.383,0.5902646432468373,0.6422755848706586,0.512248230811105,0.935619552893766
transit,0.384,0.5904330997757194,0.6423748904808535,0.5125204137180185,0.9356355780211658
transit,0.385,0.5903319065670771,0.6423876904043918,0.512248230811105,0.9355734150005386
transit,0.386,0.5903903982795851,0.6424851765919052,0.512248230811105,0.9355570231903416
transit,0.387,0.5905688492919672,0.6426011396745996,0.5125204137180185,0.935575719172308
transit,0.388,0.5906483975955247,0.6427337201805288,0.5125204137180185,0.9355970860088411
transit,0.389,0.5907279787304298,0.6428663554053706,0.5125204137180185,0.935618452845374
transit,0.39,0.5907257682322345,0.6428626712417119,0.5125204137180185,0.9355536189701803
transit,0.391,0.5908981698772543,0.6427870967741935,0.5130647795318454,0.9353808508639296
transit,0.392,0.5909368789551896,0.6428516119040858,0.5130647795318454,0.9353591173445992
transit,0.393,0.5909756020233949,0.6429161503510946,0.5130647795318454,0.935337383825269
transit,0.394,0.5909114269173082,0.6428091918409502,0.5130647795318454,0.9351916909474818
transit,0.395,0.5908014448781858,0.6428073437136882,0.5127925966249319,0.935159274009885
transit,0.396,0.5908501412610939,0.6428885043518686,0.5127925966249319,0.9351402113451213
transit,0.397,0.5911077411940234,0.6429549270308665,0.5133369624387588,0.9351508947633878
transit,0.398,0.5911443038634163,0.643015864813188,0.5133369624387588,0.9350643273688637
transit,0.399,0.5912908616945596,0.6430786725938178,0.5136091453456723,0.9350101769119366
transit,0.4,0.5911186073524924,0.6431544925662572,0.5130647795318454,0.9348938634343823
transit,0.401,0.5910175248401042,0.6431674769835524,0.5127925966249319,0.9348317004137552
transit,0.402,0.5910763236806253,0.6432654750510877,0.5127925966249319,0.9348153086035581
transit,0.403,0.5912351217263305,0.6433486831893207,0.5130647795318454,0.9348286628763912
transit,0.404,0.5913329221999679,0.6433302287074407,0.5133369624387588,0.9347935750842278
transit,0.405,0.5913828611521795,0.64341346029446,0.5133369624387588,0.9348069293570609
transit,0.406,0.5914317336542996,0.6434949144646601,0.5133369624387588,0.9347878666922972
transit,0.40700000000000003,0.5915894995609605,0.6435764023711527,0.5136091453456723,0.9347688040275335
transit,0.40800000000000003,0.5915984203512288,0.6435912703549331,0.5136091453456723,0.9347390579445032
transit,0.40900000000000003,0.5915862711567559,0.6435710216974782,0.5136091453456723,0.9346715532147429
transit,0.41000000000000003,0.5915730412635603,0.6435489718754855,0.5136091453456723,0.9345716315473858
transit,0.41100000000000003,0.5916330489381032,0.6436489846663904,0.5136091453456723,0.9345876566747855
transit,0.41200000000000003,0.591671994191739,0.6437138934224501,0.5136091453456723,0.9345659231554552
transit,0.41300000000000003,0.5917320374620155,0.6438139655395777,0.5136091453456723,0.934581948282855
transit,0.41400000000000003,0.5920288106425267,0.643945676964545,0.5141535111594991,0.9345708981817912
transit,0.41500000000000004,0.5920567382291917,0.6439922229423202,0.5141535111594991,0.9345140768702973
transit,0.41600000000000004,0.5919758056877998,0.6440387906446092,0.5138813282525857,0.9344572555588035
transit,0.417,0.5924614037918303,0.6441222997328908,0.5149700598802395,0.9344706098316367
transit,0.418,0.59242817438654,0.6440669173907405,0.5149700598802395,0.9343653464551462
transit,0.419,0.592457193061541,0.6441152818490752,0.5149700598802395,0.9343409420812492
transit,0.42,0.5924851697746178,0.6441619097042035,0.5149700598802395,0.9342841207697554
transit,0.421,0.5923530822247235,0.6441232190589884,0.514697876973326,0.9341815282478316
transit,0.422,0.5924021877782986,0.6442050616482803,0.514697876973326,0.9341624655830679
transit,0.423,0.5925189964844184,0.6442182875538709,0.5149700598802395,0.9341003025624408
transit,0.424,0.5925269349126006,0.644231518267508,0.5149700598802395,0.9340381395418138
transit,0.425,0.5927060805763197,0.6443486391024309,0.5152422427871529,0.9340568355237802
transit,0.426,0.5927562908653482,0.6444323229174784,0.5152422427871529,0.9340701897966133
transit,0.427,0.5926352936564654,0.6444121161739492,0.5149700598802395,0.934002685066853
transit,0.428,0.5925243388999103,0.6444086468509665,0.514697876973326,0.9339378511916593
transit,0.429,0.5926401368477765,0.6444201881594678,0.5149700598802395,0.9338432712334355
transit,0.43,0.5927569787347826,0.6444334693665358,0.5152422427871529,0.9337811082128082
transit,0.431,0.5928637710575564,0.644430001299883,0.5155144256940664,0.9337162743376146
transit,0.432,0.5928727836158132,0.6444450222303112,0.5155144256940664,0.9336865282545844
transit,0.433,0.5929230575669961,0.6445288121489494,0.5155144256940664,0.9336998825274175
transit,0.434,0.5931699405303356,0.6445773732119636,0.5160587915078934,0.9336754781535206
transit,0.435,0.5931668375365358,0.6445722015556307,0.5160587915078934,0.93357822734073
transit,0.436,0.5933048627722972,0.6446207883439574,0.5163309744148068,0.9335538229668331
transit,0.437,0.5933531268052731,0.6447012283989173,0.5163309744148068,0.9335023433644725
transit,0.438,0.5933399699408498,0.6446793002915452,0.5163309744148068,0.9334024216971153
transit,0.439,0.5933701790560069,0.6447296488168068,0.5163309744148068,0.9334104342608152
transit,0.44,0.5933973151584906,0.6447748756542798,0.5163309744148068,0.9333211960117246
transit,0.441,0.5932641823841998,0.6447344429684041,0.5160587915078934,0.933186186552204
transit,0.442,0.5931945934195499,0.64479991663193,0.5157866086009799,0.9331644530328735
transit,0.443,0.5935131579944108,0.6449679470474802,0.5163309744148068,0.9331911615785399
transit,0.444,0.5936231092654013,0.6451511991657977,0.5163309744148068,0.9331881240411759
transit,0.445,0.5937723506333497,0.6452184795077693,0.5166031573217202,0.9331988074594424
transit,0.446,0.5936301733382826,0.6451629726205997,0.5163309744148068,0.933093544082952
transit,0.447,0.5936796434303117,0.6452454227739816,0.5163309744148068,0.9330744814181884
transit,0.448,0.5938693111365454,0.6453800803464288,0.5166031573217202,0.9330958482547214
transit,0.449,0.5938784139853017,0.6453952517610226,0.5166031573217202,0.9330661021716911
transit,0.45,0.5938774149885937,0.6453935867665093,0.5166031573217202,0.9330336852340942
transit,0.451,0.593938045371735,0.6454946374050782,0.5166031573217202,0.933049710361494
transit,0.452,0.5939673754172696,0.6455435208143024,0.5166031573217202,0.933025305987597
transit,0.453,0.5939866035708181,0.6455755677368834,0.5166031573217202,0.9329982307591334
transit,0.454,0.5939735171190698,0.6455537569839694,0.5166031573217202,0.9328983090917763
transit,0.455,0.5939411924307638,0.6454998825034596,0.5166031573217202,0.9328254626528827
transit,0.456,0.5939493168302864,0.6455134231693305,0.5166031573217202,0.9327632996322557
transit,0.457,0.59399890580822,0.6455960714658865,0.5166031573217202,0.9327442369674919
transit,0.458,0.5940181536520612,0.6456281512056219,0.5166031573217202,0.9327171617390283
transit,0.459,0.5941776325642548,0.6457124941213356,0.5168753402286337,0.9327305160118615
transit,0.46,0.5944348905440912,0.6457783468785115,0.5174197060424606,0.9327087824925311
transit,0.461,0.5944541612314739,0.645810464690816,0.5174197060424606,0.9326817072640676
transit,0.462,0.5947205951486221,0.6458916106768451,0.5179640718562875,0.9326302276617069
transit,0.463,0.5949262532775317,0.6458714636824766,0.5185084376701143,0.9325627229319466
transit,0.464,0.595034147663387,0.6458698323876265,0.5187806205770278,0.9325303059943498
transit,0.465,0.5949030481766522,0.645832788514344,0.5185084376701143,0.9324601304100228
transit,0.466,0.5949841341379105,0.6459679317831079,0.5185084376701143,0.9324814972465558
transit,0.467,0.595024689845559,0.6460355246291888,0.5185084376701143,0.9324921806648223
transit,0.468,0.595174127204204,0.6461031316223216,0.5187806205770278,0.9325028640830889
transit,0.46900000000000003,0.595291207221502,0.6461168097132092,0.5190528034839412,0.9324407010624618
transit,0.47000000000000003,0.5953511185145229,0.646216661868244,0.5190528034839412,0.9324243092522648
transit,0.47100000000000003,0.5953806041296306,0.6462658045600901,0.5190528034839412,0.9323999048783678
transit,0.47200000000000003,0.5953888335996822,0.6462795203435094,0.5190528034839412,0.9323377418577408
transit,0.47300000000000003,0.5954081804943646,0.6463117651679803,0.5190528034839412,0.9323106666292771
transit,0.47400000000000003,0.5954173764675584,0.6463270917899699,0.5190528034839412,0.9322809205462469
transit,0.47500000000000003,0.5957265458414879,0.646479463537301,0.5195971692977681,0.9323049582373466
transit,0.47600000000000003,0.5957468679286739,0.6465133336826112,0.5195971692977681,0.9323102999464798
transit,0.47700000000000004,0.5958843319993887,0.6465609851958601,0.5198693522046816,0.932253478634986
transit,0.47800000000000004,0.5958833836678901,0.6465594046433625,0.5198693522046816,0.9322210616973892
transit,0.47900000000000004,0.5958926017236359,0.6465747680696053,0.5198693522046816,0.9321913156143589
transit,0.48,0.5959424984179145,0.6466579292267365,0.5198693522046816,0.9321722529495953
transit,0.481,0.5959831836543782,0.646725737954176,0.5198693522046816,0.9321829363678618
transit,0.482,0.5963403226699353,0.6467766038329443,0.5206859009254219,0.9321909489315616
transit,0.483,0.596327330083031,0.6467549495214371,0.5206859009254219,0.9320910272642045
transit,0.484,0.5964435614017867,0.6467672131147542,0.5209580838323353,0.9319964473059805
transit,0.485,0.5966033343976932,0.6468520461699895,0.5212302667392488,0.9320098015788136
transit,0.486,0.5966338807072953,0.6469029566859931,0.5212302667392488,0.9320178141425135
transit,0.487,0.59675013880564,0.6469152649119585,0.5215024496461622,0.9319232341842896
transit,0.488,0.5966495870106601,0.6469291338582677,0.5212302667392488,0.9318610711636626
transit,0.489,0.5966588433609661,0.6469445611087777,0.5212302667392488,0.9318313250806323
transit,0.49,0.5970132435666236,0.6469908623043799,0.5220468154599891,0.9317420868315417
transit,0.491,0.5969696755261528,0.6469182489035952,0.5220468154599891,0.9316341526004847
transit,0.492,0.5968468709890773,0.6468950299464117,0.5217746325530757,0.9315018139955306
transit,0.493,0.5969733363739738,0.6469243503166303,0.5220468154599891,0.9314099048918734
transit,0.494,0.5970345417998796,0.6470263593598066,0.5220468154599891,0.9314259300192731
transit,0.495,0.5970326833399952,0.6470232619266658,0.5220468154599891,0.9313610961440795
transit,0.496,0.5969414352897269,0.647052637114161,0.5217746325530757,0.9312691870404222
transit,0.497,0.5969813443300371,0.6471191521813447,0.5217746325530757,0.9312474535210917
transit,0.498,0.5971292188583255,0.6471841544572164,0.5220468154599891,0.9311933030641646
transit,0.499,0.5971700796683299,0.6472522558072239,0.5220468154599891,0.9312039864824311
transit,0.5,0.5971691602802861,0.6472507234938174,0.5220468154599891,0.9311715695448343
transit,0.501,0.5974166430178939,0.6473002841806125,0.522591181273816,0.9311471651709373
transit,0.502,0.5974677470167502,0.6473854575120398,0.522591181273816,0.9311605194437704
transit,0.503,0.5974193076910621,0.6474861805738352,0.5223189983669025,0.9311441276335732
transit,0.504,0.5974063524403317,0.6474645884892843,0.5223189983669025,0.9310442059662162
transit,0.505,0.5973840741479617,0.6474274580020012,0.5223189983669025,0.9309740303818892
transit,0.506,0.5975329566684897,0.647494140264939,0.522591181273816,0.930952296862559
transit,0.507,0.5972065027909503,0.6473129610115912,0.5220468154599891,0.9306986697537147
transit,0.508,0.5972474331078022,0.6473811782063442,0.5220468154599891,0.9307093531719812
transit,0.509,0.59752568114262,0.6474820143884893,0.522591181273816,0.930692961361784
transit,0.51,0.597607599845513,0.6476185455599779,0.522591181273816,0.9307143281983171
transit,0.511,0.5978756630363701,0.6477024070021882,0.5231355470876429,0.9306952655335534
transit,0.512,0.5979268972087323,0.6477877972894585,0.5231355470876429,0.9307086198063865
transit,0.513,0.5979344593667588,0.6478004008861694,0.5231355470876429,0.9306140398481626
transit,0.514,0.5979941935079148,0.6478999577880962,0.5231355470876429,0.9305652311003687
transit,0.515,0.59802407476413,0.647949759881788,0.5231355470876429,0.9305408267264718
transit,0.516,0.5983024964493524,0.6480508854812742,0.5236799129014698,0.9305244349162747
transit,0.517,0.5983426689249087,0.6481178396072014,0.5236799129014698,0.9305027013969442
transit,0.518,0.5983529345119778,0.6481349489189832,0.5236799129014698,0.9305053722515109
transit,0.519,0.5983538428384432,0.6479550075251498,0.5239520958083832,0.9302841620802635
transit,0.52,0.5986537279210351,0.6480919054535851,0.5244964616222101,0.9303055289167965
transit,0.521,0.5985122776474414,0.6480376102688712,0.5242242787152966,0.930232682477903
transit,0.522,0.5985970629327264,0.6479974638064039,0.5244964616222101,0.9300976730183824
transit,0.523,0.5988558997759368,0.6480659480025366,0.525040827436037,0.9301083564366489
transit,0.524,0.5989853214547302,0.64810019552925,0.5253130103429504,0.9301136981457822
transit,0.525,0.5992218552674046,0.6481315080078228,0.5258573761567773,0.9300542059797217
transit,0.526,0.5991780943846838,0.6480585732032882,0.5258573761567773,0.9299462717486646
transit,0.527,0.5990357269152997,0.6480027493589235,0.5255851932498639,0.9298410083721742
transit,0.528,0.5989344698113479,0.6480154427902796,0.5253130103429504,0.9297464284139503
transit,0.529,0.5988247088238885,0.6480139630824563,0.525040827436037,0.9297140114763535
transit,0.53,0.5986926034196056,0.647975242679927,0.5247686445291235,0.9296114189544297
transit,0.531,0.5984927594276997,0.6480050799026352,0.5242242787152966,0.9295195098507724
transit,0.532,0.5985339113167707,0.64807366638442,0.5242242787152966,0.929530193269039
transit,0.533,0.5984344426421846,0.6480893405313856,0.5239520958083832,0.9295004471860087
transit,0.534,0.598442964789037,0.648103544109473,0.5239520958083832,0.9294382841653817
transit,0.535,0.5986212618634522,0.6482192506288892,0.5242242787152966,0.9293597293345575
transit,0.536,0.5987695818677954,0.6482849953648523,0.5244964616222101,0.9293055788776303
transit,0.537,0.5989967553340344,0.6483007072660327,0.525040827436037,0.9292758327946
transit,0.538,0.5989846984835548,0.6482806125152334,0.525040827436037,0.9292083280648398
transit,0.539,0.5988431544971275,0.6482261611424635,0.5247686445291235,0.9291354816259462
transit,0.54,0.5987419498729585,0.648238942040124,0.5244964616222101,0.9290409016677222
transit,0.541,0.5988911825638097,0.6483062079202672,0.5247686445291235,0.9290191681483919
transit,0.542,0.5992008789528984,0.6484594580261971,0.5253130103429504,0.9290107889018947
transit,0.543,0.5991220910253323,0.6485096000848626,0.525040827436037,0.9289863845279978
transit,0.544,0.5992920255382783,0.6486113690018303,0.5253130103429504,0.9289699927178007
transit,0.545,0.5993427892370713,0.6486959751664854,0.5253130103429504,0.928950930053037
transit,0.546,0.5992519997642236,0.6487261146496814,0.525040827436037,0.9288590209493797
transit,0.547,0.5990983688330977,0.6486515183690805,0.5247686445291235,0.9287186697807257
transit,0.548,0.599407409304878,0.6488036752794966,0.5253130103429504,0.9286778735966317
transit,0.549,0.5996196857149586,0.6489760140250218,0.5255851932498639,0.928704582142298
transit,0.55,0.5997467128179028,0.6490062705919865,0.5258573761567773,0.9286126730386407
transit,0.551,0.5996464985707739,0.6490207021180472,0.5255851932498639,0.9285505100180136
transit,0.552,0.5995454439096356,0.6490337329540924,0.5253130103429504,0.9284559300597897
transit,0.553,0.5996517853563135,0.6490295134272799,0.5255851932498639,0.9283586792469991
transit,0.554,0.5996042073551797,0.6491316720299992,0.5253130103429504,0.9283422874368021
transit,0.555,0.5997002013123947,0.6491102066874151,0.5255851932498639,0.928242365769445
transit,0.556,0.5998608817173667,0.649196552091093,0.5258573761567773,0.9282557200422781
transit,0.557,0.5997279300861503,0.6491564213103412,0.5255851932498639,0.9281207105827575
transit,0.558,0.5997581910016383,0.6492068561694879,0.5255851932498639,0.9280963062088605
transit,0.559,0.5997436358493891,0.6491825975824059,0.5255851932498639,0.9279315506663096
transit,0.56,0.5997315874855498,0.6491625169760071,0.5255851932498639,0.9278640459365493
transit,0.561,0.5998715789580504,0.6492143808255659,0.5258573761567773,0.9278720585002491
transit,0.562,0.5999027022404828,0.6492662529629531,0.5258573761567773,0.927880071063949
transit,0.5630000000000001,0.6001153556072544,0.64943921996963,0.5261295590636909,0.9279067796096153
transit,0.5640000000000001,0.6000152126529588,0.6494537703170797,0.5258573761567773,0.9278446165889882
transit,0.5650000000000001,0.599980753293126,0.6493963380506917,0.5258573761567773,0.927706936274901
transit,0.5660000000000001,0.5998028986801143,0.6494628242382234,0.5253130103429504,0.9276527858179737
transit,0.5670000000000001,0.5998324197523474,0.6495120260252787,0.5253130103429504,0.92759596450648
transit,0.5680000000000001,0.5998931422540112,0.6496132301947186,0.5253130103429504,0.9275471557586861
transit,0.5690000000000001,0.5999659319337813,0.6497345463276686,0.5253130103429504,0.9275658517406524
transit,0.5700000000000001,0.5998874519286,0.6497852015903087,0.525040827436037,0.9275414473667555
transit,0.5710000000000001,0.5998633963919822,0.6497451090292791,0.525040827436037,0.9274064379072349
transit,0.5720000000000001,0.599936245549962,0.6498665242925787,0.525040827436037,0.9274251338892012
transit,0.5730000000000001,0.600206043659577,0.6499532772660525,0.5255851932498639,0.9274384881620343
transit,0.5740000000000001,0.5999009710085955,0.6498077333903012,0.525040827436037,0.9272550366375172
transit,0.5750000000000001,0.5997151501193417,0.6496794871794872,0.5247686445291235,0.9270742559675664
transit,0.5760000000000001,0.599723113702646,0.6496927598183275,0.5247686445291235,0.9269796760093426
transit,0.577,0.6001218378557981,0.6498129342597542,0.5255851932498639,0.9269659550537122
transit,0.578,0.6002260580537546,0.6499866345896819,0.5255851932498639,0.9269926635993784
transit,0.579,0.6002019917384482,0.6499465240641712,0.5255851932498639,0.9268576541398578
transit,0.58,0.6002316703036096,0.6499959883394401,0.5255851932498639,0.9268008328283639
transit,0.581,0.6003911045558088,0.6500802568218298,0.5258573761567773,0.9267493532260034
transit,0.582,0.6002589615746894,0.6500414737912397,0.5255851932498639,0.9266467607040796
transit,0.583,0.6003111485908896,0.6501284521515736,0.5255851932498639,0.9266601149769127
transit,0.584,0.600331232239324,0.6501619248989642,0.5255851932498639,0.926633039748449
transit,0.585,0.6002199731043589,0.6501579482786314,0.5253130103429504,0.9265357889356586
transit,0.586,0.6003585919605428,0.6502075244343286,0.5255851932498639,0.9264789676241647
transit,0.587,0.6002794788318448,0.6502571244911078,0.5253130103429504,0.926422146312671
transit,0.588,0.6002995900362988,0.6502906431651978,0.5253130103429504,0.9263950710842074
transit,0.589,0.6002309554485714,0.6503577074569278,0.525040827436037,0.9263409206272801
transit,0.59,0.6003704138383726,0.6504086828353208,0.5253130103429504,0.9263165162533833
transit,0.591,0.6005420458866136,0.6505132809777802,0.5255851932498639,0.926332541380783
transit,0.592,0.6005501715652074,0.6505268237754364,0.5255851932498639,0.9262379614225591
transit,0.593,0.6005695469843199,0.6505591161406238,0.5255851932498639,0.9261784692564987
transit,0.594,0.6006412879872142,0.650678684478781,0.5255851932498639,0.9261323313632713
transit,0.595,0.6006703999533025,0.6507272044222616,0.5255851932498639,0.9260430931141806
transit,0.596,0.6006898183488478,0.6507595684148371,0.5255851932498639,0.9259836009481202
transit,0.597,0.6006882811010837,0.6507570063352303,0.5255851932498639,0.9259187670729265
transit,0.598,0.600425524401544,0.6506819890452153,0.525040827436037,0.9257784159042726
transit,0.599,0.6006724099170491,0.6507305543618392,0.5255851932498639,0.925689177655182
transit,0.6,0.6005192729581972,0.6506567813683617,0.5253130103429504,0.925581243424125
transit,0.601,0.6003653462623053,0.6505816921464842,0.525040827436037,0.925440892255471
transit,0.602,0.6004477246043032,0.6507189893831474,0.525040827436037,0.9253974252168103
transit,0.603,0.600639038129275,0.6508563899868248,0.5253130103429504,0.9253539581781496
transit,0.604,0.600680281589848,0.6509251290877797,0.5253130103429504,0.9253322246588194
transit,0.605,0.6006247065176842,0.6508325039675068,0.5253130103429504,0.9251892026355988
transit,0.606,0.6005240394254601,0.6508461807517422,0.525040827436037,0.9250946226773749
transit,0.607,0.6005014909453535,0.6508085999515646,0.525040827436037,0.925024447093048
transit,0.608,0.6006929179383591,0.6509461896686317,0.5253130103429504,0.9249809800543873
transit,0.609,0.6008859175842675,0.6510864004738699,0.5255851932498639,0.9250023468909203
transit,0.61,0.6007747786281852,0.6510826241516751,0.5253130103429504,0.9249050960781298
transit,0.611,0.6004690739732657,0.650936026936027,0.5247686445291235,0.9247216445536124
transit,0.612,0.6004105325888479,0.6510199132332731,0.5244964616222101,0.9246377480136551
transit,0.613,0.6004421116511477,0.6510725450037728,0.5244964616222101,0.924645760577355
transit,0.614,0.6006246891531227,0.6511953855691222,0.5247686445291235,0.9246644565593214
transit,0.615,0.6006013705738211,0.6511565212702862,0.5247686445291235,0.9245618640373976
transit,0.616,0.6005542073229577,0.6512593711234561,0.5244964616222101,0.9245130552896037
transit,0.617,0.6005850772586586,0.6513108210162909,0.5244964616222101,0.9244886509157066
transit,0.618,0.6009840121127893,0.6514313466260152,0.5253130103429504,0.9244425130224794
transit,0.619,0.6009930797848486,0.6514464594127807,0.5253130103429504,0.9243803500018524
transit,0.62,0.6010556438488976,0.6515507328528626,0.5253130103429504,0.9243639581916552
transit,0.621,0.6007392388110826,0.6513863016657219,0.5247686445291235,0.9241778358125713
transit,0.622,0.6007257132801884,0.6513637591142317,0.5247686445291235,0.9240454972076173
transit,0.623,0.6005934959202559,0.6513248521189531,0.5244964616222101,0.9239429046856935
transit,0.624,0.6006236778568593,0.6513751553466255,0.5244964616222101,0.9238860833741998
transit,0.625,0.6005344393680837,0.6514078798032751,0.5242242787152966,0.9238265912081394
transit,0.626,0.6005744734681152,0.6514746033033276,0.5242242787152966,0.9237400238136152
transit,0.627,0.6006477192194015,0.6515966795554714,0.5242242787152966,0.9237263028579847
transit,0.628,0.6005698314812622,0.6516483219298483,0.5239520958083832,0.9237018984840879
transit,0.629,0.6008721868561389,0.6517893370120913,0.5244964616222101,0.9237232653206209
transit,0.63,0.6010007723864715,0.6518221909580368,0.5247686445291235,0.9236637731545604
transit,0.631,0.6010204932891479,0.6518550591291641,0.5247686445291235,0.9236042809885
transit,0.632,0.6006260184754877,0.6517419669202241,0.5239520958083832,0.9233937542355191
transit,0.633,0.6004598334448167,0.6516464471403813,0.5236799129014698,0.9231858983371048
transit,0.634,0.6004145437088002,0.6515709642470205,0.5236799129014698,0.923045547168451
transit,0.635,0.6005643116368184,0.6516391221891086,0.5239520958083832,0.9229913967115237
transit,0.636,0.6005069525586203,0.6517249789967207,0.5236799129014698,0.9229399171091632
transit,0.637,0.6005690996524142,0.6518285574863772,0.5236799129014698,0.9228911083613693
transit,0.638,0.6005860706519766,0.6520382977569232,0.5234077299945563,0.9228583247409752
transit,0.639,0.6003010700347443,0.6519262072707542,0.5228633641807294,0.9226802149255912
transit,0.64,0.6002636378959166,0.6520452756439837,0.522591181273816,0.9225692431571701
transit,0.641,0.6001419994770789,0.6520240002171965,0.5223189983669025,0.922469321489813
transit,0.642,0.6000203555118979,0.6520027155465038,0.5220468154599891,0.9223693998224558
transit,0.643,0.600062139731717,0.6520723559128687,0.5220468154599891,0.9223476663031255
transit,0.644,0.5999936459841428,0.6521396549381877,0.5217746325530757,0.9222610989086014
transit,0.645,0.6000468095429693,0.6522282608695651,0.5217746325530757,0.9222744531814346
transit,0.646,0.5999244732940026,0.6522058223925629,0.5215024496461622,0.9221421145764805
transit,0.647,0.599910656332701,0.6523642493950025,0.5212302667392488,0.9221337353299834
transit,0.648,0.5997230583710998,0.6522330413969428,0.5209580838323353,0.921920537722436
transit,0.649,0.5996326537963768,0.6522638223770134,0.5206859009254219,0.9217962116811818
transit,0.65,0.5996631963389247,0.6523147266145932,0.5206859009254219,0.921739390369688
transit,0.651,0.5998232400672803,0.6524000108905769,0.5209580838323353,0.9216554938297306
transit,0.652,0.5995030863954961,0.6524107872514301,0.520141535111595,0.9214636630587161
transit,0.653,0.5996311947198696,0.6524428458541104,0.5204137180185084,0.9213717539550588
transit,0.654,0.5996838432075123,0.6525305933335149,0.5204137180185084,0.9213526912902952
transit,0.655,0.5997471894046663,0.6526361703287715,0.5204137180185084,0.921336299480098
transit,0.656,0.5996469281807636,0.6526505235602094,0.520141535111595,0.9212417195218741
transit,0.657,0.5995459841509199,0.6526637387817453,0.5198693522046816,0.9211147226260533
transit,0.658,0.5997503406798332,0.6528228777253254,0.520141535111595,0.9211063433795561
transit,0.659,0.5996387467505775,0.652818343114508,0.5198693522046816,0.9209766756291687
transit,0.66,0.5995712909272983,0.6528873720136519,0.5195971692977681,0.9209225251722415
transit,0.661,0.5995685812088514,0.6528828558162402,0.5195971692977681,0.9207928574218542
transit,0.662,0.5994342326086413,0.6528403967538323,0.5193249863908547,0.9205930140871399
transit,0.663,0.5994422184793684,0.6528537065383775,0.5193249863908547,0.920466017191319
transit,0.664,0.5992639233299496,0.6529194584985641,0.5187806205770278,0.9203146159216014
transit,0.665,0.599293369981837,0.6529685362517099,0.5187806205770278,0.9201929607349139
transit,0.666,0.5993349083293333,0.6530377668308703,0.5187806205770278,0.9201388102779866
transit,0.667,0.5996270654569715,0.6531617848343827,0.5193249863908547,0.9201250893223563
transit,0.668,0.5998200195466041,0.6531204644412192,0.5198693522046816,0.9199576629252386
transit,0.669,0.5998166795701636,0.6531148978138184,0.5198693522046816,0.9197955782372544
transit,0.67,0.6000322779433472,0.6532927731645154,0.520141535111595,0.919789869845324
transit,0.671,0.6000960877288486,0.6533991228070176,0.520141535111595,0.9197734780351268
transit,0.672,0.6001801854277121,0.6533578303671812,0.5204137180185084,0.9196060516380093
transit,0.673,0.6002111287675549,0.6534094026002525,0.5204137180185084,0.9195492303265156
transit,0.674,0.6002642526395022,0.6534979423868313,0.5204137180185084,0.9195301676617518
transit,0.675,0.6003066391433033,0.6535685865598332,0.5204137180185084,0.9195084341424216
transit,0.676,0.600456627732233,0.653637112270107,0.5206859009254219,0.9194218667478975
transit,0.677,0.6001361482641261,0.6534658903658135,0.520141535111595,0.9191060766184261
transit,0.678,0.6000576309917627,0.6535164835164835,0.5198693522046816,0.9190168383693356
transit,0.679,0.6000550289988342,0.6535121468616027,0.5198693522046816,0.9188871706189481
transit,0.68,0.6001190485044021,0.653618846037549,0.5198693522046816,0.9188707788087511
transit,0.681,0.6000513739062051,0.6536875103118298,0.5195971692977681,0.9187842114142271
transit,0.682,0.600137674034086,0.653831343858298,0.5195971692977681,0.91880557825076
transit,0.683,0.6002233836351388,0.653974193193386,0.5195971692977681,0.9187945281496962
transit,0.684,0.6002208685447574,0.6539700013760836,0.5195971692977681,0.9186648603993088
transit,0.685,0.6000444461003658,0.6540388745113155,0.5190528034839412,0.9185782930047848
transit,0.686,0.5997352210439175,0.6538864099597863,0.5185084376701143,0.9182975906674771
transit,0.687,0.5996123681016873,0.6538631103273449,0.5182362547632009,0.918132835124926
transit,0.6880000000000001,0.5995111332082774,0.6538758407762708,0.5179640718562875,0.9179734212915085
transit,0.6890000000000001,0.5997823317240509,0.6539649277600088,0.5185084376701143,0.9179543586267448
transit,0.6900000000000001,0.5997034059959763,0.6540148401511598,0.5182362547632009,0.9178327034400573
transit,0.6910000000000001,0.5998110225974964,0.6540127458824178,0.5185084376701143,0.9177678695648636
transit,0.6920000000000001,0.5994582932933636,0.6537877742514144,0.5179640718562875,0.9174764838092893
transit,0.6930000000000001,0.5993685200257892,0.653819607410066,0.517691888949374,0.9173521577680352
transit,0.6940000000000001,0.5992787615287583,0.65385146518629,0.5174197060424606,0.917227831726781
transit,0.6950000000000001,0.5992207420069715,0.6537547659833122,0.5174197060424606,0.9170199758283668
transit,0.6960000000000001,0.5991971360163432,0.6537154226655982,0.5174197060424606,0.916917383306443
transit,0.6970000000000001,0.5993257604448535,0.6537483414418399,0.517691888949374,0.9168254742027857
transit,0.6980000000000001,0.5992685544488435,0.6538344533864321,0.5174197060424606,0.9167091607252316
transit,0.6990000000000001,0.599180106872542,0.6538684960305384,0.5171475231355471,0.916649668559171
transit,0.7000000000000001,0.5990795400429727,0.6538823399191986,0.5168753402286337,0.9165226716633503
transit,0.7010000000000001,0.5990552733810903,0.6538418954827281,0.5168753402286337,0.9163876622038296
transit,0.7020000000000001,0.5989425645071982,0.6538355026308502,0.5166031573217202,0.9161931605782485
transit,0.7030000000000001,0.5988515917609352,0.6538653366583541,0.5163309744148068,0.9160040006618008
transit,0.704,0.5986410272043048,0.6536958510019124,0.5160587915078934,0.91578546134512
transit,0.705,0.5983528462280465,0.6535784599173667,0.5155144256940664,0.9155101007169455
transit,0.706,0.5983828674813549,0.6536284953395473,0.5155144256940664,0.9153884455302579
transit,0.707,0.5982047892227533,0.6535131535131536,0.5152422427871529,0.9151779187772772
transit,0.708,0.5983136294748235,0.6536945539332705,0.5152422427871529,0.9152046273229434
transit,0.709,0.5983443564362363,0.6537457655356251,0.5152422427871529,0.9151153890738527
transit,0.71,0.5986704113357282,0.6539262798255603,0.5157866086009799,0.9151096806819221
transit,0.711,0.5985141038425249,0.653847222608164,0.5155144256940664,0.9149044956380745
transit,0.712,0.5982243260198732,0.6535457148416868,0.5152422427871529,0.91453759258904
transit,0.713,0.5980576510688547,0.6534493785279315,0.5149700598802395,0.9143621536282227
transit,0.714,0.5980556659390792,0.6534460699783056,0.5149700598802395,0.9142649028154322
transit,0.715,0.5977235330522747,0.653255425709516,0.5144256940664126,0.9139788587689911
transit,0.716,0.5980047254134737,0.6533611691022965,0.5149700598802395,0.9138976330836004
transit,0.717,0.5982975501840645,0.6534862998440633,0.5155144256940664,0.913851495190373
transit,0.718,0.5981062585324473,0.6533489356959769,0.5152422427871529,0.913541046770035
transit,0.719,0.5981356995901914,0.6533980041255505,0.5152422427871529,0.9133869746457506
transit,0.72,0.5981664972487076,0.6534493335564108,0.5152422427871529,0.91329773639666
transit,0.721,0.5979989587062033,0.6533515579235125,0.5149700598802395,0.9130898804982458
transit,0.722,0.5979402507631238,0.6532537113517134,0.5149700598802395,0.9128820245998315
transit,0.723,0.5976733377114434,0.6531717668081305,0.5144256940664126,0.9126120056807903
transit,0.724,0.5976029080000183,0.6530543839557554,0.5144256940664126,0.9123690619902125
transit,0.725,0.5974132239247869,0.6531011543729212,0.5138813282525857,0.9121501559907346
transit,0.726,0.5973200993220626,0.652945946701714,0.5138813282525857,0.9118694536534266
transit,0.727,0.5973159535095786,0.6529390370142405,0.5138813282525857,0.9116749520278458
transit,0.728,0.597226243713012,0.6529709759579053,0.5136091453456723,0.9115506259865915
transit,0.729,0.5973673284905201,0.6530246619824763,0.5138813282525857,0.9115262216126946
transit,0.73,0.59756124481335,0.653166400582584,0.5141535111594991,0.9114179206988402
transit,0.731,0.5975052338144138,0.6532545041889658,0.5138813282525857,0.9113340241588828
transit,0.732,0.5976560226945429,0.6533243637179055,0.5141535111594991,0.9112474567643587
transit,0.733,0.597708293047327,0.6534114809725455,0.5141535111594991,0.9111311432868046
transit,0.734,0.5975331978168013,0.6534825661308873,0.5136091453456723,0.9110769928298773
transit,0.735,0.5975415366880501,0.6534964642496353,0.5136091453456723,0.9109499959340566
transit,0.736,0.5971992488925604,0.6534703504043128,0.5127925966249319,0.9107204065163119
transit,0.737,0.5970760268433111,0.653446435593506,0.5125204137180185,0.9105556509737611
transit,0.738,0.5969073853947506,0.6533468217838476,0.512248230811105,0.9103153781377501
transit,0.739,0.5966752489113143,0.6533228381873384,0.5117038649972782,0.9101506225951992
transit,0.74,0.5964858543600013,0.6533700911443682,0.5111594991834513,0.9099317165957211
transit,0.741,0.5964583951808962,0.6533243258458593,0.5111594991834513,0.9096670393858132
transit,0.742,0.5963227075115445,0.653279635001549,0.5108873162765378,0.909434779113502
transit,0.743,0.5964613200318014,0.6533292005973681,0.5111594991834513,0.9092807069892176
transit,0.744,0.5966337931879826,0.6534352005863945,0.5114316820903647,0.90916706436623
transit,0.745,0.5965664650238247,0.6535044422507403,0.5111594991834513,0.9090480800341091
transit,0.746,0.5962579647201486,0.6535346408917737,0.5103429504627109,0.9088589201176612
transit,0.747,0.5959162696583332,0.6535095149359083,0.5095264017419706,0.9086617476375136
transit,0.748,0.5960335420363648,0.6535235136280186,0.5097985846488841,0.9085347507416928
transit,0.749,0.5956318392675145,0.6532169195558194,0.5092542188350572,0.9081678476926583
transit,0.75,0.5953760623178128,0.6531535351822012,0.5087098530212303,0.9079329165657806
transit,0.751,0.5956132234937502,0.6531858932662123,0.5092542188350572,0.9078085905245263
transit,0.752,0.5956534661230372,0.6532529643150239,0.5092542188350572,0.9076247723172117
transit,0.753,0.5956097995092617,0.6533616418966737,0.5089820359281437,0.9075759635694178
transit,0.754,0.5952742324700293,0.6531652740405042,0.5084376701143168,0.9072250856477831
transit,0.755,0.5949198880608741,0.6531190658390726,0.5076211213935765,0.9069604084378751
transit,0.756,0.5950364154905762,0.6531318229506337,0.50789330430049,0.9068009946044575
transit,0.757,0.5950670006036636,0.6531827981391126,0.50789330430049,0.9066793394177699
transit,0.758,0.5953102502761805,0.6530438484461472,0.5087098530212303,0.9064013079350288
transit,0.759,0.5954267676351208,0.6530565887731055,0.5089820359281437,0.9062418941016113
transit,0.76,0.5954114610390605,0.6530310777796716,0.5089820359281437,0.9060447216214635
transit,0.761,0.5954650435402924,0.6531203819483915,0.5089820359281437,0.9059608250815061
transit,0.762,0.595437209525668,0.6530739919240175,0.5089820359281437,0.905696147871598
transit,0.763,0.5953018643948363,0.6530298719772404,0.5087098530212303,0.9054963045368838
transit,0.764,0.5951887991171146,0.6530228851189799,0.5084376701143168,0.9053018029113027
transit,0.765,0.5949787136782778,0.6530356532634697,0.50789330430049,0.905142389077885
transit,0.766,0.5950945562813714,0.6530472689973502,0.5081654872074034,0.9049505583068705
transit,0.767,0.5949814900260201,0.6530402805097067,0.50789330430049,0.9047560566812894
transit,0.768,0.5949423636507111,0.6529750698841918,0.50789330430049,0.9044887086168149
transit,0.769,0.595069379996267,0.6530053085221759,0.5081654872074034,0.904299548700367
transit,0.77,0.5949905598698247,0.653055396916048,0.50789330430049,0.9041454765760826
transit,0.771,0.5949849591644752,0.6530460624071321,0.50789330430049,0.9038861410753078
transit,0.772,0.5950896267544235,0.6530390531191035,0.5081654872074034,0.9036916394497267
transit,0.773,0.5946768150376041,0.6528953994048982,0.5073489384866631,0.9033163571541951
transit,0.774,0.5944891617536252,0.6529455544741511,0.5068045726728362,0.9031622850299108
transit,0.775,0.5943667800875193,0.6531044955731927,0.5062602068590093,0.9029269872202356
transit,0.776,0.5939671602423787,0.6529828283117852,0.505443658138269,0.902651626592061
transit,0.777,0.5940303563388727,0.6530881551392752,0.505443658138269,0.9024731500938797
transit,0.778,0.5939264178896195,0.6530963796617956,0.5051714752313554,0.9021840685100748
transit,0.779,0.5939440210279593,0.6531257182256952,0.5051714752313554,0.90196249165603
transit,0.78,0.5939271498165613,0.6530975995400317,0.5051714752313554,0.9017004853006887
transit,0.781,0.5937781341214571,0.6530306953194672,0.504899292324442,0.9014007202986172
transit,0.782,0.5937513416239774,0.652986041157001,0.504899292324442,0.9012008769639028
transit,0.783,0.5939243670767607,0.6530929616403641,0.5051714752313554,0.9010548174033184
transit,0.784,0.5941426495719161,0.6532753105276808,0.505443658138269,0.9009194412610004
transit,0.785,0.5937936269643789,0.6530565167243367,0.504899292324442,0.900565892484799
transit,0.786,0.5932591890715122,0.6528916079879948,0.5038105606967882,0.9001555223971038
transit,0.787,0.5929211695678762,0.6526911526911527,0.5032661948829613,0.899804644475469
transit,0.788,0.5925201202313788,0.6525671029441508,0.502449646162221,0.8994968669096977
transit,0.789,0.5922504896113132,0.652480629119926,0.5019052803483941,0.8991944310530596
transit,0.79,0.5921137961231686,0.6524342619109607,0.5016330974414807,0.8989621707807485
transit,0.791,0.5917351761952955,0.6523475945116656,0.5008165487207403,0.8986597349241103
transit,0.792,0.5913557358053303,0.6522595596755505,0.5,0.8983248821298753
transit,0.793,0.591402694066318,0.6525192787151388,0.49972781709308656,0.8982326063434207
transit,0.794,0.5909891831633911,0.6523744596907545,0.49891126837234623,0.8978897409854858
transit,0.795,0.591041516173834,0.6524616813748259,0.49891126837234623,0.8977085936327378
transit,0.796,0.5908213702194086,0.6522762267220592,0.4986390854654328,0.8972955526904761
transit,0.797,0.5906973582855928,0.6522509954369751,0.49836690255851934,0.8971307971479252
transit,0.798,0.5908074090369032,0.6524344133558257,0.49836690255851934,0.8969954210056073
transit,0.799,0.5907194470171206,0.6522878099895215,0.49836690255851934,0.8966201387100756
transit,0.8,0.5902599120450571,0.6520662841832425,0.497550353837779,0.8962665899338742
transit,0.801,0.5901335100229844,0.6520370694177304,0.4972781709308655,0.8960045835785329
transit,0.802,0.5900542541895476,0.652086431633278,0.49700598802395207,0.8958180945166516
transit,0.803,0.589649155756311,0.6519556333917105,0.49618943930321174,0.8953806492004928
transit,0.804,0.5893033731708519,0.6519236948964389,0.4953728905824714,0.8950538089699578
transit,0.805,0.5893717388374378,0.6518561824028063,0.49564507348938486,0.8947864609054831
transit,0.806,0.5888089128213373,0.6518254153990171,0.49428415895481764,0.8944920376125448
transit,0.807,0.5885872573599991,0.6518189001726712,0.49373979314099076,0.8943299529245605
transit,0.808,0.5883983935110383,0.6518670376336213,0.49319542732716387,0.8941110469250826
transit,0.809,0.5880558519707939,0.6516590456090985,0.492651061513337,0.8936629181906572
transit,0.81,0.5880479268056517,0.6516458370005281,0.492651061513337,0.8933387488146888
transit,0.811,0.5878974735845459,0.6515765369032941,0.49237887860642354,0.8930389838126174
transit,0.812,0.5879623913121383,0.6516847331159483,0.49237887860642354,0.8928929242520328
transit,0.8130000000000001,0.5877766230721138,0.6515565746538495,0.49210669569951004,0.8925527297486646
transit,0.8140000000000001,0.5880216744949985,0.6516020831494396,0.492651061513337,0.8922689898739928
transit,0.8150000000000001,0.5879631844863038,0.6516860550728907,0.49237887860642354,0.8919905917084543
transit,0.8160000000000001,0.5876433195073143,0.6516973125884017,0.49156232988568316,0.8917987609374398
transit,0.8170000000000001,0.5875707308285656,0.6519392419997051,0.49101796407185627,0.891638980421225
transit,0.8180000000000001,0.5872661686600796,0.6516130936568375,0.49074578116494283,0.891142409621803
transit,0.8190000000000001,0.5871039005508488,0.6515241020793952,0.4904735982580294,0.8908399737651649
transit,0.8200000000000001,0.5870124965042923,0.6515532172730766,0.49020141535111594,0.8906183969111203
transit,0.8210000000000001,0.586728076433759,0.651442094364739,0.48965704953728906,0.8902484563247218
transit,0.8220000000000001,0.5868511718050425,0.6514657980456026,0.4899292324442025,0.8898972117202897
transit,0.8230000000000001,0.5866870396068602,0.6513736996532409,0.48965704953728906,0.8895299419884579
transit,0.8240000000000001,0.5865079302134688,0.6512566392688643,0.4893848666303756,0.8890303336516721
transit,0.8250000000000001,0.5863911069076084,0.651061933759097,0.4893848666303756,0.8885200418966197
transit,0.8260000000000001,0.5861193998985831,0.650971999286606,0.48884050081654873,0.8882176060399816
transit,0.8270000000000001,0.5859190072596627,0.6510009220976234,0.48829613500272184,0.887996029185937
transit,0.8280000000000001,0.5851135759776132,0.6505658129839189,0.4869352204681546,0.8872916024881008
transit,0.8290000000000001,0.5849118259488741,0.6502295629360204,0.4869352204681546,0.8866653639382915
transit,0.8300000000000001,0.5845635051855134,0.6500119388729705,0.4863908546543277,0.8861199843910756
transit,0.8310000000000001,0.5844438831844444,0.6499940241424645,0.48611867174741424,0.8857309811399137
transit,0.8320000000000001,0.5845285200410473,0.6499536302988602,0.4863908546543277,0.885274473158991
transit,0.833,0.5844926772818653,0.6497124370956147,0.48666303756124113,0.8846615888820148
transit,0.834,0.5843881713530228,0.6497197158188196,0.4863908546543277,0.8844049242358067
transit,0.835,0.5846542561456333,0.6496188246593434,0.48720740337506807,0.8839079867535875
transit,0.836,0.5846089887472875,0.6495433789954338,0.48720740337506807,0.8835433878763224
transit,0.837,0.5842623126391948,0.6495099512957729,0.4863908546543277,0.8832489645833841
transit,0.838,0.5842277033640785,0.649452269170579,0.4863908546543277,0.8828546196230888
transit,0.839,0.5843488546749936,0.6494727327508286,0.48666303756124113,0.8824709580810598
transit,0.84,0.5838631512465681,0.6493890481218886,0.48557430593358736,0.8819442745158104
transit,0.841,0.5838046591946637,0.6494730166399904,0.4853021230266739,0.8816658763502718
transit,0.842,0.5836827009841268,0.649269752955762,0.4853021230266739,0.8810907507200259
transit,0.843,0.5836949115120045,0.6492901038355583,0.4853021230266739,0.8807070891779969
transit,0.844,0.5835000182412295,0.6491467369888757,0.48502994011976047,0.8801723930490477
transit,0.845,0.5829811802837896,0.6490078281449116,0.4839412084921067,0.8797349477328889
transit,0.846,0.5826060488992688,0.6487455197132616,0.4833968426782798,0.8791842264765397
transit,0.847,0.5824587814547006,0.6486815292435901,0.48312465977136637,0.8786926307034538
transit,0.848,0.5821057517872913,0.6484560570071258,0.4825802939575395,0.8781148342186411
transit,0.849,0.5813427694499596,0.6480916961346178,0.4812193794229722,0.8775183417518622
transit,0.85,0.5811819706813433,0.6478236981869239,0.4812193794229722,0.8769027866203194
transit,0.851,0.5804299566767847,0.6474776178690378,0.479858464888405,0.8763089650081068
transit,0.852,0.5798909402736755,0.647123623011016,0.47904191616766467,0.875585475645507
transit,0.853,0.5794270384276499,0.6468948190814668,0.47822536744692434,0.8750076791606944
transit,0.854,0.5793158791719968,0.6468910089266542,0.4779531845400109,0.8745889298265019
transit,0.855,0.5792626155866009,0.6468022362843275,0.4779531845400109,0.8740622462612526
transit,0.856,0.5792501647621119,0.6469629401814548,0.47768100163309746,0.8737621145763838
transit,0.857,0.5785752299350653,0.6467453251594221,0.4763200870985302,0.8730573211957504
transit,0.858,0.578462824611623,0.646920893496236,0.4757757212847033,0.8726626095526575
transit,0.859,0.5781390022505444,0.6465626448323807,0.47550353837778986,0.8719391201900577
transit,0.86,0.5780850787174526,0.6464727722772278,0.47550353837778986,0.8714124366248084
transit,0.861,0.5772872213772129,0.6458688311285975,0.4744148067501361,0.8705920631322153
transit,0.862,0.5770647785863554,0.6456795484151107,0.47414262384322264,0.8700844422317295
transit,0.863,0.5770821062301534,0.6457084278214407,0.47414262384322264,0.86957378379388
transit,0.864,0.5770512755203652,0.645657043305127,0.47414262384322264,0.8690524419377638
transit,0.865,0.5767037039719066,0.6454406679335806,0.47359825802939576,0.8684448993699208
transit,0.866,0.5757680911947267,0.6449700449326011,0.4719651605879151,0.8676108049216973
transit,0.867,0.5751074819754507,0.6447763059235192,0.47060424605334783,0.8670707670836149
transit,0.868,0.574851648603903,0.6445313722422156,0.4703320631464344,0.8663633028484148
transit,0.869,0.5744337854235086,0.6445607546933274,0.4692433315187806,0.8658850613481619
transit,0.87,0.5737861727664977,0.6442072213500784,0.46815459989112684,0.8650669920273382
transit,0.871,0.5736409834005922,0.6441466943448448,0.4678824169842134,0.8644483993584314
transit,0.872,0.5732746552685705,0.6438990580006931,0.4673380511703865,0.8637409351232315
transit,0.873,0.5720700181485627,0.6431615163662763,0.46543277082199236,0.8626478718570305
transit,0.874,0.5716222078870703,0.6427780764730068,0.4648884050081655,0.8617622978064463
transit,0.875,0.5702949080194589,0.6420175521971929,0.46271094175285793,0.8606989806232757
transit,0.876,0.5705117589805889,0.6420160599231917,0.4632553075666848,0.8601208174556656
transit,0.877,0.5697658098171239,0.641498632402519,0.46216657593903104,0.8591219674648913
transit,0.878,0.5690229721540594,0.6411678459871231,0.4608056614044638,0.8582119890404103
transit,0.879,0.5683250077163824,0.6409118482807064,0.45944474686989656,0.8575045248052102
transit,0.88,0.5676219938841338,0.6404659796453946,0.4583560152422428,0.8564515243575087
transit,0.881,0.5673986464311919,0.6404566444330425,0.4578116494284159,0.8558085273147049
transit,0.882,0.5670163617084086,0.640182413770955,0.457267283614589,0.8551632261001321
transit,0.883,0.5661216364937294,0.639598481436201,0.4559063690800218,0.8542211974208516
transit,0.884,0.5655402701300205,0.6393553585817889,0.454817637452368,0.8534839871026212
transit,0.885,0.565249900707373,0.63941577535787,0.45400108873162764,0.8527220057276966
transit,0.886,0.5653719374045257,0.6394377145818488,0.4542732716385411,0.8519870995812356
transit,0.887,0.5646150986048294,0.6390835929387331,0.4529123571039739,0.8511717011149785
transit,0.888,0.5638850173081139,0.6385926118626432,0.4518236254763201,0.8502106097709343
transit,0.889,0.562903626139813,0.6382271468144044,0.44991834512792594,0.8492979604918867
transit,0.89,0.5631309481350779,0.6380616509926855,0.45073489384866633,0.8485714335919229
transit,0.891,0.5624159192195777,0.6375957572186212,0.4496461622210125,0.8474860162066244
transit,0.892,0.5614064466245514,0.6370020345212312,0.44801306477953184,0.8463845736939264
transit,0.893,0.5608930119625157,0.6363277653557806,0.4477408818726184,0.8453372816381555
transit,0.894,0.5602643951824595,0.6358244365361804,0.4469243331518781,0.8443761902941112
transit,0.895,0.5586371611252617,0.6349269324869404,0.4442025040827436,0.8427888604002576
transit,0.896,0.5579573801293813,0.6345197852455757,0.4431137724550898,0.8418087063914497
transit,0.897,0.5572297703227553,0.6338514680483592,0.4422972237343495,0.8407316682526484
transit,0.898,0.5565393520784897,0.6334265920596857,0.4412084921066957,0.8396218464934531
transit,0.899,0.5554927601710802,0.632771003841657,0.439575394665215,0.8383232315006072
transit,0.9,0.5538222428713981,0.6321642715974944,0.4363091997822537,0.8371272090296852
transit,0.901,0.5528906044216552,0.631518817204301,0.4349482852476865,0.8357988479538091
transit,0.902,0.5515471658417247,0.630731395074622,0.4327708219923789,0.8345490417087571
transit,0.903,0.5499963260272395,0.6297797594919605,0.4303211758301579,0.8331832886689483
transit,0.904,0.5498046343050682,0.628915907474515,0.4311377245508982,0.8318930529225996
transit,0.905,0.548706566821463,0.6279930713582176,0.429776810016331,0.8305002246543272
transit,0.906,0.5479313932193581,0.6274269364398121,0.4286880783886772,0.829312214747105
transit,0.907,0.5475573222332751,0.6269849400676161,0.42841589548176373,0.8282996438007002
transit,0.908,0.5467062849185698,0.6262923656282096,0.42732716385410996,0.827160442641272
transit,0.909,0.5457780908242722,0.6256526518274251,0.42596624931954274,0.8258050063369322
transit,0.91,0.5445555525040818,0.6241594537742681,0.4251497005988024,0.8238023313290476
transit,0.911,0.5436535978051134,0.6233820170277566,0.4240609689711486,0.8223038730014873
transit,0.912,0.5415446900122303,0.6216817234190409,0.42133913990201416,0.8201825803442793
transit,0.913,0.539304044690553,0.6201247778048866,0.4180729450190528,0.8183988113358726
transit,0.914,0.5377077850635232,0.6189159872633752,0.41589548176374525,0.816595612979905
transit,0.915,0.5352372278749413,0.6171573104756551,0.41235710397387043,0.8144716494681301
transit,0.916,0.5339920595511203,0.615807851021056,0.41126837234621666,0.8125902629641357
transit,0.917,0.5320924542879217,0.6140934844192635,0.4090909090909091,0.8105067289536576
transit,0.918,0.5300740470359253,0.6125440250453592,0.40636908002177463,0.8083499818214885
transit,0.919,0.5285855770367097,0.6113334286122625,0.40446379967338053,0.8064899621540271
transit,0.92,0.5269435918408105,0.6105927946031291,0.4014697876973326,0.8049102781410762
transit,0.921,0.52575963123915,0.6098897138326245,0.3995645073489385,0.8033359358372585
transit,0.922,0.5237655020098317,0.6083807178298504,0.396842678279804,0.8011898721233559
transit,0.923,0.5214348144569503,0.6066737018303554,0.3935764833968427,0.7989900246353235
transit,0.924,0.5192479942704872,0.6042991884185129,0.39167120304844855,0.7964587285732175
transit,0.925,0.518285806189813,0.6032399074312162,0.3908546543277082,0.7946254174514223
transit,0.926,0.5155252374486381,0.6006349675132899,0.3878606423516603,0.7919133407193657
transit,0.927,0.512814040115076,0.598293768545994,0.384594447468699,0.7894251450131229
transit,0.928,0.5096082981304559,0.5958541495787041,0.38023952095808383,0.7868019398473596
transit,0.929,0.5057010303128769,0.5927896867036426,0.37506804572672836,0.7838552986712224
transit,0.93,0.5036688287523565,0.5910357815442561,0.3726183995645074,0.7816661346014566
transit,0.931,0.5011732410028875,0.5888724766125062,0.36962438758845945,0.7791478261293863
transit,0.932,0.49893482929914734,0.5871377984236379,0.3666303756124115,0.7769342576857234
transit,0.933,0.49571331935060353,0.5839460784313725,0.3633641807294502,0.7738606196137655
transit,0.934,0.49162988376613226,0.5809509131540418,0.35764833968426785,0.7708461070250707
transit,0.935,0.48885779794847917,0.5779638675661007,0.3551986935220468,0.7678369361455092
transit,0.936,0.4863643889186455,0.5759856491050188,0.3519324986390855,0.7654505995955956
transit,0.937,0.48349446827797266,0.5733799112925384,0.3486663037561241,0.7626191718486207
transit,0.9380000000000001,0.47970653573421307,0.5703328852692338,0.3437670114316821,0.7594288536163112
transit,0.9390000000000001,0.47656635515027246,0.567095258946698,0.34077299945563416,0.7562522563396321
transit,0.9400000000000001,0.47278520379232125,0.5626078927295356,0.33805117038649973,0.7521286553573366
transit,0.9410000000000001,0.46877492126530895,0.5591902834008098,0.3331518780620577,0.748603484330792
transit,0.9420000000000001,0.46504276426319135,0.5562362166135751,0.3282525857376157,0.7452938150835644
transit,0.9430000000000001,0.4586657295721738,0.5510514836001482,0.3200870985302123,0.7411438722384
transit,0.9440000000000001,0.45404122417722337,0.5466101694915254,0.3151878062057703,0.7370603340746038
transit,0.9450000000000001,0.4484526457066018,0.541469343279829,0.308927599346761,0.7328127737338515
transit,0.9460000000000001,0.4434335626016769,0.5361889443833066,0.3043004899292324,0.728346307393621
transit,0.9470000000000001,0.4400494157451916,0.5320003417927027,0.3021230266739249,0.7245675092582323
transit,0.9480000000000001,0.4351659799010944,0.5260387453078483,0.2988568317909635,0.7199232997854152
transit,0.9490000000000001,0.42959138763626414,0.5200139530827592,0.2939575394665215,0.7151951937726408
transit,0.9500000000000001,0.42339041678704714,0.5140339281780127,0.2874251497005988,0.71057769284549
transit,0.9510000000000001,0.4166379524385141,0.5073162027123483,0.28062057702776266,0.7053797245789599
transit,0.9520000000000001,0.41065527804384244,0.5002483630616391,0.2762656505171475,0.7001603894758969
transit,0.9530000000000001,0.403520046520478,0.4927112370333135,0.26973326075122483,0.6948765871804373
transit,0.9540000000000001,0.3963812785621064,0.48516821694664264,0.26320087098530215,0.6895844056384806
transit,0.9550000000000001,0.38916522628142813,0.47622620275719785,0.25857376156777356,0.6837098192681726
transit,0.9560000000000001,0.3832444569567787,0.46944299349446794,0.253946652150245,0.6789649547624038
transit,0.9570000000000001,0.37607083644693484,0.46075315419435614,0.24904735982580295,0.6733192244442457
transit,0.9580000000000001,0.3674944436470483,0.44936245053495527,0.2446924333151878,0.6666330105106393
transit,0.9590000000000001,0.3581911246548076,0.4385747559343873,0.2376156777354382,0.6603728251093304
transit,0.96,0.34889782636166256,0.42762230722770284,0.23081110506260208,0.6540474391500305
transit,0.961,0.33928705877588133,0.41559637721946474,0.22482308111050625,0.6473551501416961
transit,0.962,0.3306705364047361,0.40486461202640195,0.21937942297223734,0.6414504510055606
transit,0.963,0.3225751394650527,0.39354974704890383,0.216113228089276,0.6356490777569436
transit,0.964,0.31356505433609655,0.3823434991974318,0.21039738704409364,0.6299037924542257
transit,0.965,0.30341225686651707,0.368869820235703,0.20522591181273817,0.6234875974396604
transit,0.966,0.2919849204281497,0.35436064128698147,0.198421339139902,0.6169100511027057
transit,0.967,0.28098376766905486,0.34038031319910517,0.19188894937397932,0.6106395489659276
transit,0.968,0.26998567889652514,0.3251349048565748,0.18726183995645074,0.6040562942370422
transit,0.969,0.25875608799188066,0.311136757068667,0.18018508437670114,0.5980794820276079
transit,0.97,0.24728909714407854,0.29565421108117607,0.17474142623843222,0.5918093465736272
transit,0.971,0.23323274357446616,0.27676333691371285,0.16793685356559607,0.5843652888508519
transit,0.972,0.22332907775817312,0.26279760101775,0.16412629286880784,0.5789712481525662
transit,0.973,0.21242535551946976,0.2486167465879749,0.15813826891671204,0.5736717874125042
transit,0.974,0.1988890271502407,0.2307740363590929,0.15106151333696244,0.5672883760183332
transit,0.975,0.1866806054325492,0.21332995117001713,0.1467065868263473,0.5612531716912302
transit,0.976,0.17167169198715862,0.19267002193831462,0.1401741970604246,0.5543357975337047
transit,0.977,0.15984034314309542,0.17549148099606815,0.13636363636363635,0.5487453177208657
transit,0.978,0.14733387221514416,0.15736919185195047,0.13228089275993468,0.5430335494041366
transit,0.979,0.1343172238647409,0.13803369646119493,0.12874251497005987,0.537132987853757
transit,0.98,0.12176821857520884,0.12002197198571822,0.12438758845944475,0.5318045143962595
transit,0.981,0.11158540808927145,0.10540953970240578,0.12084921066956995,0.5276007877769652
transit,0.982,0.10207947740881873,0.09101796407185629,0.11867174741426238,0.5235721334356909
transit,0.983,0.09223400430367382,0.07660485021398002,0.11567773543821448,0.5196327173435072
transit,0.984,0.08260385969626408,0.062369161914386774,0.11295590636908003,0.5158336524199775
transit,0.985,0.07331069881353032,0.048876568427195795,0.10996189439303211,0.5122992647063558
transit,0.986,0.06585710151167308,0.03736118261381187,0.10860097985846488,0.5093209399582164
transit,0.987,0.058905513233027784,0.026682478505781204,0.10724006532389765,0.5066095965917543
transit,0.988,0.05475161413105171,0.02012222387837233,0.10669569951007077,0.5049879122713319
transit,0.989,0.05103157321720196,0.013922155688622755,0.10669569951007077,0.5034447827817338
transit,0.99,0.04808490291734212,0.009011038522189681,0.10669569951007077,0.5022254559853067
transit,0.991,0.04574987507618068,0.005119325453587291,0.10669569951007077,0.501265098006857
transit,0.992,0.0441258069451622,0.0024125452352231607,0.10669569951007077,0.5005881132202818
transit,0.993,0.04331214639020398,0.0010564443102927857,0.10669569951007077,0.5002562979634109
transit,0.994,0.04267827980402831,0.0,0.10669569951007077,0.49999465829086676
transit,0.995,0.04267827980402831,0.0,0.10669569951007077,0.5
transit,0.996,0.04267827980402831,0.0,0.10669569951007077,0.5
transit,0.997,0.04267827980402831,0.0,0.10669569951007077,0.5
transit,0.998,0.04267827980402831,0.0,0.10669569951007077,0.5
transit,0.999,0.04267827980402831,0.0,0.10669569951007077,0.5
transit,1.0,0.04267827980402831,0.0,0.10669569951007077,0.5
victim,0.0,0.04617642826305944,0.07696071377176573,0.0,0.5
victim,0.001,0.593730939433273,0.6075882196869196,0.5729450190528035,0.9726806382849397
victim,0.002,0.6091340190934479,0.6191065079610449,0.5941752857920523,0.9736733928377763
victim,0.003,0.6198412561105493,0.6262460419842851,0.6102340772999456,0.9744399212694852
victim,0.004,0.6296073274280363,0.6319984217794437,0.6260206859009254,0.9749882170170288
victim,0.005,0.6377836568756261,0.6372786950467475,0.6385410996189439,0.9755338813243468
victim,0.006,0.6443921487609254,0.6413975478804391,0.6488840500816548,0.975669163394255
victim,0.007,0.6481611361376025,0.6442315433539973,0.6540555253130104,0.9758407239683649
victim,0.008,0.6530176810122017,0.6470635819446692,0.6619488296135003,0.9759525543475781
victim,0.009000000000000001,0.6562401039845468,0.6495310025581678,0.6663037561241154,0.9761396722917064
victim,0.01,0.6585622844294747,0.6514052953156824,0.6692977681001633,0.9762098952087428
victim,0.011,0.6609341888252438,0.6529995507820476,0.6728361458900382,0.9763086675031148
victim,0.012,0.662624736568337,0.6545469434549401,0.6747414262384323,0.9763451112011268
victim,0.013000000000000001,0.6640828418888711,0.65588838736151,0.6763745236799129,0.9764178994808647
victim,0.014,0.6652836995769332,0.6568010852139597,0.6780076211213936,0.9763348497503214
victim,0.015,0.6659597045583359,0.6577463049116884,0.678279804028307,0.9763686620081079
victim,0.016,0.6671224620158882,0.6587769576512308,0.6796407185628742,0.9764674012637178
victim,0.017,0.6686301308141718,0.6598380968114984,0.6818181818181818,0.9765687389207912
victim,0.018000000000000002,0.6696593507016324,0.6604647316629456,0.6834512792596625,0.9765713703610168
victim,0.019,0.6703520156377765,0.6612562626806344,0.6839956450734894,0.9765324604165896
victim,0.02,0.6713333622909621,0.6618031088082902,0.6856287425149701,0.9764701648589916
victim,0.021,0.6724809966175668,0.6626271010583108,0.6872618399564507,0.9765481169028942
victim,0.022,0.6730379357300988,0.6630109670987039,0.6880783886771911,0.9764130991430826
victim,0.023,0.6739201232311083,0.6637554585152838,0.6891671203048448,0.9764832559825949
victim,0.024,0.6748622256769589,0.6644183529019901,0.690528034839412,0.9764884858242838
victim,0.025,0.6755131843331175,0.6647774629104851,0.6916167664670658,0.9763508696630088
victim,0.026000000000000002,0.6764991447626179,0.665331998665332,0.6932498639085466,0.9764028376922771
victim,0.027,0.6771423641918408,0.6658596652335433,0.6940664126292869,0.9764522073200821
victim,0.028,0.6788576062711232,0.6667223940483156,0.6970604246053348,0.9765327577654481
victim,0.029,0.6794016988775383,0.6670848492451804,0.6978769733260751,0.9765665369844726
victim,0.03,0.6797868931843045,0.6673639292139061,0.698421339139902,0.9765925209991068
victim,0.031,0.6803147130812964,0.6676992632283991,0.6992378878606423,0.9765665700232347
victim,0.032,0.6805915618190866,0.6679792225201072,0.6995100707675558,0.9764782904510025
victim,0.033,0.681547231230961,0.6684832732455772,0.7011431682090364,0.976525061677344
victim,0.034,0.682159898853968,0.6689600201367621,0.7019597169297768,0.9765692345022221
victim,0.035,0.6823198323376143,0.6690451206715635,0.7022318998366902,0.976405634326313
victim,0.036000000000000004,0.6830500289743094,0.6693548387096774,0.7035928143712575,0.9763199531555442
victim,0.037,0.6836974120575987,0.6698894447013326,0.7044093630919979,0.9763693227833492
victim,0.038,0.6849477849156698,0.6703403020233037,0.7068590092542189,0.9764108972067639
victim,0.039,0.6853520230353414,0.6706511216802052,0.7074033750680457,0.9763823478294283
victim,0.04,0.6860078087357211,0.6710182767624022,0.7084921066956995,0.9764161270484528
victim,0.041,0.6862863022920058,0.6713009774182677,0.708764289602613,0.976442111063087
victim,0.042,0.6870687586648639,0.6716977950166532,0.7101252041371802,0.9764213568901416
victim,0.043000000000000003,0.6875823701156669,0.672009448287498,0.7109417528579205,0.9764499393062394
victim,0.044,0.6883309251609114,0.6723497636731939,0.7123026673924877,0.9764811201238004
victim,0.045,0.6888283138995834,0.672634379090487,0.713119216113228,0.9764499723450014
victim,0.046,0.6887544415824203,0.6726927138331573,0.7128470332063146,0.9763409055610619
victim,0.047,0.6887728720190566,0.6727234312275513,0.7128470332063146,0.9761721085822258
victim,0.048,0.6892023282730202,0.6728948258369969,0.713663581927055,0.9761305671975731
victim,0.049,0.689607898910267,0.6732078663565236,0.7142079477408819,0.9761591496136708
victim,0.05,0.6903744643414593,0.6735781990521327,0.7155688622754491,0.9761929288326952
victim,0.051000000000000004,0.69105119461999,0.6739802617645814,0.7166575939031029,0.9760579110728835
victim,0.052000000000000005,0.6915674800403817,0.6742963716514072,0.7174741426238432,0.9759722299021149
victim,0.053,0.6920484989014003,0.6745537039392782,0.7182906913445836,0.9759956155152856
victim,0.054,0.6931598953840186,0.6749543892401036,0.7204681545998911,0.9760319931357735
victim,0.055,0.6934820553276895,0.6751284119370039,0.721012520413718,0.9759333199576876
victim,0.056,0.6939462864503352,0.6753577646609198,0.7218290691344583,0.975954107169395
victim,0.057,0.6941418898824337,0.6755023151098084,0.7221012520413718,0.975909967383279
victim,0.058,0.6943210113937885,0.6756193956907909,0.7223734349482852,0.9758060974022663
victim,0.059000000000000004,0.6942645178197367,0.6757066950053134,0.7221012520413718,0.9757567608132234
victim,0.06,0.6948724212796451,0.6759940463533916,0.7231899836690255,0.9757827448278575
victim,0.061,0.6958363695255321,0.6765118951355492,0.7248230811105063,0.9758295160541992
victim,0.062,0.6963185222322262,0.6767711171662126,0.7256396298312466,0.9758529016673699
victim,0.063,0.6965319383496617,0.676945355423996,0.7259118127381601,0.9758113602827172
victim,0.064,0.6972840003563999,0.6772915157455149,0.7272727272727273,0.9758425411002782
victim,0.065,0.6971932621140534,0.6773217406128799,0.7270005443658138,0.9757880077083085
victim,0.066,0.6974060854096664,0.6774949908342925,0.7272727272727273,0.975803598117089
victim,0.067,0.6975512917190908,0.6775555460787241,0.7275449101796407,0.9756945313331495
victim,0.068,0.697637994783339,0.6777000511858045,0.7275449101796407,0.9757075233404666
victim,0.069,0.697942481164058,0.6778446179444516,0.7280892759934676,0.9757205153477837
victim,0.07,0.6982470045593947,0.6779892463941282,0.7286336418072945,0.9757335073551008
victim,0.07100000000000001,0.6982643644171951,0.6780181794904622,0.7286336418072945,0.9757361057565643
victim,0.07200000000000001,0.6986210429630697,0.6782497331910353,0.7291780076211214,0.9757568929682716
victim,0.073,0.6986393085947531,0.6782801759105076,0.7291780076211214,0.9757023595763019
victim,0.074,0.6988927074880893,0.6783395968568501,0.7297223734349483,0.9756504245857955
victim,0.075,0.6990372484476413,0.6783990431848276,0.7299945563418617,0.9755984895952893
victim,0.076,0.6993941357126792,0.678630944750673,0.7305389221556886,0.9756192768069967
victim,0.077,0.6993393194491895,0.6787210395827991,0.7302667392487752,0.9755128084245206
victim,0.078,0.6997704111344455,0.6788951599110655,0.7310832879695155,0.975528398833301
victim,0.079,0.6996798987475861,0.6789257612042422,0.730811105062602,0.9754738654413313
victim,0.08,0.7002373697618703,0.67912905847628,0.7318998366902558,0.9754920542515753
victim,0.081,0.7005248508129538,0.679245283018868,0.7324442025040827,0.9755024478574289
victim,0.082,0.7004353575264479,0.6792775828126337,0.7321720195971693,0.975390782672026
victim,0.083,0.7012456414551825,0.6795393243995377,0.7338051170386499,0.9754141682851967
victim,0.084,0.701442817704038,0.6796864962096878,0.7340772999455634,0.9753700284990807
victim,0.085,0.7014952222141544,0.6797738370598817,0.7340772999455634,0.9753778237034709
victim,0.08600000000000001,0.7020180856510083,0.6799194550362024,0.7351660315732172,0.975390815710788
victim,0.08700000000000001,0.7021804282818744,0.6800085708163703,0.7354382144801307,0.9753414791217452
victim,0.088,0.7025780369675911,0.6801268861454046,0.736254763200871,0.9752947409341657
victim,0.089,0.702293420199083,0.680015435407109,0.7357103973870441,0.9751129519480124
victim,0.09,0.7027600385760755,0.6802487668882694,0.7365269461077845,0.9751337391597198
victim,0.091,0.7030828471333963,0.6804238706079196,0.7370713119216113,0.9751493295685003
victim,0.092,0.7031152220411097,0.6806592840587175,0.7367991290146979,0.9751129849867746
victim,0.093,0.7032766896108853,0.6807469414037346,0.7370713119216113,0.9751207801911648
victim,0.094,0.7033292975661717,0.6808346213292119,0.7370713119216113,0.975128575395555
victim,0.095,0.7037611736308134,0.6810100489564545,0.7378878606423517,0.9751441658043356
victim,0.096,0.7038489288881851,0.6811563077187406,0.7378878606423517,0.9751571578116527
victim,0.097,0.7043909119165961,0.68133379168099,0.7389765922700055,0.975115616427
victim,0.098,0.7045360596904005,0.681394249366055,0.7392487751769189,0.9750636814364937
victim,0.099,0.7047152310175677,0.6815114129733914,0.7395209580838323,0.9750740750423474
victim,0.1,0.7049295967669393,0.6816872339510684,0.7397931409907458,0.9750896654511279
victim,0.101,0.7050351437989906,0.6818631456711538,0.7397931409907458,0.9751052558599084
victim,0.10200000000000001,0.7048209281931322,0.6818690302039412,0.7392487751769189,0.9749338604796088
victim,0.10300000000000001,0.7049474047902644,0.6818983692612193,0.7395209580838323,0.9749364588810723
victim,0.10400000000000001,0.7050914893667359,0.6819570549507294,0.7397931409907458,0.9749416556839992
victim,0.105,0.7052708035422787,0.6820744566386916,0.7400653238976592,0.9749520492898528
victim,0.106,0.7051643182586257,0.6820784364372122,0.7397931409907458,0.9748377857029864
victim,0.107,0.7051831336837042,0.6821097954790097,0.7397931409907458,0.9747832523110167
victim,0.108,0.7055626253463119,0.6821979157695289,0.7406096897114861,0.9747910475154069
victim,0.109,0.7055826654602998,0.6822313159595089,0.7406096897114861,0.9746793823300041
victim,0.11,0.7057268066874751,0.682290096066859,0.7408818726183996,0.9746845791329308
victim,0.111,0.705654423971461,0.682350913478111,0.7406096897114861,0.9746326441424246
victim,0.112,0.7058338729915075,0.6824685399069127,0.7408818726183996,0.9746430377482782
victim,0.113,0.7057615275075093,0.6825294193715247,0.7406096897114861,0.9745911027577718
victim,0.114,0.7060498955448956,0.6826471222246173,0.741154055525313,0.9746014963636256
victim,0.115,0.7061394589289763,0.6827963945314185,0.741154055525313,0.9745573565775095
victim,0.116,0.7061760558224106,0.682857389353809,0.741154055525313,0.9745054215870032
victim,0.117,0.706355636454951,0.6829752351367675,0.7414262384322264,0.9745158151928568
victim,0.11800000000000001,0.7064998725052797,0.6830341732827062,0.7416984213391399,0.9745210119957837
victim,0.11900000000000001,0.7070591833413207,0.6832405369243386,0.7427871529667937,0.9745392008060276
victim,0.12,0.7073300175096582,0.68332901666235,0.7433315187806205,0.9745469960104178
victim,0.121,0.7074919922667764,0.6834175193196046,0.743603701687534,0.9745547912148081
victim,0.122,0.7075451076180187,0.6835060449050085,0.743603701687534,0.9745625864191985
victim,0.123,0.7076185865065471,0.6836285097192225,0.743603701687534,0.9744587164381857
victim,0.124,0.7076894716885795,0.6837466516892767,0.743603701687534,0.9744691100440395
victim,0.125,0.7075819269608936,0.6837488657477424,0.7433315187806205,0.9744119782506062
victim,0.126,0.7076528460705265,0.6838670642637971,0.7433315187806205,0.97442237185646
victim,0.127,0.7075275766799491,0.683839737217444,0.7430593358737071,0.9743626416615634
victim,0.128,0.7076162641782915,0.683987549714681,0.7430593358737071,0.9743756336688805
victim,0.129,0.7075998692392365,0.683960224816256,0.7430593358737071,0.9743159034739839
victim,0.13,0.707981075166269,0.6840512022141498,0.7438758845944474,0.974266566884941
victim,0.131,0.7078735554122655,0.6840534578954198,0.743603701687534,0.9742094350915078
victim,0.132,0.7077673901209438,0.6840579710144927,0.7433315187806205,0.9740951715046414
victim,0.133,0.7079650635395744,0.6842059714409348,0.743603701687534,0.9741081635119585
victim,0.134,0.7079464071832723,0.6843563327850402,0.7433315187806205,0.9740640237258424
victim,0.135,0.707804737033698,0.6843016711403584,0.7430593358737071,0.9739445633360493
victim,0.136,0.7078402913290465,0.6843609282992726,0.7430593358737071,0.9739497601389762
victim,0.137,0.7078936343191706,0.6844498332828131,0.7430593358737071,0.9739575553433664
victim,0.138,0.7079114183959059,0.684479473410705,0.7430593358737071,0.9739601537448298
victim,0.139,0.7082003164338493,0.6845980595980596,0.743603701687534,0.9739705473506834
victim,0.14,0.7082714928046272,0.6847166868826894,0.743603701687534,0.9739809409565372
victim,0.14100000000000001,0.7084515670093561,0.6848353552859618,0.7438758845944474,0.9739913345623908
victim,0.14200000000000002,0.7086494761879767,0.6849837486457204,0.7441480675013609,0.9740043265697079
victim,0.14300000000000002,0.708848864892143,0.6851346078813889,0.7444202504082743,0.9739601867835919
victim,0.14400000000000002,0.7091557363509513,0.6852831497701847,0.7449646162221013,0.9739731787909089
victim,0.145,0.709049769995055,0.6852879944482998,0.7446924333151878,0.9738589152040427
victim,0.146,0.7092478307845327,0.6854366404928203,0.7449646162221013,0.9738719072113597
victim,0.147,0.709338534940865,0.6855878140867075,0.7449646162221013,0.9738277674252436
victim,0.148,0.7092847087082863,0.6856795589703522,0.7446924333151878,0.9737784308362007
victim,0.149,0.7096664038082492,0.6857713516564631,0.7455089820359282,0.9737290942471579
victim,0.15,0.7099734975695033,0.6859202640493355,0.7460533478497551,0.973742086254475
victim,0.151,0.7100107574970542,0.6859823639285869,0.7460533478497551,0.9736901512639686
victim,0.152,0.7103179175822212,0.6861313868613139,0.746597713663582,0.9737031432712857
victim,0.153,0.7104625671273725,0.6861910141652907,0.7468698965704954,0.9737083400742126
victim,0.154,0.7105341385499713,0.6863102998696218,0.7468698965704954,0.9737187336800662
victim,0.155,0.7107146080232507,0.686429627053812,0.7471420794774088,0.9737291272859199
victim,0.156,0.7107698752692244,0.6865217391304348,0.7471420794774088,0.973679790696877
victim,0.157,0.7105194124788264,0.6864672116889895,0.746597713663582,0.9735603303070838
victim,0.158,0.7110623989081428,0.6866463679860809,0.7476864452912357,0.9735759207158643
victim,0.159,0.7114056255776471,0.6868555018927033,0.7482308111050626,0.9735941095261083
victim,0.16,0.7114414911449536,0.6869152778382142,0.7482308111050626,0.9735993063290351
victim,0.161,0.7115132410107676,0.6870348609479043,0.7482308111050626,0.9736096999348888
victim,0.162,0.7116938890251534,0.6871544857006049,0.7485029940119761,0.9736200935407424
victim,0.163,0.7119491424674163,0.6872169975618251,0.749047359825803,0.973568158550236
victim,0.164,0.71209392351127,0.6872768440303058,0.7493195427327164,0.9735733553531629
victim,0.165,0.7120242057127064,0.687342102970642,0.749047359825803,0.9734642885692234
victim,0.166,0.7120781031548908,0.6874319320409495,0.749047359825803,0.9734720837736137
victim,0.167,0.7124036866391367,0.6876116606388079,0.7495917256396298,0.9734876741823941
victim,0.168,0.7126204533632627,0.6877914832410756,0.7498639085465433,0.9735032645911748
victim,0.169,0.712746400530581,0.6880013951866061,0.7498639085465433,0.9735214534014187
victim,0.17,0.7128749494018954,0.6880341880341879,0.7501360914534567,0.973466920009449
victim,0.171,0.7129109564243831,0.688094199738334,0.7501360914534567,0.9734721168123758
victim,0.17200000000000001,0.7132727936738623,0.688334351278248,0.7506804572672836,0.9734929040240832
victim,0.17300000000000001,0.713562623184796,0.6884544899205864,0.7512248230811105,0.9735032976299368
victim,0.17400000000000002,0.7135806479128999,0.6884845311340927,0.7512248230811105,0.9735058960314003
victim,0.17500000000000002,0.7138541990619687,0.6885775391733229,0.7517691888949374,0.9734565594423573
victim,0.176,0.7139647938752713,0.6885804085908851,0.7520413718018508,0.9733994276489242
victim,0.177,0.7142366526101218,0.6886705959397511,0.7525857376156777,0.9734072228533144
victim,0.178,0.7143996523588924,0.6887608069164265,0.7528579205225912,0.9734150180577047
victim,0.179,0.7147076411799793,0.6889112110756868,0.753402286336418,0.9734280100650218
victim,0.18,0.7147437492146284,0.6889713911334352,0.753402286336418,0.9734332068679485
victim,0.181,0.7149067962592757,0.6890616809365718,0.7536744692433315,0.9734410020723389
victim,0.182,0.7148014458637642,0.6890675522153281,0.753402286336418,0.9733267384854725
victim,0.183,0.7151456873909778,0.6892783775514664,0.7539466521502449,0.9733449272957164
victim,0.184,0.7152197941234768,0.6894018887722979,0.7539466521502449,0.9732981891081369
victim,0.185,0.7154028193935172,0.6895254756177565,0.7542188350571584,0.9732514509205574
victim,0.186,0.7154028193935172,0.6895254756177565,0.7542188350571584,0.9732514509205574
victim,0.187,0.7157110546266094,0.689676290463692,0.7547632008709853,0.9732644429278745
victim,0.188,0.7158561344368748,0.6897366348761922,0.7550353837778987,0.9732696397308014
victim,0.189,0.7159849326860016,0.6897698433534611,0.7553075666848122,0.9732151063388317
victim,0.19,0.7156094323957127,0.68968837535014,0.7544910179640718,0.973035915754142
victim,0.191,0.7157581700156446,0.6897548161120841,0.7547632008709853,0.9729268489702023
victim,0.192,0.7157762904626723,0.6897850168571303,0.7547632008709853,0.9729294473716659
victim,0.193,0.7159214092803061,0.6898454262819109,0.7550353837778987,0.9729346441745926
victim,0.194,0.7160665344470802,0.6899058462885921,0.7553075666848122,0.9729398409775194
victim,0.195,0.7163568038347234,0.6900267180587797,0.7558519324986391,0.9729502345833732
victim,0.196,0.7164112128102142,0.6901173996845977,0.7558519324986391,0.9729580297877634
victim,0.197,0.7162860486144,0.6900902479628495,0.7555797495917257,0.9728982995928668
victim,0.198,0.7163223309618219,0.6901507185418858,0.7555797495917257,0.9729034963957937
victim,0.199,0.7160556996589376,0.6900692435796302,0.7550353837778987,0.9727243058111039
victim,0.2,0.7162027180779489,0.6901328190067066,0.7553075666848122,0.9726723708205975
victim,0.201,0.7165112395024371,0.6902841108383024,0.7558519324986391,0.9726853628279146
victim,0.202,0.7169286738980925,0.6904354690172345,0.7566684812193795,0.9726983548352317
victim,0.203,0.7170738841760205,0.6904960308758389,0.7569406641262929,0.9727035516381586
victim,0.20400000000000001,0.7171284018028112,0.6905868935871569,0.7569406641262929,0.9727113468425489
victim,0.20500000000000002,0.7171484688618885,0.690620338685619,0.7569406641262929,0.9726568134505791
victim,0.20600000000000002,0.7173300708009964,0.6907415533128565,0.7572128470332063,0.9726672070564328
victim,0.20700000000000002,0.7174753179265482,0.6908021765841671,0.7574850299401198,0.9726724038593597
victim,0.20800000000000002,0.7174753179265482,0.6908021765841671,0.7574850299401198,0.9726724038593597
victim,0.209,0.7173319725342637,0.690744722868302,0.7572128470332063,0.9726100752629996
victim,0.21,0.7173338747683388,0.690747893258427,0.7572128470332063,0.9725529434695664
victim,0.211,0.7173702586447284,0.6908085330524097,0.7572128470332063,0.9725581402724932
victim,0.212,0.7176607918909426,0.6909298445868821,0.7577572128470332,0.972568533878347
victim,0.213,0.7177153988599989,0.6910208562019758,0.7577572128470332,0.9725763290827372
victim,0.214,0.7178606846617421,0.6910815439336057,0.7580293957539467,0.972581525885664
victim,0.215,0.717735531926394,0.6910544113126346,0.7577572128470332,0.9725217956907675
victim,0.216,0.7177010406065341,0.6909969257795344,0.7577572128470332,0.9724594670944074
victim,0.217,0.7176665462570003,0.6909394351969783,0.7577572128470332,0.9723971384980474
victim,0.218,0.7178300487346807,0.6910304840551701,0.7580293957539467,0.9724049337024377
victim,0.219,0.7177231021576598,0.6910336950314107,0.7577572128470332,0.9723478019090046
victim,0.22,0.7177595346709076,0.6910944158868239,0.7577572128470332,0.9723529987119315
victim,0.221,0.71777775332862,0.6911247803163445,0.7577572128470332,0.9723555971133948
victim,0.222,0.7176525935737279,0.6910976359961333,0.7574850299401198,0.9722958669184982
victim,0.223,0.7177619444654992,0.691279887482419,0.7574850299401198,0.9723114573272787
victim,0.224,0.7179639473969912,0.6914351037636299,0.7577572128470332,0.9722673175411627
victim,0.225,0.7179821886607762,0.691465505869938,0.7577572128470332,0.972269915942626
victim,0.226,0.7178935238279324,0.6914991864198075,0.7574850299401198,0.9722153825506563
victim,0.227,0.717948269541143,0.6915904292751583,0.7574850299401198,0.9722231777550465
victim,0.228,0.718347905791284,0.6917121238782332,0.7583015786608601,0.9722335713609003
victim,0.229,0.7183844238092627,0.691772987241531,0.7583015786608601,0.9722387681638271
victim,0.23,0.7184412088274843,0.691867628938567,0.7583015786608601,0.9721894315747841
victim,0.231,0.7184614765347666,0.6919014084507042,0.7583015786608601,0.9721348981828144
victim,0.232,0.7186251730692452,0.6919927807368931,0.7585737615677736,0.9721426933872046
victim,0.233,0.7186800109227861,0.6920841771594611,0.7585737615677736,0.9721504885915949
victim,0.234,0.7188437364266587,0.6921755977279732,0.758845944474687,0.9721582837959852
victim,0.23500000000000001,0.7187185970574234,0.6921484873838566,0.7585737615677736,0.9720985536010887
victim,0.23600000000000002,0.7187551751251937,0.6922094508301404,0.7585737615677736,0.9721037504040155
victim,0.23700000000000002,0.7187754941439134,0.6922433158613399,0.7585737615677736,0.9720492170120457
victim,0.23800000000000002,0.7187775222482548,0.6922466960352422,0.7585737615677736,0.9719920852186126
victim,0.23900000000000002,0.718795820323836,0.6922771928278778,0.7585737615677736,0.9719946836200759
victim,0.24,0.7189412944748992,0.6923381944750407,0.758845944474687,0.9719998804230028
victim,0.241,0.719105081216146,0.692429717105843,0.7591181273816004,0.9720076756273931
victim,0.242,0.7191416983349775,0.6924907456372289,0.7591181273816004,0.9720128724303199
victim,0.243,0.7191986923702547,0.692585735696024,0.7591181273816004,0.971963535841277
victim,0.244,0.7193483280134565,0.6926536731634183,0.7593903102885139,0.9718544690573374
victim,0.245,0.71949385598341,0.6927147645087317,0.7596624931954273,0.9718596658602643
victim,0.246,0.7195325902383405,0.6927793216002824,0.7596624931954273,0.9718077308697579
victim,0.247,0.7197707481918696,0.6928133409802798,0.7602068590092542,0.9717531974777882
victim,0.248,0.7200802092832173,0.6929661989233079,0.7607512248230811,0.9717661894851053
victim,0.249,0.7201911716448908,0.6929696809214881,0.7610234077299945,0.9717090576916723
victim,0.25,0.7203551006615428,0.693061440677966,0.761295590636908,0.9717168528960625
victim,0.251,0.7205374043142265,0.6931838248278298,0.7615677735438214,0.9717272465019162
victim,0.252,0.7202871447945765,0.6931296361709643,0.7610234077299945,0.971607786112123
victim,0.253,0.7201803751135999,0.6931331419739457,0.7607512248230811,0.9715506543186898
victim,0.254,0.7203443511672561,0.6932249801254305,0.7610234077299945,0.97155844952308
victim,0.255,0.7205083418247972,0.6933168426167233,0.761295590636908,0.9715662447274702
victim,0.256,0.7204199661403743,0.6933510050806274,0.7610234077299945,0.9715117113355005
victim,0.257,0.7204934954767797,0.6934735539746365,0.7610234077299945,0.9715221049413543
victim,0.258,0.7206759239729759,0.6935961461970211,0.761295590636908,0.9715324985472079
victim,0.259,0.7206759239729759,0.6935961461970211,0.761295590636908,0.9715324985472079
victim,0.26,0.7206943168699846,0.6936268010253691,0.761295590636908,0.9715350969486714
victim,0.261,0.7206964619542725,0.6936303761658489,0.761295590636908,0.9714779651552381
victim,0.262,0.7206964619542725,0.6936303761658489,0.761295590636908,0.9714779651552381
victim,0.263,0.7206081340367787,0.6936646182413014,0.7610234077299945,0.9714234317632684
victim,0.264,0.7206817486767866,0.6937873093079813,0.7610234077299945,0.971433825369122
victim,0.265,0.720558782720033,0.693763821318001,0.7607512248230811,0.9713169633807923
victim,0.266,0.720577193896679,0.6937945066124109,0.7607512248230811,0.9713195617822558
victim,0.267,0.7206324371998686,0.6938865787843935,0.7607512248230811,0.9713273569866461
victim,0.268,0.7205073131033986,0.6938594938948859,0.7604790419161677,0.9712676267917494
victim,0.269,0.7205441519403455,0.6939208919564641,0.7604790419161677,0.9712728235946763
victim,0.27,0.720636277562148,0.6940744346594682,0.7604790419161677,0.9712858156019933
victim,0.271,0.7207657667848957,0.6941087947594387,0.7607512248230811,0.9712312822100235
victim,0.272,0.720784200977391,0.6941395184135977,0.7607512248230811,0.9712338806114871
victim,0.273,0.720784200977391,0.6941395184135977,0.7607512248230811,0.9712338806114871
victim,0.274,0.7207679534086482,0.6941124391323595,0.7607512248230811,0.9711741504165904
victim,0.275,0.7206428297999362,0.6940853550557818,0.7604790419161677,0.9711144202216938
victim,0.276,0.7206797067337034,0.6941468166120606,0.7604790419161677,0.9711196170246206
victim,0.277,0.7207350343814872,0.6942390293583669,0.7604790419161677,0.9711274122290109
victim,0.278,0.7207394309136079,0.6942463569119015,0.7604790419161677,0.9710131486421445
victim,0.279,0.7207763343744404,0.6943078626799557,0.7604790419161677,0.9710183454450714
victim,0.28,0.7207947885570225,0.6943386196509258,0.7604790419161677,0.9710209438465348
victim,0.281,0.7208501609160396,0.6944309069159541,0.7604790419161677,0.9710287390509251
victim,0.28200000000000003,0.7208870840002835,0.6944924453896938,0.7604790419161677,0.9710339358538519
victim,0.28300000000000003,0.7210144211592928,0.6945232187167671,0.7607512248230811,0.9710365342553153
victim,0.28400000000000003,0.7210144211592928,0.6945232187167671,0.7607512248230811,0.9710365342553153
victim,0.28500000000000003,0.7210351114502394,0.6945577025350115,0.7607512248230811,0.9709820008633456
victim,0.28600000000000003,0.7209284635374436,0.6945614112849607,0.7604790419161677,0.9709248690699124
victim,0.28700000000000003,0.7208402911499179,0.694595912577027,0.7602068590092542,0.9708703356779427
victim,0.28800000000000003,0.7208402911499179,0.694595912577027,0.7602068590092542,0.9708703356779427
victim,0.289,0.7209861190941107,0.694657503879406,0.7604790419161677,0.9708755324808696
victim,0.29,0.7210230804298379,0.6947191061056178,0.7604790419161677,0.9708807292837964
victim,0.291,0.7212962810520865,0.6948115299334812,0.7610234077299945,0.9708885244881866
victim,0.292,0.7213725002077322,0.6949385618595574,0.7610234077299945,0.9708417863006071
victim,0.293,0.7214094961828101,0.6950002218180205,0.7610234077299945,0.970846983103534
victim,0.294,0.7216108880119517,0.6951544195953142,0.761295590636908,0.9708599751108511
victim,0.295,0.7217752920829525,0.69524697110904,0.7615677735438214,0.9708677703152413
victim,0.296,0.721650187788206,0.6952199192224047,0.761295590636908,0.9708080401203447
victim,0.297,0.7220879190061005,0.6954051054384018,0.7621121393576483,0.9708236305291252
victim,0.298,0.7221434970715381,0.6954977355474645,0.7621121393576483,0.9708314257335156
victim,0.299,0.7223450332536507,0.6956521739130435,0.7623843222645618,0.9708444177408326
victim,0.3,0.7221133813009762,0.6956289978678037,0.7618399564507349,0.9707275557525028
victim,0.301,0.7221319223430765,0.6956598996046376,0.7618399564507349,0.9707301541539662
victim,0.302,0.7220068241982829,0.6956328579679238,0.7615677735438214,0.9706704239590698
victim,0.303,0.7220439130786118,0.6956946727684721,0.7615677735438214,0.9706756207619965
victim,0.304,0.7221898817138199,0.6957564985558765,0.7618399564507349,0.9706808175649234
victim,0.305,0.722226983780134,0.6958183353330666,0.7618399564507349,0.9706860143678502
victim,0.306,0.7220856631310271,0.695764256189164,0.7615677735438214,0.970566553978057
victim,0.307,0.7219257753728285,0.6956792318634423,0.761295590636908,0.9704444951868004
victim,0.308,0.7221088807139895,0.6958029521607683,0.7615677735438214,0.9704548887926541
victim,0.309,0.7224008856256634,0.6959267164710067,0.7621121393576483,0.9704652823985078
victim,0.31,0.7224194544000612,0.6959576644283364,0.7621121393576483,0.9704678807999711
victim,0.311,0.722567820178843,0.6960234854550306,0.7623843222645618,0.9704159458094649
victim,0.312,0.7225863964917862,0.6960544459766025,0.7623843222645618,0.9704185442109283
victim,0.313,0.7224427205117426,0.6959964412811388,0.7621121393576483,0.9703562156145682
victim,0.314,0.7225887498151582,0.6960583681822226,0.7623843222645618,0.9703614124174951
victim,0.315,0.7226073303650942,0.6960893357654492,0.7623843222645618,0.9703640108189585
victim,0.316,0.7226630819359928,0.6961822550502802,0.7623843222645618,0.9703718060233488
victim,0.317,0.7226630819359928,0.6961822550502802,0.7623843222645618,0.9703718060233488
victim,0.318,0.7226816691007252,0.6962132336581676,0.7623843222645618,0.9703744044248122
victim,0.319,0.7228835029053358,0.6963681680612427,0.7626565051714752,0.9703873964321292
victim,0.32,0.7229392991529435,0.6964611618072557,0.7626565051714752,0.9703951916365195
victim,0.321,0.7229579012138891,0.6964921652421652,0.7626565051714752,0.970397790037983
victim,0.322,0.7228700245425121,0.6965271593944791,0.7623843222645618,0.9703432566460133
victim,0.323,0.7228910285139473,0.6965621660135376,0.7623843222645618,0.9702887232540436
victim,0.324,0.7227659388462926,0.6965351385053887,0.7621121393576483,0.9702289930591469
victim,0.325,0.7229678943474924,0.696690275736113,0.7623843222645618,0.9702419850664641
victim,0.326,0.7229678943474924,0.696690275736113,0.7623843222645618,0.9702419850664641
victim,0.327,0.7230051388937964,0.6967523499799527,0.7623843222645618,0.9702471818693909
victim,0.328,0.7230423900775778,0.6968144352862552,0.7623843222645618,0.9702523786723176
victim,0.329,0.7230610181590773,0.6968454820887542,0.7623843222645618,0.9702549770737812
victim,0.33,0.722954565649035,0.6968495165099595,0.7621121393576483,0.9701978452803479
victim,0.331,0.7230104676514291,0.6969426865139496,0.7621121393576483,0.9702056404847381
victim,0.332,0.7229040235876486,0.6969467350122577,0.7618399564507349,0.9701485086913051
victim,0.333,0.7229226635110242,0.696977801551217,0.7618399564507349,0.9701511070927684
victim,0.334,0.7227975801735913,0.6969507845934378,0.7615677735438214,0.9700913768978718
victim,0.335,0.7226724939453562,0.6969237628176549,0.761295590636908,0.9700316467029753
victim,0.336,0.7226911374095182,0.696954835257925,0.761295590636908,0.9700342451044386
victim,0.337,0.7228746010563245,0.6970791527313266,0.7615677735438214,0.9700446387102923
victim,0.338,0.7227681693561814,0.697083221835697,0.761295590636908,0.9699875069168591
victim,0.339,0.7228427968756929,0.6972076010348828,0.761295590636908,0.9699979005227128
victim,0.34,0.7228501564653929,0.6972198670177161,0.761295590636908,0.9698265051424133
victim,0.341,0.7228501564653929,0.6972198670177161,0.761295590636908,0.9698265051424133
victim,0.342,0.7229061680587443,0.6973132196733017,0.761295590636908,0.9698343003468036
victim,0.343,0.7227997572356393,0.6973173235727358,0.7610234077299945,0.9697771685533705
victim,0.34400000000000003,0.7227997572356393,0.6973173235727358,0.7610234077299945,0.9697771685533705
victim,0.34500000000000003,0.7227120261585285,0.69735256038216,0.7607512248230811,0.9697226351614007
victim,0.34600000000000003,0.7226056192669137,0.6973566708340776,0.7604790419161677,0.9696655033679675
victim,0.34700000000000003,0.7227177445020634,0.6975435462259937,0.7604790419161677,0.969681093776748
victim,0.34800000000000003,0.7227738296578773,0.6976370214856836,0.7604790419161677,0.9696888889811384
victim,0.34900000000000003,0.7229388030100043,0.6977305218012866,0.7607512248230811,0.9696966841855286
victim,0.35000000000000003,0.7228511341927406,0.6977658623771225,0.7604790419161677,0.9696421507935589
victim,0.35100000000000003,0.7228698418882331,0.6977970418696099,0.7604790419161677,0.9696447491950222
victim,0.352,0.7229072622953584,0.6978594092148188,0.7604790419161677,0.9696499459979491
victim,0.353,0.7228196139384802,0.6978947838912974,0.7602068590092542,0.9695954126059794
victim,0.354,0.7226758193055886,0.6978365814410871,0.7599346761023408,0.9695330840096194
victim,0.355,0.7226596102710658,0.6978095663835493,0.7599346761023408,0.9694733538147227
victim,0.356,0.7226621165177459,0.6978137434613494,0.7599346761023408,0.9694162220212896
victim,0.357,0.7228271542636908,0.697907351099982,0.7602068590092542,0.9694240172256798
victim,0.358,0.722883333917194,0.6980009838558204,0.7602068590092542,0.96943181243007
victim,0.359,0.7227582525689384,0.697973970213337,0.7599346761023408,0.9693720822351735
victim,0.36,0.7228144501510814,0.6980676328502416,0.7599346761023408,0.9693798774395637
victim,0.361,0.7226706336011413,0.6980093938716171,0.7596624931954273,0.9693175488432038
victim,0.362,0.7226706336011413,0.6980093938716171,0.7596624931954273,0.9693175488432038
victim,0.363,0.7230008160006769,0.6981967873282922,0.7602068590092542,0.9693331392519842
victim,0.364,0.7229132304767385,0.698232266726337,0.7599346761023408,0.9692786058600145
victim,0.365,0.7229345257383715,0.6982677588290587,0.7599346761023408,0.9692240724680448
victim,0.366,0.7229532795725389,0.6982990152193376,0.7599346761023408,0.9692266708695081
victim,0.367,0.7231371848644467,0.6984240687679083,0.7602068590092542,0.9692370644753618
victim,0.368,0.723283584170425,0.69848661233993,0.7604790419161677,0.9692422612782887
victim,0.369,0.7233211170351399,0.6985491671144546,0.7604790419161677,0.9692474580812155
victim,0.37,0.7232173848291787,0.6985577353757951,0.7602068590092542,0.9691331944943492
victim,0.371,0.723292491834147,0.6986829137174089,0.7602068590092542,0.9691435881002028
victim,0.372,0.7233300554316586,0.6987455197132617,0.7602068590092542,0.9691487849031297
victim,0.373,0.7233300554316586,0.6987455197132617,0.7602068590092542,0.9691487849031297
victim,0.374,0.7233300554316586,0.6987455197132617,0.7602068590092542,0.9691487849031297
victim,0.375,0.7232613452336766,0.6988124579879005,0.7599346761023408,0.9690968499126233
victim,0.376,0.7234078007452782,0.698875095235961,0.7602068590092542,0.9691020467155502
victim,0.377,0.7234265944462976,0.6989064180709932,0.7602068590092542,0.9691046451170136
victim,0.378,0.7236106592624327,0.6990317374932761,0.7604790419161677,0.9691150387228673
victim,0.379,0.7236320758769406,0.699067431850789,0.7604790419161677,0.9690605053308976
victim,0.38,0.7236508823361214,0.6990987759494238,0.7604790419161677,0.9690631037323609
victim,0.381,0.7237073118337317,0.6991928251121077,0.7604790419161677,0.9690708989367512
victim,0.382,0.7237637565162092,0.6992868995829035,0.7604790419161677,0.9690786941411416
victim,0.383,0.7237852111682973,0.6993226573363837,0.7604790419161677,0.9690241607491717
victim,0.384,0.7238040337770539,0.6993540283509779,0.7604790419161677,0.9690267591506352
victim,0.385,0.7238066735209199,0.6993584279240881,0.7604790419161677,0.9689696273572019
victim,0.386,0.7238255004707026,0.6993898061737258,0.7604790419161677,0.9689722257586654
victim,0.387,0.7238443291099856,0.6994211872391977,0.7604790419161677,0.9689748241601288
victim,0.388,0.7238658078538431,0.6994569851456267,0.7604790419161677,0.9689202907681591
victim,0.389,0.7238496213443586,0.6994300076298192,0.7604790419161677,0.9688605605732625
victim,0.39,0.7237245587659622,0.6994030252704341,0.7602068590092542,0.968800830378366
victim,0.391,0.7237433953677739,0.699434419606787,0.7602068590092542,0.9688034287798293
victim,0.392,0.7237622336607112,0.6994658167616825,0.7602068590092542,0.9688060271812928
victim,0.393,0.7238187586885539,0.6995600251414205,0.7602068590092542,0.968813822385683
victim,0.394,0.7237125440523593,0.6995644560190383,0.7599346761023408,0.9687566905922498
victim,0.395,0.7235874814489913,0.699537473618034,0.7596624931954273,0.9686969603973532
victim,0.396,0.7238806326672544,0.6996631484392545,0.7602068590092542,0.968707354003207
victim,0.397,0.7238806326672544,0.6996631484392545,0.7602068590092542,0.968707354003207
victim,0.398,0.7240460772821441,0.699757434192795,0.7604790419161677,0.9687151492075972
victim,0.399,0.7240153430195633,0.6998876656931028,0.7602068590092542,0.9686684110200177
victim,0.4,0.7240342130024615,0.6999191156645996,0.7602068590092542,0.9686710094214811
victim,0.401,0.7242374615235349,0.7000764079284463,0.7604790419161677,0.9686840014287982
victim,0.402,0.7242941071018083,0.7001708172255686,0.7604790419161677,0.9686917966331885
victim,0.403,0.7244785314722592,0.7002967359050445,0.7607512248230811,0.9687021902390421
victim,0.404,0.7240467154429597,0.7001214083367058,0.7599346761023408,0.9685152044499621
victim,0.405,0.7240683161346624,0.7001574094895435,0.7599346761023408,0.9684606710579924
victim,0.406,0.7239621545289805,0.7001619287513493,0.7596624931954273,0.9684035392645591
victim,0.40700000000000003,0.7235518761025856,0.7000224971878515,0.758845944474687,0.9681620200835094
victim,0.40800000000000003,0.7234268047216061,0.6999955001574945,0.7585737615677736,0.9681022898886128
victim,0.40900000000000003,0.7233584386477088,0.7000630119722746,0.7583015786608601,0.9680503548981065
victim,0.41000000000000003,0.723254978182724,0.7000720331352422,0.7580293957539467,0.9679360913112401
victim,0.41100000000000003,0.7232738896779237,0.7001035522939084,0.7580293957539467,0.9679386897127036
victim,0.41200000000000003,0.7233117177774668,0.7001665991264803,0.7580293957539467,0.9679438865156305
victim,0.41300000000000003,0.7231677266373724,0.7001080691642652,0.7577572128470332,0.9678815579192703
victim,0.41400000000000003,0.7233333525371113,0.7002026570592209,0.7580293957539467,0.9678893531236606
victim,0.41500000000000004,0.7233171494649351,0.7001756519389273,0.7580293957539467,0.9678296229287641
victim,0.41600000000000004,0.7231920703106525,0.7001486419530651,0.7577572128470332,0.9677698927338675
victim,0.417,0.7231758613990051,0.7001216271003198,0.7577572128470332,0.9677101625389708
victim,0.418,0.7233415114102468,0.7002162551811136,0.7580293957539467,0.9677179577433611
victim,0.419,0.7233983036086575,0.7003109088451314,0.7580293957539467,0.9677257529477514
victim,0.42,0.7234172377536334,0.7003424657534246,0.7580293957539467,0.9677283513492148
victim,0.421,0.723348975191547,0.7004101500878894,0.7577572128470332,0.9676764163587084
victim,0.422,0.7233679171409768,0.7004417200036057,0.7577572128470332,0.9676790147601719
victim,0.423,0.7236614483428943,0.7005680281309169,0.7583015786608601,0.9676894083660256
victim,0.424,0.7237021077686232,0.7006357938404653,0.7583015786608601,0.9676374733755192
victim,0.425,0.7237210643647769,0.7006673881673882,0.7583015786608601,0.9676400717769826
victim,0.426,0.7237617482385086,0.7007351946236074,0.7583015786608601,0.9675881367864764
victim,0.427,0.723636675979417,0.7007081961297307,0.7580293957539467,0.9675284065915797
victim,0.428,0.7237125478346264,0.7008346492217461,0.7580293957539467,0.9675388001974334
victim,0.429,0.7236254247354019,0.7008708993276477,0.7577572128470332,0.9674842668054637
victim,0.43,0.7236823598206439,0.7009657911363841,0.7577572128470332,0.9674920620098539
victim,0.431,0.723848183487767,0.7010607086436471,0.7580293957539467,0.9674998572142441
victim,0.432,0.7236170368067476,0.7010383747178329,0.7574850299401198,0.9673829952259144
victim,0.433,0.7239297533343175,0.701196658387898,0.7580293957539467,0.9673959872332315
victim,0.434,0.7239895712109242,0.7012963548489092,0.7580293957539467,0.9673466506441886
victim,0.435,0.7240465974775817,0.7013913986266717,0.7580293957539467,0.9673544458485789
victim,0.436,0.7239405483566328,0.7013961053630325,0.7577572128470332,0.9672973140551457
victim,0.437,0.7240684364147181,0.7014277968552323,0.7580293957539467,0.9672999124566091
victim,0.438,0.7240170364433837,0.7013421302363416,0.7580293957539467,0.9671778536653526
victim,0.439,0.7240740922073909,0.7014372231763537,0.7580293957539467,0.9671856488697428
victim,0.44,0.7240931142337821,0.7014689265536723,0.7580293957539467,0.9671882472712062
victim,0.441,0.7241311634455465,0.701532341906613,0.7580293957539467,0.967193444074133
victim,0.442,0.7240060992792229,0.7015053569006826,0.7577572128470332,0.9671337138792364
victim,0.443,0.7239000613476005,0.7015100822859209,0.7574850299401198,0.9670765820858033
victim,0.444,0.7237778263726368,0.7014878125989237,0.7572128470332063,0.9669597200974736
victim,0.445,0.7239247704220704,0.701551264076704,0.7574850299401198,0.9669649169004004
victim,0.446,0.7240907628301467,0.7016464628188891,0.7577572128470332,0.9669727121047906
victim,0.447,0.7240037839630187,0.7016829533116179,0.7574850299401198,0.9669181787128209
victim,0.448,0.7240037839630187,0.7016829533116179,0.7574850299401198,0.9669181787128209
victim,0.449,0.7240447382532549,0.7017512104620117,0.7574850299401198,0.9668662437223146
victim,0.45,0.7239196683874329,0.7017242159569173,0.7572128470332063,0.966806513527418
victim,0.451,0.7239577796822574,0.7017877347816248,0.7572128470332063,0.9668117103303449
victim,0.452,0.7237783930211775,0.7016702122844339,0.7569406641262929,0.9666870531376248
victim,0.453,0.7236561646717431,0.7016479536399854,0.7566684812193795,0.966570191149295
victim,0.454,0.7237324169398438,0.7017750407534867,0.7566684812193795,0.9665805847551487
victim,0.455,0.7238632221722563,0.7018115942028985,0.7569406641262929,0.9665260513631789
victim,0.456,0.7238632221722563,0.7018115942028985,0.7569406641262929,0.9665260513631789
victim,0.457,0.7237190705528816,0.7017527967752164,0.7566684812193795,0.9664637227668189
victim,0.458,0.7237190705528816,0.7017527967752164,0.7566684812193795,0.9664637227668189
victim,0.459,0.7238117324258941,0.7017257779589617,0.7569406641262929,0.9664039925719223
victim,0.46,0.723705718119717,0.701730542719942,0.7566684812193795,0.9663468607784892
victim,0.461,0.7235644096738764,0.7016764839148165,0.756396298312466,0.9662274003886959
victim,0.462,0.723605426191064,0.7017448447767959,0.756396298312466,0.9661754653981897
victim,0.463,0.7236626803258024,0.7018402683346932,0.756396298312466,0.96618326060258
victim,0.464,0.7235757682041106,0.701876870069816,0.7561241154055526,0.9661287272106102
victim,0.465,0.7237228283565424,0.7019405150525935,0.756396298312466,0.9661339240135369
victim,0.466,0.7238889949908125,0.7020360041717679,0.7566684812193795,0.9661417192179272
victim,0.467,0.7239080962787912,0.7020678396517323,0.7566684812193795,0.9661443176193907
victim,0.468,0.7239271992992343,0.7020996780191375,0.7566684812193795,0.966146916020854
victim,0.46900000000000003,0.7240742837012224,0.7021633634178421,0.7569406641262929,0.9661521128237809
victim,0.47000000000000003,0.724006532389766,0.7022318998366902,0.7566684812193795,0.9661001778332745
victim,0.47100000000000003,0.7237372465433289,0.7021460006351798,0.7561241154055526,0.965978119042018
victim,0.47200000000000003,0.7237401443925505,0.7021508303838825,0.7561241154055526,0.9659209872485848
victim,0.47300000000000003,0.723451721945966,0.7020330368487928,0.7555797495917257,0.9657963300558647
victim,0.47400000000000003,0.7233266211188736,0.7020059907415812,0.7553075666848122,0.9657365998609682
victim,0.47500000000000003,0.7233648567392844,0.7020697167755992,0.7553075666848122,0.965741796663895
victim,0.47600000000000003,0.7234957458508542,0.7021064100236064,0.7555797495917257,0.9656872632719253
victim,0.47700000000000004,0.7235339973578017,0.7021701625351857,0.7555797495917257,0.9656924600748522
victim,0.47800000000000004,0.7237193943780771,0.7022977022977023,0.7558519324986391,0.9657028536807057
victim,0.47900000000000004,0.7237385296862545,0.7023295944779981,0.7558519324986391,0.9657054520821693
victim,0.48,0.7236134339663056,0.7023025568826922,0.7555797495917257,0.9656457218872727
victim,0.481,0.7236163475111089,0.7023074127906977,0.7555797495917257,0.9655885900938395
victim,0.482,0.7236737750922211,0.7024031254258848,0.7555797495917257,0.9655963852982297
victim,0.483,0.723404430657911,0.7023171285779192,0.7550353837778987,0.9654743265069732
victim,0.484,0.7232601806164662,0.7022581671134536,0.7547632008709853,0.9654119979106132
victim,0.485,0.723663392679226,0.7023858214042261,0.7555797495917257,0.9654223915164668
victim,0.486,0.7237016994094758,0.7024496659546425,0.7555797495917257,0.9654275883193937
victim,0.487,0.7239063698718986,0.7026093281207383,0.7558519324986391,0.9654405803267108
victim,0.488,0.7239636266123233,0.7025233007501706,0.7561241154055526,0.9653185215354542
victim,0.489,0.7239857291052432,0.7025601382383702,0.7561241154055526,0.9652639881434844
victim,0.49,0.7241137717124353,0.7025920873124148,0.756396298312466,0.9652665865449478
victim,0.491,0.7241904669280065,0.7027199126717001,0.756396298312466,0.9652769801508014
victim,0.492,0.7242863752005153,0.702879759792548,0.756396298312466,0.9652899721581185
victim,0.493,0.7242188489288757,0.7029486712777576,0.7561241154055526,0.9652380371676123
victim,0.494,0.7246222514506264,0.703076643000182,0.7569406641262929,0.9652484307734659
victim,0.495,0.7246444375368974,0.7031136198106337,0.7569406641262929,0.9651938973814962
victim,0.496,0.72454153874037,0.7031235770876969,0.7566684812193795,0.9650796337946299
victim,0.497,0.72454153874037,0.7031235770876969,0.7566684812193795,0.9650796337946299
victim,0.498,0.7246534003105654,0.7031285577667471,0.7569406641262929,0.9650225020011967
victim,0.499,0.7248007010485606,0.7031926037254634,0.7572128470332063,0.9650276988041235
victim,0.5,0.7248036957960649,0.7031975949713037,0.7572128470332063,0.9649705670106903
victim,0.501,0.724553497271351,0.7031435079726652,0.7566684812193795,0.9648511066208971
victim,0.502,0.7246303925788846,0.7032716668185546,0.7566684812193795,0.9648615002267509
victim,0.503,0.7246526262859472,0.7033087229969922,0.7566684812193795,0.9648069668347811
victim,0.504,0.7244920623305928,0.7032225716760108,0.756396298312466,0.9646849080435245
victim,0.505,0.7245112953300917,0.7032546266751755,0.756396298312466,0.964687506444988
victim,0.506,0.7245112953300917,0.7032546266751755,0.756396298312466,0.964687506444988
victim,0.507,0.7245305300830664,0.7032866845967999,0.756396298312466,0.9646901048464513
victim,0.508,0.7245882448652436,0.7033828759004287,0.756396298312466,0.9646979000508416
victim,0.509,0.7241744442963345,0.7032375740994071,0.7555797495917257,0.9645135126632249
victim,0.51,0.7242129286582881,0.7033017147026631,0.7555797495917257,0.9645187094661518
victim,0.511,0.7242899184464331,0.7034300310162379,0.7555797495917257,0.9645291030720056
victim,0.512,0.7245654255518474,0.7035262989827106,0.7561241154055526,0.9645368982763958
victim,0.513,0.7245846826585713,0.7035583941605839,0.7561241154055526,0.9645394966778592
victim,0.514,0.7246039415224108,0.703590492266983,0.7561241154055526,0.9645420950793226
victim,0.515,0.7245877125034175,0.703563443901994,0.7561241154055526,0.9644823648844261
victim,0.516,0.7248121818689142,0.7037561042398796,0.756396298312466,0.9644979552932065
victim,0.517,0.724831454057985,0.7037882245549977,0.756396298312466,0.96450055369467
victim,0.518,0.7248700037142506,0.7038524739821069,0.756396298312466,0.9645057504975968
victim,0.519,0.7250012127945451,0.7038897005113222,0.7566684812193795,0.964451217105627
victim,0.52,0.7250204948025032,0.7039218371912523,0.7566684812193795,0.9644538155070904
victim,0.521,0.7250621317333451,0.7039912320759888,0.7566684812193795,0.9644018805165842
victim,0.522,0.7249208103636272,0.703937151731068,0.756396298312466,0.964282420126791
victim,0.523,0.724978691998688,0.7040336211228359,0.756396298312466,0.9642902153311812
victim,0.524,0.7251454626631904,0.7041301169590644,0.7566684812193795,0.9642980105355714
victim,0.525,0.7252929429784893,0.7041944622132871,0.7569406641262929,0.9643032073384983
victim,0.526,0.7253508669391888,0.704291002147786,0.7569406641262929,0.9643110025428886
victim,0.527,0.7254821496455875,0.704328351387175,0.7572128470332063,0.9642564691509188
victim,0.528,0.7255207835543348,0.7043927412350871,0.7572128470332063,0.9642616659538457
victim,0.529,0.7255207835543348,0.7043927412350871,0.7572128470332063,0.9642616659538457
victim,0.53,0.7255207835543348,0.7043927412350871,0.7572128470332063,0.9642616659538457
victim,0.531,0.7256682976903337,0.7044571428571429,0.7574850299401198,0.9642668627567725
victim,0.532,0.725523888013246,0.7043979153332725,0.7572128470332063,0.9642045341604124
victim,0.533,0.7255625345704149,0.7044623262618873,0.7572128470332063,0.9642097309633393
victim,0.534,0.7255625345704149,0.7044623262618873,0.7572128470332063,0.9642097309633393
victim,0.535,0.725437445348734,0.704435299497028,0.7569406641262929,0.9641500007684427
victim,0.536,0.72551476377546,0.7045641635415715,0.7569406641262929,0.9641603943742965
victim,0.537,0.7252645846438045,0.7045101088646968,0.756396298312466,0.9640409339845032
victim,0.538,0.7253063804221178,0.704579768495219,0.756396298312466,0.9639889989939969
victim,0.539,0.725364412982898,0.7046764894298526,0.756396298312466,0.9639967941983871
victim,0.54,0.7254224614786635,0.7047732369227953,0.756396298312466,0.9640045894027774
victim,0.541,0.725406246909773,0.7047462126413109,0.756396298312466,0.9639448592078809
victim,0.542,0.7254125228959245,0.70475667261823,0.756396298312466,0.9638305956210145
victim,0.543,0.7253832124922333,0.7047078219454113,0.756396298312466,0.9636540034377881
victim,0.544,0.7255695544518412,0.7048369366068158,0.7566684812193795,0.9636643970436418
victim,0.545,0.7254250852175246,0.7047776098208968,0.756396298312466,0.9636020684472818
victim,0.546,0.7255533292719937,0.7048098946404031,0.7566684812193795,0.9636046668487452
victim,0.547,0.725684723453138,0.7048474296710346,0.7569406641262929,0.9635501334567755
victim,0.548,0.7257622431044628,0.7049766290899093,0.7569406641262929,0.9635605270626292
victim,0.549,0.7256371450083751,0.7049495875343721,0.7566684812193795,0.9635007968677326
victim,0.55,0.7255120439376915,0.7049225410211751,0.756396298312466,0.9634410666728359
victim,0.551,0.7257685648804402,0.7049871653832049,0.7569406641262929,0.9634462634757628
victim,0.552,0.7257685648804402,0.7049871653832049,0.7569406641262929,0.9634462634757628
victim,0.553,0.7257879548551929,0.7050194820077927,0.7569406641262929,0.9634488618772262
victim,0.554,0.7257879548551929,0.7050194820077927,0.7569406641262929,0.9634488618772262
victim,0.555,0.7258655325341998,0.705148778139471,0.7569406641262929,0.9634592554830799
victim,0.556,0.7257630127583319,0.7051593671176334,0.7566684812193795,0.9633449918962136
victim,0.557,0.7261554636435266,0.7054505413837401,0.7572128470332063,0.9633683775093844
victim,0.558,0.7260303722853707,0.7054235110580893,0.7569406641262929,0.9633086473144877
victim,0.559,0.7260886423197843,0.705520627782112,0.7569406641262929,0.963316442518878
victim,0.56,0.7261663606613034,0.7056501583513103,0.7569406641262929,0.9633268361247317
victim,0.561,0.7263529807083384,0.7057797364917597,0.7572128470332063,0.9633372297305853
victim,0.562,0.7262116850912628,0.7057256990679094,0.7569406641262929,0.9632177693407922
victim,0.5630000000000001,0.7262505734064064,0.7057905129264821,0.7569406641262929,0.963222966143719
victim,0.5640000000000001,0.726328371469651,0.7059201763652231,0.7569406641262929,0.9632333597495728
victim,0.5650000000000001,0.7258947541089367,0.7057418465778595,0.7561241154055526,0.9630463739604926
victim,0.5660000000000001,0.7260457694972815,0.7058120836204916,0.756396298312466,0.9629944389699863
victim,0.5670000000000001,0.7260684683163012,0.7058499149855245,0.756396298312466,0.9629399055780166
victim,0.5680000000000001,0.7261968042524577,0.7058823529411765,0.7566684812193795,0.96294250397948
victim,0.5690000000000001,0.7260717098755886,0.7058553175843368,0.756396298312466,0.9628827737845834
victim,0.5700000000000001,0.7262389852250536,0.7059526545621696,0.7566684812193795,0.9628905689889737
victim,0.5710000000000001,0.7261333630175204,0.70595807282089,0.756396298312466,0.9628334371955405
victim,0.5720000000000001,0.7260861770184704,0.7060608847604157,0.7561241154055526,0.9627841006064977
victim,0.5730000000000001,0.7260699552129937,0.7060338484179544,0.7561241154055526,0.9627243704116011
victim,0.5740000000000001,0.7261868804984066,0.7062287238936426,0.7561241154055526,0.9627399608203815
victim,0.5750000000000001,0.7262258699384448,0.7062937062937064,0.7561241154055526,0.9627451576233084
victim,0.5760000000000001,0.725995187306204,0.7062721457825228,0.7555797495917257,0.9626282956349785
victim,0.577,0.7261268456279824,0.7063101210475444,0.7558519324986391,0.9625737622430088
victim,0.578,0.7262585123409255,0.706348110297841,0.7561241154055526,0.9625192288510391
victim,0.579,0.7262585123409255,0.706348110297841,0.7561241154055526,0.9625192288510391
victim,0.58,0.7262585123409255,0.706348110297841,0.7561241154055526,0.9625192288510391
victim,0.581,0.7264064084645288,0.706413148565904,0.756396298312466,0.962524425653966
victim,0.582,0.726573829544571,0.706510728428032,0.7566684812193795,0.9625322208583562
victim,0.583,0.7264358165475925,0.7064621620376768,0.756396298312466,0.9623556286751298
victim,0.584,0.7264391163399118,0.7064676616915423,0.756396298312466,0.9622984968816968
victim,0.585,0.7265903524472044,0.7065382665990877,0.7566684812193795,0.9622465618911904
victim,0.586,0.7265434020276642,0.7066414711711295,0.756396298312466,0.9621972253021475
victim,0.587,0.7268197799862781,0.7067391905596017,0.7569406641262929,0.9622050205065378
victim,0.588,0.7268231053536198,0.7067447328385045,0.7569406641262929,0.9621478887131045
victim,0.589,0.7265729058238106,0.706690644164707,0.756396298312466,0.9620284283233114
victim,0.59,0.7264282498696821,0.7066310061791018,0.7561241154055526,0.9619660997269514
victim,0.591,0.7263924637780845,0.7065713626931059,0.7561241154055526,0.9619037711305913
victim,0.592,0.7262869034302277,0.7065768840512867,0.7558519324986391,0.9618466393371582
victim,0.593,0.7260171177297854,0.7064901517597675,0.7553075666848122,0.9617245805459016
victim,0.594,0.7260757854855138,0.7065879313526481,0.7553075666848122,0.9617323757502918
victim,0.595,0.726039981691226,0.7065282583621685,0.7553075666848122,0.9616700471539318
victim,0.596,0.7259931096235782,0.7066315935206978,0.7550353837778987,0.9616207105648888
victim,0.597,0.7258679886144208,0.7066045137767111,0.7547632008709853,0.9615609803699923
victim,0.598,0.726035571531839,0.706702363367799,0.7550353837778987,0.9615687755743825
victim,0.599,0.7259691798820753,0.7067731658894687,0.7547632008709853,0.9615168405838763
victim,0.6,0.7261367985056184,0.7068710749907647,0.7550353837778987,0.9615246357882665
victim,0.601,0.7260508558148637,0.7069092924441159,0.7547632008709853,0.9614701023962968
victim,0.602,0.7262185047514016,0.70700725206707,0.7550353837778987,0.961477897600687
victim,0.603,0.7261129861600915,0.7070128430194955,0.7547632008709853,0.9614207658072538
victim,0.604,0.7262414577384637,0.707045507045507,0.7550353837778987,0.9614233642087173
victim,0.605,0.7262806600028658,0.7071108441528439,0.7550353837778987,0.9614285610116441
victim,0.606,0.7263394769862057,0.7072088724584104,0.7550353837778987,0.9614363562160344
victim,0.607,0.726398310279658,0.7073069279474974,0.7550353837778987,0.9614441514204246
victim,0.608,0.7265498018218539,0.7073779585798816,0.7553075666848122,0.9613922164299182
victim,0.609,0.7264246944265547,0.7073509015256587,0.7550353837778987,0.9613324862350217
victim,0.61,0.7262637211862357,0.7072640680630693,0.7547632008709853,0.9612104274437651
victim,0.611,0.7265099906989486,0.7074930619796486,0.7550353837778987,0.961228616254009
victim,0.612,0.7266777752514333,0.7075912476291807,0.7553075666848122,0.9612364114583993
victim,0.613,0.7267008270718336,0.7076296673298479,0.7553075666848122,0.9611818780664296
victim,0.614,0.7267597689228837,0.7077279037482648,0.7553075666848122,0.9611896732708198
victim,0.615,0.7265095569382303,0.7076737943163937,0.7547632008709853,0.9610702128810267
victim,0.616,0.7262396795582058,0.7075869092255707,0.7542188350571584,0.96094815408977
victim,0.617,0.7264271771286817,0.7077179499050883,0.7544910179640718,0.9609585476956237
victim,0.618,0.7262858206632894,0.7076638110673766,0.7542188350571584,0.9608390873058306
victim,0.619,0.7263841528278656,0.7078276980083372,0.7542188350571584,0.9608520793131476
victim,0.62,0.7264802153857677,0.7078063470002316,0.7544910179640718,0.9607352173248178
victim,0.621,0.7263354213468071,0.7077464788732395,0.7542188350571584,0.9606728887284579
victim,0.622,0.7263944521452859,0.707844863537371,0.7542188350571584,0.9606806839328481
victim,0.623,0.7262530826981664,0.7077907030634473,0.7539466521502449,0.960561223543055
victim,0.624,0.7260954425116666,0.7077094246905566,0.7536744692433315,0.9603820329583651
victim,0.625,0.7261081550502894,0.7079120675262035,0.753402286336418,0.9603404915737126
victim,0.626,0.7259830246742137,0.7078849721706865,0.7531301034295046,0.9602807613788159
victim,0.627,0.7258578912816778,0.7078578717877354,0.7528579205225912,0.9602210311839193
victim,0.628,0.7258775932217933,0.7078907083545949,0.7528579205225912,0.9602236295853828
victim,0.629,0.725956419264574,0.7080220850925625,0.7528579205225912,0.9602340231912364
victim,0.63,0.7260549929723557,0.7081863746055319,0.7528579205225912,0.9602470151985536
victim,0.631,0.7262624855996253,0.7083507403797057,0.7531301034295046,0.9602600072058707
victim,0.632,0.7261570957856381,0.7083565459610028,0.7528579205225912,0.9602028754124374
victim,0.633,0.726239531929837,0.7084939395346677,0.7528579205225912,0.9601561372248579
victim,0.634,0.726259274469486,0.7085268437674158,0.7528579205225912,0.9601587356263214
victim,0.635,0.7260682790263628,0.7085714285714286,0.7523135547087643,0.9600470704409184
victim,0.636,0.7260617037144663,0.7087419249895432,0.7520413718018508,0.9600029306548024
victim,0.637,0.7259365856207218,0.7087148501045781,0.7517691888949374,0.9599432004599058
victim,0.638,0.7261640776621137,0.7089125482356222,0.7520413718018508,0.9599587908686864
victim,0.639,0.7263718504549344,0.709077380952381,0.7523135547087643,0.9599717828760035
victim,0.64,0.7260856001126055,0.7089632075910508,0.7517691888949374,0.9597899938898502
victim,0.641,0.7259513083284778,0.7089208432221137,0.7514970059880239,0.9595562699131908
victim,0.642,0.7258657728442663,0.708959739353037,0.7512248230811105,0.959501736521221
victim,0.643,0.725704582743173,0.7088725444558235,0.750952640174197,0.9593796777299644
victim,0.644,0.7256522511904946,0.7087853252013596,0.750952640174197,0.9592576189387078
victim,0.645,0.7256395081512659,0.7087640868026451,0.750952640174197,0.959140756950378
victim,0.646,0.7257187365540756,0.7088961341406613,0.750952640174197,0.9591511505562316
victim,0.647,0.725613404316519,0.7089020356826758,0.7506804572672836,0.9590940187627985
victim,0.648,0.725597130496012,0.7088749126484976,0.7506804572672836,0.959034288567902
victim,0.649,0.7255512588564086,0.708979915187101,0.7504082743603702,0.9589849519788589
victim,0.65,0.7255512588564086,0.708979915187101,0.7504082743603702,0.9589849519788589
victim,0.651,0.7257033379362787,0.709051925048942,0.7506804572672836,0.9589330169883526
victim,0.652,0.72566723255032,0.7089917494056776,0.7506804572672836,0.9588706883919926
victim,0.653,0.7252917656846685,0.7089103371100853,0.7498639085465433,0.9586914978073029
victim,0.654,0.7254403074137445,0.7089764513872697,0.7501360914534567,0.9586966946102297
victim,0.655,0.7254799833798717,0.7090425779974817,0.7501360914534567,0.9587018914131565
victim,0.656,0.7255395112082483,0.7091417910447761,0.7501360914534567,0.9587096866175469
victim,0.657,0.7253782265711106,0.709054438587489,0.7498639085465433,0.9585876278262901
victim,0.658,0.7249268946582048,0.7088465845464726,0.749047359825803,0.9583409118423136
victim,0.659,0.7249467401134204,0.7088796603051655,0.749047359825803,0.958343510243777
victim,0.66,0.7249864365804681,0.7089458210835783,0.749047359825803,0.9583487070467038
victim,0.661,0.7248811152928988,0.7089517408755717,0.7487751769188895,0.9582915752532706
victim,0.662,0.7246704757025293,0.7089635854341736,0.7482308111050626,0.9581773116664043
victim,0.663,0.7248587993978424,0.7090960029884199,0.7485029940119761,0.958187705272258
victim,0.664,0.7247173197717467,0.7090416588828693,0.7482308111050626,0.9580682448824649
victim,0.665,0.7244669547981086,0.7089872944693572,0.7476864452912357,0.9579487844926716
victim,0.666,0.7243815150826768,0.7090263502149131,0.7474142623843223,0.9578942511007018
victim,0.667,0.7244610320565327,0.709158878504673,0.7474142623843223,0.9579046447065556
victim,0.668,0.7243756203495726,0.709197980931015,0.7471420794774088,0.9578501113145859
victim,0.669,0.7240890410542318,0.7090832593146651,0.746597713663582,0.9576683223284326
victim,0.67,0.7242376963438464,0.7091495628594138,0.7468698965704954,0.9576735191313595
victim,0.671,0.7243172829209267,0.7092822071545475,0.7468698965704954,0.9576839127372132
victim,0.672,0.7241721943318751,0.7092218481107371,0.746597713663582,0.9576215841408531
victim,0.673,0.7242518076356853,0.7093545369504209,0.746597713663582,0.9576319777467068
victim,0.674,0.7242916254598195,0.7094208999906446,0.746597713663582,0.9576371745496337
victim,0.675,0.7241302123026674,0.7093333333333334,0.7463255307566685,0.957515115758377
victim,0.676,0.7240448476327194,0.7093725141546956,0.7460533478497551,0.9574605823664073
victim,0.677,0.7241444506254399,0.709538519142563,0.7460533478497551,0.9574735743737244
victim,0.678,0.72411891759004,0.7096774193548387,0.7457811649428416,0.9574268361861449
victim,0.679,0.7240535506677009,0.7097499297555494,0.7455089820359282,0.9573749011956386
victim,0.68,0.724057182810156,0.7097559833263077,0.7455089820359282,0.9573177694022055
victim,0.681,0.7239319954022265,0.7097287929177011,0.7452367991290147,0.9572580392073089
victim,0.682,0.7238866102052814,0.7098346061940684,0.7449646162221013,0.9572087026182658
victim,0.683,0.7239265240578392,0.7099011292816644,0.7449646162221013,0.9572138994211927
victim,0.684,0.7239864088658206,0.7100009372949668,0.7449646162221013,0.957221694625583
victim,0.685,0.7236961091621847,0.7098800149981251,0.7444202504082743,0.957097037432863
victim,0.686,0.723844911827997,0.7099465641698698,0.7446924333151878,0.9571022342357898
victim,0.687,0.7237796337560707,0.7100192226546016,0.7444202504082743,0.9570502992452835
victim,0.6880000000000001,0.7236780798824091,0.7100314214697745,0.7441480675013609,0.9569360356584171
victim,0.6890000000000001,0.7235728679090736,0.7100375234521578,0.7438758845944474,0.9568789038649841
victim,0.6900000000000001,0.7232825090039452,0.7099165024861618,0.7433315187806205,0.956754246672264
victim,0.6910000000000001,0.7230920560626031,0.7099619914598094,0.7427871529667937,0.9566425814868611
victim,0.6920000000000001,0.7231357003869427,0.7100347320003755,0.7427871529667937,0.9565906464963547
victim,0.6930000000000001,0.7230704920378481,0.7101075066898268,0.7425149700598802,0.9565387115058483
victim,0.6940000000000001,0.7230741634394842,0.7101136256925534,0.7425149700598802,0.9564815797124152
victim,0.6950000000000001,0.7232430602944893,0.7102136651796197,0.7427871529667937,0.9564893749168055
victim,0.6960000000000001,0.723246741705222,0.7102198008641742,0.7427871529667937,0.9564322431233723
victim,0.6970000000000001,0.7231415509907425,0.710225938277984,0.7425149700598802,0.9563751113299391
victim,0.6980000000000001,0.7230363613142545,0.7102320774217796,0.7422427871529668,0.956317979536506
victim,0.6990000000000001,0.7228460117049778,0.7102777386155364,0.7416984213391399,0.956206314351103
victim,0.7000000000000001,0.7229061028842176,0.7103778905809363,0.7416984213391399,0.9562141095554932
victim,0.7010000000000001,0.722926137043294,0.7104112808460633,0.7416984213391399,0.9562167079569567
victim,0.7020000000000001,0.7228209654744326,0.7104174501692366,0.7414262384322264,0.9561595761635235
victim,0.7030000000000001,0.7229773369329471,0.7104966139954852,0.7416984213391399,0.9560505093795841
victim,0.704,0.7230612662634633,0.7106364962130123,0.7416984213391399,0.9560037711920046
victim,0.705,0.7229360564173507,0.7106092684074335,0.7414262384322264,0.955944040997108
victim,0.706,0.722871033974831,0.7106823529411763,0.741154055525313,0.9558921060066017
victim,0.707,0.7229111704028963,0.7107492469879517,0.741154055525313,0.9558973028095284
victim,0.708,0.7223902367103276,0.7106068452521067,0.7400653238976592,0.9556557836284787
victim,0.709,0.722119711983886,0.7105188812505886,0.7395209580838323,0.9555337248372221
victim,0.71,0.7221435061496109,0.7105585381934633,0.7395209580838323,0.9554791914452523
victim,0.711,0.7218930391689538,0.7105040037682525,0.7389765922700055,0.9553597310554591
victim,0.712,0.7218930391689538,0.7105040037682525,0.7389765922700055,0.9553597310554591
victim,0.713,0.721642559856004,0.7104494487892209,0.7384322264561786,0.955240270665666
victim,0.714,0.7215374000706036,0.710455637751496,0.7381600435492651,0.9551831388722328
victim,0.715,0.7212504373680937,0.7103402771231973,0.7376156777354382,0.9550013498860797
victim,0.716,0.7212943265318785,0.7104134257295054,0.7376156777354382,0.9549494148955733
victim,0.717,0.7211891659653562,0.7104196133899104,0.7373434948285248,0.95489228310214
victim,0.718,0.7211161983840693,0.7102980007544322,0.7373434948285248,0.9547676259094201
victim,0.719,0.7213858937356847,0.7105660377358491,0.7376156777354382,0.9547884131211275
victim,0.72,0.7214663503544131,0.7107001321003963,0.7376156777354382,0.9547988067269811
victim,0.721,0.7214499702543149,0.7106728319335661,0.7376156777354382,0.9547390765320846
victim,0.722,0.7215103360274018,0.7107734415553774,0.7376156777354382,0.9547468717364749
victim,0.723,0.7213925742520444,0.7107586272010575,0.7373434948285248,0.9545728779547118
victim,0.724,0.7214328419614369,0.7108257400500448,0.7373434948285248,0.9545780747576387
victim,0.725,0.7214365952116064,0.710831995466994,0.7373434948285248,0.9545209429642055
victim,0.726,0.7212062146814944,0.7108109384593587,0.7367991290146979,0.9544040809758758
victim,0.727,0.7210683046644121,0.7107625437021639,0.7365269461077845,0.9542274887926494
victim,0.728,0.7207126291093618,0.7107141169242402,0.7357103973870441,0.954050896609423
victim,0.729,0.720732783588526,0.7107477077228471,0.7357103973870441,0.9540534950108865
victim,0.73,0.7204620637755881,0.7106594185771685,0.7351660315732172,0.95393143621963
victim,0.731,0.720449391352691,0.7106382978723403,0.7351660315732172,0.9538145742313002
victim,0.732,0.7201988034455324,0.7105835619029605,0.7346216657593904,0.953695113841507
victim,0.733,0.7202264514402339,0.7106296418941295,0.7346216657593904,0.9535834486561041
victim,0.734,0.7201213222855782,0.7106358819076457,0.7343494828524768,0.9535263168626709
victim,0.735,0.7199795855091737,0.7105811092182474,0.7340772999455634,0.9534068564728777
victim,0.736,0.719894632957073,0.7106209769026884,0.7338051170386499,0.953352323080908
victim,0.737,0.7199349976816911,0.7106882514437185,0.7338051170386499,0.9533575198838348
victim,0.738,0.7198134387916557,0.7106671085649353,0.7335329341317365,0.953240657895505
victim,0.739,0.7195867502088007,0.7106522048027282,0.7329885683179096,0.9530666641137421
victim,0.74,0.7196107004334219,0.7106921218437634,0.7329885683179096,0.9530121307217723
victim,0.741,0.7191498109735572,0.7106497938290914,0.7318998366902558,0.9527784067451128
victim,0.742,0.7189878078159535,0.7105612438376943,0.7316276537833424,0.9526563479538562
victim,0.743,0.7189346627080462,0.7104726686578486,0.7316276537833424,0.9525342891625996
victim,0.744,0.7187928403492438,0.7104177533311203,0.7313554708764289,0.9524148287728065
victim,0.745,0.7188774506596505,0.7105587705151314,0.7313554708764289,0.952368090585227
victim,0.746,0.7189406263593485,0.7104826080766858,0.7316276537833424,0.952131768207104
victim,0.747,0.7186936398816256,0.7104338744896991,0.7310832879695155,0.9519551760238776
victim,0.748,0.7181516686905909,0.7102564102564104,0.7299945563418617,0.9517110584413644
victim,0.749,0.7179653493703588,0.7103087885985748,0.7294501905280348,0.9515422614625284
victim,0.75,0.717556118319876,0.710171102661597,0.7286336418072945,0.9512436104880454
victim,0.751,0.717450967550265,0.7101773066501877,0.7283614589003811,0.9511864786946123
victim,0.752,0.7169733001837639,0.7101070154577883,0.7272727272727273,0.9508930245230561
victim,0.753,0.7171264321974509,0.7101807802093244,0.7275449101796407,0.9508410895325499
victim,0.754,0.7169641891628855,0.7100918304229908,0.7272727272727273,0.9507190307412932
victim,0.755,0.7165381962482169,0.7099262080457035,0.726456178551987,0.9503606495719137
victim,0.756,0.7163075822381212,0.7099047619047619,0.7259118127381601,0.9502437875835839
victim,0.757,0.7159717946313582,0.709889481707317,0.7250952640174197,0.950069793801821
victim,0.758,0.7161212522332874,0.7099571224392568,0.7253674469243332,0.9500749906047478
victim,0.759,0.7158777548464904,0.7099142040038131,0.7248230811105063,0.9498412666280882
victim,0.76,0.715630524882797,0.7098650646068754,0.7242787152966794,0.9496646744448619
victim,0.761,0.7156176288123002,0.7098435711560473,0.7242787152966794,0.9495478124565322
victim,0.762,0.7154792409793787,0.7097943800391203,0.724006532389766,0.9493712202733058
victim,0.763,0.7153168145140112,0.7097051245347838,0.7237343494828524,0.9492491614820492
victim,0.764,0.715161753355279,0.7096281445415056,0.723462166575939,0.9490128391039263
victim,0.765,0.7151857737681173,0.7096681785629029,0.723462166575939,0.9489583057119565
victim,0.766,0.7150602650619378,0.7096404526572125,0.7231899836690255,0.9488985755170599
victim,0.767,0.7149347531781556,0.7096127214555179,0.7229178007621121,0.9488388453221633
victim,0.768,0.7143383541968753,0.7093445442384866,0.7218290691344583,0.9484726689483935
victim,0.769,0.7143253582410629,0.7093228843121326,0.7218290691344583,0.9483558069600637
victim,0.77,0.7143363699809657,0.7093412372119705,0.7218290691344583,0.9481844115797643
victim,0.771,0.7142311695041664,0.7093473583552474,0.7215568862275449,0.9481272797863312
victim,0.772,0.7141500014736515,0.7093935335756648,0.7212847033206314,0.9480156146009282
victim,0.773,0.713777002975896,0.7093162352265658,0.7204681545998911,0.9477792922228052
victim,0.774,0.713723249588808,0.7092266462480858,0.7204681545998911,0.9476572334315486
victim,0.775,0.7134590544620965,0.7091492315794513,0.7199237887860642,0.9474209110534257
victim,0.776,0.7133575055287114,0.7091614386284183,0.7196516058791508,0.9473066474665593
victim,0.777,0.7132188574326431,0.7091118137395803,0.7193794229722373,0.947130055283333
victim,0.778,0.7131784819355473,0.7092259765156962,0.7191072400653239,0.947023586900857
victim,0.779,0.7128016785225882,0.709142336641258,0.7182906913445836,0.9468443963161672
victim,0.78,0.7129036938198896,0.7093123621367603,0.7182906913445836,0.9468573883234843
victim,0.781,0.7129277873292004,0.7093525179856115,0.7182906913445836,0.9468028549315145
victim,0.782,0.7128058682347467,0.709330774766131,0.7180185084376701,0.9466859929431848
victim,0.783,0.7129016892057797,0.7093090211132438,0.7182906913445836,0.946569130954855
victim,0.784,0.7130216165048808,0.7093274446738034,0.718562874251497,0.9463977355745554
victim,0.785,0.7127469451978934,0.7094140249759846,0.7177463255307567,0.9462315369971828
victim,0.786,0.7126725526928483,0.7092900374675761,0.7177463255307567,0.9461068798044627
victim,0.787,0.7125133933555146,0.7092062271766287,0.7174741426238432,0.945927689219773
victim,0.788,0.7123030075230068,0.7092184946650004,0.7169297768100164,0.9458134256329067
victim,0.789,0.7117259160533258,0.708982496633968,0.7158410451823626,0.9454498476606004
victim,0.79,0.7107679738352378,0.7086561131694173,0.7139357648339685,0.9449642108970373
victim,0.791,0.7106290831366286,0.7086060839430112,0.713663581927055,0.9447876187138109
victim,0.792,0.7103680871387992,0.7085340011558466,0.713119216113228,0.9444941645422549
victim,0.793,0.710242868561306,0.7083253035266912,0.713119216113228,0.9441903167648451
victim,0.794,0.7100118687015156,0.7083032143029253,0.7125748502994012,0.9440734547765153
victim,0.795,0.7099817334093863,0.7082529888160431,0.7125748502994012,0.9438968625932889
victim,0.796,0.7095875798907236,0.7081404320987654,0.7117583015786608,0.9436579418137025
victim,0.797,0.7093227432160508,0.7080619481835287,0.7112139357648339,0.9434216194355796
victim,0.798,0.7086084367084486,0.7075972584226277,0.7101252041371802,0.942925589066163
victim,0.799,0.7088848929062065,0.7078765634809484,0.7103973870440936,0.9428892444844372
victim,0.8,0.7085520879385412,0.7078662543486665,0.7095808383233533,0.9426581189092411
victim,0.801,0.7084129106657784,0.7078157474986707,0.7093086554164398,0.9424815267260147
victim,0.802,0.7082336218053464,0.7078798432738355,0.708764289602613,0.9421984661603122
victim,0.803,0.7076890426283409,0.7075165771259863,0.7079477408818726,0.9417102309952858
victim,0.804,0.7077748163101423,0.7076595332623221,0.7079477408818726,0.9416634928077063
victim,0.805,0.7074891035872299,0.7075462559333527,0.7074033750680457,0.94142457202812
victim,0.806,0.7075132345345334,0.7075864741788587,0.7074033750680457,0.9413700386361503
victim,0.807,0.7071076100979661,0.7072733439937975,0.7068590092542189,0.9410583956543502
victim,0.808,0.7064780956955884,0.7071314296795462,0.7054980947196516,0.9407597446798672
victim,0.809,0.7064304921317253,0.707052090406441,0.7054980947196516,0.9405234223017443
victim,0.81,0.7059749868638256,0.7070187360450442,0.7044093630919979,0.9401754347382185
victim,0.811,0.7055388930819658,0.7068362788891046,0.7035928143712575,0.9399313171557053
victim,0.812,0.7052357011950503,0.7066938696201301,0.7030484485574305,0.9396326661812223
victim,0.8130000000000001,0.7051373323281468,0.7067113767798999,0.7027762656505171,0.9394612708009228
victim,0.8140000000000001,0.704725151905377,0.7065687752224437,0.7019597169297768,0.9391626198264398
victim,0.8150000000000001,0.7045649022332394,0.7064831477068236,0.7016875340228633,0.93898342924175
victim,0.8160000000000001,0.7040907313788038,0.7062372287632578,0.700870985302123,0.938676983062877
victim,0.8170000000000001,0.703804355572988,0.706122846296116,0.7003266194882961,0.9384380622832904
victim,0.8180000000000001,0.7034503080109569,0.7060771328398909,0.6995100707675558,0.938204338306631
victim,0.8190000000000001,0.7032864472106867,0.7059854867773828,0.6992378878606423,0.9380822795153744
victim,0.8200000000000001,0.7030343282984864,0.7059281991329338,0.6986935220468155,0.9379628191255812
victim,0.8210000000000001,0.7029185892674239,0.7059167560191051,0.698421339139902,0.9377316935503851
victim,0.8220000000000001,0.7027146243055593,0.7059397249585487,0.6978769733260751,0.9375031663766524
victim,0.8230000000000001,0.7030253940954279,0.7060947640657785,0.698421339139902,0.9373421646022067
victim,0.8240000000000001,0.703070214687589,0.7061694650527137,0.698421339139902,0.9372902296117003
victim,0.8250000000000001,0.7025575411676647,0.7058593750000001,0.6976047904191617,0.936921454836467
victim,0.8260000000000001,0.7020254441401981,0.7056983677059915,0.6965160587915079,0.9364488100802211
victim,0.8270000000000001,0.7015952074512899,0.7055256723716382,0.6956995100707676,0.9360904289108416
victim,0.8280000000000001,0.7009124960592488,0.7052950964079476,0.6943385955362004,0.935612587351669
victim,0.8290000000000001,0.7006202187555655,0.7053523333823025,0.69352204681546,0.9353866585793996
victim,0.8300000000000001,0.700339991889064,0.7052481991473514,0.6929776810016332,0.9350334742129469
victim,0.8310000000000001,0.7002481466682527,0.7052765790506081,0.6927054980947196,0.9347478152457811
victim,0.8320000000000001,0.699947037926342,0.705137641689975,0.6921611322808927,0.934392032477865
victim,0.833,0.6990902246230881,0.7046168958742632,0.6908002177463255,0.9336622781317887
victim,0.834,0.6988477086404983,0.7045756131124982,0.6902558519324986,0.933371422361696
victim,0.835,0.6986691153805276,0.7044594129504892,0.6899836690255852,0.9331325015821097
victim,0.836,0.6982329085287031,0.7044582226158843,0.6888949373979314,0.9327871124200473
victim,0.837,0.6980225986201626,0.7042891613729256,0.688622754491018,0.9323715994572346
victim,0.838,0.6976085639950598,0.704143469478248,0.6878062057702776,0.9320729484827517
victim,0.839,0.6974155022630739,0.7040031551962138,0.6875340228633642,0.9317171657148355
victim,0.84,0.6972077000577928,0.704019728729963,0.6869896570495373,0.931545770334536
victim,0.841,0.6972947848497504,0.7039834147786168,0.6872618399564507,0.9311977827710101
victim,0.842,0.6969188572350248,0.7039012345679011,0.6864452912357104,0.9309614603928871
victim,0.843,0.6964197537107855,0.703795216445938,0.6853565596080566,0.9306082760264345
victim,0.844,0.6957765150281099,0.70363042833119,0.6839956450734894,0.9301356312701885
victim,0.845,0.6952771981639212,0.703524054642645,0.6829069134458357,0.9297824469037359
victim,0.846,0.695451026893936,0.7038137691926695,0.6829069134458357,0.9296889705285769
victim,0.847,0.69516944411228,0.7037073750991276,0.6823625476320088,0.9293357861621242
victim,0.848,0.6942560657904968,0.7032738095238095,0.680729450190528,0.9287280906073045
victim,0.849,0.6944059239968067,0.7035235732009925,0.680729450190528,0.9286891476241154
victim,0.85,0.693962648217642,0.7035106013208204,0.6796407185628742,0.9284580220489193
victim,0.851,0.6926165959249055,0.7027188230031314,0.6774632553075667,0.9275360851108363
victim,0.852,0.6923762709146427,0.7026811918619112,0.6769188894937398,0.9271880975473104
victim,0.853,0.6918374394905205,0.7025089605734767,0.675830157866086,0.9267725845844976
victim,0.854,0.6912386718255179,0.7022368355502416,0.6747414262384323,0.9262921446238614
victim,0.855,0.6906778243513879,0.7022093661164032,0.673380511703865,0.9258298934734693
victim,0.856,0.6904193383041011,0.7021414665801429,0.6728361458900382,0.9254221757150469
victim,0.857,0.6903021809379307,0.7021276595744681,0.6725639629831247,0.9251910501398508
victim,0.858,0.6902545782438632,0.7022297770222978,0.6722917800762113,0.9248534561821786
victim,0.859,0.6899928067016016,0.7021564016610797,0.6717474142623843,0.9245028702171894
victim,0.86,0.6892128021145771,0.7015822151011416,0.6706586826347305,0.9238276492630828
victim,0.861,0.6888238493060119,0.7014783262340265,0.6698421339139902,0.923417333103197
victim,0.862,0.688069088832872,0.7013091237397803,0.6682090364725095,0.9229446883469511
victim,0.863,0.6878342806522586,0.701099232043367,0.6679368535655961,0.9225265769826749
victim,0.864,0.6873362207628895,0.7008134980415787,0.6671203048448557,0.9221604006089051
victim,0.865,0.6872153590278303,0.7009749723590312,0.6665759390310289,0.9219422670410261
victim,0.866,0.6864239699675647,0.7005632669483002,0.6652150244964616,0.9213943016811033
victim,0.867,0.6859888175905355,0.7005638340716873,0.6641262928688079,0.9209917807256076
victim,0.868,0.6852422057554649,0.7002267573696145,0.6627653783342407,0.9203918803751783
victim,0.869,0.6849338668431306,0.7002572249962173,0.6619488296135003,0.9200490896145792
victim,0.87,0.6841475060613933,0.7000353553209758,0.6603157321720196,0.9193427208816738
victim,0.871,0.6833487047035183,0.6997927513521712,0.6586826347305389,0.918864879322501
victim,0.872,0.6829217607878887,0.6996255439732821,0.6578660860097986,0.918335102772822
victim,0.873,0.6819614152298088,0.6991136996708028,0.6562329885683179,0.9176650786216425
victim,0.874,0.6815279545502828,0.6989356310187531,0.6554164398475776,0.9172495656588298
victim,0.875,0.6803573858775955,0.6982548701298702,0.6535111594991835,0.9164522859134667
victim,0.876,0.6798681546054202,0.6979838504900716,0.6526946107784432,0.9158575823659643
victim,0.877,0.67922183640299,0.6978139298423995,0.6513336962438759,0.9153278058162851
victim,0.878,0.6786387409090715,0.6975679251043044,0.650244964616222,0.9148499642571124
victim,0.879,0.677914683050795,0.6970869830922796,0.6491562329885683,0.9141825385073963
victim,0.88,0.6772512639759082,0.6967071057192373,0.6480675013609145,0.9135800397555035
victim,0.881,0.6767766053721243,0.6966418291313667,0.6469787697332607,0.9130580584102147
victim,0.882,0.6768207667278805,0.6968968866622359,0.6467065868263473,0.9125594626780966
victim,0.883,0.6763247344635495,0.6967959873067867,0.6456178551986935,0.9120348829313445
victim,0.884,0.6760175661941941,0.6968284060050212,0.6448013064779532,0.9116349603773123
victim,0.885,0.674906680146201,0.6964285714285713,0.6426238432226457,0.9108013360502234
victim,0.886,0.6748772128112308,0.6967423697461721,0.6420794774088188,0.9104793325013318
victim,0.887,0.6746831091292608,0.6966003188808311,0.6418072945019053,0.9100092861465493
victim,0.888,0.6740198934845787,0.6962207805581301,0.6407185628742516,0.9093496556012235
victim,0.889,0.6728682010858185,0.6955714801257926,0.6388132825258573,0.9084407106704575
victim,0.89,0.6712981915832567,0.6945878950630034,0.6363636363636364,0.9071629909644583
victim,0.891,0.6708062187179651,0.6943123061013444,0.635547087642896,0.9065111556235226
victim,0.892,0.6700328945115123,0.6941121640515768,0.6339139902014154,0.9058073852920806
victim,0.893,0.6694312389093615,0.6938352257997614,0.6328252585737616,0.905155549951145
victim,0.894,0.6683613447017163,0.6933222556859487,0.6309199782253675,0.9042569986262328
victim,0.895,0.667100064187431,0.6926717636656785,0.6287425149700598,0.9032337901086005
victim,0.896,0.6664203864997278,0.6920833333333334,0.6279259662493195,0.9023300419807614
victim,0.897,0.6656880838964987,0.6917701053509963,0.6265650517147523,0.9016184764449291
victim,0.898,0.6654915772276601,0.6918055047788165,0.6260206859009254,0.9011042903040305
victim,0.899,0.6646736941691521,0.6915310979756237,0.6243875884594448,0.9003381913762285
victim,0.9,0.6640223806682594,0.6913528518305139,0.6230266739248775,0.8997512830331162
victim,0.901,0.662668537438519,0.6909109991603695,0.6203048448557431,0.8987436649242646
victim,0.902,0.6618362472073347,0.6904311251314406,0.6189439303211758,0.8977334484139493
victim,0.903,0.6613621573579501,0.6901853411962932,0.6181273816004355,0.897027079681044
victim,0.904,0.6599815152790957,0.6896988237776255,0.615405552531301,0.8960739949641618
victim,0.905,0.6582950363698707,0.6885211230370645,0.61295590636908,0.8944404924902467
victim,0.906,0.6575865330143204,0.6880661051962498,0.6118671747414263,0.8934900061748281
victim,0.907,0.6562298095367016,0.687619452112975,0.6091453456722917,0.89236812447911
victim,0.908,0.6554604686689065,0.6868815831471433,0.6083287969515514,0.8911683237782513
victim,0.909,0.65454979461824,0.6866339799616286,0.6064235166031573,0.8903476914584796
victim,0.91,0.6538818688400997,0.6860651361452216,0.605606967882417,0.8893322781452375
victim,0.911,0.6521325111296709,0.6851455479452054,0.6026129559063691,0.8879480900567622
victim,0.912,0.6514663114998249,0.6847610363138981,0.6015242242787153,0.886831405163971
victim,0.913,0.6504471262871054,0.6841511259203527,0.5998911268372347,0.8857562616558323
victim,0.914,0.6485433287030954,0.6829741379310345,0.5968971148611867,0.8841253575833805
victim,0.915,0.6472143755827926,0.6823923135053438,0.5944474686989657,0.8831099442701384
victim,0.916,0.6458719515116627,0.6816065822236657,0.5922700054436582,0.8816218862006505
victim,0.917,0.6442412371224164,0.6807032776210115,0.5895481763745237,0.8801831647202054
victim,0.918,0.6424788389564029,0.6799434105996299,0.5862819814915623,0.8787548368456142
victim,0.919,0.6411051460582274,0.6789241093349336,0.5843767011431682,0.8771940565739126
victim,0.92,0.6386812453038734,0.6774246485422023,0.58056614044638,0.8753709699094538
victim,0.921,0.6368018884727403,0.6766513056835638,0.5770277626565051,0.8738855102414294
victim,0.922,0.6350278219765003,0.6755090809025868,0.5743059335873707,0.8720884075916048
victim,0.923,0.6325697338556866,0.6739526411657559,0.5704953728905825,0.8701484589388162
victim,0.924,0.631289857614882,0.6730897009966778,0.5685900925421884,0.8685435388809986
victim,0.925,0.6289059880784067,0.6711125930865843,0.5655960805661404,0.866117953464647
victim,0.926,0.6265034862082614,0.6700117076434187,0.5612411540555253,0.8643831794111825
victim,0.927,0.6245969041657585,0.6688300788899458,0.5582471420794775,0.8624718131744917
victim,0.928,0.6212007942761515,0.6662546353522867,0.5536200326619488,0.8595501973887236
victim,0.929,0.6189633633971376,0.6645215918712956,0.5506260206859009,0.8569740038037799
victim,0.93,0.6176524980727897,0.6636070032296448,0.5487207403375068,0.8551976883656627
victim,0.931,0.6144132147544523,0.6616558478533197,0.5435492651061513,0.8524371073931024
victim,0.932,0.6113281675334472,0.6594173868253878,0.5391943385955362,0.8494869422299988
victim,0.933,0.6069969102469462,0.6561906406492835,0.5332063146434404,0.8457862355091115
victim,0.934,0.6046491092701919,0.654455102276667,0.5299401197604791,0.8435580294876938
victim,0.935,0.6012426662179067,0.6527697131575891,0.5239520958083832,0.8410493613020369
victim,0.936,0.5982862322453851,0.6511085180863477,0.5190528034839412,0.8386004233112767
victim,0.937,0.5939394684502697,0.6478559277292192,0.5130647795318454,0.8350763087736158
victim,0.9380000000000001,0.5894997483591993,0.644811320754717,0.5065323897659227,0.8317963118184681
victim,0.9390000000000001,0.5859175208772863,0.6421071365011568,0.5016330974414807,0.8284280352910883
victim,0.9400000000000001,0.5822236189764298,0.6397611940298508,0.4959172563962983,0.825200006365209
victim,0.9410000000000001,0.5780069015367091,0.6365438923271045,0.49020141535111594,0.8215174884545657
victim,0.9420000000000001,0.5740821833723465,0.633087434998186,0.48557430593358736,0.8177648467431722
victim,0.9430000000000001,0.5691639721651987,0.629426798101497,0.47876973326075123,0.8139446796324918
victim,0.9440000000000001,0.564689017765065,0.6255976461934535,0.4733260751224823,0.8097765249582854
victim,0.9450000000000001,0.5595530051388655,0.6219369174742299,0.46597713663581924,0.8058498894651289
victim,0.9460000000000001,0.5550858495794815,0.6181207636341023,0.46053347849755033,0.8017466617887461
victim,0.9470000000000001,0.5495683029458956,0.613279779088741,0.45400108873162764,0.7966747589867007
victim,0.9480000000000001,0.5459833146765272,0.6102080829802037,0.4496461622210125,0.7929688885016487
victim,0.9490000000000001,0.5403719616560572,0.6057551202705289,0.4422972237343495,0.7883280890711966
victim,0.9500000000000001,0.5333500444452786,0.5998584936000515,0.4335873707131192,0.7832016198384193
victim,0.9510000000000001,0.5279321556769646,0.5944577844117075,0.4281437125748503,0.7781712584210265
victim,0.9520000000000001,0.5207500585798139,0.5873869149075651,0.4207947740881873,0.7720813108655136
victim,0.9530000000000001,0.5147894239991182,0.5825332715354565,0.41317365269461076,0.7672145826627923
victim,0.9540000000000001,0.5102294156741182,0.5783809078146934,0.4080021774632553,0.7628490816324143
victim,0.9550000000000001,0.5049624478825009,0.5721430019598568,0.4041916167664671,0.7572318118719094
victim,0.9560000000000001,0.496930613152168,0.5651075452372823,0.3946652150244965,0.7514587041011234
victim,0.9570000000000001,0.48846551834305063,0.5571685331121249,0.3854109961894393,0.7449117021981451
victim,0.9580000000000001,0.4802383320036987,0.5498074903745187,0.3758845944474687,0.7386945320872107
victim,0.9590000000000001,0.470171652666314,0.5408322681437296,0.36418072945019053,0.7314956948432968
victim,0.96,0.4621871870893506,0.532605573111175,0.356559608056614,0.7254135424921742
victim,0.961,0.45265809254187134,0.5230746833600233,0.34703320631464346,0.7184302404146758
victim,0.962,0.44272004885449784,0.5128622117090479,0.33750680457267285,0.7109249569918886
victim,0.963,0.4316704078522192,0.503155996393147,0.3244420250408274,0.703640438577206
victim,0.964,0.4164405970486329,0.4882973841211564,0.30865541643984756,0.6941198528591912
victim,0.965,0.4033347364894797,0.47570850202429155,0.29477408818726186,0.6858224864939678
victim,0.966,0.389589405222079,0.46241674595623217,0.2803483941208492,0.6774004629360245
victim,0.967,0.3757130416629886,0.4492695132779079,0.2653783342406097,0.669344615751851
victim,0.968,0.35977713340196293,0.4325082508250825,0.2506804572672836,0.6595254120981152
victim,0.969,0.3449857679097018,0.41729164911098005,0.23652694610778444,0.6507683929839632
victim,0.97,0.32650861409931414,0.3986538959358012,0.21829069134458357,0.6407128669521045
victim,0.971,0.3080819447778489,0.3799188283042174,0.20032661948829614,0.6311819206669981
victim,0.972,0.28830532489232963,0.3605669405073576,0.1799129014697877,0.6217210981826419
victim,0.973,0.2677974331116231,0.33872607931958953,0.16140446379967338,0.6116837279222651
victim,0.974,0.24647185195519128,0.3162482235907153,0.14180729450190527,0.601781408460462
victim,0.975,0.22048364127994174,0.2879953266478434,0.11921611322808928,0.5901832248896216
victim,0.976,0.1980338340615791,0.2634623055444754,0.09989112683723463,0.5805561707891307
victim,0.977,0.17362355483240782,0.23675056271741354,0.0789330430048993,0.5705681371177969
victim,0.978,0.14888275751311184,0.20676612733767596,0.06205770277626565,0.5600009572689789
victim,0.979,0.12671677920754235,0.18052869116698902,0.04599891126837235,0.55120233069265
victim,0.98,0.1022034981420558,0.15019762845849802,0.03021230266739249,0.5415882025219521
victim,0.981,0.08450744391787035,0.12705513924616935,0.020685900925421885,0.5344906038188253
victim,0.982,0.06827583203156651,0.10508320036471393,0.0130647795318454,0.5279773480961095
victim,0.983,0.05386860452151556,0.08433734939759036,0.008165487207403375,0.5220484023150423
victim,0.984,0.04052899458167906,0.06464503996238835,0.004354926510615134,0.5165921012902212
victim,0.985,0.028730844888585447,0.04697746512459759,0.0013609145345672292,0.5118422020370674
victim,0.986,0.019662282939470265,0.032589016294508145,0.00027218290691344586,0.5080817651212837
victim,0.987,0.013416209258305226,0.022178893492566413,0.00027218290691344586,0.5054302509326628
victim,0.988,0.007674332800393555,0.012790554667322592,0.0,0.5030929781273056
victim,0.989,0.0044537919089446985,0.007422986514907831,0.0,0.5017893074454343
victim,0.99,0.0019376474972053158,0.003229412495342193,0.0,0.5007686973292654
victim,0.991,0.00089607965152458,0.0014934660858743,0.0,0.5003557827679161
victim,0.992,0.00014953271028037381,0.00024922118380062304,0.0,0.5000571317934331
victim,0.993,0.0,0.0,0.0,0.5
victim,0.994,0.0,0.0,0.0,0.5
victim,0.995,0.0,0.0,0.0,0.5
victim,0.996,0.0,0.0,0.0,0.5
victim,0.997,0.0,0.0,0.0,0.5
victim,0.998,0.0,0.0,0.0,0.5
victim,0.999,0.0,0.0,0.0,0.5
victim,1.0,0.0,0.0,0.0,0.5
path,0.0,0.13233433795102376,0.22055722991837295,0.0,0.5
path,0.001,0.5500451740556102,0.6607085689894355,0.3840500816548721,0.9262103513105777
path,0.002,0.5733155967713857,0.6699153976311337,0.42841589548176373,0.9288400707175671
path,0.003,0.5847704382340156,0.6746718336380755,0.44991834512792594,0.9299887907040703
path,0.004,0.5899909702374386,0.6777476069009024,0.4583560152422428,0.930760943529398
path,0.005,0.5930765301767,0.6794425566454345,0.46352749047359826,0.931045428817888
path,0.006,0.5972645698581531,0.6811604199141963,0.4714207947740882,0.9314943399806292
path,0.007,0.6017120101554718,0.6827662517289075,0.48013064779531844,0.9318773756102892
path,0.008,0.6035006509902794,0.6841142223454394,0.4825802939575395,0.9321951160605835
path,0.009000000000000001,0.6060610496302572,0.6852968138003833,0.48720740337506807,0.9324616045391004
path,0.01,0.6077386528051102,0.6859153558364974,0.4904735982580294,0.9324851025613659
path,0.011,0.6109902374414,0.6871611923243077,0.49673380511703863,0.9327975352506062
path,0.012,0.6130631658532482,0.6880756992128623,0.5005443658138269,0.9330103113280575
path,0.013000000000000001,0.6143830052711078,0.6886423341344811,0.5029940119760479,0.9330311554697959
path,0.014,0.6153527047276213,0.6893512235389588,0.5043549265106151,0.9331524300282774
path,0.015,0.6170763586622335,0.6900465168413382,0.5076211213935765,0.933210289482966
path,0.016,0.6188027530244808,0.6907463775231095,0.5108873162765378,0.9333720070398785
path,0.017,0.6193877999471109,0.691177089913666,0.5117038649972782,0.9334395691972943
path,0.018000000000000002,0.6206297595663584,0.6919768357134825,0.5136091453456723,0.9336297600718608
path,0.019,0.6217739340688653,0.6924321510474556,0.5157866086009799,0.9336597265626109
path,0.02,0.6229569446616869,0.69295219319862,0.5179640718562875,0.9337673448159807
path,0.021,0.6237631432604136,0.6933885811734528,0.5193249863908547,0.9338060467532655
path,0.022,0.6240873338469795,0.6937474435464536,0.5195971692977681,0.933821970036427
path,0.023,0.6250519689320996,0.6942664370606668,0.5212302667392488,0.9339728786199935
path,0.024,0.6253768867405984,0.6946265114702226,0.5215024496461622,0.933988801903155
path,0.025,0.6259007572191796,0.6949552631206977,0.5223189983669025,0.9340250434111512
path,0.026000000000000002,0.6270253327819458,0.695377913555103,0.5244964616222101,0.9341474786770636
path,0.027,0.6280815477614905,0.6956866296841391,0.5266739248775177,0.9341924556315946
path,0.028,0.629131148103594,0.6961657766887155,0.5285792052259118,0.9342569770060065
path,0.029,0.6296435356314662,0.6964753900880088,0.5293957539466522,0.9343019539605375
path,0.03,0.6301917068572144,0.6968446429837624,0.5302123026673925,0.9343640149056609
path,0.031,0.6308652821132035,0.6970599920540327,0.5315732172019597,0.9343372282123414
path,0.032,0.6314559104529633,0.6973185515351966,0.5326619488296135,0.9343968287281763
path,0.033,0.631986933364781,0.6976592239077325,0.5334784975503538,0.9344503476780035
path,0.034,0.6327641096791974,0.6980472414087149,0.534839412084921,0.9345469635067889
path,0.035,0.6330481076514747,0.6983391160912349,0.5351115949918345,0.9345862457977889
path,0.036000000000000004,0.633725227777785,0.6985603732787071,0.5364725095264018,0.9346200268764968
path,0.037,0.6344561610105445,0.6988713189769281,0.537833424060969,0.9346794339410933
path,0.038,0.6346250036578515,0.6991527233891064,0.537833424060969,0.9347302990103936
path,0.039,0.6348396385388662,0.6993289929195219,0.5381056069678825,0.934706553100078
path,0.04,0.6354194907042978,0.6995695921101388,0.5391943385955362,0.9347604589523822
path,0.041,0.6357312294539471,0.6997262461503365,0.5397387044093631,0.9347310183785358
path,0.042,0.6362590894307811,0.6998801916932906,0.5408274360370169,0.9347304380248204
path,0.043000000000000003,0.6369240282921056,0.7002626020437289,0.5419161676646707,0.9348097764117747
path,0.044,0.6372206158922683,0.7005754594393911,0.5421883505715841,0.9348691834763712
path,0.045,0.637184657193839,0.7006969835466179,0.5419161676646707,0.9348889213474905
path,0.046,0.6372885192710889,0.7008700870087009,0.5419161676646707,0.9349084657673714
path,0.047,0.637826173733164,0.7010403566937237,0.5430048992923244,0.9349568704073832
path,0.048,0.6382438655198718,0.7011921438577432,0.5438214480130648,0.9349851502737987
path,0.049,0.6384636953789593,0.7013770716849467,0.5440936309199782,0.9349931119153796
path,0.05,0.6390709359298442,0.7014818629133768,0.5454545454545454,0.9349782949028371
path,0.051000000000000004,0.6396166240196928,0.7016655219780219,0.5465432770821992,0.9350006866544833
path,0.052000000000000005,0.6400062040047838,0.7017704561393465,0.5473598258029396,0.9349858696419409
path,0.053,0.6403143665427755,0.7019211498267816,0.5479041916167665,0.9350285796184219
path,0.054,0.6407555689924525,0.7021121214290829,0.5487207403375068,0.9350826789219646
path,0.055,0.6409558641715094,0.7022644914562355,0.5489929232444203,0.9351109587883801
path,0.056,0.6413809132219122,0.7024285407264131,0.5498094719651606,0.9351276558764956
path,0.057,0.6419079292723723,0.7025810797254108,0.5508982035928144,0.9351559357429111
path,0.058,0.642314961391605,0.7027151007769719,0.5517147523135547,0.9351640908357304
path,0.059000000000000004,0.6427583222578952,0.7029096697402952,0.552531301034295,0.935189329919142
path,0.06,0.643195715093166,0.703094291985253,0.5533478497550354,0.9352117216707883
path,0.061,0.6433679441883267,0.7031998852059119,0.5536200326619488,0.9351969046582459
path,0.062,0.6435867703941038,0.7033831402775983,0.5538922155688623,0.9352337265199576
path,0.063,0.6443114132014951,0.7035021466622632,0.5555253130103429,0.9351928966190496
path,0.064,0.6448397518932901,0.7036568900634858,0.5566140446379967,0.9352067463753997
path,0.065,0.6453499456306784,0.7037813918740302,0.5577027762656506,0.9352120541364535
path,0.066,0.6457746194103787,0.7039448156930372,0.5585193249863909,0.9352431813346345
path,0.067,0.6461932739729125,0.7040982074834333,0.5593358737071312,0.93527146120105
path,0.068,0.6467747967450336,0.704160135747257,0.5606967882416984,0.9351846870894186
path,0.069,0.6474467865190219,0.704372842347526,0.5620577027762657,0.935244481056492
path,0.07,0.6479520989414238,0.7044892086330935,0.5631464344039194,0.935232511375715
path,0.07100000000000001,0.6482691465933307,0.7046547108437203,0.5636908002177463,0.9352492084638304
path,0.07200000000000001,0.6480502356295856,0.7046527697800299,0.5631464344039194,0.9351742105817376
path,0.073,0.6484579702676476,0.7047879616963063,0.5639629831246598,0.9351823656745568
path,0.074,0.6487325089258196,0.7048826155840415,0.5645073489384866,0.9351791314403145
path,0.075,0.6485328953100857,0.7049128367670364,0.5639629831246598,0.9350982454434523
path,0.076,0.6488939579113043,0.7049702419552405,0.5647795318454001,0.9350547616620174
path,0.077,0.649186856360988,0.7050954954954954,0.565323897659227,0.9350600694230713
path,0.078,0.6496609385708572,0.7051598114268414,0.5664126292868807,0.9350482931935327
path,0.079,0.6499406927771252,0.7052631578947368,0.5669569951007076,0.9350623364011212
path,0.08,0.6499671072413213,0.7053071820017306,0.5669569951007076,0.9350448655080519
path,0.081,0.6501786644973699,0.705296866885927,0.5675013609145345,0.934952590184128
path,0.082,0.6503190660945669,0.7053494142766461,0.5677735438214481,0.9349523967328895
path,0.083,0.6507321884764923,0.7054935857660283,0.5685900925421884,0.9349778292675397
path,0.084,0.6510487025109973,0.7056581986143187,0.5691344583560153,0.9350089564657207
path,0.085,0.651552446957577,0.7057719516068489,0.570223189983669,0.9350258470050746
path,0.08600000000000001,0.6518007546279349,0.7058228871815608,0.5707675557974959,0.9349506556717433
path,0.08700000000000001,0.6520735517744489,0.7059146385498664,0.5713119216113228,0.9349762816576319
path,0.088,0.6523259759195239,0.7059724349157733,0.5718562874251497,0.934932797876197
path,0.089,0.652835941525721,0.7060965565076659,0.5729450190528035,0.9349525357473163
path,0.09,0.6529672877908822,0.7061340116783258,0.5732172019597169,0.9349033573023505
path,0.091,0.6531343689531578,0.7062310250108428,0.5734893848666304,0.9348856929580427
path,0.092,0.653160936132887,0.7062753036437247,0.5734893848666304,0.9348682220649733
path,0.093,0.6530919281481213,0.7063417456070576,0.5732172019597169,0.9348420157253692
path,0.094,0.6531420027209944,0.7064252032285128,0.5732172019597169,0.934850364269427
path,0.095,0.653145108631988,0.7064303797468355,0.5732172019597169,0.9348070739392305
path,0.096,0.6530567043049572,0.7064644944730597,0.5729450190528035,0.9347867557143957
path,0.097,0.6535382470160324,0.7065412445730824,0.5740337506804573,0.9347633967065572
path,0.098,0.6537775180196683,0.7065771190365912,0.5745781164942841,0.9347286483716568
path,0.099,0.6541614564903646,0.7066726506739247,0.5753946652150245,0.9347254141374144
path,0.1,0.6542959287197161,0.7067153157849014,0.5756668481219379,0.9347223733544106
path,0.101,0.6545884087615154,0.7068398719786824,0.5762112139357648,0.9347421112255299
path,0.10200000000000001,0.654501106697379,0.7068758238097308,0.5759390310288514,0.9347073628906297
path,0.10300000000000001,0.6545288300396807,0.7069220293802335,0.5759390310288514,0.9346754618874947
path,0.10400000000000001,0.6543193288716196,0.7069357713093497,0.5753946652150245,0.9346494489991293
path,0.105,0.6543101874214297,0.7069205355590332,0.5753946652150245,0.934600464005402
path,0.106,0.6543256317705652,0.7069462761409256,0.5753946652150245,0.9345628683387363
path,0.107,0.6544417033776503,0.7069582735481252,0.5756668481219379,0.9345512855604361
path,0.108,0.6547332353025077,0.707081249547003,0.5762112139357648,0.9345854535416209
path,0.109,0.6544108346389219,0.7070882809215201,0.5753946652150245,0.9345277331013591
path,0.11,0.6546119928814211,0.7072420893877432,0.5756668481219379,0.9345704430778401
path,0.111,0.6547711626167707,0.7073259170087169,0.5759390310288514,0.9345787916218977
path,0.112,0.6549365055931643,0.7074200333647639,0.5762112139357648,0.9345899874977208
path,0.113,0.6552343116421541,0.7075534662371956,0.5767555797495917,0.9346270028106711
path,0.114,0.655733550748907,0.7076597103300147,0.5778443113772455,0.9346266159081942
path,0.115,0.6558989622156521,0.7077539408366476,0.5781164942841589,0.9346378117840173
path,0.116,0.6560531378673262,0.7078294449848288,0.5783886771910725,0.9346288828862441
path,0.117,0.6561764953902317,0.7078535855850623,0.5786608600979859,0.934605717329644
path,0.11800000000000001,0.6561960733144641,0.7078862154587828,0.5786608600979859,0.9345998292148747
path,0.11900000000000001,0.6562464980998426,0.7079702567677472,0.5786608600979859,0.9346081777589323
path,0.12,0.6566184695920141,0.7080458434408727,0.5794774088187262,0.9345992488611593
path,0.121,0.656668927265287,0.7081299395629941,0.5794774088187262,0.934607597405217
path,0.122,0.657137457181153,0.7081850016710016,0.58056614044638,0.9345929738439129
path,0.123,0.6572608521349755,0.7082092046560969,0.5808383233532934,0.9345698082873128
path,0.124,0.6573791617355116,0.7082249320523814,0.5811105062602069,0.9345293652888818
path,0.125,0.6575025632749592,0.7082491460135184,0.5813826891671203,0.9345061997322817
path,0.126,0.6577697316700797,0.7083315161295013,0.5819270549809472,0.9345289783864048
path,0.127,0.6582557504931554,0.7084157264161918,0.583015786608601,0.9345373269304625
path,0.128,0.6583051978449294,0.7084981386691483,0.583015786608601,0.9345601055845858
path,0.129,0.6583999039888145,0.7084745269710145,0.5832879695155144,0.9344938431490276
path,0.13,0.658438096897115,0.708538181818182,0.5832879695155144,0.9344964970295545
path,0.131,0.658578988087763,0.7085915451979866,0.5835601524224279,0.934496303578316
path,0.132,0.6587282722084749,0.708658896794564,0.5838323353293413,0.934470097238712
path,0.133,0.6587079221263232,0.7086249799909777,0.5838323353293413,0.9344009874713883
path,0.134,0.6590603919015555,0.7086680638025381,0.5846488840500816,0.9343979466883845
path,0.135,0.6592249657985616,0.708760898359606,0.5849210669569951,0.9344235726742731
path,0.136,0.6591182985433918,0.7087645748722652,0.5846488840500816,0.9343947124541421
path,0.137,0.6593990633839188,0.7088696057305923,0.5851932498639085,0.9344087556617307
path,0.138,0.6594198554606708,0.7089042591918457,0.5851932498639085,0.9343884374368959
path,0.139,0.6596820702279863,0.7089783732614869,0.5857376156777354,0.9343939386491882
path,0.14,0.659836536109266,0.7090543611256773,0.5860097985846489,0.934385009751415
path,0.14100000000000001,0.6600863822677523,0.70910786084727,0.5865541643984757,0.9343848163001767
path,0.14200000000000002,0.6601122903496258,0.7091510409837258,0.5865541643984757,0.9343817755171727
path,0.14300000000000002,0.6601455196923021,0.7092064232215195,0.5865541643984757,0.9343671519558687
path,0.14400000000000002,0.6601590377009243,0.70922895323589,0.5865541643984757,0.934358416509334
path,0.145,0.6601747921258092,0.7092552106106982,0.5865541643984757,0.9343208208426683
path,0.146,0.6603022735847994,0.7092862244377395,0.5868263473053892,0.9343293628379645
path,0.147,0.6606457753247142,0.7093143615237707,0.5876428960261295,0.9342773370612334
path,0.148,0.6607856734930866,0.709366069866449,0.587915078933043,0.9342915737200604
path,0.149,0.6611258254633331,0.7093886240030329,0.5887316276537834,0.9342828382735258
path,0.15,0.6609114433657839,0.709394231049669,0.5881872618399564,0.9342395479433293
path,0.151,0.6610462686012725,0.7094374845042076,0.5884594447468698,0.9342365071603254
path,0.152,0.6610682648070697,0.709474144847203,0.5884594447468698,0.9342017588254251
path,0.153,0.6609926918508284,0.7095296451914099,0.5881872618399564,0.9341871352641211
path,0.154,0.660880984298792,0.7095249212092914,0.587915078933043,0.9341409976021593
path,0.155,0.6610480253851266,0.7096218677485735,0.5881872618399564,0.9341377633679169
path,0.156,0.6609527091375818,0.7096444626072742,0.587915078933043,0.9341290279213823
path,0.157,0.661192489798783,0.7096811865000584,0.5884594447468698,0.934094279586482
path,0.158,0.6613584456068617,0.7097763242422473,0.5887316276537834,0.934105475462305
path,0.159,0.6613556263550125,0.7097716254891654,0.5887316276537834,0.9340593378003432
path,0.16,0.6613839042928085,0.7098187553854918,0.5887316276537834,0.9340274367972083
path,0.161,0.6615137090859539,0.7098536414361252,0.5890038105606968,0.9340071185723735
path,0.162,0.6614433033338755,0.7099177537872702,0.5887316276537834,0.9340097724529005
path,0.163,0.6616933033699501,0.70997150997151,0.5892759934676103,0.934009579001662
path,0.164,0.6615539156143976,0.7099206523168647,0.5890038105606968,0.9339059143506767
path,0.165,0.6616712894456184,0.7099348200976238,0.5892759934676103,0.9338799014623111
path,0.166,0.6621390497329228,0.709988599491362,0.590364725095264,0.9338797080110726
path,0.167,0.6620585065325291,0.7100358160953147,0.5900925421883506,0.9338478070079377
path,0.168,0.6620432450365707,0.7100103802687174,0.5900925421883506,0.9337959746824451
path,0.169,0.6619355125645545,0.710012281419966,0.5898203592814372,0.9337815445723796
path,0.17,0.6619864898411119,0.7100972435475617,0.5898203592814372,0.9337898931164372
path,0.171,0.6620114124568166,0.710138781240403,0.5898203592814372,0.9338012824434989
path,0.17200000000000001,0.6618771020865721,0.7100963858946043,0.5895481763745237,0.9337148952343444
path,0.17300000000000001,0.6618754437505117,0.7100936220011702,0.5895481763745237,0.933654327462317
path,0.17400000000000002,0.6621204111694149,0.7101389904901244,0.5900925421883506,0.9336368565692477
path,0.17500000000000002,0.6620262971175088,0.7101635890082234,0.5898203592814372,0.9336136910126476
path,0.176,0.662421510358091,0.7102779119286999,0.5906369080021775,0.9336450116620669
path,0.177,0.6626840696616456,0.7103526002254065,0.5911812738160044,0.9336505128743593
path,0.178,0.6626914594217426,0.7103649164922347,0.5911812738160044,0.9336389300960591
path,0.179,0.6627249617267942,0.7104207536673207,0.5911812738160044,0.9336243065347551
path,0.18,0.6627233331591713,0.7104180393879493,0.5911812738160044,0.9335637387627278
path,0.181,0.6627443661295123,0.7104530943385174,0.5911812738160044,0.9335434205378931
path,0.182,0.6627478291801652,0.7104588660896056,0.5911812738160044,0.9335001302076966
path,0.183,0.6630155279373592,0.7105421201423778,0.5917256396298313,0.9335229088618198
path,0.184,0.6630240872661893,0.7105563856904281,0.5917256396298313,0.9334968959734542
path,0.185,0.6630564761467138,0.7106103671579688,0.5917256396298313,0.9334967025222157
path,0.186,0.662968663808663,0.7106454685324932,0.5914534567229178,0.933476384297381
path,0.187,0.6628320294630967,0.7105991998944917,0.5911812738160044,0.9334188573083575
path,0.188,0.6629483097228879,0.7106115450562013,0.5914534567229178,0.9334072745300575
path,0.189,0.6629494689804588,0.7106134771521528,0.5914534567229178,0.9333928444199919
path,0.19,0.6626988653019023,0.7105587148971098,0.5909090909090909,0.9333180399891375
path,0.191,0.6626048071762448,0.710583406625623,0.5906369080021775,0.9332948744325373
path,0.192,0.6626434688348597,0.7106478427233145,0.5906369080021775,0.9332975283130642
path,0.193,0.6625545111069422,0.7106810351147276,0.590364725095264,0.9332916401982949
path,0.194,0.6626543643621954,0.7106660019355405,0.5906369080021775,0.9332426552045677
path,0.195,0.6626453426028449,0.7106509656699566,0.5906369080021775,0.9331936702108404
path,0.196,0.6626828632228701,0.710713500036665,0.5906369080021775,0.9332107542014328
path,0.197,0.6627078806382802,0.7107551957290155,0.5906369080021775,0.9332221435284944
path,0.198,0.6627340661609438,0.7107988382667879,0.5906369080021775,0.9332191027454906
path,0.199,0.6627551666337177,0.7108340057214112,0.5906369080021775,0.9331987845206557
path,0.2,0.66290275250895,0.7108985269088561,0.5909090909090909,0.9332014384011826
path,0.201,0.6629187761391151,0.7109252329591312,0.5909090909090909,0.933163842734517
path,0.202,0.6631803436213929,0.7109982682203763,0.5914534567229178,0.9331837740568749
path,0.203,0.6632915592042485,0.7110021722538601,0.5917256396298313,0.9331549138367439
path,0.20400000000000001,0.6633126888040926,0.7110373882536001,0.5917256396298313,0.9331345956119091
path,0.20500000000000002,0.663549223551509,0.7110687022900763,0.5922700054436582,0.9331431376072054
path,0.20600000000000002,0.6635339527896722,0.7110432510203483,0.5922700054436582,0.9330913052817127
path,0.20700000000000002,0.6634387801621233,0.7110660852457091,0.5919978225367447,0.9330825698351779
path,0.20800000000000002,0.6634121506587025,0.7110217027400076,0.5919978225367447,0.9330106127360889
path,0.209,0.6634321177365023,0.7110549812030075,0.5919978225367447,0.9330047246213198
path,0.21,0.6634520883332469,0.711088265530915,0.5919978225367447,0.9329988365065505
path,0.211,0.6637199686688617,0.7111718222143885,0.5925421883505716,0.9330216151606736
path,0.212,0.6638476451230971,0.7112031610335051,0.592814371257485,0.9330301571559698
path,0.213,0.6637423050449444,0.7112090495078596,0.5925421883505716,0.9329868668257733
path,0.214,0.6637532874653591,0.711227353541884,0.5925421883505716,0.9329319937172768
path,0.215,0.6638997856222134,0.7112900618653656,0.592814371257485,0.9329490777078692
path,0.216,0.6637756379238131,0.711264604305974,0.5925421883505716,0.9328972453823765
path,0.217,0.6637004882873495,0.7113208101831437,0.5922700054436582,0.9328826218210725
path,0.218,0.6636002520981794,0.711335205139136,0.5919978225367447,0.932856608932707
path,0.219,0.6634988353030006,0.7113476324184468,0.5917256396298313,0.9328450261544069
path,0.22,0.6636390831444872,0.7113999235496486,0.5919978225367447,0.932859262813234
path,0.221,0.6636288993560983,0.7113829505690006,0.5919978225367447,0.9328247079295722
path,0.222,0.6634871032816467,0.7113280790495237,0.5917256396298313,0.9327499034987177
path,0.223,0.6633919645752603,0.7113509698101553,0.5914534567229178,0.9327411680521831
path,0.224,0.6632016932224306,0.7113967614313237,0.5909090909090909,0.9327236971591137
path,0.225,0.6633294002456251,0.7114281511987057,0.5911812738160044,0.93273223915441
path,0.226,0.6634657604473313,0.7114739629302735,0.5914534567229178,0.9327147682613405
path,0.227,0.6632452935165817,0.7114694285882421,0.5909090909090909,0.9326686305993787
path,0.228,0.6631046668249018,0.7114165060400512,0.5906369080021775,0.9325793960584587
path,0.229,0.6631246956581601,0.7114498874288152,0.5906369080021775,0.9325735079436894
path,0.23,0.6632371278571314,0.7114558191558251,0.5909090909090909,0.9325302176134931
path,0.231,0.6631518529805067,0.7114951496327263,0.5906369080021775,0.9324810391685272
path,0.232,0.663176990820886,0.7115370460333584,0.5906369080021775,0.9324924284955889
path,0.233,0.6630893529356322,0.7115724381625442,0.590364725095264,0.932472110270754
path,0.234,0.6629714771406797,0.7115574337755658,0.5900925421883506,0.9324231252770268
path,0.23500000000000001,0.6632206582353294,0.7116098250574306,0.5906369080021775,0.9324373619358537
path,0.23600000000000002,0.6632305209551494,0.7116262629237974,0.5906369080021775,0.9323969189374227
path,0.23700000000000002,0.6632329049554223,0.7116302362575855,0.5906369080021775,0.9323680587172918
path,0.23800000000000002,0.6634668083729125,0.7116571647441847,0.5911812738160044,0.9323304630506261
path,0.23900000000000002,0.6635006515626474,0.7117135700604095,0.5911812738160044,0.9323158394893221
path,0.24,0.6636194021409796,0.7117300324196875,0.5914534567229178,0.932275396490891
path,0.241,0.6641064418776867,0.711815944229097,0.5925421883505716,0.9322837450349488
path,0.242,0.6644303597037478,0.711811441458705,0.5933587370713119,0.9322376073729869
path,0.243,0.6645782083026476,0.7118764005189291,0.5936309199782254,0.9322402612535138
path,0.244,0.6646666905524985,0.7118424156640717,0.5939031028851388,0.9321711514861902
path,0.245,0.6643994558990844,0.7117599351175994,0.5933587370713119,0.9320589448399086
path,0.246,0.6644333420351793,0.7118164120110908,0.5933587370713119,0.9320443212786047
path,0.247,0.664477438808347,0.7118899066330369,0.5933587370713119,0.9320642526009626
path,0.248,0.6642620940355869,0.711893909220988,0.592814371257485,0.9320353923808316
path,0.249,0.6643314138910141,0.7120094423133668,0.592814371257485,0.9320667130302509
path,0.25,0.664340125909926,0.7120239623448866,0.592814371257485,0.9320407001418853
path,0.251,0.6645893925973834,0.7120764962814309,0.5933587370713119,0.9320549368007123
path,0.252,0.6647360963346094,0.7121395472388654,0.5936309199782254,0.9320720207913048
path,0.253,0.6648549003818274,0.7121560987129532,0.5939031028851388,0.9320315777928737
path,0.254,0.6647421372799671,0.7121496154811283,0.5936309199782254,0.9319998702409773
path,0.255,0.6647673673270149,0.7121916655595412,0.5936309199782254,0.932011259568039
path,0.256,0.6646203827003783,0.7121281464530892,0.5933587370713119,0.9319191776953537
path,0.257,0.664535271399959,0.7121677495569994,0.5930865541643985,0.9318699992503878
path,0.258,0.6644339179164265,0.7121802823557208,0.592814371257485,0.9318584164720878
path,0.259,0.6644414384840904,0.7121928166351607,0.592814371257485,0.9318468336937877
path,0.26,0.6645767677406431,0.7122369101248062,0.5930865541643985,0.9318437929107839
path,0.261,0.6645551534235142,0.7122008862629247,0.5930865541643985,0.9317891132535258
path,0.262,0.6646778622116403,0.7122239456385258,0.5933587370713119,0.9317803778069911
path,0.263,0.6645891401251842,0.712257530765708,0.5930865541643985,0.9317744896922218
path,0.264,0.6644586484498056,0.7122214999113528,0.592814371257485,0.9317198100349637
path,0.265,0.6647825884534925,0.7122170341036705,0.5936309199782254,0.9316736723730018
path,0.266,0.664652090829766,0.7121809933354021,0.5933587370713119,0.9316189927157438
path,0.267,0.6646506186830917,0.7121785397576116,0.5933587370713119,0.9315584249437163
path,0.268,0.6645390620370714,0.71217406728552,0.5930865541643985,0.9315122872817545
path,0.269,0.6645580115163116,0.7122056497509203,0.5930865541643985,0.9315208292770507
path,0.27,0.6645706454362149,0.7122267062840925,0.5930865541643985,0.9315265239405814
path,0.271,0.664470514913402,0.7122412773506801,0.592814371257485,0.9315005110522159
path,0.272,0.6644654096402245,0.7122327685620509,0.592814371257485,0.9314832336103851
path,0.273,0.6644741538200823,0.7122473421951473,0.592814371257485,0.9314572207220194
path,0.274,0.6645854534587353,0.7122513863216265,0.5930865541643985,0.9314283605018885
path,0.275,0.6644549410495779,0.7122153209109732,0.592814371257485,0.9313736808446303
path,0.276,0.6643244254400585,0.7121792501663832,0.5925421883505716,0.9313190011873723
path,0.277,0.6643394898623936,0.7122043575369414,0.5925421883505716,0.9312958356307721
path,0.278,0.6641076292661846,0.7121808337524779,0.5919978225367447,0.9312295731952139
path,0.279,0.6639719945449538,0.7121362311550355,0.5917256396298313,0.931157616096125
path,0.28,0.6638363542800763,0.7120916193181819,0.5914534567229178,0.931085658997036
path,0.281,0.6638387741479259,0.7120956524312646,0.5914534567229178,0.931056798776905
path,0.28200000000000003,0.6637627270785699,0.7121503625869469,0.5911812738160044,0.9310566053256666
path,0.28300000000000003,0.6636219658732647,0.7120972158493805,0.5909090909090909,0.9309673707847466
path,0.28400000000000003,0.6635103995160605,0.7120927271919826,0.5906369080021775,0.9309212331227847
path,0.28500000000000003,0.6635116099810339,0.7120947446336048,0.5906369080021775,0.9309068030127192
path,0.28600000000000003,0.6634848240509961,0.7120501014168752,0.5906369080021775,0.9308348459136303
path,0.28700000000000003,0.6635125482837194,0.7120963084714139,0.5906369080021775,0.9308173750205608
path,0.28800000000000003,0.6633997699101587,0.7120897997867551,0.590364725095264,0.9307856674686645
path,0.289,0.6633174185281594,0.7121340027546985,0.5900925421883506,0.9307826266856607
path,0.29,0.6634235995162803,0.7121295157969577,0.590364725095264,0.9307364890236989
path,0.291,0.6634284488150126,0.7121375979615117,0.590364725095264,0.9306787685834368
path,0.292,0.6634257560982897,0.7121331101003068,0.590364725095264,0.930632630921475
path,0.293,0.6632104351168453,0.7121371523404508,0.5898203592814372,0.9306037707013439
path,0.294,0.6633205211133819,0.7121391737300694,0.5900925421883506,0.9305893405912784
path,0.295,0.6633178278303465,0.7121346849250105,0.5900925421883506,0.9305432029293166
path,0.296,0.6632062607458351,0.7121301950554336,0.5898203592814372,0.9304970652673548
path,0.297,0.6632099000386396,0.7121362605434411,0.5898203592814372,0.9304537749371582
path,0.298,0.6632427869350623,0.712191072037479,0.5898203592814372,0.9304535814859198
path,0.299,0.6633718823212591,0.7122247757431981,0.5900925421883506,0.9304476933711505
path,0.3,0.6634047823453344,0.7122796091166569,0.5900925421883506,0.9304474999199119
path,0.301,0.6632920065670059,0.7122731047573851,0.5898203592814372,0.9304157923680156
path,0.302,0.6628004346400611,0.7121796392975795,0.5887316276537834,0.9303007383899686
path,0.303,0.6628206643517325,0.7122133554836986,0.5887316276537834,0.9302948502751993
path,0.304,0.6630242575540841,0.7121897669450667,0.5892759934676103,0.9302285878396412
path,0.305,0.6631521489285889,0.7122214639646323,0.5895481763745237,0.9302371298349374
path,0.306,0.663076194591709,0.7122763286744414,0.5892759934676103,0.9302369363836989
path,0.307,0.66309521821945,0.7123080347206766,0.5892759934676103,0.9302454783789951
path,0.308,0.6631091212333121,0.7123312064104467,0.5892759934676103,0.9302367429324604
path,0.309,0.6631281485853464,0.7123629186638372,0.5892759934676103,0.9302452849277566
path,0.31,0.6631662083723366,0.7124263516421543,0.5892759934676103,0.930262368918349
path,0.311,0.6630419694932953,0.7124007421150277,0.5890038105606968,0.9302105365928564
path,0.312,0.66306734779822,0.712443039289902,0.5890038105606968,0.930221925919918
path,0.313,0.6630519806927713,0.7124174274474876,0.5890038105606968,0.9301700935944253
path,0.314,0.662963367669539,0.7124511943467094,0.5887316276537834,0.930164205479656
path,0.315,0.6629606916251279,0.7124467342726909,0.5887316276537834,0.9301180678176941
path,0.316,0.6628503653653354,0.7124443124443124,0.5884594447468698,0.9300575000456668
path,0.317,0.6629731589697334,0.7124675131803667,0.5887316276537834,0.930048764599132
path,0.318,0.6627463876257162,0.7124524714828896,0.5881872618399564,0.9299997796054048
path,0.319,0.662622138046584,0.7124268441222781,0.587915078933043,0.9299479472799121
path,0.32,0.6626118855795751,0.712409756677263,0.587915078933043,0.9299133923962504
path,0.321,0.66250545886208,0.7124138340860471,0.5876428960261295,0.9298845321761193
path,0.322,0.662495204407956,0.7123967433291735,0.5876428960261295,0.9298499772924576
path,0.323,0.6625154805999856,0.7124305369825563,0.5876428960261295,0.9298440891776882
path,0.324,0.6624332395533555,0.7124749238427818,0.5873707131192161,0.9298410483946844
path,0.325,0.662466230764651,0.7125299091949411,0.5873707131192161,0.9298408549434458
path,0.326,0.6624865204106596,0.7125637252716219,0.5873707131192161,0.9298349668286766
path,0.327,0.6623979405130147,0.7125975473801561,0.5870985302123026,0.9298290787139074
path,0.328,0.6624373070095487,0.7126631582077128,0.5870985302123026,0.9298317325944343
path,0.329,0.662077466994484,0.7126077906630985,0.5862819814915623,0.9297569281635799
path,0.33,0.6621104848585652,0.712662820436567,0.5862819814915623,0.9297567347123414
path,0.331,0.662021919017478,0.7126966659726973,0.5860097985846489,0.9297508465975721
path,0.332,0.6620409968991718,0.7127284624421872,0.5860097985846489,0.9297593885928683
path,0.333,0.6620816276339457,0.712796180333477,0.5860097985846489,0.9297476123633297
path,0.334,0.661970097964711,0.7127917528226946,0.5857376156777354,0.9297014747013679
path,0.335,0.6617611847348993,0.7128064746488931,0.5851932498639085,0.9296754618130023
path,0.336,0.6615292904034035,0.7127828946389513,0.5846488840500816,0.929609199377444
path,0.337,0.6615520902671045,0.7128208944117864,0.5846488840500816,0.9295744510425439
path,0.338,0.6612061896687691,0.7127887592283877,0.5838323353293413,0.9294909111651548
path,0.339,0.6614327740309606,0.7128034892894889,0.5843767011431682,0.9294648982767892
path,0.34,0.6613148756285796,0.7127884472234628,0.5841045182362548,0.929415913283062
path,0.341,0.6615580915707816,0.7128308965845815,0.5846488840500816,0.9294273026101235
path,0.342,0.6614771680384216,0.7128774793019239,0.5843767011431682,0.9294098317170542
path,0.343,0.6616254999765341,0.7129432439275024,0.5846488840500816,0.9294124855975812
path,0.34400000000000003,0.6616279812573929,0.7129473793956003,0.5846488840500816,0.9293836253774501
path,0.34500000000000003,0.6617342051630284,0.7129429639670505,0.5849210669569951,0.9293374877154883
path,0.34600000000000003,0.6616138287794201,0.7129237919323124,0.5846488840500816,0.9293173629418919
path,0.34700000000000003,0.6617379280044178,0.7129491687026995,0.5849210669569951,0.9292941973852917
path,0.34800000000000003,0.6617225314939039,0.712923507851843,0.5849210669569951,0.9292423650597991
path,0.34900000000000003,0.6618275122740245,0.712917020547435,0.5851932498639085,0.9292106575079027
path,0.35000000000000003,0.6617032383523809,0.7128913526159715,0.5849210669569951,0.92915882518241
path,0.35100000000000003,0.6615713485682482,0.7128529915803592,0.5846488840500816,0.9291185756352174
path,0.352,0.661567452278751,0.7128464977645306,0.5846488840500816,0.9290868680833211
path,0.353,0.6615660330727,0.7128441324211122,0.5846488840500816,0.9290263003112937
path,0.354,0.6616773843428356,0.7128482626000626,0.5849210669569951,0.9289974400911627
path,0.355,0.661663211647276,0.7128246414407967,0.5849210669569951,0.9289311776556045
path,0.356,0.6615453007087648,0.7128095784812203,0.5846488840500816,0.9288821926618771
path,0.357,0.6614440434144866,0.7128222715953655,0.5843767011431682,0.9288706098835771
path,0.358,0.6613376481463145,0.7128264014196877,0.5841045182362548,0.9288417496634461
path,0.359,0.6612248747151642,0.7128199009723795,0.5838323353293413,0.9288100421115497
path,0.36,0.6610044664888619,0.7128154644710936,0.5832879695155144,0.9287639044495879
path,0.361,0.6608789328919749,0.7127876970808907,0.583015786608601,0.9287265022341606
path,0.362,0.66098904442484,0.7127897610310571,0.5832879695155144,0.9287120721240951
path,0.363,0.6608762682483813,0.7127832560082348,0.583015786608601,0.9286803645721988
path,0.364,0.6608902676183166,0.7128065882914604,0.583015786608601,0.928671629125664
path,0.365,0.6609067488616238,0.7128340570303057,0.583015786608601,0.9286340334589984
path,0.366,0.66077092305059,0.7127891359498583,0.5827436037016875,0.9285620763599095
path,0.367,0.660659384114453,0.712784692994239,0.5824714207947741,0.9285159386979476
path,0.368,0.6608001744388672,0.7128378882636536,0.5827436037016875,0.9285301753567745
path,0.369,0.660681013797288,0.7128207424656307,0.5824714207947741,0.9284956204731128
path,0.37,0.6604426888282376,0.7127864447264313,0.5819270549809472,0.9284265107057892
path,0.371,0.6602146513375606,0.712769292784521,0.5813826891671203,0.9283919558221274
path,0.372,0.6602274213572885,0.7127905761507339,0.5813826891671203,0.9283976504856583
path,0.373,0.6602311404719847,0.7127967746752276,0.5813826891671203,0.9283543601554618
path,0.374,0.6603373468165314,0.7127923299781966,0.5816548720740338,0.9283082224934999
path,0.375,0.660344974009577,0.7128050419666059,0.5816548720740338,0.9282966397151997
path,0.376,0.6604742513148786,0.7128390488708328,0.5819270549809472,0.9282907516004306
path,0.377,0.6604472728102144,0.7127940846963925,0.5819270549809472,0.9282187945013416
path,0.378,0.660438215699989,0.7127789895126835,0.5819270549809472,0.9281698095076143
path,0.379,0.6604611067845374,0.7128171413202642,0.5819270549809472,0.9281350611727139
path,0.38,0.6601048263178054,0.7127677063562045,0.5811105062602069,0.9280169664116631
path,0.381,0.6600099773549484,0.7127910800227184,0.5808383233532934,0.9280082309651284
path,0.382,0.6598446211461145,0.7126969416126042,0.58056614044638,0.9278931769870815
path,0.383,0.6597382252450518,0.7127010703821085,0.5802939575394666,0.9278643167669505
path,0.384,0.6596433772771844,0.7127244457069386,0.5800217746325531,0.9278555813204158
path,0.385,0.6596394625219006,0.7127179211147991,0.5800217746325531,0.9278238737685194
path,0.386,0.6595239973626152,0.7127069344539323,0.5797495917256397,0.9277460285546612
path,0.387,0.6593881039061809,0.7126619006311506,0.5794774088187262,0.9276740714555722
path,0.388,0.659396976540728,0.7126766883553959,0.5794774088187262,0.9276480585672067
path,0.389,0.6592726302381713,0.7126508997890769,0.5792052259118128,0.9275962262417139
path,0.39,0.6592674719076516,0.712642302571544,0.5792052259118128,0.927578948799883
path,0.391,0.6593839799989236,0.7126550274523885,0.5794774088187262,0.927567366021583
path,0.392,0.6596374339099426,0.7127145400948689,0.5800217746325531,0.9275383123502134
path,0.393,0.6596694305521713,0.7127678678319167,0.5800217746325531,0.9275525490090404
path,0.394,0.6595745998564211,0.7127912719436088,0.5797495917256397,0.9275438135625058
path,0.395,0.6596859582926962,0.7127954140661249,0.5800217746325531,0.9275149533423748
path,0.396,0.6595680102076046,0.7127802891955812,0.5797495917256397,0.9274659683486475
path,0.397,0.6595833002670097,0.712805772627923,0.5797495917256397,0.9274428027920474
path,0.398,0.6596293689415584,0.712882553752171,0.5797495917256397,0.9274483040043396
path,0.399,0.6594986136779779,0.7128460835841457,0.5794774088187262,0.9273936243470816
path,0.4,0.6594050405706405,0.7128715836765257,0.5792052259118128,0.9273704587904814
path,0.401,0.659262713824644,0.7128158277044737,0.5789330430048993,0.927295654359627
path,0.402,0.659292073933939,0.7128647612199653,0.5789330430048993,0.9272637533564922
path,0.403,0.6591677148257112,0.7128389513108615,0.5786608600979859,0.9272119210309995
path,0.404,0.6589293162417269,0.7128045308801055,0.5781164942841589,0.9271428112636759
path,0.405,0.6588958424990867,0.7127487413090386,0.5781164942841589,0.9270680068328215
path,0.406,0.6588995717721406,0.7127549567641285,0.5781164942841589,0.9270247165026251
path,0.40700000000000003,0.6587983513212772,0.7127677112839649,0.5778443113772455,0.927013133724325
path,0.40800000000000003,0.6585651061537815,0.71274187988069,0.5772999455634186,0.9269613013988323
path,0.40900000000000003,0.6585727595423521,0.7127546355283078,0.5772999455634186,0.9269497186205322
path,0.41000000000000003,0.658425226942521,0.7126902031331984,0.5770277626565051,0.9268576367478469
path,0.41100000000000003,0.658311185020386,0.7126815885342488,0.5767555797495917,0.926840359306016
path,0.41200000000000003,0.6584405336725845,0.7127157143499707,0.5770277626565051,0.9268344711912467
path,0.41300000000000003,0.6583405584855316,0.7127305443094916,0.5767555797495917,0.926808458302881
path,0.41400000000000003,0.658471158151188,0.7127667551476433,0.5770277626565051,0.9267881400780464
path,0.41500000000000004,0.6584761367864918,0.7127750528731495,0.5770277626565051,0.9267304196377844
path,0.41600000000000004,0.6586170861096828,0.7128285131405256,0.5772999455634186,0.9267446562966115
path,0.417,0.6584978737394698,0.7128112811281129,0.5770277626565051,0.9267101014129496
path,0.418,0.6586156558392783,0.7128261293565181,0.5772999455634186,0.926684088524584
path,0.419,0.6585413652588747,0.7128837669937877,0.5770277626565051,0.9266694649632801
path,0.42,0.6583093553153433,0.71285999429712,0.5764833968426782,0.926603202527722
path,0.421,0.6580696749678232,0.7128234375938044,0.5759390310288514,0.9265485228704637
path,0.422,0.6581887096578869,0.712840373472635,0.5762112139357648,0.9265080798720328
path,0.423,0.6582027988164658,0.7128638554035999,0.5762112139357648,0.9264993444254981
path,0.424,0.6582001225384978,0.7128593949403198,0.5762112139357648,0.9264532067635363
path,0.425,0.6582142153040356,0.7128828828828828,0.5762112139357648,0.9264444713170015
path,0.426,0.6581794267878741,0.7128249020226137,0.5762112139357648,0.9263840969962125
path,0.427,0.6580794718498947,0.7128397657305903,0.5759390310288514,0.926358084107847
path,0.428,0.6580728652165633,0.7128287546750379,0.5759390310288514,0.9262802388939888
path,0.429,0.6583432610896236,0.7129165039209205,0.5764833968426782,0.9262885874380464
path,0.43,0.6584558866619203,0.7129227579368062,0.5767555797495917,0.9262452971078501
path,0.431,0.658078924306714,0.7128388531586224,0.5759390310288514,0.9261330904615684
path,0.432,0.6580930282178612,0.7128623596772011,0.5759390310288514,0.9261243550150338
path,0.433,0.6582095791284621,0.7128751559235937,0.5762112139357648,0.9261127722367337
path,0.434,0.6580341615324622,0.7129457038061451,0.5756668481219379,0.9260865658971296
path,0.435,0.6579097527933672,0.712919811178929,0.5753946652150245,0.926034733571637
path,0.436,0.6575842127185239,0.7129216102013503,0.5745781164942841,0.9259453055794786
path,0.437,0.6575867169338291,0.7129257838935258,0.5745781164942841,0.9259164453593476
path,0.438,0.6574867820500366,0.7129406810251473,0.5743059335873707,0.925890432470982
path,0.439,0.6574957222112903,0.7129555812939035,0.5743059335873707,0.9258644195826164
path,0.44,0.6574866120846459,0.7129403977494961,0.5743059335873707,0.9258154345888892
path,0.441,0.6573634438515104,0.7129165726322124,0.5740337506804573,0.9257491721533309
path,0.442,0.6573916960437577,0.7129636596192913,0.5740337506804573,0.9257317012602616
path,0.443,0.6572620879428638,0.7129291013890771,0.5737615677735438,0.925662591492938
path,0.444,0.6572903489210586,0.7129762030194018,0.5737615677735438,0.9256451205998686
path,0.445,0.6572967879860507,0.7129869347943887,0.5737615677735438,0.9256479679316341
path,0.446,0.6572084891566476,0.7130212253499926,0.5734893848666304,0.9256420798168647
path,0.447,0.6573211309259815,0.71302750636094,0.5737615677735438,0.9255987894866683
path,0.448,0.6573172023924819,0.7130209588051073,0.5737615677735438,0.9255670819347719
path,0.449,0.6571875862560125,0.7129863871822673,0.5734893848666304,0.9254979721674483
path,0.45,0.6571913532779673,0.712992665552192,0.5734893848666304,0.9254546818372519
path,0.451,0.6570849920305544,0.7129968520777794,0.5732172019597169,0.9254258216171208
path,0.452,0.6567143549641503,0.7129234894475995,0.5724006532389766,0.9253164623026047
path,0.453,0.656609245125021,0.7129297616536595,0.5721284703320632,0.9252731719724082
path,0.454,0.656497690813112,0.7129252930717537,0.5718562874251497,0.9252270343104463
path,0.455,0.6563796898188679,0.712910080019289,0.5715841045182363,0.925178049316719
path,0.456,0.6564806873615051,0.712896953985742,0.5718562874251497,0.9251146342129263
path,0.457,0.6562253324239616,0.7128342729657209,0.5713119216113228,0.9250081222301755
path,0.458,0.6562201376749198,0.7128256150506511,0.5713119216113228,0.9249908447883446
path,0.459,0.656340470509253,0.7128447145032644,0.5715841045182363,0.924935971679848
path,0.46,0.6563429772718059,0.7128488924408524,0.5715841045182363,0.9249071114597172
path,0.461,0.6558465564921403,0.7127473455598455,0.5704953728905825,0.9247603499297736
path,0.462,0.6556015621591786,0.7127019322141273,0.5699510070767556,0.9246883928306847
path,0.463,0.6554912382036759,0.7126995142262318,0.5696788241698422,0.9246278250586574
path,0.464,0.6553628073916294,0.7126669181440966,0.5694066412629287,0.9245442851812683
path,0.465,0.6556398809708408,0.7127657969002309,0.5699510070767556,0.9245554810570914
path,0.466,0.655497289964962,0.712709600495042,0.5696788241698422,0.924480676626237
path,0.467,0.6554945881291967,0.712705097435433,0.5696788241698422,0.9244345389642752
path,0.468,0.6555112530895377,0.7127328723693348,0.5696788241698422,0.9243969432976095
path,0.46900000000000003,0.6557444171681619,0.7127585686244904,0.570223189983669,0.9243737777410093
path,0.47000000000000003,0.6557598386463623,0.712784271088158,0.570223189983669,0.9243506121844092
path,0.47100000000000003,0.6557313068612075,0.7127367181128998,0.570223189983669,0.9242930851953857
path,0.47200000000000003,0.6555964008974011,0.7126933301111649,0.5699510070767556,0.9242066979862311
path,0.47300000000000003,0.6556259953981167,0.7127426542790241,0.5699510070767556,0.9241747969830962
path,0.47400000000000003,0.6555079592322084,0.7127273826071191,0.5696788241698422,0.924125811989369
path,0.47500000000000003,0.6552862569383446,0.7127207893265641,0.5691344583560153,0.9240941044374726
path,0.47600000000000003,0.6549025321956287,0.7126256139025311,0.568317909635275,0.9239790504594256
path,0.47700000000000004,0.6549296303031489,0.7126707774150648,0.568317909635275,0.9239760096764218
path,0.47800000000000004,0.6550241202708544,0.7126468054232984,0.5685900925421884,0.9239097472408636
path,0.47900000000000004,0.655005770178868,0.7126162219366543,0.5685900925421884,0.9238117772534091
path,0.48,0.6548889692521594,0.7126030089967491,0.568317909635275,0.9237483621496163
path,0.481,0.6548499608961654,0.7125379950700924,0.568317909635275,0.923656280276931
path,0.482,0.6546359609811943,0.7125442390876917,0.5677735438214481,0.9236129899467345
path,0.483,0.6547498309448768,0.7125525670892203,0.5680457267283615,0.9235552695064726
path,0.484,0.6548975118117499,0.7126172465960665,0.568317909635275,0.923572353497065
path,0.485,0.6548818586826874,0.7125911580476292,0.568317909635275,0.9235205211715722
path,0.486,0.6545291443294964,0.7125476666061377,0.5675013609145345,0.9234341339624179
path,0.487,0.65430345669573,0.7125344310924114,0.5669569951007076,0.9233707188586251
path,0.488,0.6541853905108899,0.7125191093889537,0.5666848121937942,0.9233217338648978
path,0.489,0.6542033330800217,0.71254901367084,0.5666848121937942,0.9232697080881667
path,0.49,0.6543159577519904,0.7125552661861788,0.5669569951007076,0.9232264177579701
path,0.491,0.6542237863104375,0.7125831023881998,0.5666848121937942,0.9231888220913045
path,0.492,0.6541794911195848,0.7125092770701119,0.5666848121937942,0.9230794627767882
path,0.493,0.6541625646836371,0.7124810663435323,0.5666848121937942,0.9230420605613612
path,0.494,0.6542517795428053,0.7124483025042039,0.5669569951007076,0.9229585206839721
path,0.495,0.6542243907192927,0.7124026544650162,0.5669569951007076,0.9228865635848831
path,0.496,0.6543798515885496,0.712480300642502,0.5672291780076211,0.9228920647971754
path,0.497,0.6543537063035303,0.7124367251674698,0.5672291780076211,0.9228056775880209
path,0.498,0.6543679129236482,0.7124604028676661,0.5672291780076211,0.9227969421414862
path,0.499,0.6542393665755891,0.7124276142255102,0.5669569951007076,0.9227134022640971
path,0.5,0.654086139080926,0.712353690339014,0.5666848121937942,0.922604042949581
path,0.501,0.6538175444973673,0.7122689432423006,0.5661404463799673,0.9224918363032993
path,0.502,0.6537019327438489,0.7122577122577122,0.5658682634730539,0.9224139910894411
path,0.503,0.6536862205694182,0.7122315253003277,0.5658682634730539,0.9223621587639484
path,0.504,0.6538000707784569,0.71223982037745,0.5661404463799673,0.9223044383236865
path,0.505,0.6536585166414405,0.7121853520870316,0.5658682634730539,0.9222152037827667
path,0.506,0.6537998100047502,0.7122393857546054,0.5661404463799673,0.9222294404415936
path,0.507,0.6539565738201113,0.7123192035089317,0.5664126292868807,0.9222205115438205
path,0.508,0.6540574613610708,0.7123058941392553,0.5666848121937942,0.9221570964400276
path,0.509,0.6537163656594507,0.7122817671170487,0.5658682634730539,0.9220908340044696
path,0.51,0.6539403459217221,0.7122921570116164,0.5664126292868807,0.9220186834541421
path,0.511,0.653924616780281,0.7122659417758812,0.5664126292868807,0.9219668511286494
path,0.512,0.6538442008488018,0.7123133704946915,0.5661404463799673,0.92194938023558
path,0.513,0.6536067253540007,0.7122804885459075,0.5655960805661404,0.921865840358191
path,0.514,0.6535145811704413,0.7123083701779175,0.565323897659227,0.9218282446915252
path,0.515,0.6533899706709486,0.7122821412833721,0.5650517147523135,0.9217764123660326
path,0.516,0.653254862235888,0.7122384158295466,0.5647795318454001,0.921690025156878
path,0.517,0.6534116994596291,0.7123183559311728,0.5650517147523135,0.9216810962591049
path,0.518,0.653206698013636,0.7123395973970688,0.5645073489384866,0.921611793040543
path,0.519,0.6532469430423897,0.7124066724449919,0.5645073489384866,0.9216144469210699
path,0.52,0.6528458297598081,0.7122825161211827,0.5636908002177463,0.9214619907275956
path,0.521,0.6526173226586378,0.7122645814951166,0.5631464344039194,0.921352437961841
path,0.522,0.6526328244386209,0.7122904177950886,0.5631464344039194,0.9213292724052408
path,0.523,0.6526353236094071,0.7122945830797321,0.5631464344039194,0.9213004121851098
path,0.524,0.6525184420384615,0.7122812357327651,0.562874251497006,0.921236997081317
path,0.525,0.6526415735332747,0.7123049996195115,0.5631464344039194,0.9212282616347824
path,0.526,0.6523622668807183,0.7122023990744687,0.5626020685900925,0.9210815001048389
path,0.527,0.6524436033163178,0.7121565045291923,0.562874251497006,0.92100954300575
path,0.528,0.6525574637163437,0.7121648165912933,0.5631464344039194,0.920951822565488
path,0.529,0.6524758663466781,0.7122102762464594,0.562874251497006,0.9209487817824842
path,0.53,0.6520023048177431,0.7121468281166704,0.5617855198693522,0.9208422697997334
path,0.531,0.6517782045727541,0.7119547829796311,0.5615133369624388,0.9206121618436394
path,0.532,0.6516677909328702,0.7119522155177668,0.5612411540555253,0.920551594071612
path,0.533,0.6516963153208903,0.7119997561644671,0.5612411540555253,0.9205341231785427
path,0.534,0.6512186775775936,0.7119295143440749,0.5601524224278716,0.9203959036438956
path,0.535,0.6512577492626297,0.7119946338191352,0.5601524224278716,0.920412987634488
path,0.536,0.651043734942262,0.7120008538277403,0.5596080566140447,0.9203696973042914
path,0.537,0.6510279255321246,0.7119745048108446,0.5596080566140447,0.9203178649787989
path,0.538,0.6510381716322127,0.7119915816443246,0.5596080566140447,0.9202774219803678
path,0.539,0.6510065411831184,0.7119388642291676,0.5596080566140447,0.9201737573293824
path,0.54,0.6508412024760788,0.7118447549887106,0.5593358737071312,0.9200442732412699
path,0.541,0.65070594871778,0.7118007873294881,0.5590636908002178,0.9199578860321154
path,0.542,0.6506860772937315,0.7117676682894074,0.5590636908002178,0.9198743461547263
path,0.543,0.6506922732427882,0.7117779948711686,0.5590636908002178,0.9198021956043989
path,0.544,0.6505594760045186,0.7117381214119947,0.5587915078933043,0.9196869481751134
path,0.545,0.6504608405830791,0.7117551843142045,0.5585193249863909,0.9196465051766823
path,0.546,0.6503255536367271,0.7117111613415602,0.5582471420794775,0.9195601179675279
path,0.547,0.6501180457092663,0.7117282253383436,0.5577027762656506,0.9195196749690968
path,0.548,0.6501282872356662,0.71174529454901,0.5577027762656506,0.9194792319706657
path,0.549,0.6498946858002863,0.7117188693659282,0.5571584104518236,0.9194273996451731
path,0.55,0.6498984033763406,0.7117250653260188,0.5571584104518236,0.9193841093149766
path,0.551,0.6497932488123155,0.7117312629905856,0.5568862275449101,0.9193408189847802
path,0.552,0.6497154478662052,0.7117830500183441,0.5566140446379967,0.9192944878715797
path,0.553,0.6495919528505815,0.7117586802635804,0.5563418617310832,0.9192282254360216
path,0.554,0.6495956761582273,0.7117648857763235,0.5563418617310832,0.9191849351058251
path,0.555,0.6494917690000743,0.7117731624506775,0.5560696788241698,0.9191272146655631
path,0.556,0.6493943964670356,0.7117923301668884,0.5557974959172564,0.9190723415570665
path,0.557,0.6492643591213711,0.7117570565287233,0.5555253130103429,0.919003231789743
path,0.558,0.6493243541434901,0.7116755929609794,0.5557974959172564,0.9188621649233304
path,0.559,0.6490486977883646,0.711579076244988,0.5552531301034295,0.9187471109452834
path,0.56,0.6488424366653427,0.7115982182491696,0.5547087642896026,0.9186922378367869
path,0.561,0.6488486280479596,0.7116085372201977,0.5547087642896026,0.9186200872864594
path,0.562,0.6486096849101707,0.7115732091997673,0.5541643984757757,0.9185509775191358
path,0.5630000000000001,0.6485412806101352,0.7116406573043171,0.5538922155688623,0.9185536313996627
path,0.5640000000000001,0.6481697799654652,0.7115658553770274,0.5530756668481219,0.9184442720851467
path,0.5650000000000001,0.6480527782908545,0.7115523078572852,0.5528034839412085,0.9183808569813539
path,0.5660000000000001,0.6478215971475281,0.7115299164942924,0.5522591181273816,0.9183001644357303
path,0.5670000000000001,0.6477503895859803,0.7115926924963217,0.5519869352204682,0.9182566806542952
path,0.5680000000000001,0.6475925279393565,0.7115110450232244,0.5517147523135547,0.9181156137878826
path,0.5690000000000001,0.6475394423972143,0.711422569119654,0.5517147523135547,0.9179428393695737
path,0.5700000000000001,0.6476467111453328,0.7114198950952425,0.5519869352204682,0.9178822715975463
path,0.5710000000000001,0.6477854831435111,0.7114697264875975,0.5522591181273816,0.9178503705944114
path,0.5720000000000001,0.6476672235374218,0.7114540824153909,0.5519869352204682,0.9178013856006842
path,0.5730000000000001,0.6475370992560445,0.711418663884371,0.5517147523135547,0.9177322758333606
path,0.5740000000000001,0.6473529588892162,0.7112932185442661,0.5514425694066413,0.9175798196398864
path,0.5750000000000001,0.6473316897225982,0.7112577699332362,0.5514425694066413,0.9175107098725629
path,0.5760000000000001,0.6472539511273171,0.7113096608790432,0.5511703864997278,0.9174643787593626
path,0.577,0.6468663481576771,0.7112080217434701,0.5503538377789875,0.9173031871193537
path,0.578,0.6465143473542159,0.7111657195515283,0.5495372890582472,0.9172023698001337
path,0.579,0.6461766756593681,0.7111472992072757,0.5487207403375068,0.9170928170343791
path,0.58,0.6460530551035158,0.7111227202187975,0.5484485574305934,0.9170265545988209
path,0.581,0.645522626321081,0.711145948604451,0.5470876428960262,0.9169428212701933
path,0.582,0.6452806978701445,0.711105645062108,0.5465432770821992,0.916827573840908
path,0.583,0.6452618352354998,0.7110742073377003,0.5465432770821992,0.9167296038534534
path,0.584,0.6451340913151465,0.7110427560750537,0.5462710941752857,0.9166316338659988
path,0.585,0.6451365485385425,0.7110468514473804,0.5462710941752857,0.9166027736458677
path,0.586,0.6452331049220196,0.7110263234818998,0.5465432770821992,0.9165076509901786
path,0.587,0.6450411982156636,0.7110693895138579,0.5459989112683723,0.9164440424351474
path,0.588,0.645166895419845,0.7110974295828845,0.5462710941752857,0.9164064467684816
path,0.589,0.6445638131878142,0.7109995688858779,0.5449101796407185,0.916216394908342
path,0.59,0.6446919713701023,0.7110317105850825,0.545182362547632,0.9161499390215453
path,0.591,0.6446208793246302,0.7110946791139046,0.5449101796407185,0.9161064552401103
path,0.592,0.6443895722719972,0.7110720779020677,0.5443658138268916,0.9160257626944865
path,0.593,0.6440189755642594,0.7109987825363313,0.5435492651061513,0.915901973269905
path,0.594,0.6436758919003235,0.7109713422435985,0.542732716385411,0.9157751430623193
path,0.595,0.6434272876798317,0.7109199124186635,0.5421883505715841,0.9156570483012685
path,0.596,0.6433939615564153,0.710864368879636,0.5421883505715841,0.9155678137603487
path,0.597,0.6431375272713973,0.7107998889471573,0.5416439847577572,0.9154613017775979
path,0.598,0.643003110521427,0.7107573163018158,0.5413718018508438,0.9153604844583778
path,0.599,0.6431683031185833,0.7108511820258008,0.5416439847577572,0.9153399727823046
path,0.6,0.6429315901304352,0.7108195709214385,0.5410996189439303,0.91524200279485
path,0.601,0.6426631769258813,0.7107351261230666,0.5405552531301034,0.9151153660385031
path,0.602,0.6425513939067842,0.7107302763625135,0.54028307022319,0.9150692283765411
path,0.603,0.6425324016021551,0.7106986225214651,0.54028307022319,0.9149712583890866
path,0.604,0.642575593514586,0.7107706090421834,0.54028307022319,0.9149450520494825
path,0.605,0.6425804993278245,0.7107787853975808,0.54028307022319,0.9148873316092205
path,0.606,0.6423252121199223,0.7107162172602952,0.5397387044093631,0.9147663895164042
path,0.607,0.641797742984519,0.7105629231197255,0.5386499727817093,0.9145621009974374
path,0.608,0.641610025116905,0.7106129705495866,0.5381056069678825,0.9145301999943025
path,0.609,0.6413827635694487,0.7105971118463774,0.5375612411540556,0.9144812150005753
path,0.61,0.6411896893749143,0.7106382320647047,0.5370168753402287,0.9144320365556096
path,0.611,0.6412251130637658,0.7106972715461239,0.5370168753402287,0.9144174129943056
path,0.612,0.6405659585138164,0.7105059569859198,0.5356559608056614,0.9141584448180806
path,0.613,0.6401789741946036,0.710405348934392,0.534839412084921,0.9139828230680063
path,0.614,0.6401598928894509,0.7103735467591374,0.534839412084921,0.9138848530805517
path,0.615,0.639884680014027,0.7102777691759823,0.5342950462710941,0.9137553689924394
path,0.616,0.6398667895905359,0.7102479518034971,0.5342950462710941,0.9136429688949192
path,0.617,0.639919081299892,0.7103351046524238,0.5342950462710941,0.9135907496669495
path,0.618,0.6399926827354088,0.7102763184403429,0.5345672291780076,0.9134409473540024
path,0.619,0.6398977171504665,0.7102994977367147,0.5342950462710941,0.9133572140253747
path,0.62,0.639903806113294,0.7103096460080939,0.5342950462710941,0.9132850634750473
path,0.621,0.6397704121539916,0.7102687780138655,0.5340228633641807,0.9131698160457619
path,0.622,0.6396370060219725,0.7102278897317759,0.5337506804572673,0.9130545686164764
path,0.623,0.6393934990450624,0.7101849553128103,0.5332063146434404,0.9129537512972564
path,0.624,0.6389280513655573,0.7101350302654044,0.5321175830157866,0.9128212264261402
path,0.625,0.6388902522823205,0.7100720317933432,0.5321175830157866,0.9127002843333238
path,0.626,0.6386773584291349,0.7100801192472517,0.5315732172019597,0.9126425638930619
path,0.627,0.6381469257812886,0.709921885919277,0.5304844855743059,0.912467135594226
path,0.628,0.6377169119819919,0.7099310173388851,0.5293957539466522,0.9123199871618057
path,0.629,0.637583412378101,0.7098899732703425,0.5291235710397387,0.9122047397325201
path,0.63,0.6369915488364648,0.7098108103906602,0.5277626565051715,0.9120348126459766
path,0.631,0.6364159026596188,0.7097586764522952,0.5264017419706043,0.9119167178849259
path,0.632,0.6360405289128487,0.7096774193548386,0.5255851932498639,0.9117612209084478
path,0.633,0.6356675324965724,0.7096001244748716,0.5247686445291235,0.9115768637118388
path,0.634,0.6352559461071319,0.7094585129729645,0.5239520958083832,0.9113609924145718
path,0.635,0.6352727963544252,0.7094865967184533,0.5239520958083832,0.9113233967479062
path,0.636,0.6351831811179849,0.7095186932623284,0.5236799129014698,0.9112569408611095
path,0.637,0.634735326512518,0.7093166347337103,0.5228633641807294,0.9109806952430537
path,0.638,0.6342708103884703,0.7092682622787334,0.5217746325530757,0.9108337402618718
path,0.639,0.6340173888205203,0.7092088035413678,0.5212302667392488,0.9106839379489245
path,0.64,0.6334427672313067,0.7091583772490567,0.5198693522046816,0.9105514130778082
path,0.641,0.6328482232504451,0.7090747469706657,0.5185084376701143,0.9104103462113957
path,0.642,0.6328904209728046,0.7091450765079315,0.5185084376701143,0.9103985699818571
path,0.643,0.6326115789391074,0.7090432503276539,0.5179640718562875,0.9102229482317827
path,0.644,0.6321118780722542,0.7089362366346679,0.5168753402286337,0.9100011888197466
path,0.645,0.6317670089838718,0.7089058206345241,0.5160587915078934,0.9098887887222264
path,0.646,0.6316519747747247,0.708895552223888,0.5157866086009799,0.9097965133983027
path,0.647,0.6312762421543641,0.7088136970037805,0.5149700598802395,0.9096410164218247
path,0.648,0.631524124678339,0.7088639240011874,0.5155144256940664,0.9096091154186898
path,0.649,0.6314925517610761,0.7088113024724159,0.5155144256940664,0.909491020657639
path,0.65,0.6315172395371347,0.708852448765847,0.5155144256940664,0.9094418422126731
path,0.651,0.6312702757112827,0.7088037529319781,0.5149700598802395,0.9092948872314913
path,0.652,0.6308164794968018,0.7087732469929457,0.5138813282525857,0.9091824871339713
path,0.653,0.6308043215712216,0.708934439054921,0.5136091453456723,0.9091790594484904
path,0.654,0.6306063114708554,0.7087858774922532,0.5133369624387588,0.90900647848142
path,0.655,0.6304536755020403,0.7087129394821703,0.5130647795318454,0.9088682589467728
path,0.656,0.6296646453393424,0.7086680761099365,0.5111594991834513,0.90869244374546
path,0.657,0.6297994222134663,0.7087112489622007,0.5114316820903647,0.9086288351904288
path,0.658,0.6295214234157316,0.7086108281751939,0.5108873162765378,0.9084387833302889
path,0.659,0.6292919680277729,0.7085913130711475,0.5103429504627109,0.9083292305645343
path,0.66,0.6291470802477764,0.7085312887090958,0.5100707675557975,0.908179428251587
path,0.661,0.629016685710476,0.7084954197515372,0.5097985846488841,0.9080208904921051
path,0.662,0.6288395875898124,0.7083817114883736,0.5095264017419706,0.9078424214102654
path,0.663,0.6284348900540242,0.7082515814092201,0.5087098530212303,0.9076149673346983
path,0.664,0.6280921582619791,0.7082247275696385,0.50789330430049,0.9074737070170473
path,0.665,0.6271744711676411,0.7079654359780047,0.5059880239520959,0.907093796748006
path,0.666,0.6265196164578501,0.7077812878180646,0.5046271094175285,0.9068376759035466
path,0.667,0.6262821471640216,0.707748416204235,0.5040827436037016,0.906739705916092
path,0.668,0.6261491888980191,0.7077082743655062,0.5038105606967882,0.906610028376741
path,0.669,0.6258774301169069,0.7076182536062039,0.5032661948829613,0.9064228238483665
path,0.67,0.6257034590016743,0.7075097570187586,0.5029940119760479,0.9062010644363303
path,0.671,0.6256416283530946,0.707588161209068,0.5027218290691344,0.9061315677665298
path,0.672,0.6254920247771966,0.7075202771871802,0.502449646162221,0.9059500579016861
path,0.673,0.6250769189160845,0.7073727998991537,0.5016330974414807,0.905673618832392
path,0.674,0.6245916134545402,0.707289778548349,0.5005443658138269,0.9055181218559138
path,0.675,0.6240008585147944,0.7072124633384842,0.49918345127925967,0.9053193345492393
path,0.676,0.6236088802516893,0.7071035320471359,0.49836690255851934,0.905097575137203
path,0.677,0.6234401414351144,0.7070037559574535,0.4980947196516059,0.9048930931669977
path,0.678,0.6234627063008066,0.7070413640669403,0.4980947196516059,0.9047833469500046
path,0.679,0.6234249920723822,0.7069785070195664,0.4980947196516059,0.9046479747471229
path,0.68,0.6231116538905437,0.7068191872590533,0.497550353837779,0.9043686883460631
path,0.681,0.62308171792872,0.7067692939893474,0.497550353837779,0.9042217333648813
path,0.682,0.6225649182826462,0.7066337823309935,0.4964616222101252,0.9040231395094454
path,0.683,0.6221837596777448,0.7065428838033181,0.49564507348938486,0.9038359349810708
path,0.684,0.6217115398929782,0.7064816719138097,0.4945563418617311,0.9036861326681236
path,0.685,0.6209355603112297,0.7062771042385491,0.49292324442025043,0.9033954569400022
path,0.686,0.6207011358248427,0.7062493073037888,0.49237887860642354,0.9032541966223513
path,0.687,0.6203884585823851,0.7060910891089109,0.4918345127925966,0.9029604801112261
path,0.6880000000000001,0.6198803026718441,0.7059699836764449,0.49074578116494283,0.9027358733674244
path,0.6890000000000001,0.6192800003770559,0.7058767562081761,0.4893848666303756,0.9024736709569571
path,0.6900000000000001,0.6189749148140166,0.7057311908123285,0.48884050081654873,0.9022577996596901
path,0.6910000000000001,0.6188559257959694,0.7057143310535253,0.4885683179096353,0.9021193866738045
path,0.6920000000000001,0.6183856526772922,0.7056563636074994,0.4874795862819815,0.9019407241407262
path,0.6930000000000001,0.6179412687677864,0.70546008957215,0.48666303756124113,0.9016673258544359
path,0.6940000000000001,0.6173429655119087,0.7053701938353987,0.4853021230266739,0.901465691215996
path,0.6950000000000001,0.6170118123574846,0.7051811824539097,0.48475775721284703,0.9012240004816019
path,0.6960000000000001,0.6166715228817579,0.7049769438702497,0.48421339139902014,0.9009188946434151
path,0.6970000000000001,0.6161077340284995,0.7047631168665882,0.48312465977136637,0.9005965113633974
path,0.6980000000000001,0.6158594326999055,0.7047121918614828,0.4825802939575395,0.9004495563822155
path,0.6990000000000001,0.6156369454833864,0.7047042903765024,0.4820359281437126,0.9003284208381608
path,0.7000000000000001,0.6157217661482994,0.7046642028800816,0.48230811105062604,0.900094885196586
path,0.7010000000000001,0.6154038661354218,0.7046787353391125,0.48149156232988566,0.899979444316062
path,0.7020000000000001,0.6152361135618899,0.704580602987835,0.4812193794229722,0.8997461021257258
path,0.7030000000000001,0.6152685243123294,0.7046346209052342,0.4812193794229722,0.8996853409024599
path,0.704,0.6150974491233347,0.7045309508615187,0.4809471965160588,0.89949528904232
path,0.705,0.6151090226593866,0.7043687848169962,0.4812193794229722,0.8992160026412603
path,0.706,0.6147570788095689,0.7043265775477935,0.4804028307022319,0.8989968971097511
path,0.707,0.6143521696268301,0.7041960947237225,0.47958628198149156,0.8987405828140531
path,0.708,0.6142576089392942,0.7042199488491048,0.4793140990745781,0.8986424193753599
path,0.709,0.613856125535142,0.7040951756560115,0.4784975503538378,0.8984322427416238
path,0.71,0.6135826559064161,0.7040023034840196,0.4779531845400109,0.8982450382132494
path,0.711,0.61336106945786,0.7039959032789772,0.477408818726184,0.8981094725591292
path,0.712,0.6127833482370003,0.7039403109339226,0.47604790419161674,0.89790194980592
path,0.713,0.6125880395950922,0.7037962518020182,0.4757757212847033,0.8976572182885221
path,0.714,0.6122759511008122,0.7036390148541029,0.4752313554708764,0.8974240695494242
path,0.715,0.611786646510581,0.7035493282888199,0.47414262384322264,0.8972080048009188
path,0.716,0.6115501013023388,0.7033365415463586,0.4738704409363092,0.8968567613007701
path,0.717,0.6113701273831731,0.7032180402856913,0.47359825802939576,0.8965888642267721
path,0.718,0.611355703577888,0.7031940006102163,0.47359825802939576,0.8964043135789245
path,0.719,0.6114209262921413,0.7033027051339716,0.47359825802939576,0.8963722191245511
path,0.72,0.6113362159699186,0.7033429765348762,0.4733260751224823,0.8962336126874271
path,0.721,0.6113218110228142,0.7033189682897022,0.4733260751224823,0.8960490620395796
path,0.722,0.6108967590620724,0.7031549141689593,0.472509526401742,0.8957697756385199
path,0.723,0.6103616833267513,0.70298894236186,0.4714207947740882,0.8955049193475255
path,0.724,0.6104607085114524,0.7029725290650863,0.47169297768100166,0.8953520762515745
path,0.725,0.6099876943608835,0.702909993232574,0.47060424605334783,0.8950984158364034
path,0.726,0.6098778436373704,0.7029083639646612,0.4703320631464344,0.8949195598520867
path,0.727,0.6095900511136033,0.7027916203009338,0.4697876973326075,0.8947266606601814
path,0.728,0.6093451203894853,0.702746312969955,0.4692433315187806,0.8945219852387376
path,0.729,0.6086447330190649,0.7024862770422992,0.4678824169842134,0.8941593524115273
path,0.73,0.608689191654359,0.7025603747677893,0.4678824169842134,0.8940292879696994
path,0.731,0.6080913155726534,0.7024711909879915,0.4665215024496462,0.8937987931111285
path,0.732,0.6077481626762542,0.7022621800365443,0.46597713663581924,0.8934936872729418
path,0.733,0.6074263644324746,0.702088760172796,0.46543277082199236,0.8931826933199856
path,0.734,0.6072552587727801,0.7019850393445808,0.4651605879150789,0.8928743532475565
path,0.735,0.606967263308355,0.7020494127176994,0.4643440391943386,0.8927270113638976
path,0.736,0.6067441576756696,0.7018590252678326,0.46407185628742514,0.8924564604093725
path,0.737,0.6062741808247052,0.7016200963300521,0.4632553075666848,0.8920995222456931
path,0.738,0.6056535702605588,0.7014930217461863,0.4618943930321176,0.8917854875097331
path,0.739,0.6044163582797808,0.7012455544909791,0.4591725639629831,0.8913968417941572
path,0.74,0.6035871037578648,0.7009521952487732,0.45753946652150246,0.8909968067515197
path,0.741,0.6031190524307943,0.700535020246207,0.45699510070767557,0.8904471628471735
path,0.742,0.6026530555071858,0.7003027245206862,0.45617855198693524,0.8900180741331665
path,0.743,0.60215708499624,0.7002019280875457,0.4550898203592814,0.8897703018327647
path,0.744,0.6017200636214404,0.7000179249433733,0.4542732716385411,0.8894276003279122
path,0.745,0.6012555083420754,0.6997880319582587,0.45345672291780076,0.8890735094959981
path,0.746,0.6005387052195422,0.699500636443748,0.45209580838323354,0.8886013239030333
path,0.747,0.5999422721525013,0.6992324024171157,0.45100707675557977,0.88816369319373
path,0.748,0.5997742647792116,0.6991338453995751,0.45073489384866633,0.8878870606731972
path,0.749,0.5991903112677492,0.699067865903516,0.44937397931409906,0.8876334002580262
path,0.75,0.5988820400799505,0.6989169911330694,0.4488296135002722,0.8874030988506937
path,0.751,0.5984951144351149,0.6988164808721702,0.44801306477953184,0.8871408964402264
path,0.752,0.5981305613472883,0.6985718029350104,0.44746869896570496,0.8867983883866124
path,0.753,0.5974223644362372,0.6982987511063035,0.44610778443113774,0.8863896178974402
path,0.754,0.5971850867332632,0.6980847435392892,0.4458356015242243,0.8860845120592534
path,0.755,0.5967144791437173,0.6980262186418152,0.4447468698965705,0.8858625591959788
path,0.756,0.5959869842727403,0.6977210035465651,0.44338595536200326,0.8854163864913793
path,0.757,0.5954153154242303,0.6974940432174842,0.4422972237343495,0.8850045752192033
path,0.758,0.5953559372148651,0.6975765348064845,0.44202504082743604,0.8848917882192062
path,0.759,0.5952598795946651,0.6975978940440934,0.4417528579205226,0.8846897666782894
path,0.76,0.5947917306014469,0.6975434668071655,0.44066412629286883,0.8844245234848183
path,0.761,0.5940533665421206,0.6974015916692755,0.4390310288513881,0.8840932113070273
path,0.762,0.593957263913248,0.6974228758924301,0.4387588459444747,0.8838911897661104
path,0.763,0.5936206103870774,0.6972246972246972,0.4382144801306478,0.8835312108194271
path,0.764,0.5937778176764061,0.6971237988310273,0.4387588459444747,0.8832545782988943
path,0.765,0.5935212140337922,0.6968775813646128,0.43848666303756123,0.8828976401352148
path,0.766,0.5934138746842017,0.6966986824486288,0.43848666303756123,0.8825722160721932
path,0.767,0.5924182251869613,0.6964909087900998,0.4363091997822537,0.8821805295736134
path,0.768,0.5918146370455786,0.69639220491084,0.4349482852476865,0.8818750368329497
path,0.769,0.5913940956313894,0.696235668367685,0.4341317365269461,0.8815553074334588
path,0.77,0.5909579159185022,0.6960530679933665,0.43331518780620576,0.8811404553782789
path,0.771,0.5907193598509592,0.6958369298187371,0.4330430048992923,0.8807026312177373
path,0.772,0.5901158177714076,0.6955568474379205,0.43195427327163854,0.8803082908386306
path,0.773,0.5900082438897103,0.6953775576350913,0.43195427327163854,0.8799684366655435
path,0.774,0.5895104882565596,0.6950923307270006,0.4311377245508982,0.8794990984043439
path,0.775,0.5884526239698658,0.6945994104814401,0.42923244420250406,0.8788457898490123
path,0.776,0.5882921477224996,0.6943319500691633,0.42923244420250406,0.87842543658154
path,0.777,0.5879371869842092,0.6939218041099547,0.4289602612955906,0.8778814873407246
path,0.778,0.5876584266149416,0.6940015693083358,0.4281437125748503,0.8776648422385037
path,0.779,0.5869021471725994,0.693648379927477,0.4267827980402831,0.8771351296565153
path,0.78,0.5861278730788577,0.693446654732228,0.4251497005988024,0.8766280022774116
path,0.781,0.5854257472175213,0.693183721319712,0.42378878606423515,0.8761354984596118
path,0.782,0.5849966278550911,0.6930128881961553,0.4229722373434948,0.8757984916182902
path,0.783,0.5848099818457664,0.692883266785223,0.4227000544365814,0.8753978762219372
path,0.784,0.5841512110686033,0.6926925918463296,0.42133913990201416,0.8750118843868883
path,0.785,0.583623126281598,0.6923568163484808,0.42052259118127383,0.8745167266885616
path,0.786,0.5829617136032486,0.6919802829696675,0.41943385955362006,0.8739380291128459
path,0.787,0.5824741339161901,0.6915305607004546,0.4188894937397931,0.8733711077666688
path,0.788,0.5823858305436516,0.6915648436841663,0.4186173108328797,0.8731142131172553
path,0.789,0.5817001293695274,0.6913292847503374,0.41725639629831246,0.8726735416249483
path,0.79,0.5809038079018689,0.6910908139318936,0.4156232988568318,0.8722617303527722
path,0.791,0.5802494293043632,0.6907260040211534,0.41453456722917803,0.8717897382110458
path,0.792,0.5795665329860941,0.6904951198470829,0.41317365269461076,0.8712769161684113
path,0.793,0.5784270273667189,0.690047585984996,0.4109961894393032,0.8706378442719066
path,0.794,0.577477874605812,0.6897358516157472,0.4090909090909091,0.8700762306867833
path,0.795,0.5772335135885109,0.6895100385248545,0.4088187261839956,0.8696239764161762
path,0.796,0.5760713879441561,0.6890248046211349,0.4066412629286881,0.8689763625243754
path,0.797,0.5754205473603351,0.6884844361285933,0.40582471420794775,0.8682567915334856
path,0.798,0.5747177431698273,0.6882203721674583,0.40446379967338053,0.8678104253776477
path,0.799,0.5739546071384525,0.687855755138212,0.40310288513881326,0.8672662826855937
path,0.8,0.5737282346302646,0.6876599228958411,0.4028307022318998,0.8668514306304138
path,0.801,0.5734696130718895,0.6874103422364916,0.4025585193249864,0.8663501913660794
path,0.802,0.5733119634512553,0.6873290481400437,0.40228633641807293,0.8659926728486844
path,0.803,0.572535152494631,0.6869416395687146,0.4009254218835057,0.8653995451629033
path,0.804,0.5716348271828341,0.6865298290100401,0.39929232444202506,0.8648007228135912
path,0.805,0.5709310149208441,0.6862640849297683,0.3979314099074578,0.8643254964376224
path,0.806,0.5704257796184257,0.6857849366349554,0.3973870440936309,0.8636374395473905
path,0.807,0.5699695210742409,0.6855688715418078,0.3965704953728906,0.8631158820582212
path,0.808,0.5696870473769169,0.6852795373175433,0.39629831246597713,0.8626061007985906
path,0.809,0.5690101571953035,0.6848772080999568,0.39520958083832336,0.8619812655609131
path,0.81,0.5684333571509617,0.6844602405065474,0.39439303211758303,0.8613824432116011
path,0.811,0.5674601174332583,0.6839269059380289,0.3927599346761023,0.8607118572144385
path,0.812,0.5664842074079603,0.6835705761281284,0.3908546543277082,0.8600695510836915
path,0.8130000000000001,0.565893394141782,0.6829487978937158,0.39031028851388133,0.8592318853317509
path,0.8140000000000001,0.5648342630767497,0.6824537663509247,0.38840500816548723,0.8584544004493606
path,0.8150000000000001,0.5645785648444959,0.6822090579017772,0.3881328252585738,0.8578982880765297
path,0.8160000000000001,0.5637280241674669,0.6816987664631071,0.3867719107240065,0.8571323859724396
path,0.8170000000000001,0.5628210068744924,0.6812758026024701,0.38513881328252586,0.8565047034029964
path,0.8180000000000001,0.5622609183122877,0.6808866874792892,0.38432226456178553,0.8558999929389152
path,0.8190000000000001,0.5615771268756555,0.6804728561700046,0.38323353293413176,0.855289587811303
path,0.8200000000000001,0.5598908294621664,0.6798398237361638,0.3799673380511704,0.8544663521694279
path,0.8210000000000001,0.5590793661557479,0.6793946612485111,0.3786064235166032,0.8537031039458647
path,0.8220000000000001,0.5578195491860799,0.678928063740545,0.37615677735438213,0.8528475803983777
path,0.8230000000000001,0.5573309560750717,0.678476652431416,0.37561241154055525,0.852156482725142
path,0.8240000000000001,0.556951912890201,0.6780263690612403,0.3753402286336418,0.8514076646116442
path,0.8250000000000001,0.5561358082868805,0.6775734710787511,0.3739793140990746,0.8506877067182774
path,0.8260000000000001,0.5555913377719011,0.6772103860342789,0.37316276537833426,0.8501059683595578
path,0.8270000000000001,0.5547275661893567,0.676496587815141,0.37207403375068043,0.8491934981767628
path,0.8280000000000001,0.5531497390929184,0.6754999734292244,0.36962438758845945,0.8480106704906811
path,0.8290000000000001,0.5521310789226125,0.6747094828350927,0.36826347305389223,0.8470666862072282
path,0.8300000000000001,0.551244071503361,0.673775502950167,0.3674469243331519,0.845987523172132
path,0.8310000000000001,0.5497068184093117,0.6730279671728411,0.3647250952640174,0.8450404981056752
path,0.8320000000000001,0.548557943972061,0.6723833633430195,0.3628198149156233,0.8442345399056308
path,0.833,0.5472495306114524,0.671654316578877,0.3606423516603157,0.8433364998329014
path,0.834,0.5458098145452349,0.6708878872433284,0.35819270549809473,0.8423721973246137
path,0.835,0.5454267592623275,0.6704309170430918,0.3579205225911813,0.8414963555522919
path,0.836,0.5444697760651667,0.6697432214042018,0.356559608056614,0.8405808445864928
path,0.837,0.543294893070567,0.6688738147075228,0.35492651061513336,0.839478322543558
path,0.838,0.5427117447466433,0.6682648113768679,0.3543821448013065,0.8386260332303135
path,0.839,0.5414685983167314,0.6671001770167263,0.35302123026673926,0.837310874124354
path,0.84,0.5401350959206455,0.666147859922179,0.3511159499183451,0.8361912680908266
path,0.841,0.5389371070395687,0.6652399434147048,0.34948285247686445,0.83505419116423
path,0.842,0.5379907481754169,0.6642070444549454,0.3486663037561241,0.8338453505897828
path,0.843,0.5370503335930972,0.6637284184453996,0.34703320631464346,0.832998369037592
path,0.844,0.5358390450819999,0.6627983358878913,0.34540010887316275,0.831916165219492
path,0.845,0.5344854244676926,0.6616310331583664,0.3437670114316821,0.8305778405569323
path,0.846,0.5332752627235393,0.6607028285457645,0.34213391399020143,0.8293974733001391
path,0.847,0.5320541151766206,0.6595748589906116,0.34077299945563416,0.8281138282948376
path,0.848,0.5310690919142774,0.6590218851810268,0.3391399020141535,0.8272959004140163
path,0.849,0.529666436193863,0.6577728572746564,0.33750680457267285,0.8258856186523676
path,0.85,0.527383484883231,0.6565083122214619,0.3336962438758846,0.8245446401092811
path,0.851,0.5256431531300843,0.6554223120123069,0.33097441480675016,0.823289661872872
path,0.852,0.5235709911851905,0.6537832614835736,0.3282525857376157,0.8216352289475409
path,0.853,0.5221877404374013,0.6527480304695212,0.3263473053892216,0.8204233475900898
path,0.854,0.5207584691438514,0.6518175538171431,0.324169842133914,0.8192370922185275
path,0.855,0.5187242579568788,0.6506046650941629,0.32090364725095266,0.8178294643374058
path,0.856,0.5172230939191136,0.649554367201426,0.31872618399564506,0.8166175829799547
path,0.857,0.5150838979295921,0.6478035932649798,0.31600435492651063,0.8149027757338347
path,0.858,0.513608895792042,0.6471598090818194,0.31328252585737615,0.8138309939866037
path,0.859,0.5122375520861964,0.6459629678663968,0.3116494284158955,0.8124896285410402
path,0.86,0.5108251365117962,0.6446976735367171,0.31001633097441483,0.8111195963265843
path,0.861,0.5086384159400892,0.6432306025058463,0.30675013609145346,0.8095769831450577
path,0.862,0.5069941976524966,0.6419418808633972,0.30457267283614586,0.8081059401601433
path,0.863,0.5049852478353356,0.6398638180670582,0.30266739248775176,0.8061293174060329
path,0.864,0.5039250535641802,0.6382782828864081,0.3023952095808383,0.8045090524618866
path,0.865,0.5020414320645226,0.6369534664330683,0.2996733805117039,0.8028532653778861
path,0.866,0.5007128215554736,0.6354649366697559,0.29858464888405006,0.801301916749825
path,0.867,0.49885798288400546,0.6338251810541807,0.2964071856287425,0.7996615270320824
path,0.868,0.4971149923209786,0.6321903836813988,0.2945019052803484,0.7979546814275432
path,0.869,0.4956489006886954,0.6310170845265228,0.29259662493195426,0.7966360946361029
path,0.87,0.49407314139166253,0.6298424612016731,0.2904191616766467,0.795193331517604
path,0.871,0.49155198664684024,0.6278179998822768,0.28715296679368535,0.7931527133059855
path,0.872,0.48926747994851383,0.6260064967024314,0.2841589548176375,0.7913452438334647
path,0.873,0.4881681035692246,0.6247185685507762,0.2833424060968971,0.7898969795026736
path,0.874,0.4855949305112003,0.6229703205852613,0.2795318454001089,0.7880401381339486
path,0.875,0.48385373470902787,0.6215199697518456,0.2773543821448013,0.7863930864964828
path,0.876,0.48205265577969836,0.6196069031639502,0.27572128470332063,0.7844904943682729
path,0.877,0.4803003508669932,0.6179565818750375,0.27381600435492653,0.782789149976026
path,0.878,0.4782811978151733,0.6158615136876006,0.2719107240065324,0.7807137834295071
path,0.879,0.474867839673918,0.6132573230638608,0.2672836145890038,0.7783338913985169
path,0.88,0.4716751254178957,0.6110208722488427,0.2626565051714752,0.7761664429793129
path,0.881,0.46887137078264957,0.6090697769259003,0.25857376156777356,0.7741915068495371
path,0.882,0.4661695402373488,0.6069256445436488,0.25503538377789875,0.7721218349665491
path,0.883,0.4644284603871875,0.6047496658784826,0.253946652150245,0.7700897587502267
path,0.884,0.4615682423885337,0.6019786438647582,0.25095264017419705,0.7676551870619783
path,0.885,0.458867262146705,0.5994730181124089,0.24795862819814915,0.7653814201112621
path,0.886,0.45740044407691616,0.5973912318719787,0.24741426238432226,0.76339794198619
path,0.887,0.4541769607637871,0.5947405887525647,0.24333151878062056,0.7610205103844883
path,0.888,0.4516620259616497,0.5920006729192075,0.24115405552531302,0.7586952980107562
path,0.889,0.44892575020118897,0.5892547660311959,0.23843222645617856,0.7562544513052616
path,0.89,0.44540090701262325,0.5859204011814453,0.2346216657593903,0.7534600941215684
path,0.891,0.4424439397388672,0.5831695856471594,0.23135547087642896,0.7510450668532009
path,0.892,0.4394631402611834,0.5801975945017183,0.22836145890038106,0.7484544178347592
path,0.893,0.4362626879149591,0.5770409705133187,0.2250952640174197,0.7458816266118639
path,0.894,0.4328788586689886,0.5737601736299511,0.2215568862275449,0.7431964352914484
path,0.895,0.42922596685415715,0.5702123944030908,0.21774632553075668,0.7403415103357278
path,0.896,0.42590498649725317,0.5670363456681674,0.21420794774088187,0.7376585859933622
path,0.897,0.4220351314052021,0.5631269609792744,0.21039738704409364,0.734610955296975
path,0.898,0.41810015726257893,0.5596534103532549,0.20577027762656505,0.7319172219812633
path,0.899,0.4136309535517689,0.5556523876561418,0.20059880239520958,0.7289331998399071
path,0.9,0.41047554875124126,0.5522079323680187,0.19787697332607512,0.7262014839550528
path,0.901,0.4053743745441662,0.5478794465955664,0.19161676646706588,0.7229117756217945
path,0.902,0.40152078617883846,0.5441786283891547,0.18753402286336418,0.7201054487573243
path,0.903,0.3966825656919454,0.5404698540882813,0.1810016330974415,0.7172208897765189
path,0.904,0.3918486290525146,0.5362238537193517,0.1752857920522591,0.714187689190197
path,0.905,0.3868870008356627,0.53176503405472,0.16956995100707675,0.7110075336226934
path,0.906,0.38208903054508386,0.5270346117867166,0.16467065868263472,0.7078397346384437
path,0.907,0.37723287423009305,0.5220257575400843,0.16004354926510614,0.704475995679285
path,0.908,0.3729323141717513,0.5177614417832582,0.15568862275449102,0.7014564513980747
path,0.909,0.367677144354536,0.5126319308467453,0.1502449646162221,0.6980839769923812
path,0.91,0.36280560155875063,0.5085047088218335,0.14425694066412628,0.6953384113511768
path,0.911,0.3582927620808173,0.503705138761079,0.1401741970604246,0.6920741355525687
path,0.912,0.353470256346086,0.498389458272328,0.1360914534567229,0.6886494419189055
path,0.913,0.34812547716275866,0.4932920536635707,0.13037561241154055,0.6854552431438133
path,0.914,0.3429982697574324,0.48783144759971275,0.12574850299401197,0.6820565623985159
path,0.915,0.3372238533187349,0.48219943616994737,0.11976047904191617,0.6786147847742603
path,0.916,0.3309455091914969,0.4762719110731082,0.11295590636908003,0.6750463703936577
path,0.917,0.32615343102982264,0.47155130901994574,0.108056614044638,0.6721042844238287
path,0.918,0.3199815889647634,0.4654383768175198,0.10179640718562874,0.6685242872649261
path,0.919,0.3131224064636331,0.45890569830674466,0.09444746869896571,0.6647832919172529
path,0.92,0.3067328810960446,0.4522485053288277,0.0884594447468699,0.6610394492378145
path,0.921,0.30026206679100576,0.444730009703391,0.08356015242242787,0.6569508315267121
path,0.922,0.2947587927429292,0.4380982600877889,0.07974959172563963,0.6533624858237517
path,0.923,0.28931240843167744,0.4313798714289525,0.07621121393576484,0.6497507811129526
path,0.924,0.2840462457213785,0.4253247626475888,0.07212847033206314,0.6465157524369524
path,0.925,0.27684529464372853,0.41677082767240914,0.06695699510070767,0.6421275300999555
path,0.926,0.2700475826166179,0.4085260472389104,0.0623298856831791,0.6379984693904219
path,0.927,0.26369893097294717,0.40102970077781164,0.05770277626565052,0.63428633426288
path,0.928,0.25723113549836707,0.3929718707226459,0.05362003266194883,0.6303961169559751
path,0.929,0.2505357105126374,0.38362738179251943,0.05089820359281437,0.6259706858547894
path,0.93,0.24507564713078853,0.3761603735975853,0.048448557430593356,0.622480116688045
path,0.931,0.23848462855171143,0.3673528058877644,0.045182362547632006,0.6184691507395624
path,0.932,0.2320304611039275,0.35859186812548977,0.042188350571584106,0.6145531139955305
path,0.933,0.22464320010385042,0.3497274166129316,0.037016875340228635,0.6106482731273216
path,0.934,0.21777750675814903,0.34082496816795477,0.03320631464344039,0.6067891830185976
path,0.935,0.21133440488576366,0.3317195624887932,0.030756668481219378,0.6029597269349587
path,0.936,0.20453640476545903,0.322567025543593,0.027490473598258028,0.5991821031768123
path,0.937,0.19694683570582094,0.3124581175753884,0.02367991290146979,0.5950879842534176
path,0.9380000000000001,0.18963707348643638,0.3022711885271127,0.020685900925421885,0.5910367687577424
path,0.9390000000000001,0.182729850660664,0.29257370319691506,0.017964071856287425,0.5872439410845766
path,0.9400000000000001,0.17608189266147953,0.2834897811823062,0.014970059880239521,0.5837649546961323
path,0.9410000000000001,0.169396939864883,0.27398129062945936,0.012520413718018509,0.580190845651999
path,0.9420000000000001,0.16236601163540287,0.2633518085413129,0.010887316276537834,0.5762835443545017
path,0.9430000000000001,0.15642034972003852,0.25398673782953257,0.010070767555797496,0.5729051818340389
path,0.9440000000000001,0.15011973205262868,0.24530026109660577,0.007348938486663037,0.5698288843687591
path,0.9450000000000001,0.14389700370139005,0.23583632353425288,0.005988023952095809,0.5665346420794009
path,0.9460000000000001,0.13796210712995607,0.22667065033363212,0.004899292324442025,0.5633985506470476
path,0.9470000000000001,0.13208335714307198,0.21778001004520342,0.003538377789874796,0.5604116811739261
path,0.9480000000000001,0.12530637272261827,0.20702940182494084,0.0027218290691344584,0.5568529694960506
path,0.9490000000000001,0.11899818867153594,0.1970601275536305,0.001905280348394121,0.5536217554080082
path,0.9500000000000001,0.11291273252867304,0.18728061119141026,0.0013609145345672292,0.5505112899615435
path,0.9510000000000001,0.1068371012273842,0.17715455902259553,0.0013609145345672292,0.5473322951014707
path,0.9520000000000001,0.10141207566061733,0.16829430501592635,0.0010887316276537834,0.5446214777951667
path,0.9530000000000001,0.09629735393342094,0.16013267934648365,0.0005443658138268917,0.5421751298773797
path,0.9540000000000001,0.09018358748693125,0.14994306860233417,0.0005443658138268917,0.539122771773654
path,0.9550000000000001,0.08420698399369218,0.13998206278026903,0.0005443658138268917,0.5361911623115061
path,0.9560000000000001,0.07862814147308278,0.13086544718386234,0.00027218290691344586,0.5335585771215372
path,0.9570000000000001,0.0730795847750865,0.1217993079584775,0.0,0.530977824257061
path,0.9580000000000001,0.06787469738096985,0.11312449563494975,0.0,0.5285409855907628
path,0.9590000000000001,0.06309954918335674,0.10516591530559458,0.0,0.526376771405801
path,0.96,0.057589634759298555,0.09598272459883093,0.0,0.52387651763571
path,0.961,0.05299670362601139,0.08832783937668565,0.0,0.5218137011236836
path,0.962,0.04804524033930254,0.08007540056550423,0.0,0.5196128585282487
path,0.963,0.04333017257728048,0.07221695429546747,0.0,0.517541500020926
path,0.964,0.038953310955141894,0.06492218492523649,0.0,0.5156455698124395
path,0.965,0.0352318896128785,0.058719816021464165,0.0,0.5140517046591356
path,0.966,0.03160691593823405,0.05267819323039009,0.0,0.51251251916309
path,0.967,0.028315023982670585,0.04719170663778431,0.0,0.5111457211828764
path,0.968,0.0255358807082945,0.04255980118049083,0.0,0.5100061838269913
path,0.969,0.02255234530354427,0.03758724217257379,0.0,0.5087889947084864
path,0.97,0.020089966751417953,0.03348327791902992,0.0,0.5077819822237175
path,0.971,0.01687617850408548,0.0281269641734758,0.0,0.5064842940108274
path,0.972,0.014566665352934221,0.024277775588223704,0.0,0.5055720172792709
path,0.973,0.01219406112846467,0.020323435214107784,0.0,0.5046339211105872
path,0.974,0.01017795568942967,0.016963259482382784,0.0,0.5038169604859584
path,0.975,0.008485281849600762,0.014142136416001271,0.0,0.5031551099353304
path,0.976,0.006737814590633959,0.011229690984389933,0.0,0.5024788292746372
path,0.977,0.0056951423785594636,0.009491903964265773,0.0,0.502081641563765
path,0.978,0.004553443042019491,0.007589071736699152,0.0,0.5016385096421696
path,0.979,0.003599280143971206,0.00599880023995201,0.0,0.501267334819663
path,0.98,0.002979456169156221,0.004965760281927035,0.0,0.5010655067299846
path,0.981,0.0025011022485871177,0.004168503747645196,0.0,0.5008984269752065
path,0.982,0.002118015163063099,0.003530025271771832,0.0,0.500771596767621
path,0.983,0.0017824167001204338,0.002970694500200723,0.0,0.5006648913336317
path,0.984,0.0013496143958868895,0.002249357326478149,0.0,0.5004980050300921
path,0.985,0.001301675304326865,0.0021694588405447753,0.0,0.5004892695835573
path,0.986,0.0009163250542560886,0.0015272084237601478,0.0,0.5003311187265524
path,0.987,0.0008201005025125627,0.0013668341708542712,0.0,0.5003051058381868
path,0.988,0.000675566993726878,0.0011259449895447966,0.0,0.5002561208444596
path,0.989,0.0006273878946310075,0.0010456464910516793,0.0,0.5002416907343941
path,0.99,0.0004827419744146754,0.0008045699573577923,0.0,0.5001927057406668
path,0.991,0.00033797376679810086,0.0005632896113301681,0.0,0.5001351787516433
path,0.992,0.00019315895372233401,0.00032193158953722336,0.0,0.5000776517626198
path,0.993,0.00019316672703126886,0.0003219445450521148,0.0,0.5000804990943852
path,0.994,0.0,0.0,0.0,0.5
path,0.995,0.0,0.0,0.0,0.5
path,0.996,0.0,0.0,0.0,0.5
path,0.997,0.0,0.0,0.0,0.5
path,0.998,0.0,0.0,0.0,0.5
path,0.999,0.0,0.0,0.0,0.5
path,1.0,0.0,0.0,0.0,0.5
