role,threshold,objective,node_f1,exact_set_attack,node_balanced_accuracy
source,0.0,0.053042657282636685,0.08840442880439447,0.0,0.5
source,0.001,0.724920372773058,0.63262450080213,0.8633641807294502,0.9716968743712335
source,0.002,0.7445589573063425,0.653379427120079,0.8813282525857377,0.9738395377377682
source,0.003,0.7571760590556207,0.6655166217430368,0.8946652150244965,0.9750942673563914
source,0.004,0.7662017317034466,0.67529720662242,0.9025585193249864,0.9761482589244588
source,0.005,0.7723898685953947,0.6821631179547631,0.9077299945563418,0.9768700993035819
source,0.006,0.7768149320359321,0.6873607604336849,0.9109961894393032,0.9772601287449596
source,0.007,0.7804467482847477,0.6912363242597365,0.9142623843222646,0.9776550486625233
source,0.008,0.7835162890883249,0.695263493971378,0.9158954817637452,0.9780117233296637
source,0.009000000000000001,0.7864011233824237,0.6982569984154531,0.9186173108328797,0.9782611680854125
source,0.01,0.7889357194838931,0.7008482278097546,0.9210669569951007,0.9785174737272752
source,0.011,0.7914304080427152,0.7031914893617021,0.9237887860642352,0.978747625732213
source,0.012,0.7926765879907129,0.7049055453991468,0.9243331518780621,0.9789150090085313
source,0.013000000000000001,0.7945531114631567,0.706762897620957,0.9262384322264562,0.9790954691033121
source,0.014,0.7958839827677147,0.7082551953767844,0.92732716385411,0.979190607401205
source,0.015,0.796528043563959,0.7093286300371918,0.92732716385411,0.9791464864696318
source,0.016,0.7972909972446419,0.7102373089624453,0.9278715296679368,0.9791353800610969
source,0.017,0.7982690130599621,0.7115044247787611,0.9284158954817637,0.9791582733805643
source,0.018000000000000002,0.799444941998132,0.712738485257275,0.9295046271094175,0.9792759647467257
source,0.019,0.8003828389455097,0.7141201915649621,0.929776810016331,0.9793580262261561
source,0.02,0.8015071840308245,0.7150868236841088,0.9311377245508982,0.9794495639553928
source,0.021,0.8018834867447189,0.7158954501452083,0.9308655416439847,0.9794767027972813
source,0.022,0.8026042855637698,0.716733870967742,0.9314099074578116,0.9795064570028622
source,0.023,0.8031557586645455,0.7172900822598168,0.9319542732716385,0.9795587642767118
source,0.024,0.8039420308148528,0.7182376253011111,0.9324986390854655,0.9796476866422559
source,0.025,0.8047379771061464,0.71901983663944,0.9333151878062058,0.9797209168256452
source,0.026000000000000002,0.8052499447813934,0.7196916608269096,0.9335873707131193,0.9797836855542646
source,0.027,0.8057289835427761,0.7203086034912718,0.9338595536200327,0.9798412235554991
source,0.028,0.8060775396218909,0.7207080750185206,0.9341317365269461,0.9798291319420005
source,0.029,0.8066779249934088,0.7211643514905571,0.9349482852476865,0.9798222710558868
source,0.03,0.8069296021130932,0.721402358085422,0.9352204681545999,0.97974578055504
source,0.031,0.80753064968821,0.7218597382301232,0.9360370168753402,0.9797389196689263
source,0.032,0.8074391837925985,0.7220702056133219,0.9354926510615134,0.9796598138043873
source,0.033,0.8078772026201348,0.722437326449998,0.9360370168753402,0.9796938135323894
source,0.034,0.8082235429534024,0.7228331050675014,0.9363091997822537,0.9797304286240841
source,0.035,0.8085061729957985,0.7231226998668859,0.9365813826891671,0.9797078755558155
source,0.036000000000000004,0.8087101088923532,0.7234625930278105,0.9365813826891671,0.9797392599201253
source,0.037,0.8087243068721491,0.7236677115987461,0.9363091997822537,0.9797088607607793
source,0.038,0.8089733739624128,0.7239013681445764,0.9365813826891671,0.9796810769651259
source,0.039,0.8093077777859158,0.7242772525791392,0.9368535655960806,0.9796663699879348
source,0.04,0.809393026991728,0.7244193345888261,0.9368535655960806,0.9796794468063972
source,0.041,0.8096724989459029,0.7247036659078421,0.937125748502994,0.9797056004433219
source,0.042,0.8098432317084067,0.7249882205120151,0.937125748502994,0.9797317540802466
source,0.043000000000000003,0.8102318449254086,0.725272998664467,0.9376701143168209,0.9797579077171714
source,0.044,0.810671918992719,0.7256435449007663,0.9382144801306478,0.9797919074451735
source,0.045,0.8108430949812939,0.7259288382150579,0.9382144801306478,0.9798180610820983
source,0.046,0.8111061416564624,0.7261857940690631,0.9384866630375612,0.9798415993553307
source,0.047,0.8112261298674498,0.7263857744207088,0.9384866630375612,0.979859906901178
source,0.048,0.8113290295167598,0.7265572738362255,0.9384866630375612,0.9798755990833328
source,0.049,0.811739818131366,0.7268790109846844,0.9390310288513881,0.9798556613787568
source,0.05,0.8119517419159383,0.7270507620210294,0.9393032117583016,0.9798713535609116
source,0.051000000000000004,0.8120018367011084,0.727315708600922,0.9390310288513881,0.9798461851289506
source,0.052000000000000005,0.8122010072430281,0.7274662042328458,0.9393032117583016,0.9798105552422198
source,0.053,0.8124131199822212,0.7276382701935586,0.939575394665215,0.9798262474243746
source,0.054,0.8126941676775086,0.7279252277477619,0.9398475775721284,0.9798524010612994
source,0.055,0.8129408782734345,0.7281549568030297,0.9401197604790419,0.9798733239708391
source,0.056,0.8128708492106695,0.728219696969697,0.9398475775721284,0.9798298479930309
source,0.057,0.8129915628992386,0.7284208864506453,0.9398475775721284,0.9798481555388783
source,0.058,0.8130950848759162,0.7285934230784413,0.9398475775721284,0.9798638477210331
source,0.059000000000000004,0.8131813906592706,0.7287372660506989,0.9398475775721284,0.9798769245394954
source,0.06,0.8131287360651381,0.7288309636650868,0.939575394665215,0.9798360639253796
source,0.061,0.8131452278088125,0.7290399051758198,0.9393032117583016,0.9798056647660336
source,0.062,0.8133578214765824,0.7292127726841606,0.939575394665215,0.9798213569481884
source,0.063,0.8134269958107501,0.7293280632411068,0.939575394665215,0.9798318184029584
source,0.064,0.813513494493878,0.7294722277129867,0.939575394665215,0.9798448952214207
source,0.065,0.8135827180653664,0.729587600332134,0.939575394665215,0.9798553566761907
source,0.066,0.8136391355208221,0.72968162942456,0.939575394665215,0.9798144960620748
source,0.067,0.8139434738118699,0.7298259493670887,0.9401197604790419,0.9798275728805372
source,0.068,0.8140474293953834,0.7299992086729445,0.9401197604790419,0.979843265062692
source,0.069,0.8141687733094384,0.7302014485297027,0.9401197604790419,0.9798615726085393
source,0.07,0.8143643618686722,0.7303459741904836,0.9403919433859553,0.9798746494270018
source,0.07100000000000001,0.814668857923885,0.7304905570732867,0.9409363091997822,0.9798877262454642
source,0.07200000000000001,0.8147209242501197,0.7305773342836779,0.9409363091997822,0.9798955723365416
source,0.073,0.8147903652640713,0.7306930693069307,0.9409363091997822,0.9799060337913115
source,0.074,0.815147059641764,0.7309246493938674,0.9414806750136091,0.9799269567008513
source,0.075,0.8152165667009028,0.731040494492432,0.9414806750136091,0.9799374181556211
source,0.076,0.8155166979309633,0.7313592579379238,0.9417528579205225,0.9799661871562384
source,0.077,0.8157299639936364,0.7315332461044367,0.942025040827436,0.9799818793383932
source,0.078,0.8158910522346391,0.7316202712348322,0.9422972237343494,0.9799897254294707
source,0.079,0.8159955196698463,0.7317943836268442,0.9422972237343494,0.9800054176116255
source,0.08,0.816065192254768,0.7319105046017137,0.9422972237343494,0.9800158790663954
source,0.081,0.8161221273320066,0.7320053963971114,0.9422972237343494,0.9799750184522795
source,0.082,0.8162484285030986,0.7320344430776557,0.9425694066412629,0.979977633815972
source,0.083,0.8163577086711131,0.7322165766910131,0.9425694066412629,0.9799446192929336
source,0.084,0.8166277790205448,0.7323037833975148,0.9431137724550899,0.979952465384011
source,0.085,0.8168238865920695,0.7324491740787803,0.9433859553620033,0.9799655422024734
source,0.08600000000000001,0.8167720797978275,0.7325442846929859,0.9431137724550899,0.9799246815883575
source,0.08700000000000001,0.8168943111750357,0.7327480036549997,0.9431137724550899,0.9799429891342049
source,0.088,0.8168251043879744,0.7328141142811729,0.9428415895481764,0.9798995131563966
source,0.089,0.8171127479344842,0.7329306096494714,0.9433859553620033,0.9799099746111666
source,0.09,0.8171477048793006,0.7329888712241653,0.9433859553620033,0.9799152053385515
source,0.091,0.8171651854358701,0.7330180054851148,0.9433859553620033,0.9799178207022439
source,0.092,0.8172176354442131,0.7331054221656862,0.9433859553620033,0.9799256667933214
source,0.093,0.8173614822297262,0.7331637115369324,0.9436581382689168,0.9799308975207063
source,0.094,0.8173789711267534,0.7331928596986443,0.9436581382689168,0.9799335128843988
source,0.095,0.8176103055163831,0.7333969617434184,0.9439303211758302,0.9799518204302461
source,0.096,0.8176803139766562,0.7335136425105401,0.9439303211758302,0.979962281885016
source,0.097,0.8175412156114528,0.7334632671731435,0.9436581382689168,0.9799083444524378
source,0.098,0.8176462670441889,0.7336383528943703,0.9436581382689168,0.9799240366345927
source,0.099,0.8178124882140545,0.7337339329062039,0.9439303211758302,0.9798831760204768
source,0.1,0.8180615597318994,0.7339675968313365,0.9442025040827436,0.9799040989300166
source,0.101,0.8180615597318994,0.7339675968313365,0.9442025040827436,0.9799040989300166
source,0.10200000000000001,0.8180615597318994,0.7339675968313365,0.9442025040827436,0.9799040989300166
source,0.10300000000000001,0.8181141571391091,0.7340552591766861,0.9442025040827436,0.979911945021094
source,0.10400000000000001,0.8180451902311731,0.7341217696014016,0.9439303211758302,0.9798684690432857
source,0.105,0.8182417790745504,0.7342679624024215,0.9442025040827436,0.9798815458617481
source,0.106,0.8182944252538902,0.7343557060346545,0.9442025040827436,0.9798893919528255
source,0.107,0.8182255149245155,0.7344223107569722,0.9439303211758302,0.9798459159750172
source,0.108,0.818457313752015,0.7346271868648626,0.9442025040827436,0.9798642235208646
source,0.109,0.8184924479684368,0.7346857438922323,0.9442025040827436,0.9798694542482496
source,0.11,0.8185451597963628,0.7347735969387755,0.9442025040827436,0.979877300339327
source,0.111,0.8184411737164952,0.7347817420769384,0.9439303211758302,0.9798285936341337
source,0.112,0.818716546513236,0.7348777861956218,0.9444746869896571,0.9797877330200178
source,0.113,0.8187005062400139,0.735032507678194,0.9442025040827436,0.979752103133287
source,0.114,0.8187406042821042,0.7350993377483444,0.9442025040827436,0.9797086271554787
source,0.115,0.8187933983932618,0.7351873279336073,0.9442025040827436,0.9797164732465561
source,0.116,0.8186894469060864,0.7351955307262571,0.9439303211758302,0.9796677665413629
source,0.117,0.8191040961925136,0.7353422470564757,0.9447468698965705,0.9796808433598252
source,0.11800000000000001,0.8192179037335603,0.7353504710202777,0.945019052803484,0.9796321366546319
source,0.11900000000000001,0.8193620032661949,0.7354091816367265,0.9452912357103974,0.9796373673820169
source,0.12,0.8195237265318447,0.7354972651415338,0.9455634186173109,0.9796452134730943
source,0.121,0.8195413460463015,0.7355266309989619,0.9455634186173109,0.9796478288367867
source,0.122,0.8196854624592346,0.7355853697492414,0.9458356015242243,0.9796530595641717
source,0.123,0.8196727918436167,0.7355642520565451,0.9458356015242243,0.979601737495286
source,0.124,0.8198345431426376,0.7356523822836375,0.9461077844311377,0.9796095835863634
source,0.125,0.8198874339513974,0.7357405336315705,0.9461077844311377,0.9796174296774408
source,0.126,0.8199100361118605,0.7357782038990092,0.9461077844311377,0.9795713383359401
source,0.127,0.8200541842983847,0.7358369956052737,0.9463799673380512,0.979576569063325
source,0.128,0.820107107405113,0.7359252007831542,0.9463799673380512,0.9795844151544024
source,0.129,0.8201600432012053,0.7360134271099745,0.9463799673380512,0.9795922612454799
source,0.13,0.8201650319773851,0.736021741736941,0.9463799673380512,0.9795435545402866
source,0.131,0.8201826823788656,0.7360511590727418,0.9463799673380512,0.9795461699039791
source,0.132,0.8203621712588429,0.7361688519347618,0.9466521502449646,0.9795566313587489
source,0.133,0.8203974875865923,0.7362277124810106,0.9466521502449646,0.9795618620861339
source,0.134,0.8203289472295145,0.7362949338238235,0.9463799673380512,0.9795183861083256
source,0.135,0.8203466126549901,0.7363243761996161,0.9463799673380512,0.9795210014720181
source,0.136,0.8203819477446264,0.7363832680156763,0.9463799673380512,0.979526232199403
source,0.137,0.8203819477446264,0.7363832680156763,0.9463799673380512,0.979526232199403
source,0.138,0.8204172884869723,0.7364421692529195,0.9463799673380512,0.9795314629267879
source,0.139,0.8204349609783352,0.7364716234051913,0.9463799673380512,0.9795340782904804
source,0.14,0.8205056650823463,0.7365894635785432,0.9463799673380512,0.9795445397452505
source,0.14100000000000001,0.8206498987826281,0.736648397807737,0.9466521502449646,0.9795497704726354
source,0.14200000000000002,0.8205283822142764,0.7366273254650931,0.9463799673380512,0.9794984484037497
source,0.14300000000000002,0.8205460655140795,0.7366567976314315,0.9463799673380512,0.9795010637674421
source,0.14400000000000002,0.8206726233917081,0.7366862721562037,0.9466521502449646,0.9795036791311346
source,0.145,0.8208345591911234,0.7367747098839535,0.9469243331518781,0.979511525222212
source,0.146,0.8209053291944741,0.7368926598895381,0.9469243331518781,0.9795219866769819
source,0.147,0.821049595856754,0.7369516490553956,0.9471965160587915,0.9795272174043668
source,0.148,0.8211938681860738,0.7370106476663196,0.947468698965705,0.9795324481317518
source,0.149,0.8213558507273493,0.7370991632971697,0.9477408818726184,0.9795402942228293
source,0.15,0.8216444294049084,0.7372172172172172,0.9482852476864453,0.9795507556775991
source,0.151,0.8216621410382203,0.7372467366060703,0.9482852476864453,0.9795533710412916
source,0.152,0.8216191729602855,0.7371751231428457,0.9482852476864453,0.9794481115398276
source,0.153,0.8216900353104095,0.7372932270597189,0.9482852476864453,0.9794585729945975
source,0.154,0.8217431969755555,0.7373818298349624,0.9482852476864453,0.979466419085675
source,0.155,0.8217786451846655,0.7374409101834789,0.9482852476864453,0.9794716498130599
source,0.156,0.8217963714194362,0.7374704539080967,0.9482852476864453,0.9794742651767523
source,0.157,0.8218495586466592,0.7375590992868019,0.9482852476864453,0.9794821112678298
source,0.158,0.8218850239022748,0.7376182080461612,0.9482852476864453,0.9794873419952148
source,0.159,0.8218850239022748,0.7376182080461612,0.9482852476864453,0.9794873419952148
source,0.16,0.8219027586618353,0.7376477659787618,0.9482852476864453,0.9794899573589072
source,0.161,0.8219204948427916,0.7376773262803559,0.9482852476864453,0.9794925727225997
source,0.162,0.8219382324453152,0.7377068889512284,0.9482852476864453,0.9794951880862921
source,0.163,0.8220648446323419,0.737736453991664,0.9485574305933587,0.9794978034499846
source,0.164,0.8220825850785122,0.7377660214019478,0.9485574305933587,0.9795004188136771
source,0.165,0.8221180702372632,0.7378251633331997,0.9485574305933587,0.9795056495410621
source,0.166,0.8221713086439817,0.7379138940110638,0.9485574305933587,0.9795134956321394
source,0.167,0.8221713086439817,0.7379138940110638,0.9485574305933587,0.9795134956321394
source,0.168,0.8221713086439817,0.7379138940110638,0.9485574305933587,0.9795134956321394
source,0.169,0.8221890576251968,0.7379434756464222,0.9485574305933587,0.9795161109958319
source,0.17,0.8222955814037095,0.7381210152772767,0.9485574305933587,0.9795318031779868
source,0.171,0.8223133403502635,0.7381506135215333,0.9485574305933587,0.9795344185416792
source,0.17200000000000001,0.8223843903812434,0.7382690302398333,0.9485574305933587,0.9795448799964492
source,0.17300000000000001,0.8224021564510362,0.7382986403561544,0.9485574305933587,0.9795474953601417
source,0.17400000000000002,0.8225643363748381,0.7383874849578821,0.9488296135002722,0.979555341451219
source,0.17500000000000002,0.822617655966964,0.7384763509447587,0.9488296135002722,0.9795631875422965
source,0.176,0.8226532094923856,0.7385356068204613,0.9488296135002722,0.9795684182696814
source,0.177,0.8226709883948129,0.7385652383245066,0.9488296135002722,0.9795710336333739
source,0.178,0.8226887687239464,0.7385948722063957,0.9488296135002722,0.9795736489970663
source,0.179,0.822706550479958,0.7386245084664151,0.9488296135002722,0.9795762643607588
source,0.18,0.822706550479958,0.7386245084664151,0.9488296135002722,0.9795762643607588
source,0.181,0.822742118273303,0.7386837881219903,0.9488296135002722,0.9795814950881438
source,0.182,0.8228687774737455,0.7387134315181186,0.9491017964071856,0.9795841104518364
source,0.183,0.8228687774737455,0.7387134315181186,0.9491017964071856,0.9795841104518364
source,0.184,0.8229221441528567,0.7388023759833039,0.9491017964071856,0.9795919565429138
source,0.185,0.8227525245363375,0.7387011318937144,0.9488296135002722,0.9794840816777574
source,0.186,0.8227703152752744,0.738730783125276,0.9488296135002722,0.9794866970414497
source,0.187,0.8228059010381805,0.7387900927301193,0.9488296135002722,0.9794919277688348
source,0.188,0.8228414925156092,0.7388494118591673,0.9488296135002722,0.9794971584962198
source,0.189,0.8229859628717031,0.7389087405147148,0.9491017964071856,0.9795023892236047
source,0.19,0.8231482425447851,0.7389977513652425,0.9493739793140991,0.9795102353146821
source,0.191,0.823183854033888,0.7390571038470807,0.9493739793140991,0.9795154660420671
source,0.192,0.823183854033888,0.7390571038470807,0.9493739793140991,0.9795154660420671
source,0.193,0.8232016619236235,0.7390867836633066,0.9493739793140991,0.9795180814057596
source,0.194,0.8230980243705697,0.7390955096794923,0.9491017964071856,0.9794693747005663
source,0.195,0.8231158360469084,0.7391251958067236,0.9491017964071856,0.9794719900642588
source,0.196,0.8231567076356688,0.7391933151213242,0.9491017964071856,0.9794285140864505
source,0.197,0.8232101669135514,0.7392824139177951,0.9491017964071856,0.9794363601775279
source,0.198,0.8230887224845305,0.7392614618073693,0.9488296135002722,0.9793850381086421
source,0.199,0.823106546035004,0.7392911677248252,0.9488296135002722,0.9793876534723346
source,0.2,0.823106546035004,0.7392911677248252,0.9488296135002722,0.9793876534723346
source,0.201,0.8229851005125405,0.739270213791995,0.9485574305933587,0.9793363314034489
source,0.202,0.8230385825423956,0.73935935050842,0.9485574305933587,0.9793441774945262
source,0.203,0.8231099119808818,0.7394782329058971,0.9485574305933587,0.9793546389492962
source,0.20400000000000001,0.8232366210875184,0.7395079594790159,0.9488296135002722,0.9793572543129887
source,0.20500000000000002,0.8232240541321182,0.7394870145533489,0.9488296135002722,0.9793059322441029
source,0.20600000000000002,0.823259732180424,0.739546477967192,0.9488296135002722,0.9793111629714879
source,0.20700000000000002,0.8232954159670571,0.7396059509449137,0.9488296135002722,0.9793163936988728
source,0.20800000000000002,0.8233132600126789,0.73963569102095,0.9488296135002722,0.9793190090625653
source,0.209,0.8234578255721636,0.7396951783488157,0.9491017964071856,0.9793242397899502
source,0.21,0.823620248096296,0.7397844272844272,0.9493739793140991,0.9793320858810277
source,0.211,0.8235523803352706,0.7398527696206605,0.9491017964071856,0.9792886099032194
source,0.212,0.8234488070994974,0.7398616028323142,0.9488296135002722,0.9792399031980261
source,0.213,0.8235934022355226,0.7399211394544138,0.9491017964071856,0.9792451339254111
source,0.214,0.8234719709433247,0.739900209238693,0.9488296135002722,0.9791938118565253
source,0.215,0.8235077005308936,0.7399597585513079,0.9488296135002722,0.9791990425839102
source,0.216,0.8235255674814803,0.7399895368022857,0.9488296135002722,0.9792016579476027
source,0.217,0.8235434358701668,0.7400193174500966,0.9488296135002722,0.9792042733112951
source,0.218,0.8235791769625334,0.7400788859373743,0.9488296135002722,0.9792095040386801
source,0.219,0.8236149238093827,0.7401384640154565,0.9488296135002722,0.9792147347660651
source,0.22,0.8234756228834007,0.7400877510767621,0.9485574305933587,0.9791607973334868
source,0.221,0.8234934979599101,0.7401175428709443,0.9485574305933587,0.9791634126971793
source,0.222,0.823389947538687,0.7401264141068481,0.9482852476864453,0.9791147059919861
source,0.223,0.8231292082813393,0.7400547592204864,0.9477408818726184,0.9790094464905221
source,0.224,0.8231828505543871,0.7401441630088995,0.9477408818726184,0.9790172925815996
source,0.225,0.8233274924334995,0.7402037775361444,0.9480130647795318,0.9790225233089845
source,0.226,0.8233274924334995,0.7402037775361444,0.9480130647795318,0.9790225233089845
source,0.227,0.8232970503177732,0.7401530406766008,0.9480130647795318,0.9789685858764063
source,0.228,0.8233023782056863,0.7401619204897893,0.9480130647795318,0.978919879171213
source,0.229,0.8233381564254079,0.740221550855992,0.9480130647795318,0.978925109898598
source,0.23,0.8233381564254079,0.740221550855992,0.9480130647795318,0.978925109898598
source,0.231,0.8233739404104632,0.740281190831084,0.9480130647795318,0.9789303406259829
source,0.232,0.823361384003751,0.7402602634865638,0.9480130647795318,0.9788790185570972
source,0.233,0.8233792790947297,0.740290088638195,0.9480130647795318,0.9788816339207898
source,0.234,0.8233792790947297,0.740290088638195,0.9480130647795318,0.9788816339207898
source,0.23500000000000001,0.8233792790947297,0.740290088638195,0.9480130647795318,0.9788816339207898
source,0.23600000000000002,0.8233792790947297,0.740290088638195,0.9480130647795318,0.9788816339207898
source,0.23700000000000002,0.8233667216004259,0.7402691594810219,0.9480130647795318,0.978830311851904
source,0.23800000000000002,0.8233846190697287,0.7402989885965265,0.9480130647795318,0.9788329272155964
source,0.23900000000000002,0.8235292914985153,0.7403586540398953,0.9482852476864453,0.9788381579429815
source,0.24,0.8236739696983519,0.7404183291016807,0.9485574305933587,0.9788433886703664
source,0.241,0.8235525417008327,0.7403974043770909,0.9482852476864453,0.9787920666014807
source,0.242,0.8236793204840183,0.7404272470777912,0.9485574305933587,0.9787946819651732
source,0.243,0.8237151360554668,0.7404869396968721,0.9485574305933587,0.9787999126925581
source,0.244,0.8237151360554668,0.7404869396968721,0.9485574305933587,0.9787999126925581
source,0.245,0.8237330460068442,0.7405167896158343,0.9485574305933587,0.9788025280562506
source,0.246,0.8235937088464076,0.7404660162863823,0.9482852476864453,0.9787485906236724
source,0.247,0.8235937088464076,0.7404660162863823,0.9482852476864453,0.9787485906236724
source,0.248,0.8235937088464076,0.7404660162863823,0.9482852476864453,0.9787485906236724
source,0.249,0.8237384052320218,0.7405257216577972,0.9485574305933587,0.9787538213510573
source,0.25,0.8237384052320218,0.7405257216577972,0.9485574305933587,0.9787538213510573
source,0.251,0.8237384052320218,0.7405257216577972,0.9485574305933587,0.9787538213510573
source,0.252,0.8236169778746749,0.7405047980001612,0.9482852476864453,0.9787024992821716
source,0.253,0.8236707263579364,0.7405943788055971,0.9482852476864453,0.9787103453732489
source,0.254,0.8238154390680085,0.7406541113844416,0.9485574305933587,0.9787155761006339
source,0.255,0.8238512843970531,0.7407138535995161,0.9485574305933587,0.9787208068280189
source,0.256,0.8237477873611221,0.7407228138109067,0.9482852476864453,0.9786721001228256
source,0.257,0.8237836432456148,0.7407825736183945,0.9482852476864453,0.9786773308502106
source,0.258,0.8237836432456148,0.7407825736183945,0.9482852476864453,0.9786773308502106
source,0.259,0.8236622212321291,0.7407616588671938,0.9480130647795318,0.9786260087813248
source,0.26,0.8238607641272352,0.7409111084210951,0.9482852476864453,0.9786390855997872
source,0.261,0.8238787024157128,0.7409410055685579,0.9482852476864453,0.9786417009634797
source,0.262,0.8238787024157128,0.7409410055685579,0.9482852476864453,0.9786417009634797
source,0.263,0.8239325259683188,0.7410307114895678,0.9482852476864453,0.9786495470545571
source,0.264,0.8239684155777868,0.7410905275053478,0.9482852476864453,0.9786547777819421
source,0.265,0.8241311340198574,0.7411802696375233,0.9485574305933587,0.9786626238730194
source,0.266,0.8239917723479,0.7411294554555363,0.9482852476864453,0.9786086864404413
source,0.267,0.8238524082144124,0.7410786371709994,0.9480130647795318,0.978554749007863
source,0.268,0.8237130416190971,0.7410278147834162,0.9477408818726184,0.9785008115752849
source,0.269,0.8236095726095378,0.7410368217054263,0.947468698965705,0.9784521048700916
source,0.27,0.8236454784556997,0.7410966647823629,0.947468698965705,0.9784573355974765
source,0.271,0.8236454784556997,0.7410966647823629,0.947468698965705,0.9784573355974765
source,0.272,0.8235420155419595,0.7411056818640714,0.9471965160587915,0.9784086288922833
source,0.273,0.823559973033645,0.7411356110168807,0.9471965160587915,0.9784112442559758
source,0.274,0.823559973033645,0.7411356110168807,0.9471965160587915,0.9784112442559758
source,0.275,0.8235779319757964,0.7411655425871331,0.9471965160587915,0.9784138596196682
source,0.276,0.8234565138253944,0.7411446342744054,0.9469243331518781,0.9783625375507825
source,0.277,0.8234565138253944,0.7411446342744054,0.9469243331518781,0.9783625375507825
source,0.278,0.8233171328179147,0.7410937878665481,0.9466521502449646,0.9783086001182043
source,0.279,0.8233171328179147,0.7410937878665481,0.9466521502449646,0.9783086001182043
source,0.28,0.8233530559292995,0.741153659718856,0.9466521502449646,0.9783138308455892
source,0.281,0.8234798928244758,0.7411835992728741,0.9469243331518781,0.9783164462092817
source,0.28200000000000003,0.8233584725086027,0.7411626873510281,0.9466521502449646,0.978265124140396
source,0.28300000000000003,0.8233764386370939,0.7411926308985133,0.9466521502449646,0.9782677395040884
source,0.28400000000000003,0.823399828903546,0.7412316146759335,0.9466521502449646,0.9782216481625876
source,0.28500000000000003,0.8234717233375591,0.7413514387326221,0.9466521502449646,0.9782321096173576
source,0.28600000000000003,0.8234591787464379,0.7413305310807534,0.9466521502449646,0.9781807875484718
source,0.28700000000000003,0.8233197812846809,0.7412796572491006,0.9463799673380512,0.9781268501158936
source,0.28800000000000003,0.8231983585276998,0.7412587412587412,0.9461077844311377,0.9780755280470079
source,0.289,0.8231983585276998,0.7412587412587412,0.9461077844311377,0.9780755280470079
source,0.29,0.8233252103162538,0.7412887056350554,0.9463799673380512,0.9780781434107004
source,0.291,0.823578918254283,0.7413486416558861,0.9469243331518781,0.9780833741380853
source,0.292,0.823705774404111,0.7413786133009906,0.9471965160587915,0.9780859895017777
source,0.293,0.8236023387920468,0.7413876758854925,0.9469243331518781,0.9780372827965845
source,0.294,0.8236203256346949,0.7414176539565728,0.9469243331518781,0.978039898160277
source,0.295,0.8236563036841409,0.741477617372316,0.9469243331518781,0.9780451288876619
source,0.296,0.8236742948912915,0.7415076027175671,0.9469243331518781,0.9780477442513544
source,0.297,0.8236742948912915,0.7415076027175671,0.9469243331518781,0.9780477442513544
source,0.298,0.8234314562767511,0.7414657822358842,0.9463799673380512,0.9779451001135829
source,0.299,0.8234854443196304,0.74155576230735,0.9463799673380512,0.9779529462046603
source,0.3,0.8233640248125457,0.7415348517334843,0.9461077844311377,0.9779016241357746
source,0.301,0.8231211797066857,0.7414930204329355,0.9455634186173109,0.9777989799980031
source,0.302,0.8231266299914373,0.7415021042408547,0.9455634186173109,0.97775027329281
source,0.303,0.82298719963805,0.7414511755898183,0.9452912357103974,0.9776963358602317
source,0.304,0.8228477668113977,0.7414002428166735,0.945019052803484,0.9776423984276534
source,0.305,0.8228657699740384,0.7414302480877413,0.945019052803484,0.9776450137913459
source,0.306,0.8228657699740384,0.7414302480877413,0.945019052803484,0.9776450137913459
source,0.307,0.8229017806713187,0.7414902659165418,0.945019052803484,0.977650244518731
source,0.308,0.8227983593575919,0.7414993523316062,0.9447468698965705,0.9776015378135376
source,0.309,0.8227983593575919,0.7414993523316062,0.9447468698965705,0.9776015378135376
source,0.31,0.8229252424629312,0.7415293689025625,0.945019052803484,0.9776041531772302
source,0.311,0.8229252424629312,0.7415293689025625,0.945019052803484,0.9776041531772302
source,0.312,0.8229612667227864,0.7415894093356544,0.945019052803484,0.9776093839046152
source,0.313,0.8229612667227864,0.7415894093356544,0.945019052803484,0.9776093839046152
source,0.314,0.8228218248817052,0.7415384615384616,0.9447468698965705,0.9775554464720368
source,0.315,0.8228272817886481,0.7415475563833664,0.9447468698965705,0.9775067397668437
source,0.316,0.8228272817886481,0.7415475563833664,0.9447468698965705,0.9775067397668437
source,0.317,0.8226878339795363,0.7414965986394558,0.9444746869896571,0.9774528023342655
source,0.318,0.8227418854871519,0.7415866844854817,0.9444746869896571,0.9774606484253429
source,0.319,0.8227599055750625,0.7416167179653329,0.9444746869896571,0.9774632637890354
source,0.32,0.8227779271226215,0.7416467538779312,0.9444746869896571,0.9774658791527278
source,0.321,0.8227959501300062,0.7416767922235723,0.9444746869896571,0.9774684945164203
source,0.322,0.8228320005249621,0.7417368762151654,0.9444746869896571,0.9774737252438053
source,0.323,0.822850027912888,0.7417669218617086,0.9444746869896571,0.9774763406074978
source,0.324,0.8230129920033535,0.7418570734078754,0.9447468698965705,0.9774841866985751
source,0.325,0.8230490599268642,0.7419171866137266,0.9447468698965705,0.9774894174259601
source,0.326,0.8230670960806654,0.741947246870062,0.9447468698965705,0.9774920327896526
source,0.327,0.8229276381670136,0.7418962722852513,0.9444746869896571,0.9774380953570744
source,0.328,0.8229456752740021,0.7419263341302321,0.9444746869896571,0.9774407107207668
source,0.329,0.8229817538735466,0.7419864651294729,0.9444746869896571,0.9774459414481518
source,0.33,0.8229817538735466,0.7419864651294729,0.9444746869896571,0.9774459414481518
source,0.331,0.8229817538735466,0.7419864651294729,0.9444746869896571,0.9774459414481518
source,0.332,0.8230178383216987,0.7420466058763932,0.9444746869896571,0.9774511721755368
source,0.333,0.82289641929613,0.7420256961050542,0.9442025040827436,0.977399850106651
source,0.334,0.8229144646681168,0.7420557717250323,0.9442025040827436,0.9774024654703435
source,0.335,0.8229144646681168,0.7420557717250323,0.9442025040827436,0.9774024654703435
source,0.336,0.8229505598009126,0.7421159302796919,0.9442025040827436,0.9774076961977284
source,0.337,0.8229686095620772,0.7421460132149662,0.9442025040827436,0.9774103115614209
source,0.338,0.8229686095620772,0.7421460132149662,0.9442025040827436,0.9774103115614209
source,0.339,0.8229686095620772,0.7421460132149662,0.9442025040827436,0.9774103115614209
source,0.34,0.8229866607866567,0.7421760985892655,0.9442025040827436,0.9774129269251133
source,0.341,0.823022767626773,0.7422362766561259,0.9442025040827436,0.9774181576524983
source,0.342,0.823022767626773,0.7422362766561259,0.9442025040827436,0.9774181576524983
source,0.343,0.8230408232426656,0.7422663693492803,0.9442025040827436,0.9774207730161908
source,0.34400000000000003,0.8230408232426656,0.7422663693492803,0.9442025040827436,0.9774207730161908
source,0.34500000000000003,0.8230588803226855,0.7422964644826467,0.9442025040827436,0.9774233883798833
source,0.34600000000000003,0.822937467858865,0.7422755656475548,0.9439303211758302,0.9773720663109975
source,0.34700000000000003,0.822937467858865,0.7422755656475548,0.9439303211758302,0.9773720663109975
source,0.34800000000000003,0.822937467858865,0.7422755656475548,0.9439303211758302,0.9773720663109975
source,0.34900000000000003,0.822955527359266,0.7423056648148899,0.9439303211758302,0.97737468167469
source,0.35000000000000003,0.8226765768810032,0.7422036578936696,0.9433859553620033,0.9772668068095336
source,0.35100000000000003,0.8226765768810032,0.7422036578936696,0.9433859553620033,0.9772668068095336
source,0.352,0.8228035099916449,0.742233757806797,0.9436581382689168,0.9772694221732261
source,0.353,0.8228215714044156,0.7422638601614147,0.9436581382689168,0.9772720375369186
source,0.354,0.8228451560904331,0.7423031679714438,0.9436581382689168,0.9772259461954178
source,0.355,0.8228812910870483,0.7423633929658027,0.9436581382689168,0.9772311769228027
source,0.356,0.8227598752682546,0.7423424885390888,0.9433859553620033,0.977179854853917
source,0.357,0.822832166685276,0.7424629742341246,0.9433859553620033,0.9771903163086868
source,0.358,0.8226926766496223,0.742411946112644,0.9431137724550899,0.9771363788761087
source,0.359,0.8227288301410328,0.7424722019316614,0.9431137724550899,0.9771416096034936
source,0.36,0.8228919445458729,0.7425626040017859,0.9433859553620033,0.977149455694571
source,0.361,0.8228919445458729,0.7425626040017859,0.9433859553620033,0.977149455694571
source,0.362,0.8227886166293814,0.742571846078909,0.9431137724550899,0.9771007489893777
source,0.363,0.8227760764903578,0.7425509458472029,0.9431137724550899,0.977049426920492
source,0.364,0.8227760764903578,0.7425509458472029,0.9431137724550899,0.977049426920492
source,0.365,0.8224664374971531,0.74239779140108,0.9425694066412629,0.9768876146227574
source,0.366,0.8225081492397912,0.7424673109721434,0.9425694066412629,0.9768441386449491
source,0.367,0.8226712985329936,0.7425577711895383,0.9428415895481764,0.9768519847360265
source,0.368,0.8226712985329936,0.7425577711895383,0.9428415895481764,0.9768519847360265
source,0.369,0.8225317834509167,0.7425067013240192,0.9425694066412629,0.9767980473034483
source,0.37,0.8225317834509167,0.7425067013240192,0.9425694066412629,0.9767980473034483
source,0.371,0.822586071279926,0.7425971810390348,0.9425694066412629,0.9768058933945257
source,0.372,0.8227492455040284,0.7426876828079297,0.9428415895481764,0.9768137394856031
source,0.373,0.8227854535652688,0.7427480295766636,0.9428415895481764,0.9768189702129881
source,0.374,0.8228035598025316,0.7427782066387683,0.9428415895481764,0.9768215855766806
source,0.375,0.8228035598025316,0.7427782066387683,0.9428415895481764,0.9768215855766806
source,0.376,0.8228216675111282,0.7428083861530961,0.9428415895481764,0.976824200940373
source,0.377,0.8226877106409004,0.7427665799739921,0.9425694066412629,0.9767215568026015
source,0.378,0.8226877106409004,0.7427665799739921,0.9425694066412629,0.9767215568026015
source,0.379,0.822832807484718,0.7428269527757457,0.9428415895481764,0.9767267875299865
source,0.38,0.8229597946963216,0.7428571428571429,0.9431137724550899,0.976729402893679
source,0.381,0.8227896049693741,0.742754948583506,0.9428415895481764,0.9766215280285226
source,0.382,0.8227896049693741,0.742754948583506,0.9428415895481764,0.9766215280285226
source,0.383,0.8227770569403632,0.7427340352018211,0.9428415895481764,0.9765702059596368
source,0.384,0.8227770569403632,0.7427340352018211,0.9428415895481764,0.9765702059596368
source,0.385,0.8226375187540662,0.7426829268292683,0.9425694066412629,0.9765162685270586
source,0.386,0.8226375187540662,0.7426829268292683,0.9425694066412629,0.9765162685270586
source,0.387,0.8227645068709394,0.742713118419448,0.9428415895481764,0.9765188838907511
source,0.388,0.8228007411979753,0.7427735089645079,0.9428415895481764,0.976524114618136
source,0.389,0.8227155599972118,0.7428129955678445,0.9425694066412629,0.9764780232766352
source,0.39,0.8225941365353404,0.7427920784026677,0.9422972237343494,0.9764267012077497
source,0.391,0.8227392596673637,0.7428524950180975,0.9425694066412629,0.9764319319351346
source,0.392,0.8227085825686574,0.7428013665202537,0.9425694066412629,0.9763779945025564
source,0.393,0.8227267092543007,0.7428315776629926,0.9425694066412629,0.9763806098662487
source,0.394,0.8224657273625398,0.7427595183859421,0.942025040827436,0.9762753503647849
source,0.395,0.8224838559762577,0.7427897327421389,0.942025040827436,0.9762779657284772
source,0.396,0.8225019860649261,0.7428199495565861,0.942025040827436,0.9762805810921698
source,0.397,0.8225019860649261,0.7428199495565861,0.942025040827436,0.9762805810921698
source,0.398,0.8223624262730461,0.7427688051747285,0.9417528579205225,0.9762266436595917
source,0.399,0.8223498676891415,0.7427478742015542,0.9417528579205225,0.9761753215907059
source,0.4,0.8223498676891415,0.7427478742015542,0.9417528579205225,0.9761753215907059
source,0.401,0.8223679997065767,0.7427780942306128,0.9417528579205225,0.9761779369543984
source,0.402,0.8223679997065767,0.7427780942306128,0.9417528579205225,0.9761779369543984
source,0.403,0.8223679997065767,0.7427780942306128,0.9417528579205225,0.9761779369543984
source,0.404,0.822386133199539,0.7428083167188835,0.9417528579205225,0.9761805523180909
source,0.405,0.822404268168209,0.7428385416666666,0.9417528579205225,0.9761831676817833
source,0.406,0.8224405425333917,0.7428989989419712,0.9417528579205225,0.9761883984091682
source,0.40700000000000003,0.8225675550930303,0.7429292312700931,0.942025040827436,0.9761910137728607
source,0.40800000000000003,0.8225675550930303,0.7429292312700931,0.942025040827436,0.9761910137728607
source,0.40900000000000003,0.8225675550930303,0.7429292312700931,0.942025040827436,0.9761910137728607
source,0.41000000000000003,0.8224279867299866,0.7428780726029627,0.9417528579205225,0.9761370763402826
source,0.41100000000000003,0.8225731420941003,0.742938542938543,0.942025040827436,0.9761423070676675
source,0.41200000000000003,0.8225731420941003,0.742938542938543,0.942025040827436,0.9761423070676675
source,0.41300000000000003,0.8225912854098951,0.742968781798201,0.942025040827436,0.9761449224313599
source,0.41400000000000003,0.8226275764726279,0.7430292669027558,0.942025040827436,0.9761501531587449
source,0.41500000000000004,0.8226457242199268,0.7430595131482538,0.942025040827436,0.9761527685224374
source,0.41600000000000004,0.8226457242199268,0.7430595131482538,0.942025040827436,0.9761527685224374
source,0.417,0.822682024147291,0.7431200130271943,0.942025040827436,0.9761579992498224
source,0.418,0.822682024147291,0.7431200130271943,0.942025040827436,0.9761579992498224
source,0.419,0.822682024147291,0.7431200130271943,0.942025040827436,0.9761579992498224
source,0.42,0.822682024147291,0.7431200130271943,0.942025040827436,0.9761579992498224
source,0.421,0.8227183299862142,0.743180522758733,0.942025040827436,0.9761632299772073
source,0.422,0.8228816729946966,0.7432713058349281,0.9422972237343494,0.9761710760682847
source,0.423,0.82289983256728,0.7433015717892337,0.9422972237343494,0.9761736914319772
source,0.424,0.8230450293123123,0.7433621110930119,0.9425694066412629,0.9761789221593621
source,0.425,0.8230631933223573,0.7433923844430871,0.9425694066412629,0.9761815375230546
source,0.426,0.8230631933223573,0.7433923844430871,0.9425694066412629,0.9761815375230546
source,0.427,0.8227840317262418,0.743290025658779,0.942025040827436,0.9760736626578981
source,0.428,0.822929235304501,0.7433505763512688,0.9422972237343494,0.9760788933852831
source,0.429,0.8230926151903164,0.7434414208896855,0.9425694066412629,0.9760867394763605
source,0.43,0.8231471352374788,0.7435322876349562,0.9425694066412629,0.9760945855674379
source,0.431,0.8231471352374788,0.7435322876349562,0.9425694066412629,0.9760945855674379
source,0.432,0.8230620784428454,0.7435719815818427,0.9422972237343494,0.9760484942259371
source,0.433,0.8231891318496591,0.74360228198859,0.9425694066412629,0.9760511095896296
source,0.434,0.8232073135754505,0.7436325848649089,0.9425694066412629,0.9760537249533221
source,0.435,0.823280055299668,0.743753821071938,0.9425694066412629,0.976064186408092
source,0.436,0.8233039030502926,0.743793567322979,0.9425694066412629,0.9760180950665912
source,0.437,0.8233220961257266,0.743823889115369,0.9425694066412629,0.9760207104302837
source,0.438,0.8233584867269552,0.7438845401174169,0.9425694066412629,0.9760259411576686
source,0.439,0.8233766842531131,0.7439148693276798,0.9425694066412629,0.9760285565213611
source,0.44,0.8234130837574225,0.7439755351681957,0.9425694066412629,0.9760337872487461
source,0.441,0.8234312857359376,0.744005871799054,0.9425694066412629,0.9760364026124386
source,0.442,0.8234312857359376,0.744005871799054,0.9425694066412629,0.9760364026124386
source,0.443,0.8233462956927611,0.7440456769983688,0.9422972237343494,0.9759903112709378
source,0.444,0.8233645030995149,0.7440760226762918,0.9422972237343494,0.9759929266346303
source,0.445,0.8233645030995149,0.7440760226762918,0.9422972237343494,0.9759929266346303
source,0.446,0.8233645030995149,0.7440760226762918,0.9422972237343494,0.9759929266346303
source,0.447,0.8233645030995149,0.7440760226762918,0.9422972237343494,0.9759929266346303
source,0.448,0.8233827119914965,0.7441063708295945,0.9422972237343494,0.9759955419983227
source,0.449,0.8234009223688876,0.7441367214585798,0.9422972237343494,0.9759981573620152
source,0.45,0.8235644355781011,0.7442277882026598,0.9425694066412629,0.9760060034530926
source,0.451,0.823582651898948,0.7442581487374047,0.9425694066412629,0.9760086188167851
source,0.452,0.8236008697061135,0.7442885117493473,0.9425694066412629,0.9760112341804776
source,0.453,0.8234794770090397,0.7442676458588331,0.9422972237343494,0.9759599121115918
source,0.454,0.8234794770090397,0.7442676458588331,0.9422972237343494,0.9759599121115918
source,0.455,0.8234794770090397,0.7442676458588331,0.9422972237343494,0.9759599121115918
source,0.456,0.8234976972786351,0.7442980129748255,0.9422972237343494,0.9759625274752843
source,0.457,0.8235159190351141,0.7443283825689572,0.9422972237343494,0.9759651428389767
source,0.458,0.823412750466865,0.7443378902264843,0.942025040827436,0.9759164361337835
source,0.459,0.8232606077017164,0.7442657742225124,0.9417528579205225,0.9758111766323196
source,0.46,0.8232970615355559,0.7443265306122449,0.9417528579205225,0.9758164073597045
source,0.461,0.823193894694181,0.7443360411478956,0.9414806750136091,0.9757677006545113
source,0.462,0.8232303594114448,0.7443968156766687,0.9414806750136091,0.9757729313818962
source,0.463,0.8231996024133803,0.7443455540132277,0.9414806750136091,0.975718993949318
source,0.464,0.8232178364938281,0.7443759441473073,0.9414806750136091,0.9757216093130106
source,0.465,0.823363182284619,0.7444367318606835,0.9417528579205225,0.9757268400403954
source,0.466,0.8234902939953272,0.744467129440588,0.942025040827436,0.975729455404088
source,0.467,0.8235085340327997,0.7444975295030422,0.942025040827436,0.9757320707677803
source,0.468,0.8235085340327997,0.7444975295030422,0.942025040827436,0.9757320707677803
source,0.46900000000000003,0.8235142554880437,0.7445070652617822,0.942025040827436,0.975683364062587
source,0.47000000000000003,0.8235324994839253,0.7445374719215846,0.942025040827436,0.9756859794262795
source,0.47100000000000003,0.8235689919467077,0.7445982926928889,0.942025040827436,0.9756912101536646
source,0.47200000000000003,0.8236054903720675,0.7446591234018218,0.942025040827436,0.9756964408810495
source,0.47300000000000003,0.8236237418211705,0.74468954248366,0.942025040827436,0.975699056244742
source,0.47400000000000003,0.8236237418211705,0.74468954248366,0.942025040827436,0.975699056244742
source,0.47500000000000003,0.8233809609680192,0.7446478182709593,0.9414806750136091,0.9755964121069705
source,0.47600000000000003,0.8233992158685693,0.7446782431052095,0.9414806750136091,0.975599027470663
source,0.47700000000000004,0.8234357301451896,0.7447391002329098,0.9414806750136091,0.975604258198048
source,0.47800000000000004,0.8234539895216253,0.7447695325269695,0.9414806750136091,0.9756068735617405
source,0.47900000000000004,0.8234539895216253,0.7447695325269695,0.9414806750136091,0.9756068735617405
source,0.48,0.8233143395912379,0.744718237914266,0.9412084921066957,0.9755529361291622
source,0.481,0.8233325999485221,0.7447486718430731,0.9412084921066957,0.9755555514928547
source,0.482,0.8232477354840493,0.7447886863402272,0.9409363091997822,0.9755094601513539
source,0.483,0.8232477354840493,0.7447886863402272,0.9409363091997822,0.9755094601513539
source,0.484,0.8231263437807184,0.7447678221059515,0.9406641262928688,0.9754581380824681
source,0.485,0.8230414870845539,0.7448078495502862,0.9403919433859553,0.9754120467409674
source,0.486,0.8230414870845539,0.7448078495502862,0.9403919433859553,0.9754120467409674
source,0.487,0.8229018229945113,0.7447565313381577,0.9401197604790419,0.9753581093083892
source,0.488,0.8227804261304583,0.7447356585026781,0.9398475775721284,0.9753067872395034
source,0.489,0.8227986973684,0.7447661105659142,0.9398475775721284,0.9753094026031959
source,0.49,0.8228717972647421,0.7448879437264845,0.9398475775721284,0.9753198640579658
source,0.491,0.8228775561219022,0.7448975418217514,0.9398475775721284,0.9752711573527726
source,0.492,0.8228958373115739,0.7449280104712042,0.9398475775721284,0.9752737727164651
source,0.493,0.8230229931595883,0.7449584816132858,0.9401197604790419,0.9752763880801575
source,0.494,0.8227619202617659,0.7448862706594664,0.939575394665215,0.9751711285786935
source,0.495,0.8227802049143207,0.7449167450803911,0.939575394665215,0.975173743942386
source,0.496,0.8228167787081138,0.7449777014033796,0.939575394665215,0.975178974669771
source,0.497,0.8229622316508081,0.7450386677032611,0.9398475775721284,0.9751842053971559
source,0.498,0.8228408383915188,0.7450178008757212,0.939575394665215,0.9751328833282702
source,0.499,0.8228408383915188,0.7450178008757212,0.939575394665215,0.9751328833282702
source,0.5,0.8230045954063581,0.7451092739625111,0.9398475775721284,0.9751407294193476
source,0.501,0.8230594927373365,0.7452007695141418,0.9398475775721284,0.975148575510425
source,0.502,0.823077794843833,0.7452312730249693,0.9398475775721284,0.9751511908741175
source,0.503,0.8230960984487212,0.7452617790331164,0.9398475775721284,0.97515380623781
source,0.504,0.8231144035521852,0.7452922875388898,0.9398475775721284,0.9751564216015025
source,0.505,0.8231693278558729,0.7453838280450359,0.9398475775721284,0.9751642676925798
source,0.506,0.8230479443787995,0.7453629775211891,0.939575394665215,0.9751129456236942
source,0.507,0.8229815025753822,0.7454336964534359,0.9393032117583016,0.9750694696458859
source,0.508,0.8228418009004275,0.7453823155997871,0.9390310288513881,0.9750155322133076
source,0.509,0.823005629751244,0.7454739084132055,0.9393032117583016,0.9750233783043851
source,0.51,0.823005629751244,0.7454739084132055,0.9393032117583016,0.9750233783043851
source,0.511,0.8228842450650513,0.7454530558741602,0.9390310288513881,0.9749720562354993
source,0.512,0.8226414695414748,0.7454113405440839,0.9384866630375612,0.9748694120977279
source,0.513,0.8226414695414748,0.7454113405440839,0.9384866630375612,0.9748694120977279
source,0.514,0.8226597940714999,0.7454418814274592,0.9384866630375612,0.9748720274614203
source,0.515,0.8226781201031668,0.7454724248135705,0.9384866630375612,0.9748746428251128
source,0.516,0.8226964476366595,0.745502970702725,0.9384866630375612,0.9748772581888052
source,0.517,0.8225750597652453,0.7454821128549769,0.9382144801306478,0.9748259361199196
source,0.518,0.8225750597652453,0.7454821128549769,0.9382144801306478,0.9748259361199196
source,0.519,0.8225750597652453,0.7454821128549769,0.9382144801306478,0.9748259361199196
source,0.52,0.8225933897901494,0.7455126628964839,0.9382144801306478,0.974828551483612
source,0.521,0.8225808740194722,0.7454918032786885,0.9382144801306478,0.9747772294147263
source,0.522,0.8225808740194722,0.7454918032786885,0.9382144801306478,0.9747772294147263
source,0.523,0.8225992065364593,0.745522357473667,0.9382144801306478,0.9747798447784188
source,0.524,0.8226175405562349,0.745552914173293,0.9382144801306478,0.9747824601421112
source,0.525,0.8226233612262703,0.7455626152900185,0.9382144801306478,0.974733753436918
source,0.526,0.8226416992425518,0.7455931786504879,0.9382144801306478,0.9747363688006105
source,0.527,0.8226600387623808,0.7456237445168695,0.9382144801306478,0.9747389841643029
source,0.528,0.822520310165322,0.745572318793047,0.9379422972237343,0.9746850467317247
source,0.529,0.8225753362087771,0.7456640288654721,0.9379422972237343,0.9746928928228021
source,0.53,0.8224539480517377,0.7456431705416822,0.9376701143168209,0.9746415707539164
source,0.531,0.8224722940659395,0.7456737472320184,0.9376701143168209,0.974644186117609
source,0.532,0.8224906415848379,0.7457043264301825,0.9376701143168209,0.9746468014813013
source,0.533,0.8224906415848379,0.7457043264301825,0.9376701143168209,0.9746468014813013
source,0.534,0.8224906415848379,0.7457043264301825,0.9376701143168209,0.9746468014813013
source,0.535,0.8223692533579589,0.7456834679899931,0.9373979314099075,0.9745954794124156
source,0.536,0.8223567362405964,0.7456626061277224,0.9373979314099075,0.9745441573435298
source,0.537,0.8223750872481304,0.7456931911402789,0.9373979314099075,0.9745467727072223
source,0.538,0.8223750872481304,0.7456931911402789,0.9373979314099075,0.9745467727072223
source,0.539,0.8223625690690085,0.7456723275084092,0.9373979314099075,0.9744954506383366
source,0.54,0.8222228226813387,0.7456208721335685,0.937125748502994,0.9744415132057584
source,0.541,0.8223684033331937,0.7456820512820513,0.9373979314099075,0.9744467439331435
source,0.542,0.8223558820375607,0.7456611824559963,0.9373979314099075,0.9743954218642576
source,0.543,0.8224109575454976,0.7457529749692243,0.9373979314099075,0.974403267955335
source,0.544,0.8222712030082393,0.7457015060117361,0.937125748502994,0.9743493305227569
source,0.545,0.8222712030082393,0.7457015060117361,0.937125748502994,0.9743493305227569
source,0.546,0.8223079265198416,0.7457627118644067,0.937125748502994,0.9743545612501419
source,0.547,0.8223137700956649,0.7457724511574455,0.937125748502994,0.9743058545449486
source,0.548,0.8223505046388628,0.7458336753961086,0.937125748502994,0.9743110852723336
source,0.549,0.8223872452140055,0.7458949096880131,0.937125748502994,0.9743163159997185
source,0.55,0.822479123051372,0.7460480394169574,0.937125748502994,0.9743293928181809
source,0.551,0.8225342678637468,0.746139947437582,0.937125748502994,0.9743372389092583
source,0.552,0.8226982994274892,0.7462318781058771,0.9373979314099075,0.9743450850003357
source,0.553,0.8227166885817059,0.746262526696238,0.9373979314099075,0.9743477003640282
source,0.554,0.8227350792465111,0.746293177804247,0.9373979314099075,0.9743503157277207
source,0.555,0.8227225736730204,0.7462723351817623,0.9373979314099075,0.9742989936588349
source,0.556,0.8227225736730204,0.7462723351817623,0.9373979314099075,0.9742989936588349
source,0.557,0.8226011928818697,0.7462514891344535,0.937125748502994,0.9742476715899492
source,0.558,0.8226195870521713,0.7462821460849561,0.937125748502994,0.9742502869536416
source,0.559,0.8224982052030995,0.7462612982744453,0.9368535655960806,0.9741989648847559
source,0.56,0.8225533997766662,0.7463532892303899,0.9368535655960806,0.9742068109758333
source,0.561,0.822699076882192,0.7464146291349907,0.937125748502994,0.9742120417032183
source,0.562,0.822699076882192,0.7464146291349907,0.937125748502994,0.9742120417032183
source,0.5630000000000001,0.8228631673034008,0.7465066578990631,0.9373979314099075,0.9742198877942957
source,0.5640000000000001,0.822741791386401,0.7464858199753391,0.937125748502994,0.97416856572541
source,0.5650000000000001,0.8226204134137035,0.7464649786254521,0.9368535655960806,0.9741172436565242
source,0.5660000000000001,0.8226388241913241,0.7464956632548198,0.9368535655960806,0.9741198590202167
source,0.5670000000000001,0.8226388241913241,0.7464956632548198,0.9368535655960806,0.9741198590202167
source,0.5680000000000001,0.8226572364826155,0.7465263504069719,0.9368535655960806,0.9741224743839092
source,0.5690000000000001,0.8226572364826155,0.7465263504069719,0.9368535655960806,0.9741224743839092
source,0.5700000000000001,0.8226756502877641,0.7465570400822199,0.9368535655960806,0.9741250897476017
source,0.5710000000000001,0.8225542732582102,0.7465362003042388,0.9365813826891671,0.9740737676787159
source,0.5720000000000001,0.8225542732582102,0.7465362003042388,0.9365813826891671,0.9740737676787159
source,0.5730000000000001,0.8225726895775993,0.7465668941698874,0.9365813826891671,0.9740763830424084
source,0.5740000000000001,0.8227920924664303,0.7467511103799968,0.9368535655960806,0.9740920752245632
source,0.5750000000000001,0.8226891483127827,0.7467609920618599,0.9365813826891671,0.97404336851937
source,0.5760000000000001,0.8226766483411846,0.7467401587758629,0.9365813826891671,0.9739920464504843
source,0.577,0.8227135107456657,0.7468015961166646,0.9365813826891671,0.9739972771778692
source,0.578,0.8225427690641748,0.7466984819187888,0.9363091997822537,0.9738894023127127
source,0.579,0.8226700746752719,0.7467292026660083,0.9365813826891671,0.9738920176764052
source,0.58,0.8227622596721033,0.7468828443273939,0.9365813826891671,0.9739050944948676
source,0.581,0.8229080174561778,0.7469443186962427,0.9368535655960806,0.9739103252222525
source,0.582,0.8226283841973812,0.7468411738074661,0.9363091997822537,0.9738024503570961
source,0.583,0.8226652728332555,0.7469026548672567,0.9363091997822537,0.9738076810844811
source,0.584,0.8226652728332555,0.7469026548672567,0.9363091997822537,0.9738076810844811
source,0.585,0.8225254513537419,0.746851074339343,0.9360370168753402,0.9737537436519029
source,0.586,0.8223856273263078,0.7467994895648952,0.9357648339684268,0.9736998062193247
source,0.587,0.8225129460552572,0.7468302321752017,0.9360370168753402,0.9737024215830172
source,0.588,0.8225498417439607,0.7468917249897077,0.9360370168753402,0.9737076523104021
source,0.589,0.8225373363944048,0.746870882740448,0.9360370168753402,0.9736563302415164
source,0.59,0.8225373363944048,0.746870882740448,0.9360370168753402,0.9736563302415164
source,0.591,0.8225373363944048,0.746870882740448,0.9360370168753402,0.9736563302415164
source,0.592,0.8226111500214259,0.7469939054521497,0.9360370168753402,0.9736667916962862
source,0.593,0.8226296072278365,0.747024667462834,0.9360370168753402,0.9736694070599787
source,0.594,0.8223499371595009,0.7469214612248259,0.9354926510615134,0.9735615321948223
source,0.595,0.8223868540734377,0.7469829894147205,0.9354926510615134,0.9735667629222073
source,0.596,0.8225326502327552,0.7470445277423076,0.9357648339684268,0.9735719936495922
source,0.597,0.8225326502327552,0.7470445277423076,0.9357648339684268,0.9735719936495922
source,0.598,0.8225511140124819,0.7470753007085188,0.9357648339684268,0.9735746090132847
source,0.599,0.8225511140124819,0.7470753007085188,0.9357648339684268,0.9735746090132847
source,0.6,0.8225695793134262,0.7471060762100926,0.9357648339684268,0.9735772243769771
source,0.601,0.8227338575082113,0.7471984179301252,0.9360370168753402,0.9735850704680546
source,0.602,0.8226309572801476,0.7472083728212946,0.9357648339684268,0.9735363637628613
source,0.603,0.8224911102020901,0.7471567496291412,0.9354926510615134,0.9734824263302833
source,0.604,0.8224251612551631,0.7472282899888718,0.9352204681545999,0.9734389503524747
source,0.605,0.822462120735316,0.7472898891224599,0.9352204681545999,0.9734441810798597
source,0.606,0.8223592300031062,0.7472998598400526,0.9349482852476865,0.9733954743746664
source,0.607,0.8223592300031062,0.7472998598400526,0.9349482852476865,0.9733954743746664
source,0.608,0.8223777145607971,0.7473306674362041,0.9349482852476865,0.973398089738359
source,0.609,0.8225790333776244,0.7474847435263072,0.9352204681545999,0.9734111665568214
source,0.61,0.822159439850743,0.7473297867953319,0.9344039194338596,0.9732493542590868
source,0.611,0.8221964256941112,0.7473914298676124,0.9344039194338596,0.9732545849864718
source,0.612,0.822342290802261,0.7474530831099195,0.934676102340773,0.9732598157138567
source,0.613,0.8222209168640029,0.7474322484840984,0.9344039194338596,0.973208493644971
source,0.614,0.8223667900968223,0.7474939152675218,0.934676102340773,0.973213724372356
source,0.615,0.8223667900968223,0.7474939152675218,0.934676102340773,0.973213724372356
source,0.616,0.8222269143081973,0.7474422442244224,0.9344039194338596,0.9731597869397777
source,0.617,0.8223009307047207,0.7475656048852946,0.9344039194338596,0.9731702483945475
source,0.618,0.8223194386214911,0.7475964514132454,0.9344039194338596,0.97317286375824
source,0.619,0.8222165770802403,0.7476064707824365,0.9341317365269461,0.9731241570530468
source,0.62,0.8222411047147904,0.7476473501733533,0.9341317365269461,0.973078065711546
source,0.621,0.8218399456640939,0.7475231175693527,0.9333151878062058,0.9729188687775039
source,0.622,0.821737081403175,0.7475331324057635,0.9330430048992924,0.9728701620723106
source,0.623,0.8219200380410933,0.7476566048643516,0.9333151878062058,0.9728806235270805
source,0.624,0.8220474358967442,0.7476874793524941,0.9335873707131193,0.9728832388907729
source,0.625,0.8220474358967442,0.7476874793524941,0.9335873707131193,0.9728832388907729
source,0.626,0.8220844898727591,0.7477492359791856,0.9335873707131193,0.9728884696181579
source,0.627,0.8220844898727591,0.7477492359791856,0.9335873707131193,0.9728884696181579
source,0.628,0.8221215499703625,0.7478110028085247,0.9335873707131193,0.9728937003455429
source,0.629,0.8221771515980654,0.7479036721880293,0.9335873707131193,0.9729015464366203
source,0.63,0.8220372449836852,0.7478519497686715,0.9333151878062058,0.9728476090040421
source,0.631,0.8220557814057889,0.747882843805511,0.9333151878062058,0.9728502243677346
source,0.632,0.8219158717110184,0.747831116252169,0.9330430048992924,0.9727962869351563
source,0.633,0.8219529481173768,0.7478929102627666,0.9330430048992924,0.9728015176625413
source,0.634,0.8219589894891579,0.7479029792157349,0.9330430048992924,0.972752810957348
source,0.635,0.8218561591961582,0.7479130506653442,0.9327708219923789,0.9727041042521548
source,0.636,0.8217347837875999,0.7478922135890229,0.9324986390854655,0.972652782183269
source,0.637,0.8217347837875999,0.7478922135890229,0.9324986390854655,0.972652782183269
source,0.638,0.8217718785489585,0.7479540381912871,0.9324986390854655,0.9726580129106539
source,0.639,0.821790428229565,0.7479849543256314,0.9324986390854655,0.9726606282743464
source,0.64,0.821790428229565,0.7479849543256314,0.9324986390854655,0.9726606282743464
source,0.641,0.8216505031063415,0.747933201058201,0.9322264561785519,0.9726066908417683
source,0.642,0.8216690538037346,0.7479641188871895,0.9322264561785519,0.9726093062054607
source,0.643,0.8215166191813196,0.7478915164544403,0.9319542732716385,0.9725040467039968
source,0.644,0.8215166191813196,0.7478915164544403,0.9319542732716385,0.9725040467039968
source,0.645,0.8215041106978889,0.7478706689820558,0.9319542732716385,0.9724527246351111
source,0.646,0.8214198380481312,0.7479116698370688,0.931682090364725,0.9724066332936103
source,0.647,0.8212798969808914,0.7478598899962781,0.9314099074578116,0.972352695861032
source,0.648,0.8212984542982611,0.7478908188585607,0.9314099074578116,0.9723553112247245
source,0.649,0.8213355735381747,0.7479526842584168,0.9314099074578116,0.9723605419521095
source,0.65,0.8213912639138383,0.7480455015511893,0.9314099074578116,0.9723683880431868
source,0.651,0.8214098304440332,0.7480764457681808,0.9314099074578116,0.9723710034068793
source,0.652,0.8214655392522074,0.7481692937818045,0.9314099074578116,0.9723788494979568
source,0.653,0.8215804826205673,0.7481794107911287,0.931682090364725,0.9723301427927635
source,0.654,0.8215804826205673,0.7481794107911287,0.931682090364725,0.9723301427927635
source,0.655,0.8215804826205673,0.7481794107911287,0.931682090364725,0.9723301427927635
source,0.656,0.821020657515686,0.7479721900347625,0.9305933587370713,0.9721143930624507
source,0.657,0.8208806948075007,0.7479203741257293,0.9303211758301578,0.9720604556298724
source,0.658,0.8207964505158767,0.7479614222442982,0.9300489929232444,0.9720143642883717
source,0.659,0.8208150272545698,0.7479923834754534,0.9300489929232444,0.9720169796520641
source,0.66,0.820712214381196,0.7480024839577726,0.929776810016331,0.9719682729468709
source,0.661,0.8202922860352949,0.7478469691950977,0.9289602612955906,0.9718064606491363
source,0.662,0.8200123209256247,0.7477432712215321,0.9284158954817637,0.9716985857839799
source,0.663,0.8200308991674871,0.7477742349579692,0.9284158954817637,0.9717012011476724
source,0.664,0.8200494789480475,0.7478052012589034,0.9284158954817637,0.9717038165113648
source,0.665,0.81992807229077,0.7477843121013832,0.9281437125748503,0.9716524944424791
source,0.666,0.8198252469166714,0.7477943917491612,0.9278715296679368,0.9716037877372858
source,0.667,0.8197038371261814,0.7477734973696202,0.9275993467610234,0.9715524656684001
source,0.668,0.8197224230457516,0.747804473902237,0.9275993467610234,0.9715550810320926
source,0.669,0.8197224230457516,0.747804473902237,0.9275993467610234,0.9715550810320926
source,0.67,0.819162416421263,0.7475969506131919,0.9265106151333696,0.9713393313017797
source,0.671,0.8191995887234398,0.7476589044501532,0.9265106151333696,0.9713445620291647
source,0.672,0.8193456403498776,0.7477208685562738,0.9267827980402831,0.9713497927565496
source,0.673,0.8193456403498776,0.7477208685562738,0.9267827980402831,0.9713497927565496
source,0.674,0.8193642318927532,0.7477518544610666,0.9267827980402831,0.9713524081202422
source,0.675,0.8194200157678373,0.7478448275862069,0.9267827980402831,0.9713602542113196
source,0.676,0.8192986006914975,0.7478239243969161,0.9265106151333696,0.9713089321424339
source,0.677,0.819335799692877,0.7478859227325484,0.9265106151333696,0.9713141628698188
source,0.678,0.8192143845811554,0.7478650194842882,0.9262384322264562,0.971262840800933
source,0.679,0.8192329874173434,0.7478960242112683,0.9262384322264562,0.9712654561646255
source,0.68,0.8190990261614532,0.7478542107227268,0.9259662493195427,0.9711628120268541
source,0.681,0.8190864789938341,0.747833298776695,0.9259662493195427,0.9711114899579683
source,0.682,0.8192325685941448,0.747895326172604,0.9262384322264562,0.9711167206853533
source,0.683,0.8192386329486496,0.747905433430112,0.9262384322264562,0.97106801398016
source,0.684,0.8193130946196127,0.7480295362150503,0.9262384322264562,0.97107847543493
source,0.685,0.8193130946196127,0.7480295362150503,0.9262384322264562,0.97107847543493
source,0.686,0.8191293426454174,0.7479047381960003,0.9259662493195427,0.9709192785008878
source,0.687,0.8191293426454174,0.7479047381960003,0.9259662493195427,0.9709192785008878
source,0.6880000000000001,0.8191852050682877,0.7479978422341177,0.9259662493195427,0.9709271245919652
source,0.6890000000000001,0.8191382914884735,0.748101108205703,0.9256940664126293,0.9708862639778493
source,0.6900000000000001,0.8190541367722892,0.7481423056166715,0.9254218835057159,0.9708401726363486
source,0.6910000000000001,0.8190727720007587,0.7481733643307871,0.9254218835057159,0.970842788000041
source,0.6920000000000001,0.8190415893718965,0.7481213932826836,0.9254218835057159,0.9707888505674629
source,0.6930000000000001,0.8187801052332081,0.7480484969274208,0.924877517691889,0.9706835910659989
source,0.6940000000000001,0.8186773151772269,0.7480586354387276,0.9246053347849755,0.9706348843608057
source,0.6950000000000001,0.8186959545119968,0.7480897009966777,0.9246053347849755,0.9706374997244981
source,0.6960000000000001,0.8185558862755407,0.7480377092071929,0.9243331518780621,0.9705835622919199
source,0.6970000000000001,0.8185558862755407,0.7480377092071929,0.9243331518780621,0.9705835622919199
source,0.6980000000000001,0.8185745266370958,0.7480687764764515,0.9243331518780621,0.9705861776556124
source,0.6990000000000001,0.8185931685470466,0.7480998463263695,0.9243331518780621,0.9705887930193049
source,0.7000000000000001,0.8185931685470466,0.7480998463263695,0.9243331518780621,0.9705887930193049
source,0.7010000000000001,0.8186304570129072,0.7481619937694705,0.9243331518780621,0.9705940237466898
source,0.7020000000000001,0.8186491035692027,0.7481930713632965,0.9243331518780621,0.9705966391103822
source,0.7030000000000001,0.8185524248163139,0.7482133953797574,0.9240609689711486,0.9704992256999958
source,0.704,0.8184496511387629,0.7482235611884479,0.9237887860642352,0.9704505189948025
source,0.705,0.8183095667948437,0.7481715425531915,0.9235166031573218,0.9703965815622242
source,0.706,0.818156917761441,0.748098582768796,0.9232444202504083,0.9702913220607603
source,0.707,0.8180168251119616,0.7480465502909394,0.9229722373434949,0.9702373846281822
source,0.708,0.8178953846476893,0.748025604788428,0.9227000544365814,0.9701860625592964
source,0.709,0.8178112583649229,0.7480668495884261,0.922427871529668,0.9701399712177956
source,0.71,0.8178299188276408,0.7480979503596226,0.922427871529668,0.9701425865814881
source,0.711,0.8179574540048005,0.7481290537169465,0.9227000544365814,0.9701452019451806
source,0.712,0.8179574540048005,0.7481290537169465,0.9227000544365814,0.9701452019451806
source,0.713,0.8180724243980824,0.7481392157678074,0.9229722373434949,0.9700964952399873
source,0.714,0.8180598559720385,0.7481182683910674,0.9229722373434949,0.9700451731711015
source,0.715,0.8176955186586188,0.748055405349195,0.9221556886227545,0.9698912069644443
source,0.716,0.8175553989585496,0.7480033277870217,0.9218835057158411,0.9698372695318661
source,0.717,0.8176114128533789,0.7480966842784041,0.9218835057158411,0.9698451156229435
source,0.718,0.8173498358725972,0.7480236331863194,0.9213391399020141,0.9697398561214796
source,0.719,0.8173871872524168,0.7480858854860186,0.9213391399020141,0.9697450868488646
source,0.72,0.8174058652737763,0.7481170155216179,0.9213391399020141,0.9697477022125571
source,0.721,0.8172844131613513,0.7480960506055183,0.9210669569951007,0.9696963801436713
source,0.722,0.8173778317490892,0.7482517482517482,0.9210669569951007,0.9697094569621337
source,0.723,0.8174339015691156,0.7483451979517921,0.9210669569951007,0.9697173030532111
source,0.724,0.8174339015691156,0.7483451979517921,0.9210669569951007,0.9697173030532111
source,0.725,0.8175988585588572,0.7484386709967524,0.9213391399020141,0.9697251491442886
source,0.726,0.817617556281412,0.7484698338676772,0.9213391399020141,0.969727764507981
source,0.727,0.8174774157094327,0.7484177215189873,0.9210669569951007,0.9696738270754028
source,0.728,0.8171971267531791,0.7483134838011161,0.9205225911812738,0.9695659522102464
source,0.729,0.8171317764548147,0.748386021908451,0.9202504082743603,0.9695224762324381
source,0.73,0.8170664442879552,0.7484585902349608,0.9199782253674469,0.9694790002546299
source,0.731,0.8173777518356495,0.7486145256052334,0.9205225911812738,0.9694920770730922
source,0.732,0.8172937453059933,0.7486559699937486,0.9202504082743603,0.9694459857315914
source,0.733,0.8172097470683243,0.7486974282022425,0.9199782253674469,0.9693998943900906
source,0.734,0.8169668568660138,0.748655521740943,0.91943385955362,0.9692972502523192
source,0.735,0.8168454086199084,0.7486345632687096,0.9191616766467066,0.9692459281834334
source,0.736,0.8168641369695566,0.7486657771847899,0.9191616766467066,0.9692485435471259
source,0.737,0.8169015983544544,0.7487282128262863,0.9191616766467066,0.9692537742745109
source,0.738,0.8169765398721283,0.7488531153557427,0.9191616766467066,0.9692642357292807
source,0.739,0.8169765398721283,0.7488531153557427,0.9191616766467066,0.9692642357292807
source,0.74,0.8169765398721283,0.7488531153557427,0.9191616766467066,0.9692642357292807
source,0.741,0.8168050467451665,0.7487487487487487,0.9188894937397931,0.9691563608641243
source,0.742,0.8167023366720332,0.748759020564802,0.9186173108328797,0.969107654158931
source,0.743,0.8167210775118604,0.7487902552978475,0.9186173108328797,0.9691102695226235
source,0.744,0.8165495655633778,0.748685857321652,0.9183451279259662,0.9690023946574671
source,0.745,0.816555725472552,0.7486961238369425,0.9183451279259662,0.9689536879522738
source,0.746,0.8166307106871415,0.7488210991945916,0.9183451279259662,0.9689641494070438
source,0.747,0.8165467622139737,0.7488626403439209,0.9180729450190528,0.968918058065543
source,0.748,0.8164440650719388,0.7488729337118051,0.9178007621121393,0.9688693513603497
source,0.749,0.8163413694769387,0.7488832296580805,0.9175285792052259,0.9688206446551564
source,0.75,0.8163601290768799,0.7489144956579826,0.9175285792052259,0.9688232600188489
source,0.751,0.8162199147883743,0.7488622604484155,0.9172563962983125,0.9687693225862707
source,0.752,0.8159957618304767,0.7488515827278043,0.9167120304844856,0.9686692938121917
source,0.753,0.815874301877671,0.7488306047444035,0.9164398475775721,0.968617971743306
source,0.754,0.8158279147278173,0.7489347480992564,0.9161676646706587,0.9685771111291901
source,0.755,0.815846687374718,0.7489660358440908,0.9161676646706587,0.9685797264928826
source,0.756,0.815846687374718,0.7489660358440908,0.9161676646706587,0.9685797264928826
source,0.757,0.8158716536758931,0.7490076463460493,0.9161676646706587,0.9685336351513818
source,0.758,0.8160055014866265,0.7490492707593296,0.9164398475775721,0.968487543809881
source,0.759,0.8154131432533999,0.7487878281223875,0.9153511159499184,0.96821785664699
source,0.76,0.8153668019152536,0.7488920478300861,0.9150789330430049,0.9681769960328741
source,0.761,0.815404378034061,0.748954674694765,0.9150789330430049,0.9681822267602591
source,0.762,0.8153016989253437,0.7489649981181783,0.9148067501360915,0.9681335200550658
source,0.763,0.8151802272931601,0.7489440006691481,0.914534567229178,0.9680821979861801
source,0.764,0.8151990213709686,0.7489753241321623,0.914534567229178,0.9680848133498726
source,0.765,0.8147782100385865,0.7488183377253524,0.9137180185084377,0.967923001052138
source,0.766,0.8147970041071315,0.7488496611729273,0.9137180185084377,0.9679256164158304
source,0.767,0.8148031928445332,0.7488599757352634,0.9137180185084377,0.9678769097106372
source,0.768,0.8146503007678064,0.7487866108786612,0.9134458356015243,0.9677716502091733
source,0.769,0.8144973976389189,0.7487132276017909,0.9131736526946108,0.9676663907077092
source,0.77,0.8143947052667153,0.748723528919394,0.9129014697876974,0.967617684002516
source,0.771,0.8144135071801357,0.7487548654417612,0.9129014697876974,0.9676202993662085
source,0.772,0.8144323106674647,0.7487862045873095,0.9129014697876974,0.9676229147299009
source,0.773,0.814067829265768,0.7487231013983087,0.912084921066957,0.9674689485232437
source,0.774,0.8137409530929385,0.7487226735907531,0.9112683723462166,0.9673202130439715
source,0.775,0.8136382663516375,0.7487329842931937,0.9109961894393032,0.9672715063387782
source,0.776,0.8135229499108192,0.748722245496439,0.9107240065323897,0.9671714775646992
source,0.777,0.8135605930604168,0.7487849840791017,0.9107240065323897,0.9671767082920841
source,0.778,0.8136170696148415,0.7488791116698094,0.9107240065323897,0.9671845543831616
source,0.779,0.8134955683220843,0.7488580647864895,0.9104518236254763,0.9671332323142758
source,0.78,0.8137174434982306,0.749046401475458,0.9107240065323897,0.9671489244964308
source,0.781,0.8137362826934388,0.7490778001341382,0.9107240065323897,0.9671515398601231
source,0.782,0.8137551234681225,0.7491092014252777,0.9107240065323897,0.9671541552238156
source,0.783,0.8137551234681225,0.7491092014252777,0.9107240065323897,0.9671541552238156
source,0.784,0.8136901634124547,0.749182389937107,0.9104518236254763,0.9671106792460074
source,0.785,0.8133653735629067,0.749003984063745,0.9099074578116494,0.9668975448793871
source,0.786,0.8134973400337964,0.7492239281818944,0.9099074578116494,0.9669158524252344
source,0.787,0.8133758417960948,0.7492028863903339,0.909635274904736,0.9668645303563486
source,0.788,0.8129736133336184,0.7490768714333669,0.9088187261839956,0.9667053334223066
source,0.789,0.812858328562774,0.7490661854199018,0.9085465432770822,0.9666053046482275
source,0.79,0.8129149235566355,0.7491605104096709,0.9085465432770822,0.9666131507393049
source,0.791,0.8126485073203249,0.748897938620429,0.9082743603701687,0.9663434635764139
source,0.792,0.8124116685767784,0.7488661179237359,0.9077299945563418,0.9661921127334492
source,0.793,0.812233282189702,0.7487502625498845,0.9074578116494284,0.9659842090942137
source,0.794,0.812149492033118,0.7487920675601866,0.907185628742515,0.9659381177527129
source,0.795,0.8118244325542288,0.7486132123045891,0.9066412629286881,0.9657249833860926
source,0.796,0.8117675135359828,0.7485183472741793,0.9066412629286881,0.9655684018157429
source,0.797,0.8117025971142341,0.748591608509207,0.9063690800217746,0.9655249258379346
source,0.798,0.8115810393706671,0.7485704675412042,0.9060968971148612,0.9654736037690488
source,0.799,0.8114972532189235,0.7486122792262407,0.9058247142079477,0.965427512427548
source,0.8,0.8111909649654552,0.7484647093463448,0.9052803483941209,0.9652169934246202
source,0.801,0.8109667141226137,0.7484538684841601,0.904735982580294,0.9651169646505412
source,0.802,0.8105198819522046,0.7482535140139719,0.9039194338595536,0.9648525082150351
source,0.803,0.8104233725144119,0.7482741202222597,0.9036472509526402,0.9647550948046486
source,0.804,0.8103646810838795,0.7483577564426479,0.9033750680457268,0.964662912121647
source,0.805,0.8098544452631677,0.7480517292219554,0.9025585193249864,0.9642905808209845
source,0.806,0.8097706542217478,0.748093532757531,0.902286336418073,0.9642444894794837
source,0.807,0.80966795703905,0.7481038260576437,0.9020141535111595,0.9641957827742904
source,0.808,0.8097057878267142,0.7481668773704172,0.9020141535111595,0.9642010135016754
source,0.809,0.8095525222156521,0.7480928899565895,0.9017419706042461,0.9640957540002115
source,0.81,0.809590360422942,0.7481559536354058,0.9017419706042461,0.9641009847275964
source,0.811,0.8094039091056441,0.7482081119824606,0.9011976047904192,0.9640061866809024
source,0.812,0.8088668305810066,0.7480388021931674,0.9001088731627653,0.9637443456090887
source,0.8130000000000001,0.8085208786440421,0.7480065814453868,0.899292324442025,0.963592994766124
source,0.8140000000000001,0.8082648499913476,0.7479427775667806,0.8987479586281981,0.9634390285594667
source,0.8150000000000001,0.8083216701567744,0.7480374778424917,0.8987479586281981,0.9634468746505442
source,0.8160000000000001,0.8080656316546239,0.7479736575481256,0.8982035928143712,0.963292908443887
source,0.8170000000000001,0.807579052582795,0.7478885135135135,0.8971148611867175,0.963087620168344
source,0.8180000000000001,0.807360878108602,0.7478877999324096,0.8965704953728906,0.9629388846890719
source,0.8190000000000001,0.807123741491912,0.7478554827804775,0.8960261295590637,0.9627875338461072
source,0.8200000000000001,0.8070082565983072,0.7478444632290786,0.8957539466521502,0.9626875050720282
source,0.8210000000000001,0.8065925291395886,0.747695949945041,0.8949373979314099,0.9624769860691003
source,0.8220000000000001,0.8064831882681087,0.7476951704305168,0.8946652150244965,0.962328250589828
source,0.8230000000000001,0.8063676777173856,0.7476841081172539,0.894393032117583,0.962228221815749
source,0.8240000000000001,0.8060797051607511,0.7475670643987478,0.8938486663037561,0.9620203181765136
source,0.8250000000000001,0.8060350866814618,0.7474927002665991,0.8938486663037561,0.9619150586750497
source,0.8260000000000001,0.8059776278691704,0.7473969355794464,0.8938486663037561,0.9617584771046999
source,0.8270000000000001,0.8060407366315787,0.747502116850127,0.8938486663037561,0.9617176164905841
source,0.8280000000000001,0.8059950043013981,0.7476073515711018,0.8935764833968427,0.9616767558764683
source,0.8290000000000001,0.8055271913664344,0.7475534844312646,0.8924877517691889,0.9614740829646178
source,0.8300000000000001,0.8056222193517435,0.7477118644067797,0.8924877517691889,0.9614871597830802
source,0.8310000000000001,0.8052632843222576,0.7476580051714636,0.8916712030484486,0.9612844868712298
source,0.8320000000000001,0.805038880403897,0.7476469091834139,0.8911268372346217,0.9611844580971507
source,0.833,0.8047317163036869,0.7474978795589483,0.8905824714207947,0.9609739390942229
source,0.834,0.8047507374126286,0.7475295814071844,0.8905824714207947,0.9609765544579154
source,0.835,0.8044944345390583,0.7474653204937852,0.8900381056069678,0.9608225882512582
source,0.836,0.8040592948522507,0.7472844534962662,0.8892215568862275,0.9606094538846377
source,0.837,0.8037010776003379,0.7470503352856294,0.8886771910724006,0.9603423820854392
source,0.838,0.8037195071766357,0.7470810512461258,0.8886771910724006,0.9601962619698594
source,0.839,0.8038916364562944,0.7471864781076145,0.8889493739793141,0.9601554013557436
source,0.84,0.8037379508428235,0.7471117906897722,0.8886771910724006,0.9600501418542796
source,0.841,0.8034624847913941,0.7470155911466078,0.8881328252585737,0.95989356028393
source,0.842,0.803595812408376,0.7472378038415773,0.8881328252585737,0.9599118678297773
source,0.843,0.8035121590147887,0.7472798367902075,0.8878606423516603,0.9598657764882765
source,0.844,0.8031782583326572,0.7472677014671486,0.88704409363092,0.9596170122349252
source,0.845,0.8031260549635305,0.7473621511232131,0.8867719107240065,0.9594761228467305
source,0.846,0.8030295447143766,0.7473827559792322,0.8864997278170931,0.959378709436344
source,0.847,0.8029712223063452,0.7474670072371221,0.8862275449101796,0.9592865267533424
source,0.848,0.8027854488973636,0.7473388401600953,0.8859553620032662,0.9591273298193002
source,0.849,0.802790654051629,0.7475289706884799,0.8856831790963527,0.9589942865221828
source,0.85,0.8028288745358568,0.7475926714955262,0.8856831790963527,0.9589995172495678
source,0.851,0.8027000265917827,0.7477408354646207,0.8851388132825259,0.9589125652939512
source,0.852,0.8024818178754209,0.7477400648132356,0.884594447468699,0.9587638298146789
source,0.853,0.8021289069394566,0.7476962457337885,0.8837778987479586,0.9585124501976352
source,0.854,0.8019106886943083,0.7476954592010926,0.8832335329341318,0.9583637147183629
source,0.855,0.801602749796871,0.7477265935191906,0.8824169842133914,0.9582175946027831
source,0.856,0.8012244150682968,0.7476404014520606,0.8816004354926511,0.9580123063272402
source,0.857,0.8009932460727689,0.7476180303353985,0.8810560696788242,0.9578122487790822
source,0.858,0.8008517127091674,0.7477450519386141,0.8805117038649973,0.9576739747545799
source,0.859,0.8007936916417326,0.7478298054308318,0.8802395209580839,0.9575817920715783
source,0.86,0.8005050177719427,0.7478930481283422,0.8794229722373434,0.9574382873196909
source,0.861,0.8002676356539666,0.7478603218076001,0.8788786064235166,0.9572869364767262
source,0.862,0.7999084139882555,0.7478059848452416,0.8780620577027762,0.9570842635648757
source,0.863,0.7994402940274794,0.7477516059957173,0.8769733260751225,0.9568815906530254
source,0.864,0.7988503033196799,0.747675564505763,0.8756124115405552,0.9566275956722892
source,0.865,0.7984655294940868,0.7475786406102681,0.8747958628198149,0.9564710141019395
source,0.866,0.7980742507874,0.7476523305175592,0.8737071311921611,0.956278802644859
source,0.867,0.7976381690937302,0.7478328040511544,0.8723462166575939,0.9560457305736625
source,0.868,0.7972461224573391,0.7477237588043293,0.8715296679368536,0.9556403847499615
source,0.869,0.7972586581361643,0.7477446516023714,0.8715296679368536,0.9555429713395751
source,0.87,0.7967643822606238,0.7476466795615733,0.8704409363091998,0.9552376542899532
source,0.871,0.7964498152478477,0.7476667670207733,0.8696243875884594,0.9549915054002944
source,0.872,0.7958584199053036,0.7474069292016354,0.8685356559608056,0.9545243760529378
source,0.873,0.7954025423430798,0.7473729543496985,0.8674469243331518,0.9542242897307007
source,0.874,0.7946178284766032,0.7469723742619488,0.8660860097985846,0.9536466701544953
source,0.875,0.7944241769582724,0.7468310770026731,0.8658138268916712,0.9533874444463741
source,0.876,0.794122455397438,0.7468725735484427,0.8649972781709309,0.9531926176256011
source,0.877,0.7936198033266726,0.746579185910994,0.8641807294501905,0.9527228729145522
source,0.878,0.7933812904441792,0.7465445749827229,0.8636363636363636,0.9524227865923152
source,0.879,0.7931821821822058,0.746575638421985,0.8630919978225368,0.9522766664767355
source,0.88,0.7926352883197171,0.7463899697362731,0.862003266194883,0.9519147966308428
source,0.881,0.7924811202839331,0.7464959335525178,0.8614589003810561,0.9517252005374548
source,0.882,0.7925517083326276,0.7466135803003419,0.8614589003810561,0.9516356332181456
source,0.883,0.7923588859204185,0.7466551201558779,0.8609145345672292,0.9514408063973726
source,0.884,0.7921542823011574,0.7468584799376029,0.8600979858464889,0.9512590563950619
source,0.885,0.7914733870559924,0.7468123861566485,0.8584648884050081,0.9508589412987459
source,0.886,0.7908499207119358,0.746680551939599,0.8571039738704409,0.9505510088854315
source,0.887,0.7901937200657002,0.7464941605522512,0.8557430593358737,0.9501891390395389
source,0.888,0.7903556026762313,0.7467639649031362,0.8557430593358737,0.9501613552438855
source,0.889,0.7896207127346935,0.7464464246902847,0.8543821448013065,0.9496402884639508
source,0.89,0.7890483876907722,0.7463998259734609,0.8530212302667393,0.9492401733676348
source,0.891,0.7883024125920337,0.7462452657698837,0.8513881328252586,0.9488809188854346
source,0.892,0.7881681393189481,0.746384387523959,0.8508437670114317,0.948693938155739
source,0.893,0.7876194765472325,0.7461957706562022,0.849755035383778,0.9481833328305741
source,0.894,0.7869567992754083,0.7461800401641492,0.8481219379422972,0.9476370976186783
source,0.895,0.7865588260421104,0.7462425725270884,0.8470332063146434,0.9473448573875187
source,0.896,0.7861327704817191,0.7460768457402632,0.8462166575939031,0.9470343096105119
source,0.897,0.7851456979300073,0.7457019117196728,0.844311377245509,0.9464593053979989
source,0.898,0.7845641731519353,0.7454585248413219,0.8432226456178552,0.946043498119528
source,0.899,0.7836682385502818,0.7452354874041622,0.8413173652694611,0.9455302774306709
source,0.9,0.782638937805191,0.7451530836038249,0.8388677191072401,0.9449788114913901
source,0.901,0.7817425661611905,0.7449293177627535,0.8369624387588459,0.9444655908025328
source,0.902,0.7811164335758174,0.7447930398101766,0.8356015242242787,0.944008922909946
source,0.903,0.7805957073291346,0.7448324390887501,0.8342406096897115,0.9436653606099008
source,0.904,0.7791503363513484,0.7444194954431383,0.8312465977136636,0.9429390055544231
source,0.905,0.778302925664037,0.7440958759252732,0.829613500272183,0.9424179387744883
source,0.906,0.777404092628065,0.7438680077642492,0.8277082199237887,0.9417559826063586
source,0.907,0.7760192913241939,0.743374558303887,0.8249863908546543,0.940924368049417
source,0.908,0.7753279203536351,0.7429480944380581,0.8238976592270005,0.9402467196991326
source,0.909,0.7731635343315053,0.7420626134703096,0.8198149156232989,0.9390375431141436
source,0.91,0.7713886639138574,0.7414634146341463,0.816276537833424,0.9380493469868523
source,0.911,0.7707993459104518,0.7413884943181819,0.8149156232988568,0.9375979098216505
source,0.912,0.769869855530114,0.7411095305832149,0.8130103429504627,0.9368333095157495
source,0.913,0.7689854152184845,0.7409056502960951,0.8111050626020686,0.93602523323204
source,0.914,0.7675302619847288,0.7404764028905343,0.8081110506260207,0.9350014072180178
source,0.915,0.7659931677116377,0.7400920423573567,0.8048448557430593,0.934080225341767
source,0.916,0.7648849191376702,0.7396966035709491,0.8026673924877518,0.9332077501707097
source,0.917,0.7628360924370887,0.7390037214724476,0.7985846488840501,0.9319655590626821
source,0.918,0.7616863895340904,0.7390835579514825,0.7955906369080021,0.9312297277573982
source,0.919,0.7602351942492396,0.7386609071274297,0.7925966249319543,0.930305930517455
source,0.92,0.7574511273162295,0.7374684457266499,0.7874251497005988,0.9288270667695748
source,0.921,0.7552196980065609,0.7364712259463366,0.7833424060968971,0.9273638952038497
source,0.922,0.7521751676477402,0.7352075693784237,0.7776265650517148,0.925682358544119
source,0.923,0.7497827244252411,0.7344863588905532,0.7727272727272727,0.924142696477547
source,0.924,0.7460741592134732,0.732841798652831,0.7659227000544366,0.9220862131534613
source,0.925,0.7441535337493524,0.7321811300104885,0.7621121393576483,0.920897959478012
source,0.926,0.741517554939071,0.7310540268763142,0.7572128470332063,0.919278206341937
source,0.927,0.7387906958090515,0.7301383670851278,0.7517691888949374,0.917774174162096
source,0.928,0.7353338518626902,0.7285504317471981,0.7455089820359282,0.9158229503394741
source,0.929,0.7324634695389433,0.727214111361857,0.7403375068045727,0.9139413561315857
source,0.93,0.7294999585308544,0.7259040317738882,0.7348938486663038,0.9120623772873895
source,0.931,0.7251219375387643,0.723869532987398,0.7270005443658138,0.9095848559574481
source,0.932,0.7217212991252826,0.7221938182663257,0.721012520413718,0.9073335458125895
source,0.933,0.7167221368325857,0.7202128156064779,0.7114861186717474,0.9045663996151809
source,0.934,0.7115812353529636,0.7178141256971458,0.7022318998366902,0.901521720163804
source,0.935,0.7077452986088765,0.7161387348435003,0.6951551442569407,0.8994704675671035
source,0.936,0.7030077443740308,0.713867924528302,0.6867174741426239,0.8967337205290409
source,0.937,0.6983284517112613,0.7116942168332308,0.678279804028307,0.8939074061716692
source,0.9380000000000001,0.6932971831749781,0.7092967932248548,0.6692977681001633,0.8908192507424839
source,0.9390000000000001,0.6889263326178863,0.7074557004346372,0.6611322808927599,0.8883165609805816
source,0.9400000000000001,0.6850065318152649,0.7054590808788257,0.6543277082199238,0.8855572608742506
source,0.9410000000000001,0.679950010882595,0.7033824804856895,0.6448013064779532,0.8827440233353414
source,0.9420000000000001,0.6750418981512029,0.7008274060095805,0.6363636363636364,0.8797480505891577
source,0.9430000000000001,0.6698844428787403,0.6982196711742388,0.6273816004354926,0.876357193474043
source,0.9440000000000001,0.6657444936695662,0.695856137607506,0.6205770277626566,0.8733795282737067
source,0.9450000000000001,0.6610589614801208,0.6938534859725839,0.6118671747414263,0.8703332186636009
source,0.9460000000000001,0.6542678914664337,0.6901561573433485,0.6004354926510616,0.8662280981065071
source,0.9470000000000001,0.6475203294261505,0.6859869761892927,0.5898203592814372,0.8618454442954449
source,0.9480000000000001,0.6403391047579292,0.6820023003450517,0.5778443113772455,0.8575785114406165
source,0.9490000000000001,0.6317423391781296,0.6774729423609364,0.5631464344039194,0.8528339877836616
source,0.9500000000000001,0.6245693268811082,0.6733204985307528,0.5514425694066413,0.8484157040858684
source,0.9510000000000001,0.6166439646166388,0.6686399591732585,0.5386499727817093,0.8434737382444479
source,0.9520000000000001,0.6095924187892556,0.6645085041878629,0.5272182906913446,0.8390172092962316
source,0.9530000000000001,0.6016197442741524,0.6599305663505881,0.5141535111594991,0.8338987241798854
source,0.9540000000000001,0.5920416115152629,0.6546728727577009,0.4980947196516059,0.8282000041236414
source,0.9550000000000001,0.5821205676728674,0.6481178396072014,0.48312465977136637,0.8218278812395341
source,0.9560000000000001,0.5717251835254397,0.6420424261805776,0.46624931954273274,0.8157924597693584
source,0.9570000000000001,0.5629334866533701,0.6360994510816919,0.4531845400108873,0.8098727592554167
source,0.9580000000000001,0.5516558030390678,0.6289164490861618,0.4357648339684268,0.8030952905476083
source,0.9590000000000001,0.5411426024473628,0.6208301222063195,0.4216113228089276,0.7956349427621308
source,0.96,0.5310030560579068,0.6126407312451232,0.4085465432770822,0.7881337343625373
source,0.961,0.5187894366657626,0.6035349257439719,0.39167120304844855,0.78014708906974
source,0.962,0.5070963617375438,0.5951152390780874,0.37506804572672836,0.7721362605499456
source,0.963,0.4924903772054299,0.5849254426840633,0.3538377789874796,0.763295447631938
source,0.964,0.47804237507452285,0.5737287633931215,0.3345127925966249,0.7541179332999989
source,0.965,0.4667434137875991,0.56396992481203,0.32090364725095266,0.7458835089588141
source,0.966,0.45268167746537197,0.5526912007837854,0.30266739248775176,0.7367556865370319
source,0.967,0.4372826771532484,0.5393651587103224,0.2841589548176375,0.7264700095991465
source,0.968,0.42012700387154744,0.5245629705244353,0.2634730538922156,0.715739756382173
source,0.969,0.40455188641070394,0.5091288471570161,0.2476864452912357,0.7049173204821979
source,0.97,0.38829033521741557,0.49345794392523357,0.23053892215568864,0.6940854083324167
source,0.971,0.3690470131909472,0.47463197535090723,0.21066956995100708,0.6820590265748374
source,0.972,0.35072299013869196,0.45570507429212226,0.19324986390854654,0.6707815529410044
source,0.973,0.32808490162532084,0.4330357142857143,0.17065868263473055,0.657976508854098
source,0.974,0.30838712875845,0.4121821407451213,0.15269461077844312,0.6465329774001092
source,0.975,0.2879553139491325,0.3882906112543607,0.13745236799129015,0.6345333942332195
source,0.976,0.2687144718056511,0.36656549147793605,0.12193794229722374,0.6238214485620933
source,0.977,0.2440440019289693,0.3357909921461773,0.10642351660315733,0.6100880214616237
source,0.978,0.22217054560126992,0.3082265398925176,0.09308655416439847,0.5980260098173136
source,0.979,0.20181671685819352,0.2808358817533129,0.08328796951551443,0.5869381322768686
source,0.98,0.17854106537013356,0.2516602586508214,0.0688622754491018,0.5757502259623446
source,0.981,0.15639808776718003,0.22292078318663555,0.056614044637996734,0.5653069822491458
source,0.982,0.13392660355563818,0.19308943089430897,0.045182362547632006,0.555033396924759
source,0.983,0.11262773804026656,0.1652124430955994,0.033750680457267285,0.5459255122075528
source,0.984,0.09211832776457929,0.13719957185949205,0.024496461622210124,0.5372360501325101
source,0.985,0.07125821229832549,0.107876370887338,0.01633097441480675,0.5286073863761592
source,0.986,0.05344366035226308,0.08235892221657347,0.010070767555797496,0.5214262020033787
source,0.987,0.03768803286071861,0.05954719321823633,0.004899292324442025,0.5152332137578897
source,0.988,0.02505234550363436,0.04030226700251889,0.002177463255307567,0.5101833730513129
source,0.989,0.014469749664554363,0.02357188362709705,0.0008165487207403375,0.5058902865595596
source,0.99,0.00921143726532948,0.01517094017094017,0.00027218290691344586,0.5037798658028958
source,0.991,0.0038680563017083917,0.0064467605028473195,0.0,0.501599815431499
source,0.992,0.0012926855542389312,0.002154475923731552,0.0,0.5005315282347047
source,0.993,0.00012940795858945323,0.00021567993098242207,0.0,0.5000487067051933
source,0.994,0.0,0.0,0.0,0.49999476927261505
source,0.995,0.0,0.0,0.0,0.5
source,0.996,0.0,0.0,0.0,0.5
source,0.997,0.0,0.0,0.0,0.5
source,0.998,0.0,0.0,0.0,0.5
source,0.999,0.0,0.0,0.0,0.5
source,1.0,0.0,0.0,0.0,0.5
transit,0.0,0.07436192615471009,0.12393654359118349,0.0,0.5
transit,0.001,0.5682490861346976,0.6139299321624384,0.49972781709308656,0.9545981928390495
transit,0.002,0.5861295766313788,0.6263110436144464,0.5258573761567773,0.9563604316373995
transit,0.003,0.5930353040636456,0.6323769311966222,0.5340228633641807,0.9568963815068703
transit,0.004,0.5999126755558027,0.6373068272509613,0.5438214480130648,0.9576293997815035
transit,0.005,0.6054353097488067,0.6405231936205388,0.5528034839412085,0.9580876867185715
transit,0.006,0.6094140077523849,0.6431623409917718,0.5587915078933043,0.9584742272651378
transit,0.007,0.6123449179134355,0.6451439069197795,0.5631464344039194,0.9587459210653391
transit,0.008,0.6148489125364547,0.6471397680361706,0.5664126292868807,0.9590500318031372
transit,0.009000000000000001,0.6171354995509823,0.6484103725958579,0.570223189983669,0.9591664493556769
transit,0.01,0.6186767745817173,0.6495275221435445,0.5724006532389766,0.959288575300147
transit,0.011,0.6206726774207608,0.6508580188912517,0.5753946652150245,0.9594454223539834
transit,0.012,0.6223871361407205,0.6520823526497039,0.5778443113772455,0.9596159903634502
transit,0.013000000000000001,0.6237628216339248,0.6529235196348392,0.5800217746325531,0.9597548748009148
transit,0.014,0.6261353447771028,0.6541558958043349,0.5841045182362548,0.9599254428103816
transit,0.015,0.627177362316353,0.6549853153467071,0.585465432770822,0.9600292394556827
transit,0.016,0.6286557225743764,0.6559976069398743,0.5876428960261295,0.9601948324388137
transit,0.017,0.6297905743551745,0.6566188396756083,0.5895481763745237,0.9602639079747487
transit,0.018000000000000002,0.6310349878458152,0.6574226752610802,0.5914534567229178,0.9603947798485134
transit,0.019,0.6319534209555977,0.6580461207543394,0.592814371257485,0.9604314384468515
transit,0.02,0.6330204378225515,0.658554295300333,0.5947196516058791,0.9603845671880296
transit,0.021,0.6335543425885435,0.6590812260344352,0.595264017419706,0.960405200658968
transit,0.022,0.6341589862270341,0.6597260548893683,0.5958083832335329,0.9605093639870663
transit,0.023,0.6348033360779656,0.6602556054937605,0.5966249319542732,0.9605624143956016
transit,0.024,0.6354482448634915,0.6607860876558102,0.5974414806750136,0.9606154648041368
transit,0.025,0.6360238636041924,0.661201086409818,0.5982580293957539,0.9606498192307057
transit,0.026000000000000002,0.6370955003253138,0.6617169607127577,0.6001633097441481,0.9607326157222711
transit,0.027,0.6378794174398693,0.6621162128806387,0.6015242242787153,0.9607318823566764
transit,0.028,0.6382569363016272,0.6623825004410171,0.6020685900925422,0.9607097821545488
transit,0.029,0.6396359880753048,0.6628663673510569,0.6047904191616766,0.9607224030617874
transit,0.03,0.6407780159365809,0.6633181049496454,0.6069678824169842,0.9607945161350863
transit,0.031,0.6411666082969202,0.6636028483409929,0.6075122482308111,0.960839920662719
transit,0.032,0.6420410374275188,0.6639714985976702,0.6091453456722917,0.9608662625255878
transit,0.033,0.6426494011563024,0.6644410723318159,0.6099618943930322,0.9608437956406628
transit,0.034,0.6430584609533301,0.6647599281176442,0.610506260206859,0.9607648741270414
transit,0.035,0.6435263888399549,0.6649954421148587,0.6113228089275994,0.9607698491533774
transit,0.036000000000000004,0.6438347385496566,0.6651464477551434,0.6118671747414263,0.9606318021564928
transit,0.037,0.6442926751071198,0.6653653095370887,0.6126837234621666,0.9605692724530683
transit,0.038,0.6446040639629418,0.6657028356921828,0.61295590636908,0.960622689544401
transit,0.039,0.6448243017409512,0.6658884433842562,0.6132280892759935,0.9605548181318433
transit,0.04,0.6454220593082179,0.6661588849112651,0.6143168209036473,0.9605651348673125
transit,0.041,0.6456527165131749,0.6663618583149178,0.6145890038105607,0.9605323512469183
transit,0.042,0.646053347849755,0.6666666666666666,0.6151333696243876,0.9605804266291176
transit,0.043000000000000003,0.6463524425241686,0.666802247248138,0.6156777354382145,0.9605369595904569
transit,0.044,0.6466037549432695,0.6670396460086971,0.6159499183451279,0.9605743515543896
transit,0.045,0.6468927814528628,0.6671584463154682,0.6164942841589548,0.9605606305987593
transit,0.046,0.6476205483769303,0.6674641148325359,0.617855198693522,0.9605762890433617
transit,0.047,0.6482191853273704,0.6677360219981668,0.6189439303211758,0.9606190227164277
transit,0.048,0.6485219650711476,0.6680591996331865,0.6192161132280892,0.9606697689531936
transit,0.049,0.6486548942437816,0.6682807482542433,0.6192161132280892,0.960639656187366
transit,0.05,0.6488287778936122,0.6685705543372941,0.6192161132280892,0.9606526437774019
transit,0.051000000000000004,0.6497341405343583,0.6688093051729416,0.6211213935764834,0.9606900357413346
transit,0.052000000000000005,0.6500683284546216,0.6691848297687715,0.6213935764833969,0.9607487945418005
transit,0.053,0.650579484664435,0.6694923909713002,0.6222101252041372,0.9607968699239997
transit,0.054,0.651019098688725,0.6696807151979567,0.6230266739248775,0.9607938323866358
transit,0.055,0.652292807622507,0.6699890107081704,0.625748502994012,0.9608094908312382
transit,0.056,0.6525314109622091,0.670023772398456,0.6262928688078389,0.9607499986651777
transit,0.057,0.6527329525941574,0.670178219847094,0.6265650517147523,0.9607416194186806
transit,0.058,0.652835795871967,0.6703496253101101,0.6265650517147523,0.9607683279643469
transit,0.059000000000000004,0.6533947699184346,0.6705554276357869,0.6276537833424061,0.9608003782191464
transit,0.06,0.6536748370580705,0.6706592956592956,0.628198149156233,0.9607191525337556
transit,0.061,0.6543576533584226,0.6710715017414464,0.6292868807838867,0.9607832530433547
transit,0.062,0.654699813574899,0.671278858226356,0.6298312465977136,0.9607180524853637
transit,0.063,0.6549327898270738,0.6714856967087051,0.630103429504627,0.9607176858025663
transit,0.064,0.6553730424426816,0.6716750852542243,0.6309199782253675,0.9607470652027992
transit,0.065,0.6560520262074753,0.6718994485058356,0.6322808927599347,0.9607493693745686
transit,0.066,0.6564047531241102,0.6721244161576759,0.6328252585737616,0.960719256608741
transit,0.067,0.6567475159509526,0.6723327769931954,0.6333696243875885,0.9606540560507499
transit,0.068,0.6569501726994602,0.6724890829694323,0.6336418072945019,0.9606132598666559
transit,0.069,0.6574219486348973,0.6727310103813342,0.6344583560152423,0.9606506518305887
transit,0.07,0.6579508113082186,0.6728866270851004,0.635547087642896,0.9606746895216884
transit,0.07100000000000001,0.6582213241384549,0.6729745712596097,0.6360914534567229,0.960590792981731
transit,0.07200000000000001,0.658325470271578,0.673148148148148,0.6360914534567229,0.9605850845898003
transit,0.073,0.658595772046896,0.67323574056446,0.6366358192705498,0.9605336049874398
transit,0.074,0.6587988213991163,0.6733927008802182,0.6369080021774632,0.9604928088033458
transit,0.075,0.659338648724024,0.6735665920032955,0.637996733805117,0.9604871004114153
transit,0.076,0.65946897579562,0.673602348518013,0.6382689167120305,0.9604276082453548
transit,0.077,0.6597911553596474,0.6737764039155074,0.6388132825258573,0.9604218998534242
transit,0.078,0.6601345855458629,0.6739858770166487,0.6393576483396842,0.96038911623303
transit,0.079,0.6605348622524614,0.6741086390471526,0.6401741970604246,0.9603429783398028
transit,0.08,0.6609403874153115,0.6744216037760181,0.6407185628742516,0.960391053722002
transit,0.081,0.660863552760889,0.6744750012899231,0.640446379967338,0.9603342324105082
transit,0.082,0.661211782405716,0.6745110182174744,0.6412629286880784,0.9602747402444478
transit,0.083,0.6610730307940765,0.6744612208026842,0.640990745781165,0.9601370599303605
transit,0.084,0.6611465242063603,0.6745837098231573,0.640990745781165,0.96012333897473
transit,0.085,0.6613866486513227,0.6746210066888767,0.6415351115949919,0.9599990129334759
transit,0.08600000000000001,0.6614079283036647,0.6746564727761132,0.6415351115949919,0.9599719377050123
transit,0.08700000000000001,0.6617410979760849,0.6748488450209291,0.6420794774088188,0.9599689001676484
transit,0.088,0.6618876222290362,0.675093052109181,0.6420794774088188,0.9600062921315811
transit,0.089,0.662038774309587,0.6751635169721568,0.6423516603157322,0.9599845586122508
transit,0.09,0.6619101381735394,0.6751305786833531,0.6420794774088188,0.959881966090327
transit,0.091,0.6621810583815757,0.6752192018208624,0.6426238432226457,0.9598304864879664
transit,0.092,0.6622395167048958,0.6751351770884536,0.6428960261295591,0.959655047527149
transit,0.093,0.6621213447673866,0.6751196791305473,0.6426238432226457,0.9595551258597919
transit,0.094,0.6624657199415106,0.675330727211536,0.6431682090364725,0.9595223422393977
transit,0.095,0.6626480366323517,0.6754531330916622,0.643440391943386,0.959541038221364
transit,0.096,0.6626589411154526,0.6754713072301637,0.643440391943386,0.959511292138334
transit,0.097,0.6628102131875491,0.6755419720790489,0.6437125748502994,0.9594895586190035
transit,0.098,0.6631691623817837,0.6755958549222797,0.6445291235710398,0.9594327373075098
transit,0.099,0.6633414756631411,0.6757015884532662,0.6448013064779532,0.9594163454973126
transit,0.1,0.663696705088028,0.6759307269521934,0.6453456722917801,0.959386232731485
transit,0.101,0.6637606755557162,0.6760373443983403,0.6453456722917801,0.9593374239836912
transit,0.10200000000000001,0.6640625933704851,0.6761776302137372,0.645890038105607,0.9593587908202241
transit,0.10300000000000001,0.6643549183180786,0.6763019279171749,0.6464344039194339,0.9593126529269969
transit,0.10400000000000001,0.6644611535154412,0.6764789865794462,0.6464344039194339,0.9592745275974695
transit,0.105,0.6644932257004942,0.6765324402212011,0.6464344039194339,0.9592501232235725
transit,0.106,0.6646135617624787,0.676551545053233,0.6467065868263473,0.9591879602029454
transit,0.107,0.6648283419323204,0.6767280567316935,0.6469787697332607,0.9591822518110149
transit,0.108,0.6649693322394632,0.6767815853056559,0.6472509526401742,0.9591578474371178
transit,0.109,0.6651314380402626,0.676870306369046,0.6475231355470876,0.9591387847723541
transit,0.11,0.6655218694445122,0.6769766595623018,0.648339684267828,0.9591223929621571
transit,0.111,0.6654250038721528,0.6769966722129783,0.6480675013609145,0.9590278130039331
transit,0.112,0.6653694275688273,0.6770855003120448,0.6477953184540011,0.9590087503391694
transit,0.113,0.6655316197703334,0.6771743653766126,0.6480675013609145,0.9589896876744057
transit,0.114,0.6657149777187863,0.6772985066860919,0.648339684267828,0.9589759667187754
transit,0.115,0.6658671472029869,0.6773706672218174,0.6486118671747414,0.9589218162618481
transit,0.116,0.6659522825962677,0.677512559543952,0.6486118671747414,0.9589107661607843
transit,0.117,0.6663429139524439,0.6776192459904187,0.6494284158954817,0.9588943743505872
transit,0.11800000000000001,0.6666670655421685,0.6777965880974085,0.6499727817093086,0.9588886659586566
transit,0.11900000000000001,0.6667412227181092,0.677920183390643,0.6499727817093086,0.958907361940623
transit,0.12,0.6666763307261698,0.6779934853420196,0.6497005988023952,0.958820794546099
transit,0.121,0.6667298759272446,0.678082727343811,0.6497005988023952,0.9588017318813353
transit,0.122,0.6669592997151019,0.6781021897810219,0.650244964616222,0.9587395688607082
transit,0.123,0.6672725259974739,0.6782613230424239,0.6507893304300489,0.9587636065518079
transit,0.124,0.6674450773650367,0.6783674533837527,0.6510615133369625,0.9587796316792077
transit,0.125,0.6677376953410252,0.6784922394678492,0.6516058791507894,0.9587659107235771
transit,0.126,0.6677074981551369,0.6784419108247018,0.6516058791507894,0.9586606473470867
transit,0.127,0.6674813410725584,0.678427892896289,0.6510615133369625,0.9585283087421328
transit,0.128,0.667609421145557,0.67864135968462,0.6510615133369625,0.9585279420593353
transit,0.129,0.6680317387417107,0.6788008565310493,0.6518780620577028,0.958551979750435
transit,0.13,0.6680642210621117,0.6788549937317175,0.6518780620577028,0.9585275753765381
transit,0.131,0.6681848805150385,0.6788746375486534,0.6521502449646163,0.9584654123559111
transit,0.132,0.6684889295806693,0.6790184754488202,0.6526946107784432,0.9584219453172503
transit,0.133,0.6685315201862433,0.6790894597914434,0.6526946107784432,0.9584326287355169
transit,0.134,0.6685640559850579,0.679143686122801,0.6526946107784432,0.9584082243616199
transit,0.135,0.6686948216255595,0.6791801735856948,0.6529667936853566,0.9583811491331562
transit,0.136,0.6688676243136324,0.6792867227945406,0.65323897659227,0.958397174260556
transit,0.137,0.6689742181084009,0.6794643791191547,0.65323897659227,0.9584238828062224
transit,0.138,0.6692666132710003,0.6795887938476026,0.6537833424060969,0.9584425787881887
transit,0.139,0.6691275624575495,0.6795384977631268,0.6535111594991835,0.9583373154116983
transit,0.14,0.6696276782280939,0.679646202962265,0.6545998911268373,0.9583209236015011
transit,0.14100000000000001,0.66977985534177,0.6797183762137828,0.6548720740337507,0.9582991900821709
transit,0.14200000000000002,0.669812498103854,0.6797727808172561,0.6548720740337507,0.9582747857082738
transit,0.14300000000000002,0.6701376663339196,0.6799518173248141,0.6554164398475776,0.9582690773163434
transit,0.14400000000000002,0.6701489769446879,0.6799706683427614,0.6554164398475776,0.9582393312333131
transit,0.145,0.6704956167705746,0.6801854908433546,0.6559608056614045,0.9582389645505158
transit,0.146,0.6704861983781767,0.6801697935226915,0.6559608056614045,0.9581714598207555
transit,0.147,0.670561065719236,0.6802945724244569,0.6559608056614045,0.9581901558027219
transit,0.148,0.6707033243987017,0.680350214952291,0.6562329885683179,0.9581333344912281
transit,0.149,0.67088841971111,0.6804772518683625,0.6565051714752314,0.9580871965980008
transit,0.15,0.6711496512563703,0.6805497272345783,0.6570495372890582,0.9580654630786705
transit,0.151,0.6712913133341465,0.6806043754262631,0.6573217201959717,0.9580410587047734
transit,0.152,0.6714222714754328,0.6806411837237978,0.6575939031028851,0.9580139834763098
transit,0.153,0.671272516793754,0.6805730478589421,0.6573217201959717,0.9579060492452528
transit,0.154,0.6714255723691787,0.6806466852133745,0.6575939031028851,0.9578518987883256
transit,0.155,0.6713287405787168,0.6806667541672136,0.6573217201959717,0.9577897357676985
transit,0.156,0.6712741431641069,0.6807572137474729,0.6570495372890582,0.9577706731029348
transit,0.157,0.6715777014759291,0.680900233724625,0.6575939031028851,0.9577920399394679
transit,0.158,0.671881975634353,0.6810444467794472,0.658138268916712,0.957780989838404
transit,0.159,0.6721856130093989,0.681187598528639,0.6586826347305389,0.957802356674937
transit,0.16,0.6726203425528512,0.6813677819538991,0.6594991834512792,0.9577966482830065
transit,0.161,0.6726116821083963,0.6813533478798076,0.6594991834512792,0.9576967266156493
transit,0.162,0.672774298239128,0.6814429194930851,0.6597713663581927,0.9577100808884824
transit,0.163,0.6727965004731726,0.6814799232164926,0.6597713663581927,0.9576830056600188
transit,0.164,0.673034438408202,0.6816950311702659,0.6600435492651061,0.9577150559148184
transit,0.165,0.6732200724709549,0.6818229660035786,0.6603157321720196,0.9576689180215912
transit,0.166,0.6732638563606624,0.681895939153091,0.6603157321720196,0.9576471845022607
transit,0.167,0.6734804341496134,0.6820754468634005,0.660587915078933,0.9576738930479269
transit,0.168,0.6736647342970241,0.682201158504476,0.6608600979858464,0.9576925890298934
transit,0.169,0.6739478959725833,0.6823101840878565,0.6614044637996733,0.9576761972196963
transit,0.17,0.6740805638459646,0.682349841938883,0.6616766467065869,0.957584288116039
transit,0.171,0.6739940078884638,0.6823870372809907,0.6614044637996733,0.9575572128875754
transit,0.17200000000000001,0.6741266991633431,0.6824267341345139,0.6616766467065869,0.9574653037839181
transit,0.17300000000000001,0.6742022505322802,0.6825526530827424,0.6616766467065869,0.9574839997658845
transit,0.17400000000000002,0.6740848417565221,0.6825384270610878,0.6614044637996733,0.9573840780985274
transit,0.17500000000000002,0.674312517430459,0.6827364312463737,0.6616766467065869,0.9574134574987603
transit,0.176,0.674507835723005,0.6828805064626748,0.6619488296135003,0.9574348243352933
transit,0.177,0.674769591708118,0.6829538558953118,0.6624931954273272,0.9574130908159629
transit,0.178,0.6750105120277983,0.6829924792188943,0.6630375612411541,0.9573535986499024
transit,0.179,0.6752722978490193,0.6830658783783783,0.663581927054981,0.9573318651305722
transit,0.18,0.6753372109254716,0.6831740668391321,0.663581927054981,0.957347890257972
transit,0.181,0.6753379953527351,0.6831753742179045,0.663581927054981,0.957315473320375
transit,0.182,0.6758709040856761,0.6833377343543702,0.6646706586826348,0.9573395110114747
transit,0.183,0.6759467041671352,0.6834640678234689,0.6646706586826348,0.9573582069934411
transit,0.184,0.6763383174648765,0.6835723908392107,0.6654872074033751,0.9573742321208409
transit,0.185,0.676490531280642,0.6836446252608777,0.6657593903102885,0.9573849155391074
transit,0.186,0.6765772400717969,0.6837891399128023,0.6657593903102885,0.9574062823756404
transit,0.187,0.6766097653202467,0.6838433486602188,0.6657593903102885,0.9574142949393403
transit,0.188,0.6770014507789196,0.6839517919441801,0.6665759390310289,0.95743032006674
transit,0.189,0.6772951334899262,0.6840783525866398,0.6671203048448557,0.9574490160487064
transit,0.19,0.6775016804523735,0.6842411422527762,0.6673924877517692,0.9574730537398061
transit,0.191,0.6775242303248251,0.6842787253735291,0.6673924877517692,0.9574459785113425
transit,0.192,0.6776573400653988,0.6843191196698762,0.6676646706586826,0.9573540694076852
transit,0.193,0.6779737077304093,0.6844834885690092,0.6682090364725095,0.957345690161188
transit,0.194,0.6781369236688836,0.6845740598618573,0.668481219379423,0.9573590444340212
transit,0.195,0.6782901380452915,0.6846479618845949,0.6687534022863364,0.9573373109146908
transit,0.196,0.6785513817000399,0.6847204574332909,0.6692977681001633,0.9573479943329573
transit,0.197,0.678672853182094,0.6847414546321057,0.6695699510070767,0.9572858313123302
transit,0.198,0.6787072176909662,0.6847987288135592,0.6695699510070767,0.9572290100008365
transit,0.199,0.6790120331492133,0.6849438440347532,0.6701143168209036,0.9572503768373695
transit,0.2,0.6790882489167307,0.6850708703139489,0.6701143168209036,0.9572690728193358
transit,0.201,0.6791435882435852,0.685163102525373,0.6701143168209036,0.9572500101545721
transit,0.202,0.6792089612039915,0.6852720574593835,0.6701143168209036,0.9572660352819718
transit,0.203,0.6792425458138485,0.6853280318091451,0.6701143168209036,0.9572416309080749
transit,0.20400000000000001,0.6796136633596662,0.6854021952383478,0.6709308655416439,0.9572198973887446
transit,0.20500000000000002,0.679777957645135,0.6854945637761867,0.6712030484485574,0.9572008347239809
transit,0.20600000000000002,0.6798115822056483,0.6855506047103755,0.6712030484485574,0.9571764303500838
transit,0.20700000000000002,0.6801609251564801,0.6855884771479349,0.6720195971692978,0.9571493551216204
transit,0.20800000000000002,0.6803025354600261,0.685643039049236,0.6722917800762113,0.9571573676853202
transit,0.209,0.6804550662502381,0.685715801761647,0.6725639629831247,0.9571680511035867
transit,0.21,0.6805314893991674,0.6858431736765291,0.6725639629831247,0.9571867470855531
transit,0.211,0.6806640387366188,0.6858826339676726,0.6728361458900382,0.9571272549194927
transit,0.212,0.6808175284924998,0.6859569949561986,0.6731083287969516,0.9571055214001623
transit,0.213,0.6808093662487471,0.6859433912166109,0.6731083287969516,0.9570055997328051
transit,0.214,0.6810398854395843,0.6859646793254548,0.6736526946107785,0.9569434367121781
transit,0.215,0.6809865978602854,0.6860573219645656,0.673380511703865,0.9569243740474144
transit,0.216,0.6810084671333988,0.686093770753088,0.673380511703865,0.9569297157565476
transit,0.217,0.6811939010548964,0.6862213720176417,0.6736526946107785,0.956948411738514
transit,0.218,0.6815771038757814,0.6863156775719563,0.6744692433315188,0.9568969321361535
transit,0.219,0.6816646743920722,0.6864616284324411,0.6744692433315188,0.9569182989726865
transit,0.22,0.6818182976037425,0.6865362118472826,0.6747414262384323,0.9568965654533561
transit,0.221,0.6818949749628639,0.6866640074458183,0.6747414262384323,0.9569152614353225
transit,0.222,0.68221134842001,0.6868283859985106,0.6752857920522591,0.9569392991264222
transit,0.223,0.682483908002916,0.6869197414274694,0.675830157866086,0.9569526533992553
transit,0.224,0.6825497031623983,0.6870294000266064,0.675830157866086,0.9569686785266551
transit,0.225,0.6827024514365247,0.6871025252122083,0.6761023407729995,0.9569793619449216
transit,0.226,0.6829540918163672,0.6871590153027279,0.6766467065868264,0.9569549575710246
transit,0.227,0.6832596376274427,0.6873053477786356,0.6771910724006532,0.9569763244075575
transit,0.228,0.6832716050644063,0.6873252935069084,0.6771910724006532,0.9569465783245275
transit,0.229,0.6835442524997012,0.6874167953565152,0.6777354382144801,0.9569599325973606
transit,0.23,0.6835772001826101,0.6874717081613634,0.6777354382144801,0.9569679451610604
transit,0.231,0.6837200262642117,0.6875282963594238,0.6780076211213936,0.9569435407871635
transit,0.232,0.6838618603531329,0.6875832312363501,0.678279804028307,0.9569515533508633
transit,0.233,0.6838838372303299,0.6876198593650117,0.678279804028307,0.9569568950599966
transit,0.234,0.6840287026926644,0.6876798465309601,0.6785519869352205,0.9568676568109059
transit,0.23500000000000001,0.6840396964820097,0.6876981695132025,0.6785519869352205,0.9568703276654725
transit,0.23600000000000002,0.6844432889026145,0.6878264577337171,0.6793685356559608,0.956889023647439
transit,0.23700000000000002,0.6848469100467595,0.6879547938267984,0.6801850843767011,0.9569077196294054
transit,0.23800000000000002,0.6850008221360531,0.6880298587043455,0.6804572672836146,0.9568859861100749
transit,0.23900000000000002,0.6850448490027116,0.6881032368154429,0.6804572672836146,0.9568966695283414
transit,0.24,0.6853506772402567,0.6882500400021335,0.6810016330974414,0.9569180363648745
transit,0.241,0.6854057475232429,0.6883418238071106,0.6810016330974414,0.9569313906377077
transit,0.242,0.6856575864826389,0.6883986448635526,0.6815459989112683,0.9569069862638107
transit,0.243,0.6862043431949146,0.6885840849655762,0.6826347305389222,0.9569012778718802
transit,0.244,0.6862064490640796,0.6885875947475179,0.6826347305389222,0.9568364439966864
transit,0.245,0.6862726205269244,0.6886978805189258,0.6826347305389222,0.9568524691240862
transit,0.246,0.6861768973067082,0.6887197970898412,0.6823625476320088,0.9567903061034592
transit,0.247,0.6861989639971338,0.6887565749072172,0.6823625476320088,0.9567956478125924
transit,0.248,0.6862541410352859,0.6888485366374707,0.6823625476320088,0.9568090020854255
transit,0.249,0.6862662454175081,0.688868710607841,0.6823625476320088,0.9567792560023953
transit,0.25,0.6863004333377547,0.6889256904749186,0.6823625476320088,0.9567548516284983
transit,0.251,0.6864766392833506,0.6890379117796361,0.6826347305389222,0.9567384598183013
transit,0.252,0.6865876645045401,0.6890414985436764,0.6829069134458357,0.9566736259431076
transit,0.253,0.6865240654035099,0.689116955313235,0.6826347305389222,0.9566518924237772
transit,0.254,0.6866992529485028,0.689227479283614,0.6829069134458357,0.956667917551177
transit,0.255,0.6867666797121756,0.6893398572230689,0.6829069134458357,0.9566515257409799
transit,0.256,0.6869441090538173,0.689454117521196,0.6831790963527491,0.956602716993186
transit,0.257,0.6872072169783419,0.6895297201861857,0.683723462166576,0.9565809834738557
transit,0.258,0.6873825046047383,0.6896404109589042,0.6839956450734894,0.9565970086012554
transit,0.259,0.6873957907436777,0.6896625545238032,0.6839956450734894,0.9565348455806283
transit,0.26,0.6875068796063677,0.6896662473570109,0.6842678279804029,0.9564700117054347
transit,0.261,0.687650091674572,0.6897234788660759,0.6845400108873163,0.9564456073315377
transit,0.262,0.6877822345534597,0.6897622617262797,0.6848121937942298,0.956418532103074
transit,0.263,0.6875789109575727,0.6897862996090193,0.6842678279804029,0.9563239521448501
transit,0.264,0.6876143982213311,0.6898454450486166,0.6842678279804029,0.9562671308333563
transit,0.265,0.6879208587635057,0.6899933020763563,0.6848121937942298,0.9562884976698893
transit,0.266,0.6881718827253833,0.6900487648036011,0.6853565596080566,0.9562965102335892
transit,0.267,0.6883362305054654,0.690141222499129,0.6856287425149701,0.9563098645064223
transit,0.268,0.6885449954501944,0.6903077088024017,0.6859009254218835,0.956333902197522
transit,0.269,0.6887216361570636,0.6904206547092415,0.686173108328797,0.9563175103873249
transit,0.27,0.6888538713073908,0.6904595913551778,0.6864452912357104,0.9562904351588613
transit,0.271,0.688986112722833,0.6904985384429725,0.6867174741426239,0.9562633599303978
transit,0.272,0.6891517009142867,0.6905930634907862,0.6869896570495373,0.956244297265634
transit,0.273,0.6891551673916114,0.6905988409529941,0.6869896570495373,0.9561470464528434
transit,0.274,0.6892119212139756,0.6906934306569343,0.6869896570495373,0.9561279837880798
transit,0.275,0.6894741566493714,0.6907675791733763,0.6875340228633642,0.9561386672063463
transit,0.276,0.6895953188981905,0.6907880609834658,0.6878062057702776,0.956108921123316
transit,0.277,0.689639823658911,0.6908622355846665,0.6878062057702776,0.9561196045415825
transit,0.278,0.6898698678088996,0.6908827319587629,0.6883505715841045,0.9560898584585524
transit,0.279,0.6901655311472448,0.6910125936467871,0.6888949373979314,0.9561085544405188
transit,0.28,0.6903412136382532,0.6911239425271921,0.6891671203048448,0.9561245795679185
transit,0.281,0.6907358519652548,0.6912373072583679,0.6899836690255852,0.9561081877577214
transit,0.28200000000000003,0.6907692782649368,0.6912930177578379,0.6899836690255852,0.9561162003214213
transit,0.28300000000000003,0.690826196348646,0.6913878812306865,0.6899836690255852,0.9560971376566576
transit,0.28400000000000003,0.6908608384076218,0.6914456179956463,0.6899836690255852,0.9560727332827607
transit,0.28500000000000003,0.6911901112179498,0.6916314954703083,0.690528034839412,0.956099441828427
transit,0.28600000000000003,0.6913770886042304,0.691761669176167,0.6908002177463255,0.9561181378103933
transit,0.28700000000000003,0.6916965208904406,0.6919311457772995,0.6913445835601524,0.956109758563896
transit,0.28800000000000003,0.6918612324778821,0.6920242098184264,0.6916167664670658,0.9561231128367292
transit,0.289,0.6923426383252748,0.6921007318123116,0.6927054980947196,0.9561013793173989
transit,0.29,0.692355043926296,0.6921214078140135,0.6927054980947196,0.9560716332343686
transit,0.291,0.6923674521980601,0.6921420882669537,0.6927054980947196,0.9560418871513385
transit,0.292,0.6924456961291214,0.6922724948187226,0.6927054980947196,0.9560605831333049
transit,0.293,0.6925669909987313,0.6922931976634633,0.6929776810016332,0.9560308370502746
transit,0.294,0.6926005377535849,0.6923491089215528,0.6929776810016332,0.9560388496139745
transit,0.295,0.6927007156019206,0.6923346167308366,0.6932498639085466,0.9559713448842142
transit,0.296,0.6927566452618246,0.6924278328306765,0.6932498639085466,0.9559846991570473
transit,0.297,0.6927802719753116,0.6924672106864883,0.6932498639085466,0.9559576239285836
transit,0.298,0.692933908283649,0.6925418159291082,0.69352204681546,0.9559683073468502
transit,0.299,0.6930651666364241,0.6925791245791245,0.6937942297223735,0.9559736490559835
transit,0.3,0.6932188174156058,0.6926537539398183,0.6940664126292869,0.95598433247425
transit,0.301,0.6932536699958075,0.6927118415734879,0.6940664126292869,0.955959928100353
transit,0.302,0.6935498196234458,0.6928425137436671,0.6946107784431138,0.9559786240823194
transit,0.303,0.6936810991629829,0.6928798577049533,0.6948829613500273,0.9559839657914526
transit,0.304,0.6937259191634813,0.6929545577057841,0.6948829613500273,0.9559946492097192
transit,0.305,0.6939257443113875,0.6931061443476855,0.6951551442569407,0.9559835991086554
transit,0.306,0.6939058843805879,0.6930730444630193,0.6951551442569407,0.9559134235243284
transit,0.307,0.6938220051662414,0.6931147010437175,0.6948829613500273,0.9558539313582679
transit,0.308,0.6939882533813391,0.6932103261309379,0.6951551442569407,0.9558348686935043
transit,0.309,0.693903111696974,0.6932498785949387,0.6948829613500273,0.9558077934650406
transit,0.31,0.6938179764159655,0.6932894417312001,0.6946107784431138,0.9557807182365771
transit,0.311,0.6939717505329408,0.6933642766548831,0.6948829613500273,0.9557914016548436
transit,0.312,0.6943121926922746,0.6933873144399461,0.6956995100707676,0.9557292386342165
transit,0.313,0.6947727449812962,0.6934290805032126,0.6967882416984214,0.9556697464681561
transit,0.314,0.6947416472827865,0.6933772510056967,0.6967882416984214,0.9555969000292626
transit,0.315,0.6948202869580464,0.6935083171311299,0.6967882416984214,0.9556155960112289
transit,0.316,0.6948764763590618,0.6936019661328221,0.6967882416984214,0.955628950284062
transit,0.317,0.6950415541001427,0.6936956404300145,0.6970604246053348,0.9556423045568951
transit,0.318,0.6950640401824905,0.6937331172339276,0.6970604246053348,0.9556476462660284
transit,0.319,0.6950878467298821,0.6937727948129137,0.6970604246053348,0.9556205710375648
transit,0.32,0.6953307263927573,0.6938146837084876,0.6976047904191617,0.9555610788715043
transit,0.321,0.6954207372168822,0.693964701748696,0.6976047904191617,0.9555824457080374
transit,0.322,0.6951606295550836,0.6938940995215829,0.6970604246053348,0.9555069284145772
transit,0.323,0.6953145205817381,0.6939691292947314,0.6973326075122482,0.9555176118328437
transit,0.324,0.6954796797666697,0.6940629393316751,0.6976047904191617,0.9555309661056768
transit,0.325,0.6954710863269269,0.6940486169321038,0.6976047904191617,0.9554634613759165
transit,0.326,0.6953423563989878,0.694015522323481,0.6973326075122482,0.9553932857915896
transit,0.327,0.695387404059666,0.6940906017579446,0.6973326075122482,0.955403969209856
transit,0.328,0.6955300693646785,0.6941469219950231,0.6976047904191617,0.955411981773556
transit,0.329,0.6956740810038596,0.6942054861223826,0.6978769733260751,0.955387577399659
transit,0.33,0.6958194481900863,0.6942663094948183,0.6981491562329886,0.9553307560881652
transit,0.331,0.6958758131751612,0.6943602511366097,0.6981491562329886,0.9553441103609983
transit,0.332,0.6959774572670478,0.6943482026851451,0.698421339139902,0.9552441886936411
transit,0.333,0.6960000120243219,0.6943857939472686,0.698421339139902,0.9552495304027744
transit,0.334,0.6958825609419055,0.6943714974145166,0.6981491562329886,0.9551820256730141
transit,0.335,0.6960478381578561,0.6944655041698256,0.698421339139902,0.9551953799458472
transit,0.336,0.6959078251837638,0.6944136044842807,0.6981491562329886,0.9551225335069536
transit,0.337,0.6960618328800636,0.6944888287068381,0.698421339139902,0.9551332169252201
transit,0.338,0.6960744753650694,0.694509899515181,0.698421339139902,0.9551034708421899
transit,0.339,0.6959683175114808,0.6945144250304756,0.6981491562329886,0.9550386369669963
transit,0.34,0.6961788104080335,0.6946837912534546,0.698421339139902,0.9550626746580959
transit,0.341,0.6960839666748806,0.6947071736361419,0.6981491562329886,0.9550005116374689
transit,0.342,0.6959891282657006,0.6947305648921175,0.6978769733260751,0.9549383486168417
transit,0.343,0.6963496471553577,0.6947870638943859,0.6986935220468155,0.9549463611805417
transit,0.34400000000000003,0.6962647508170062,0.694827025268409,0.698421339139902,0.9549192859520781
transit,0.34500000000000003,0.6964075354421908,0.694883544372441,0.6986935220468155,0.954927298515778
transit,0.34600000000000003,0.6965630135538732,0.6949612192873027,0.6989657049537289,0.9549055649964475
transit,0.34700000000000003,0.6964469742719894,0.6949492757554387,0.6986935220468155,0.9548056433290903
transit,0.34800000000000003,0.6965035339916732,0.6950435419549117,0.6986935220468155,0.9548189976019236
transit,0.34900000000000003,0.6964949907592514,0.6950293032342086,0.6986935220468155,0.9547514928721632
transit,0.35000000000000003,0.6968823628165495,0.6951305575158787,0.6995100707675558,0.9546675963322058
transit,0.35100000000000003,0.6968936838538317,0.6951494259113489,0.6995100707675558,0.9546702671867724
transit,0.352,0.6970704961487615,0.6952626577982898,0.6997822536744692,0.9546862923141722
transit,0.353,0.6969856737047959,0.6953027423296226,0.6995100707675558,0.9546592170857087
transit,0.354,0.69696581617429,0.6952696464454461,0.6995100707675558,0.9545890415013817
transit,0.355,0.6970874167052448,0.6952908587257618,0.6997822536744692,0.9545592954183515
transit,0.356,0.6971114782142264,0.6953309612407311,0.6997822536744692,0.9545322201898878
transit,0.357,0.6972004886737886,0.6952978567353925,0.7000544365813827,0.9544620446055609
transit,0.358,0.6973433617317487,0.6953545232273838,0.7003266194882961,0.9544700571692608
transit,0.359,0.6971933545809297,0.6952859665806277,0.7000544365813827,0.9543621229382038
transit,0.36,0.6976968661857587,0.6953993315035735,0.7011431682090364,0.9543781480656035
transit,0.361,0.6976656595001598,0.6953473203609087,0.7011431682090364,0.95430530162671
transit,0.362,0.6977759357878852,0.6953496589025087,0.7014153511159499,0.9542728846891131
transit,0.363,0.69778867979238,0.6953708989100003,0.7014153511159499,0.9542431386060828
transit,0.364,0.6979556748200966,0.6954677686849188,0.7016875340228633,0.9542240759413192
transit,0.365,0.6976967713079782,0.6953991733739395,0.7011431682090364,0.9541161417102622
transit,0.366,0.6979726637396937,0.6954960835509139,0.7016875340228633,0.9540970790454983
transit,0.367,0.6981269397585281,0.6955717549776956,0.7019597169297768,0.9541077624637648
transit,0.368,0.6983380054795,0.6957420759080398,0.7022318998366902,0.9541318001548645
transit,0.369,0.6983962296056696,0.6958391161183226,0.7022318998366902,0.9541127374901008
transit,0.37,0.6983015786608601,0.6958628198149156,0.7019597169297768,0.9540505744694738
transit,0.371,0.6983143745767888,0.6958841463414634,0.7019597169297768,0.9540208283864435
transit,0.372,0.6982410359342202,0.6959433705417915,0.7016875340228633,0.9539964240125466
transit,0.373,0.6985497502946783,0.696094983933337,0.7022318998366902,0.9540177908490797
transit,0.374,0.6987183937413901,0.6961946010732477,0.7025040827436037,0.953966311246719
transit,0.375,0.6988614052468037,0.6962514983109949,0.7027762656505171,0.9539743238104189
transit,0.376,0.6988756897701929,0.6962753058499768,0.7027762656505171,0.9539121607897918
transit,0.377,0.6988999110999714,0.6963156747329409,0.7027762656505171,0.9538850855613283
transit,0.378,0.6990557881558348,0.6963940145547711,0.7030484485574305,0.9538633520419979
transit,0.379,0.6992216120885181,0.6964889325046341,0.7033206314643441,0.953876706314831
transit,0.38,0.6993532699064007,0.6965269069298293,0.7035928143712575,0.9538820480239643
transit,0.381,0.6995419089317183,0.6966598500340832,0.703864997278171,0.9539007440059306
transit,0.382,0.6996537266923762,0.6966647576972375,0.7041371801850844,0.953835910130737
transit,0.383,0.7000274246810905,0.6967432218646009,0.7049537289058248,0.9538141766114067
transit,0.384,0.7001605832372484,0.6967836975202553,0.7052259118127382,0.9537871013829431
transit,0.385,0.7005372767578735,0.6968671542408035,0.7060424605334785,0.953700533988419
transit,0.386,0.700584410585638,0.696945710620411,0.7060424605334785,0.9536788004690887
transit,0.387,0.7005531418811317,0.6968935961129005,0.7060424605334785,0.9536059540301951
transit,0.388,0.7006863313175693,0.6969341232356875,0.706314643440392,0.9535788788017316
transit,0.389,0.7006778888309406,0.6969200524246396,0.706314643440392,0.9535113740719712
transit,0.39,0.7007897362738067,0.6969250095581409,0.7065868263473054,0.9534465401967775
transit,0.391,0.7009557141542591,0.6970201840876191,0.7068590092542189,0.9534598944696107
transit,0.392,0.700836910211698,0.6970036327879598,0.7065868263473054,0.9534248066774472
transit,0.393,0.7008498260124656,0.6970251591225722,0.7065868263473054,0.953395060594417
transit,0.394,0.7008398937679892,0.6970086053817784,0.7065868263473054,0.9533599728022535
transit,0.395,0.7011162689785606,0.6971063201901796,0.7071311921611323,0.9533409101374898
transit,0.396,0.7013583736053751,0.6971469173589857,0.7076755579749592,0.9533138349090262
transit,0.397,0.7014916117270623,0.6971875256238554,0.7079477408818726,0.9532867596805626
transit,0.398,0.701361372810057,0.6971519160334554,0.7076755579749592,0.9532490010338326
transit,0.399,0.7013842402466205,0.697190028427728,0.7076755579749592,0.9532543427429658
transit,0.4,0.7012883046472292,0.6972115910333516,0.7074033750680457,0.9532245966599355
transit,0.401,0.701126755079676,0.6971237970253717,0.7071311921611323,0.9531139915743119
transit,0.402,0.7012699383300647,0.697180980504744,0.7074033750680457,0.9531220041380117
transit,0.403,0.701240125972743,0.6971312932425411,0.7074033750680457,0.9530167407615213
transit,0.404,0.7012202456320646,0.6970981593414107,0.7074033750680457,0.9529465651771944
transit,0.405,0.7012888933157814,0.6972125721476051,0.7074033750680457,0.9529625903045942
transit,0.406,0.7013461169346378,0.6973079448456992,0.7074033750680457,0.9529759445774273
transit,0.40700000000000003,0.7013590735688622,0.6973295392360731,0.7074033750680457,0.952946198494397
transit,0.40800000000000003,0.7013819706149707,0.6973677009795873,0.7074033750680457,0.9529515402035302
transit,0.40900000000000003,0.7014292883944423,0.6974465639453734,0.7074033750680457,0.9529298066842
transit,0.41000000000000003,0.701660005070417,0.6974681811961133,0.7079477408818726,0.9529000606011697
transit,0.41100000000000003,0.7016401294479285,0.6974350551586325,0.7079477408818726,0.9528298850168428
transit,0.41200000000000003,0.7015442287201394,0.6974566758835928,0.7076755579749592,0.9528001389338125
transit,0.41300000000000003,0.7015786012427709,0.6975139634213121,0.7076755579749592,0.9528081514975124
transit,0.41400000000000003,0.7017119148855675,0.6975546975546975,0.7079477408818726,0.9527810762690488
transit,0.41500000000000004,0.7016160262846023,0.6975763384910311,0.7076755579749592,0.9527513301860187
transit,0.41600000000000004,0.7017378868542418,0.6975979841691545,0.7079477408818726,0.9527215841029885
transit,0.417,0.7016534697795853,0.6976387443160028,0.7076755579749592,0.9526945088745249
transit,0.418,0.7015476513970813,0.6976438356164384,0.7074033750680457,0.952629674999331
transit,0.419,0.7015705888896218,0.6976820647706724,0.7074033750680457,0.9526350167084644
transit,0.42,0.7019775094020618,0.6978158998109123,0.7082199237887861,0.9526537126904308
transit,0.421,0.7019790460338218,0.6978184608638456,0.7082199237887861,0.9526212957528339
transit,0.422,0.7019061398262428,0.6978784057891563,0.7079477408818726,0.952596891378937
transit,0.423,0.7019191588561757,0.6979001041723778,0.7079477408818726,0.9525671452959068
transit,0.424,0.7020211748897948,0.6978886756238005,0.7082199237887861,0.9524672236285496
transit,0.425,0.7023822419503102,0.697946088244166,0.7090364725095264,0.9524752361922495
transit,0.426,0.7025056892647659,0.6979703784969831,0.7093086554164398,0.9524130731716224
transit,0.427,0.7025631275074071,0.6980661089013852,0.7093086554164398,0.9524264274444556
transit,0.428,0.7025861072163662,0.6981044084163169,0.7093086554164398,0.9524317691535888
transit,0.429,0.7026221369546244,0.6981644579800808,0.7093086554164398,0.9524073647796918
transit,0.43,0.7026681154607614,0.6982410888236423,0.7093086554164398,0.9524180481979583
transit,0.431,0.702681172312299,0.6982628502428717,0.7093086554164398,0.9523883021149281
transit,0.432,0.7025639220443771,0.6982488884009442,0.7090364725095264,0.9523207973851677
transit,0.433,0.7025210448667881,0.698177426438296,0.7090364725095264,0.9522452800917076
transit,0.434,0.7025670431599542,0.6982540902602394,0.7090364725095264,0.9522559635099741
transit,0.435,0.7025701653038491,0.6982592938333975,0.7090364725095264,0.9521911296347805
transit,0.436,0.7027381268559811,0.6983577744823419,0.7093086554164398,0.9521720669700167
transit,0.437,0.7027527697173217,0.6983821792512428,0.7093086554164398,0.9521099039493897
transit,0.438,0.7027443950823498,0.6983682215262897,0.7093086554164398,0.9520423992196293
transit,0.439,0.702889374564422,0.6984283987251346,0.7095808383233533,0.9520179948457324
transit,0.44,0.7030987475337981,0.6984144431315434,0.7101252041371802,0.951950490115972
transit,0.441,0.7030888021473285,0.6983978674874275,0.7101252041371802,0.9519154023238086
transit,0.442,0.7031003179965232,0.6984170605694185,0.7101252041371802,0.9519180731783752
transit,0.443,0.7034217354544949,0.6985898457901536,0.710669569951007,0.9519421108694748
transit,0.444,0.7032814531681982,0.6985374972509346,0.7103973870440936,0.9518692644305813
transit,0.445,0.7032333622818485,0.6986388010449609,0.7101252041371802,0.9518177848282207
transit,0.446,0.7033569305038688,0.6986632928103856,0.7103973870440936,0.9517556218075937
transit,0.447,0.7034261203105953,0.6987786091549296,0.7103973870440936,0.9517716469349934
transit,0.448,0.7034277104917963,0.6987812594569314,0.7103973870440936,0.9517392299973966
transit,0.449,0.7034408367821443,0.6988031366075114,0.7103973870440936,0.9517094839143663
transit,0.45,0.7034639103799191,0.6988415926038026,0.7103973870440936,0.9517148256234995
transit,0.451,0.7033797090421801,0.69888271231218,0.7101252041371802,0.951687750395036
transit,0.452,0.7033928460078197,0.6989046072549128,0.7101252041371802,0.9516580043120058
transit,0.453,0.7034736509008874,0.6990392820766922,0.7101252041371802,0.9516767002939721
transit,0.454,0.7035873374378258,0.6990473043669805,0.7103973870440936,0.9515794494811816
transit,0.455,0.7038974943130938,0.699201321949876,0.7109417528579205,0.9516008163177145
transit,0.456,0.7038776100838391,0.6991681815677848,0.7109417528579205,0.9515306407333877
transit,0.457,0.7040442641491886,0.6992644830720917,0.7112139357648339,0.9515439950062208
transit,0.458,0.7042009940053167,0.6993442442276961,0.7114861186717474,0.9515222614868905
transit,0.459,0.7042141774218541,0.699366216588592,0.7114861186717474,0.9514925154038603
transit,0.46,0.7045013129652142,0.6994818652849742,0.7120304844855743,0.95150854053126
transit,0.461,0.7047653315199809,0.6995589856670341,0.7125748502994012,0.9515192239495265
transit,0.462,0.7047454545094396,0.6995258573161319,0.7125748502994012,0.9514490483651996
transit,0.463,0.7049433194404391,0.6994927216585797,0.713119216113228,0.9513788727808726
transit,0.464,0.7049482076376912,0.6995008686539999,0.713119216113228,0.9512816219680821
transit,0.465,0.7050256164199706,0.6994484280198566,0.7133913990201415,0.9512087755291885
transit,0.466,0.7050404478379961,0.6994731470498993,0.7133913990201415,0.9511466125085615
transit,0.467,0.7050420768494359,0.6994758620689655,0.7133913990201415,0.9511141955709645
transit,0.468,0.7050205503388354,0.6994399845512981,0.7133913990201415,0.9510764369242345
transit,0.46900000000000003,0.7051442584426943,0.6994647094531206,0.713663581927055,0.9510142739036074
transit,0.47000000000000003,0.7049181889703346,0.6994508375417391,0.713119216113228,0.9509467691738471
transit,0.47100000000000003,0.7050965612640971,0.6995666694267342,0.7133913990201415,0.9509627943012469
transit,0.47200000000000003,0.7052186555052466,0.6995887045573744,0.713663581927055,0.9509330482182167
transit,0.47300000000000003,0.70524183028635,0.6996273291925467,0.713663581927055,0.9509383899273499
transit,0.47400000000000003,0.7051130544591098,0.6995941580850887,0.7133913990201415,0.9508682143430229
transit,0.47500000000000003,0.7051726477531979,0.699693480241902,0.7133913990201415,0.9508491516782592
transit,0.47600000000000003,0.7053953201861561,0.6997016904209479,0.7139357648339685,0.9507519008654687
transit,0.47700000000000004,0.7054433558548516,0.6997817498687736,0.7139357648339685,0.9507301673461384
transit,0.47800000000000004,0.7054798073013308,0.6998425022795722,0.7139357648339685,0.9507057629722413
transit,0.47900000000000004,0.705317865965063,0.699754055323735,0.713663581927055,0.9505951578866176
transit,0.48,0.7054764537070346,0.6998369129557452,0.7139357648339685,0.9505410074296905
transit,0.481,0.7055438448046354,0.6997677761804711,0.7142079477408819,0.9504330731986335
transit,0.482,0.7057980663830072,0.6998285682685396,0.7147523135547088,0.9504086688247365
transit,0.483,0.7058345537404677,0.6998893805309735,0.7147523135547088,0.9503842644508396
transit,0.484,0.7058926278143602,0.6999861706541279,0.7147523135547088,0.9503976187236727
transit,0.485,0.7060728761035998,0.7001051291982515,0.7150244964616222,0.9503812269134756
transit,0.486,0.7063271575277779,0.7001660210293303,0.7155688622754491,0.9503568225395786
transit,0.487,0.7065581980322568,0.7001881779942439,0.716113228089276,0.9503270764565483
transit,0.488,0.7069346743845281,0.7002712727675359,0.7169297768100164,0.9502729259996212
transit,0.489,0.7068740068571795,0.7003516154932307,0.7166575939031029,0.9502511924802909
transit,0.49,0.7069205482908548,0.7004291845493561,0.7166575939031029,0.9502618758985575
transit,0.491,0.7069355533472166,0.7004541929766257,0.7166575939031029,0.9501997128779303
transit,0.492,0.7069838042990046,0.7005346112296059,0.7166575939031029,0.9501779793586
transit,0.493,0.7071276091006479,0.7005928306277356,0.7169297768100164,0.9501859919222999
transit,0.494,0.707271419708908,0.7006510597035601,0.7172019597169298,0.9501940044859998
transit,0.495,0.7072614671217482,0.7006344720582939,0.7172019597169298,0.9501589166938362
transit,0.496,0.7072748097672341,0.7006567098007704,0.7172019597169298,0.9501291706108062
transit,0.497,0.7073953320661633,0.70067612502771,0.7174741426238432,0.9501318414653728
transit,0.498,0.7075741136056845,0.7007926389889696,0.7177463255307567,0.9501478665927725
transit,0.499,0.7075775190137219,0.700798314669032,0.7177463255307567,0.9500830327175788
transit,0.5,0.7076008310383823,0.7008371680434661,0.7177463255307567,0.950088374426712
transit,0.501,0.707758045236049,0.7009177364349682,0.7180185084376701,0.9500666409073817
transit,0.502,0.7079135646170281,0.7009954801319912,0.7182906913445836,0.9500773243256482
transit,0.503,0.7081546379322752,0.7010343584481851,0.7188350571584105,0.9500826660347814
transit,0.504,0.7083991494346442,0.7010789670762488,0.7193794229722373,0.950023173868721
transit,0.505,0.7083991494346442,0.7010789670762488,0.7193794229722373,0.950023173868721
transit,0.506,0.7085114593405915,0.7010846949815519,0.7196516058791508,0.9499583399935273
transit,0.507,0.7085248489937267,0.7011070110701106,0.7196516058791508,0.9499285939104971
transit,0.508,0.7084760650123998,0.7012071597058415,0.7193794229722373,0.9499095312457334
transit,0.509,0.7083572412097113,0.7011905753059696,0.7191072400653239,0.94987444345357
transit,0.51,0.7082401403275587,0.7011768624403242,0.7188350571584105,0.9498069387238095
transit,0.511,0.7085063290289882,0.7012575997334889,0.7193794229722373,0.9497852052044793
transit,0.512,0.7086402958389993,0.7012994224788984,0.7196516058791508,0.9497581299760156
transit,0.513,0.7084260118272959,0.7013051930019439,0.7191072400653239,0.949693296100822
transit,0.514,0.7084260118272959,0.7013051930019439,0.7191072400653239,0.949693296100822
transit,0.515,0.7085582566361289,0.70134414574539,0.7193794229722373,0.9496986378099552
transit,0.516,0.7087138808807125,0.7014220642150871,0.7196516058791508,0.9497093212282217
transit,0.517,0.7086002675080125,0.7014141638651961,0.7193794229722373,0.9495769826232677
transit,0.518,0.7087009224450247,0.701400466822274,0.7196516058791508,0.9495094778935074
transit,0.519,0.708681006958152,0.7013672743441528,0.7196516058791508,0.9494393023091805
transit,0.52,0.7089156600398419,0.7013954522710847,0.7201959716929777,0.9493447223509566
transit,0.521,0.7090947351495649,0.7015124555160142,0.7204681545998911,0.9493607474783563
transit,0.522,0.708999309598112,0.7015348682015348,0.7201959716929777,0.9493310013953261
transit,0.523,0.7091099280616966,0.7015377770362337,0.7204681545998911,0.9492985844577293
transit,0.524,0.7090800444849295,0.7014879710749549,0.7204681545998911,0.9491933210812388
transit,0.525,0.7092140765882574,0.7015299026425593,0.7207403375068046,0.9491662458527752
transit,0.526,0.7091086951807087,0.7015357222345872,0.7204681545998911,0.9491014119775816
transit,0.527,0.7090905091894848,0.7015054122492138,0.7204681545998911,0.9489988194556578
transit,0.528,0.7092362702619686,0.7015668920987447,0.7207403375068046,0.9489744150817607
transit,0.529,0.7093685752004728,0.7016059450583094,0.721012520413718,0.948979756790894
transit,0.53,0.7093603583492083,0.7015922503062019,0.721012520413718,0.9489122520611337
transit,0.531,0.7092332956787248,0.701561934460005,0.7207403375068046,0.9488096595392099
transit,0.532,0.7093036257437204,0.7016791512349976,0.7207403375068046,0.9488256846666097
transit,0.533,0.7091665944676653,0.7016322210461813,0.7204681545998911,0.9486880043525223
transit,0.534,0.7090612279907637,0.701638065522621,0.7201959716929777,0.9486231704773287
transit,0.535,0.7090964144760934,0.7016967096648371,0.7201959716929777,0.9486311830410286
transit,0.536,0.7091920389753907,0.7018560838303328,0.7201959716929777,0.9486201329399647
transit,0.537,0.7090866969170346,0.7018619690043484,0.7199237887860642,0.948555299064771
transit,0.538,0.7091336546758886,0.7019402319357716,0.7199237887860642,0.9485659824830376
transit,0.539,0.7091453957519434,0.7019598003958629,0.7199237887860642,0.9485686533376042
transit,0.54,0.7093129841157679,0.7020576590642948,0.7201959716929777,0.9485820076104373
transit,0.541,0.7094136637807835,0.7020440032347118,0.7204681545998911,0.948514502880677
transit,0.542,0.7096684302823467,0.7021057035280992,0.721012520413718,0.94849009850678
transit,0.543,0.7096801796944658,0.702125285881631,0.721012520413718,0.9484927693613466
transit,0.544,0.7095631159505865,0.7021116349131078,0.7207403375068046,0.9484252646315863
transit,0.545,0.7093908441293855,0.7020059704823816,0.7204681545998911,0.9482795717537993
transit,0.546,0.709178423255677,0.7020148462354189,0.7199237887860642,0.9481823209410086
transit,0.547,0.7092473720970538,0.7019483056997711,0.7201959716929777,0.9480419697723548
transit,0.548,0.7091890821885378,0.7020326111235202,0.7199237887860642,0.9479878193154276
transit,0.549,0.7093450032198025,0.7021110242376858,0.7201959716929777,0.9479985027336941
transit,0.55,0.7090973065978761,0.7020611070770262,0.7196516058791508,0.9478932393572037
transit,0.551,0.7091208367433484,0.7021003239861469,0.7196516058791508,0.947898581066337
transit,0.552,0.7094462921193011,0.7022798390701833,0.7201959716929777,0.9478902018198396
transit,0.553,0.7093392101133247,0.7022828243314985,0.7199237887860642,0.9478577848822429
transit,0.554,0.7094834073995965,0.7023416978706757,0.7201959716929777,0.9478657974459428
transit,0.555,0.7096294082904875,0.7024035774175518,0.7204681545998911,0.9478413930720457
transit,0.556,0.7096094443086506,0.7023703041144902,0.7204681545998911,0.9477712174877189
transit,0.557,0.709646585295366,0.7024322057590159,0.7204681545998911,0.9477468131138218
transit,0.558,0.7101663786520918,0.702572706935123,0.7215568862275449,0.9477330921581915
transit,0.559,0.710310619179918,0.7026316525435579,0.7218290691344583,0.9477411047218913
transit,0.56,0.7104466995913397,0.7026769979579849,0.7221012520413718,0.9476816125558308
transit,0.561,0.7103115028531566,0.7026331253322887,0.7218290691344583,0.9475115153041467
transit,0.562,0.7104158241105083,0.702625538823266,0.7221012520413718,0.9473791766991927
transit,0.5630000000000001,0.7103840441919651,0.7025725722923606,0.7221012520413718,0.9473063302602991
transit,0.5640000000000001,0.710411269401177,0.7026179476410472,0.7221012520413718,0.9472468380942387
transit,0.5650000000000001,0.710319640537133,0.7026466881389161,0.7218290691344583,0.9471522581360148
transit,0.5660000000000001,0.7102262056647531,0.702672418622892,0.7215568862275449,0.9470900951153878
transit,0.5670000000000001,0.7105482755401065,0.7026648359346541,0.7223734349482852,0.9469577565104337
transit,0.5680000000000001,0.7105873581712531,0.7027299736532316,0.7223734349482852,0.9469009351989399
transit,0.5690000000000001,0.7105673590664925,0.7026966418119639,0.7223734349482852,0.9468307596146129
transit,0.5700000000000001,0.7104739434946544,0.7027224044635095,0.7221012520413718,0.9467685965939858
transit,0.5710000000000001,0.7104875860309166,0.7027451420239464,0.7221012520413718,0.9467388505109556
transit,0.5720000000000001,0.7105367090283503,0.7028270136863359,0.7221012520413718,0.9467171169916253
transit,0.5730000000000001,0.7102671203918848,0.702740609834778,0.7215568862275449,0.9465740949684047
transit,0.5740000000000001,0.710426961417357,0.7028255562726227,0.7218290691344583,0.9465199445114776
transit,0.5750000000000001,0.7106305151299275,0.7029833571889647,0.7221012520413718,0.9465413113480107
transit,0.5760000000000001,0.710457943443257,0.7028771929824561,0.7218290691344583,0.9463956184702235
transit,0.577,0.7105071344200251,0.7029591779437362,0.7218290691344583,0.9463738849508931
transit,0.578,0.7102393362821955,0.7028757582565716,0.7212847033206314,0.9461984459900759
transit,0.579,0.710203373288103,0.7029972752043597,0.721012520413718,0.9461820541798787
transit,0.58,0.7104566684139306,0.7030565232048545,0.7215568862275449,0.9461900667435785
transit,0.581,0.7103159210551651,0.7030033995448542,0.7212847033206314,0.946117220304685
transit,0.582,0.7106166386131493,0.7031416849322766,0.7218290691344583,0.9461359162866514
transit,0.583,0.7104044285919342,0.703150912106136,0.7212847033206314,0.9460386654738608
transit,0.584,0.7104537182694952,0.7032330615687378,0.7212847033206314,0.9460169319545305
transit,0.585,0.7103010945352577,0.7031601439496176,0.721012520413718,0.9459414146610703
transit,0.586,0.7104830030695838,0.7032818695688854,0.7212847033206314,0.9459250228508732
transit,0.587,0.7106174667596797,0.7033245204477696,0.7215568862275449,0.9458979476224096
transit,0.588,0.7108407821500697,0.7033338022225349,0.7221012520413718,0.9458006968096191
transit,0.589,0.7111078841503523,0.7034160616804548,0.7226456178551987,0.9457789632902888
transit,0.59,0.71113163750678,0.7034556506078342,0.7226456178551987,0.945784304999422
transit,0.591,0.7112542530302755,0.7034785545423843,0.7229178007621121,0.9457545589163918
transit,0.592,0.7112260680288547,0.7034315795400163,0.7229178007621121,0.9456168786023045
transit,0.593,0.7112379496500394,0.7034513822419909,0.7229178007621121,0.9456195494568711
transit,0.594,0.711613970681498,0.7035337181472617,0.7237343494828524,0.9455978159375408
transit,0.595,0.7118711211099408,0.703599391652115,0.7242787152966794,0.9455409946260469
transit,0.596,0.7118967766738673,0.703642150925326,0.7242787152966794,0.9455139193975834
transit,0.597,0.7119105451940866,0.7036650984590247,0.7242787152966794,0.9454841733145531
transit,0.598,0.7117816341713573,0.7036317020257515,0.724006532389766,0.9454139977302263
transit,0.599,0.7120469647084708,0.7037110090450561,0.7245508982035929,0.9454246811484928
transit,0.6,0.7119318294009919,0.7037005721372002,0.7242787152966794,0.9453247594811356
transit,0.601,0.7118862329164364,0.70380603326755,0.724006532389766,0.945273279878775
transit,0.602,0.7117353864870646,0.7037360778232059,0.7237343494828524,0.945165345647718
transit,0.603,0.711695279686533,0.7036692331556533,0.7237343494828524,0.9450249944790641
transit,0.604,0.7117960011991649,0.7036556470720975,0.724006532389766,0.9449574897493037
transit,0.605,0.7118116692402906,0.7036817604739737,0.724006532389766,0.9448953267286767
transit,0.606,0.711971963048261,0.7037674615493156,0.7242787152966794,0.9448411762717495
transit,0.607,0.7120846060849033,0.7037737446724435,0.7245508982035929,0.9447763423965558
transit,0.608,0.7119355904635518,0.7037068405748002,0.7242787152966794,0.9446359912279019
transit,0.609,0.7119475109633923,0.7037267080745342,0.7242787152966794,0.9446386620824685
transit,0.61,0.7121279212625746,0.703845936635229,0.7245508982035929,0.9446546872098682
transit,0.611,0.712264429868368,0.7038919957069424,0.7248230811105063,0.9445951950438078
transit,0.612,0.7122562853523124,0.7038784215135166,0.7248230811105063,0.9445276903140476
transit,0.613,0.7124047421349968,0.7039443942133816,0.7250952640174197,0.9444708690025536
transit,0.614,0.7125274467249725,0.7039674465920652,0.7253674469243332,0.9444411229195235
transit,0.615,0.7126960068091344,0.7040669247943928,0.7256396298312466,0.9444544771923566
transit,0.616,0.7129973431698341,0.7042062415196745,0.7261839956450735,0.944473173174323
transit,0.617,0.7130861466441353,0.7041727920389008,0.726456178551987,0.9444029975899961
transit,0.618,0.7132618345077133,0.704102694602313,0.7270005443658138,0.9442950633589391
transit,0.619,0.713323479150777,0.7042054356740859,0.7270005443658138,0.9442760006941753
transit,0.62,0.7132083879486701,0.7041950722751833,0.7267283614589004,0.9441760790268181
transit,0.621,0.7131152917014647,0.7042213671344498,0.726456178551987,0.9441139160061911
transit,0.622,0.713175074493887,0.7043210051218202,0.726456178551987,0.9441272702790242
transit,0.623,0.713234874205648,0.7044206713080886,0.726456178551987,0.9441406245518573
transit,0.624,0.7136572084429187,0.704580195889713,0.7272727272727273,0.9441619913883903
transit,0.625,0.7136591404518817,0.7045834159046512,0.7272727272727273,0.9441295744507935
transit,0.626,0.7136491039325047,0.7045666883723563,0.7272727272727273,0.94409448665863
transit,0.627,0.7135359866503187,0.7045596148399886,0.7270005443658138,0.943962148053676
transit,0.628,0.7136606984212004,0.7045860125201825,0.7272727272727273,0.943899985033049
transit,0.629,0.71372058164511,0.704685817893365,0.7272727272727273,0.9439133393058821
transit,0.63,0.7137225205733493,0.7046890494404306,0.7272727272727273,0.9438809223682852
transit,0.631,0.7137843707571936,0.7047921330801712,0.7272727272727273,0.9438618597035215
transit,0.632,0.7140380717885272,0.7048520575898425,0.7278170930865542,0.9438698722672214
transit,0.633,0.7140659459771095,0.704898514570813,0.7278170930865542,0.943810380101161
transit,0.634,0.7143676349650688,0.7050384190081941,0.7283614589003811,0.9438290760831274
transit,0.635,0.7142545997274682,0.7050314822168019,0.7280892759934676,0.9436967374781733
transit,0.636,0.7144594771771736,0.7051914893617021,0.7283614589003811,0.9437181043147064
transit,0.637,0.7146043631830421,0.7052515107668739,0.7286336418072945,0.9437261168784062
transit,0.638,0.7147392210950356,0.7052948186822542,0.728905824714208,0.9436990416499427
transit,0.639,0.7145014029029073,0.7052613655712583,0.7283614589003811,0.9436288660656158
transit,0.64,0.7145701186587678,0.7051944365597501,0.7286336418072945,0.9434885148969618
transit,0.641,0.714751064839124,0.7053145582557347,0.728905824714208,0.9435045400243616
transit,0.642,0.7148959837190713,0.7053746344510379,0.7291780076211214,0.9435125525880614
transit,0.643,0.7146701763957939,0.7053611994547934,0.7286336418072945,0.9434450478583012
transit,0.644,0.7147849844714189,0.7053710909762263,0.728905824714208,0.9433477970455106
transit,0.645,0.7147568295731654,0.7053241661458037,0.728905824714208,0.9432101167314233
transit,0.646,0.7147406861434984,0.705297260429692,0.728905824714208,0.9430751072719027
transit,0.647,0.7144947583803577,0.7052502913670088,0.7283614589003811,0.9429374269578155
transit,0.648,0.7145348024967461,0.7053170315609895,0.7283614589003811,0.9428806056463217
transit,0.649,0.7145287027797644,0.7053068653660202,0.7283614589003811,0.9427806839789644
transit,0.65,0.714411749308557,0.7052933981852832,0.7280892759934676,0.9427131792492041
transit,0.651,0.7144498437079616,0.7053568888509575,0.7280892759934676,0.9426887748753072
transit,0.652,0.7144879511144164,0.7054204011950491,0.7280892759934676,0.9426643705014102
transit,0.653,0.7143287726266808,0.7053365589867653,0.7278170930865542,0.9424889315405929
transit,0.654,0.7145283685749554,0.705306308358005,0.7283614589003811,0.9423863390186691
transit,0.655,0.7146171055100718,0.7052727479785901,0.7286336418072945,0.942316163434342
transit,0.656,0.7145262205140739,0.7053027282565358,0.7283614589003811,0.9422215834761182
transit,0.657,0.7146852908300759,0.7053863901785968,0.7286336418072945,0.9421998499567878
transit,0.658,0.7146892619706315,0.7053930087461896,0.7286336418072945,0.9421350160815942
transit,0.659,0.714574287489711,0.7053828398825976,0.7283614589003811,0.9420350944142369
transit,0.66,0.7144593102263738,0.7053726663816445,0.7280892759934676,0.9419351727468799
transit,0.661,0.7145216242440673,0.7054765230778003,0.7280892759934676,0.9419161100821161
transit,0.662,0.714392597220936,0.7054429333105238,0.7278170930865542,0.9418459344977892
transit,0.663,0.7144307982235856,0.7055066016482733,0.7278170930865542,0.9418215301238921
transit,0.664,0.7144589345562794,0.7055534955360963,0.7278170930865542,0.9417620379578318
transit,0.665,0.7144850845102535,0.7055970787927197,0.7278170930865542,0.9417349627293681
transit,0.666,0.7144043705091102,0.7056440107287565,0.7275449101796407,0.9416754705633077
transit,0.667,0.7145172481935258,0.7056506849315068,0.7278170930865542,0.9416106366881141
transit,0.668,0.7144002960256168,0.7056372199229343,0.7275449101796407,0.9415431319583536
transit,0.669,0.7142631707355056,0.7055901330440244,0.7272727272727273,0.9414054516442665
transit,0.67,0.7144103113020105,0.705653912050257,0.7275449101796407,0.9413810472703694
transit,0.671,0.7145352855252566,0.7056807471510582,0.7278170930865542,0.9413188842497424
transit,0.672,0.7144425198622921,0.7057075929840598,0.7275449101796407,0.9412567212291153
transit,0.673,0.714478810285038,0.7057680770219695,0.7275449101796407,0.9412647337928152
transit,0.674,0.7144727433260354,0.7057579654236319,0.7275449101796407,0.9411648121254581
transit,0.675,0.7145352704999582,0.7058621773801699,0.7275449101796407,0.9411457494606943
transit,0.676,0.7145776495614917,0.7059328091493925,0.7275449101796407,0.9410565112116036
transit,0.677,0.71462609652446,0.7060135540876727,0.7275449101796407,0.9410671946298701
transit,0.678,0.714797574871552,0.7061178960615507,0.7278170930865542,0.9410481319651065
transit,0.679,0.7148581719791722,0.7062188912409176,0.7278170930865542,0.9410614862379396
transit,0.68,0.7148501227895097,0.7062054759248132,0.7278170930865542,0.9409939815081793
transit,0.681,0.7147331981338914,0.7061920567700585,0.7275449101796407,0.9409264767784189
transit,0.682,0.71494289066239,0.7061786337750051,0.7280892759934676,0.9408589720486586
transit,0.683,0.7149570533093192,0.7062022381865538,0.7280892759934676,0.9408292259656283
transit,0.684,0.7150800923622134,0.706225848003435,0.7283614589003811,0.9407994798825983
transit,0.685,0.7149631653072066,0.7062124248496994,0.7280892759934676,0.9407319751528378
transit,0.686,0.7148381774408072,0.7061855670103093,0.7278170930865542,0.9405969656933173
transit,0.687,0.7148321534582697,0.7061755270394133,0.7278170930865542,0.9404970440259601
transit,0.6880000000000001,0.7152457895405213,0.7063205546960059,0.7286336418072945,0.9404833230703296
transit,0.6890000000000001,0.7147577548728306,0.7062329846682905,0.7275449101796407,0.9403403010471091
transit,0.6900000000000001,0.7145582799507113,0.7062634370073098,0.7270005443658138,0.9402457210888852
transit,0.6910000000000001,0.7146854349951124,0.7062939068100358,0.7272727272727273,0.9401511411306613
transit,0.6920000000000001,0.714697586636567,0.7063141595457934,0.7272727272727273,0.940153811985228
transit,0.6930000000000001,0.7145725903943293,0.7062872877466729,0.7270005443658138,0.9400188025257072
transit,0.6940000000000001,0.7144779194544724,0.7063109581181871,0.7267283614589004,0.9399890564426769
transit,0.6950000000000001,0.7146071451719289,0.7063448790426723,0.7270005443658138,0.9398620595468563
transit,0.6960000000000001,0.7146654419152051,0.7062605850101903,0.7272727272727273,0.9396866205860389
transit,0.6970000000000001,0.7145282526607621,0.7062133915240612,0.7270005443658138,0.9395489402719517
transit,0.6980000000000001,0.7147142379679146,0.706341911764706,0.7272727272727273,0.9395001315241577
transit,0.6990000000000001,0.7148069659680811,0.7063150031603748,0.7275449101796407,0.9393651220646371
transit,0.7000000000000001,0.7151099596574233,0.7064570821000604,0.7280892759934676,0.9393838180466034
transit,0.7010000000000001,0.7153041144868022,0.706599218211083,0.7283614589003811,0.9394025140285698
transit,0.7020000000000001,0.7155402494992764,0.7066298660226554,0.728905824714208,0.9393079340703459
transit,0.7030000000000001,0.7151630082232239,0.7065454963763947,0.7280892759934676,0.9391324951095286
transit,0.704,0.7149514565782566,0.7065558208440007,0.7275449101796407,0.939035244296738
transit,0.705,0.7151010560295805,0.7066236979915981,0.7278170930865542,0.9389784229852443
transit,0.706,0.7152384733053477,0.7066712715132678,0.7280892759934676,0.9389189308191838
transit,0.707,0.7153291542156117,0.7066409510924321,0.7283614589003811,0.93881633829726
transit,0.708,0.7154645121729093,0.7066850924166523,0.7286336418072945,0.9387892630687964
transit,0.709,0.7155918195758111,0.7067158161502131,0.728905824714208,0.9386946831105725
transit,0.71,0.7154993132197349,0.7067430941613619,0.7286336418072945,0.9386325200899455
transit,0.711,0.7152654450330513,0.7067162243927738,0.7280892759934676,0.9384975106304247
transit,0.712,0.7148036764579555,0.7066724311860499,0.7270005443658138,0.9383274133787407
transit,0.713,0.714618687216187,0.7067270263256538,0.726456178551987,0.9382030873374865
transit,0.714,0.7145241216597078,0.7067508723361307,0.7261839956450735,0.9381733412544563
transit,0.715,0.7143644943282523,0.7066662820549804,0.7259118127381601,0.9379979022936389
transit,0.716,0.7143259439318292,0.7066020313942752,0.7259118127381601,0.9378251341873882
transit,0.717,0.7144259171864749,0.7067686534853515,0.7259118127381601,0.9378140840863243
transit,0.718,0.7144423277282105,0.7067960043882441,0.7259118127381601,0.9377519210656973
transit,0.719,0.7144444132719641,0.7067994802944999,0.7259118127381601,0.9377195041281003
transit,0.72,0.7143662955554191,0.7068507393715342,0.7256396298312466,0.937627595024443
transit,0.721,0.7143970705497812,0.7069020310288042,0.7256396298312466,0.9375356859207858
transit,0.722,0.7145101292042593,0.7069090068483255,0.7259118127381601,0.9374708520455921
transit,0.723,0.7144389597670184,0.7067903911195906,0.7259118127381601,0.9372252375004478
transit,0.724,0.7144921865647722,0.7068791024491803,0.7259118127381601,0.9371710870435206
transit,0.725,0.7143976721123766,0.7069030336331299,0.7256396298312466,0.9371413409604904
transit,0.726,0.7141392308275285,0.7068352087009344,0.7250952640174197,0.9370009897918365
transit,0.727,0.7140713538492138,0.7069035356750188,0.7248230811105063,0.9369441684803428
transit,0.728,0.7140301543491689,0.7070163251128863,0.7245508982035929,0.9368602719403853
transit,0.729,0.7139030266067874,0.706985900813526,0.7242787152966794,0.9367576794184616
transit,0.73,0.7139419769251001,0.7070508180107138,0.7242787152966794,0.9367332750445645
transit,0.731,0.7139809407799709,0.707115757768832,0.7242787152966794,0.9367088706706675
transit,0.732,0.7136504671866071,0.7071093342603859,0.723462166575939,0.9365765320657136
transit,0.733,0.7138313825550402,0.7072294046031654,0.7237343494828524,0.9364278016505625
transit,0.734,0.7140060113379054,0.7073389973033318,0.724006532389766,0.936376322048202
transit,0.735,0.7136881060955884,0.7071720657753546,0.723462166575939,0.936190199669118
transit,0.736,0.7134295865828015,0.7071041104632612,0.7229178007621121,0.9360498485004641
transit,0.737,0.7132326009090877,0.7071387115496227,0.7223734349482852,0.9359228516046434
transit,0.738,0.7132266292910521,0.7071287588528967,0.7223734349482852,0.9358229299372862
transit,0.739,0.7131015774090811,0.7071017943208873,0.7221012520413718,0.9356879204777655
transit,0.74,0.7130751798755088,0.7070577984316003,0.7221012520413718,0.9355178232260815
transit,0.741,0.7128063686688215,0.7069726902963394,0.7215568862275449,0.9353423842652641
transit,0.742,0.7125149793939447,0.7068499520474293,0.721012520413718,0.9351291866577166
transit,0.743,0.7124494041831735,0.7069221153007529,0.7207403375068046,0.935039948408626
transit,0.744,0.712523403764898,0.7070454479369603,0.7207403375068046,0.9350559735360258
transit,0.745,0.712901488786039,0.7071312238250349,0.7215568862275449,0.9350342400166953
transit,0.746,0.7128997402343988,0.7071283095723014,0.7215568862275449,0.9348694844741445
transit,0.747,0.7129286738205098,0.7071765322158199,0.7215568862275449,0.934809992308084
transit,0.748,0.7132226508471138,0.707303583384275,0.7221012520413718,0.934793600497887
transit,0.749,0.7124956888389664,0.7071807116650167,0.7204681545998911,0.9345804028903395
transit,0.75,0.7126151841477097,0.7071984152416465,0.7207403375068046,0.9344183182023553
transit,0.751,0.7124469960437335,0.7070995570062951,0.7204681545998911,0.9341753745117776
transit,0.752,0.7121596306915652,0.7069835252952326,0.7199237887860642,0.9338973430290365
transit,0.753,0.7120592247394326,0.706997637312954,0.7196516058791508,0.933767675278649
transit,0.754,0.7118149365268445,0.7069534008345248,0.7191072400653239,0.933597578026965
transit,0.755,0.7114967838497808,0.7069675121865788,0.7182906913445836,0.9334679102765775
transit,0.756,0.7113408029019785,0.7068889992115176,0.7180185084376701,0.9332276374405665
transit,0.757,0.7113924717241742,0.706975113915177,0.7180185084376701,0.9332059039212361
transit,0.758,0.7112730901938741,0.7067761446980101,0.7180185084376701,0.9329171890202285
transit,0.759,0.7108006750842626,0.7067146072670935,0.7169297768100164,0.9327120039763808
transit,0.76,0.7110087333619335,0.7068799157919359,0.7172019597169298,0.9327333708129139
transit,0.761,0.7105895036021735,0.7067255653394963,0.7163854109961895,0.9324175806834426
transit,0.762,0.7103780871781127,0.7067361151752795,0.7158410451823626,0.9323203298706522
transit,0.763,0.7105181185635212,0.7067880455463513,0.716113228089276,0.9322284207669947
transit,0.764,0.7103067157247255,0.706798618024243,0.7155688622754491,0.9321311699542043
transit,0.765,0.7103936502781476,0.7069435089466132,0.7155688622754491,0.9321498659361707
transit,0.766,0.7102726666494095,0.7069233248366588,0.7152966793685357,0.9319500226014563
transit,0.767,0.7098229293747982,0.7068995837974091,0.7142079477408819,0.9317825962043388
transit,0.768,0.7098086738918372,0.7068758246591408,0.7142079477408819,0.9316151698072213
transit,0.769,0.7093995060130553,0.7067382440083312,0.7133913990201415,0.9313344674699136
transit,0.77,0.7094328618824514,0.7067938371239912,0.7133913990201415,0.9312101414286593
transit,0.771,0.7095149880067084,0.7067492587264774,0.713663581927055,0.9310400441769753
transit,0.772,0.7090269514647712,0.7064802303037424,0.7128470332063146,0.9306109781073137
transit,0.773,0.7088176288141799,0.7064942697619747,0.7123026673924877,0.9304813103569263
transit,0.774,0.7088062872403178,0.7062939118675955,0.7125748502994012,0.9301925954559187
transit,0.775,0.7086705155674936,0.7062490810174975,0.7123026673924877,0.9300224982042345
transit,0.776,0.7087017341335556,0.7063011119609343,0.7123026673924877,0.9299305891005772
transit,0.777,0.7082547282138212,0.7061004679085371,0.7114861186717474,0.9296418741995696
transit,0.778,0.7080752574999036,0.7059828053232834,0.7112139357648339,0.9293638427168285
transit,0.779,0.7082888653550529,0.7059759078726475,0.7117583015786608,0.9292315041118744
transit,0.78,0.7078409192966653,0.7059551521937708,0.710669569951007,0.92903166077716
transit,0.781,0.7075545189576995,0.7058407288380458,0.7101252041371802,0.928721212356822
transit,0.782,0.7076383955585968,0.7057990679015987,0.7103973870440936,0.9285186981675411
transit,0.783,0.7070362369769752,0.7055212913506654,0.7093086554164398,0.9281544659730732
transit,0.784,0.7068601051202235,0.7055906487986304,0.708764289602613,0.9280976446615794
transit,0.785,0.7066610650629338,0.7056218259123657,0.7082199237887861,0.9280030647033555
transit,0.786,0.7062759733654753,0.7055243722304284,0.7074033750680457,0.927727704075181
transit,0.787,0.7063051240358467,0.7055729566810472,0.7074033750680457,0.9276682119091204
transit,0.788,0.7063363611117266,0.7056250184741806,0.7074033750680457,0.9275763028054632
transit,0.789,0.7059282358033253,0.7054891754406719,0.7065868263473054,0.9272631835305586
transit,0.79,0.7055892674170364,0.7052871386727417,0.7060424605334785,0.9269744686295509
transit,0.791,0.7056434780427441,0.7053774897155878,0.7060424605334785,0.9269203181726238
transit,0.792,0.7053733993491236,0.7052902691021048,0.7054980947196516,0.9267448792118064
transit,0.793,0.7048855053792713,0.7050214782995112,0.7046815459989113,0.926283396204548
transit,0.794,0.7049753002783614,0.7051711364646615,0.7046815459989113,0.9262696752489175
transit,0.795,0.7047762593572707,0.7052023121387283,0.7041371801850844,0.9261750952906935
transit,0.796,0.7047278710194664,0.70530312018033,0.703864997278171,0.9260236940209758
transit,0.797,0.7047758477127388,0.7052016260645084,0.7041371801850844,0.9257807503303981
transit,0.798,0.704702338455724,0.7050791106361506,0.7041371801850844,0.9255351357852539
transit,0.799,0.7044235833393797,0.7049774293181279,0.7035928143712575,0.9252921920946762
transit,0.8,0.7041427305816176,0.7048722519310756,0.7030484485574305,0.9250816653416953
transit,0.801,0.7038428090434596,0.7047352932433637,0.7025040827436037,0.9247685460667907
transit,0.802,0.7037923881874643,0.704832713754647,0.7022318998366902,0.9246495617346697
transit,0.803,0.7034903309348617,0.7046921955428606,0.7016875340228633,0.924368859397362
transit,0.804,0.7031776388117025,0.7045339525468132,0.7011431682090364,0.9240530692678907
transit,0.805,0.7029111516356714,0.7044527177959792,0.7005988023952096,0.9238127964318796
transit,0.806,0.7026677817839238,0.7044100119189511,0.7000544365813827,0.9236102822425987
transit,0.807,0.7026884810444527,0.7044445106864995,0.7000544365813827,0.9234832853467779
transit,0.808,0.7026023530220826,0.7044824192538248,0.6997822536744692,0.9233238715133603
transit,0.809,0.702410855712131,0.7043447123418478,0.6995100707675558,0.9230107522384556
transit,0.81,0.7022365821338076,0.7044171669205267,0.6989657049537289,0.9227243415092173
transit,0.811,0.7019241774654027,0.7044408582870121,0.6981491562329886,0.9224974229460394
transit,0.812,0.7017928523030268,0.7042219830163856,0.6981491562329886,0.9221412033152714
transit,0.8130000000000001,0.7016814504132898,0.7042177684714328,0.6978769733260751,0.9219764477727206
transit,0.8140000000000001,0.7013396559719481,0.7041924768830237,0.6970604246053348,0.9218090213756029
transit,0.8150000000000001,0.7007599346761024,0.7039520958083832,0.695971692977681,0.9214501308902684
transit,0.8160000000000001,0.7001907163656811,0.7037292197094503,0.6948829613500273,0.9211263281970972
transit,0.8170000000000001,0.6997535615456766,0.703544994156603,0.6940664126292869,0.9208402841506562
transit,0.8180000000000001,0.6992502874130048,0.7032505697493102,0.6932498639085466,0.9203761302888311
transit,0.8190000000000001,0.6986837461011984,0.7032136105860113,0.6918889493739793,0.9201087822243565
transit,0.8200000000000001,0.698235570690283,0.7030110173816457,0.6910724006532389,0.919787650385752
transit,0.8210000000000001,0.6979341503769518,0.7028715607353118,0.690528034839412,0.9194745311108474
transit,0.8220000000000001,0.6977047650586157,0.7028521624139694,0.6899836690255852,0.9192422708385362
transit,0.8230000000000001,0.6975208432823706,0.7027270813915032,0.6897114861186717,0.9189966562933918
transit,0.8240000000000001,0.6973509129815992,0.7028067747661022,0.6891671203048448,0.9188425841691075
transit,0.8250000000000001,0.6963984594540875,0.7024895391191788,0.6872618399564507,0.9183757594527158
transit,0.8260000000000001,0.6958061533012835,0.7024096385542168,0.6859009254218835,0.9181030696791079
transit,0.8270000000000001,0.6956111884235385,0.7022661523625843,0.6856287425149701,0.9178223673418001
transit,0.8280000000000001,0.6946912673331442,0.7020031374441897,0.683723462166576,0.9172312165841543
transit,0.8290000000000001,0.6945555548782861,0.7021398605619775,0.6831790963527491,0.9171499908987635
transit,0.8300000000000001,0.6937346112098324,0.7018603527422084,0.6815459989112683,0.916720924829102
transit,0.8310000000000001,0.6934106565633441,0.7016833388739458,0.6810016330974414,0.9163376299698704
transit,0.8320000000000001,0.6932259908136726,0.7017384731670446,0.6804572672836146,0.9162133039286162
transit,0.833,0.6930215741391357,0.7015792339807588,0.6801850843767011,0.9158650968615482
transit,0.834,0.692784490227301,0.7013655493989766,0.6799129014697877,0.9154116264179897
transit,0.835,0.6927977364832067,0.7013876264921529,0.6799129014697877,0.9151847078548117
transit,0.836,0.6922592673546296,0.7012159990296267,0.6788241698421339,0.9147365791203864
transit,0.837,0.6921910293648441,0.7012837243179266,0.6785519869352205,0.9144825853287448
transit,0.838,0.691706788822893,0.7012024778331106,0.6774632553075667,0.914209895555137
transit,0.839,0.6911538545332859,0.7011881970401436,0.6761023407729995,0.9139128014076321
transit,0.84,0.6904356060778547,0.7010798479087452,0.6744692433315188,0.9134726852369067
transit,0.841,0.6902668804187008,0.7009800937480977,0.6741970604246054,0.9131649076711353
transit,0.842,0.6897081839178643,0.7009562092697483,0.6728361458900382,0.912965064336421
transit,0.843,0.6894232803501528,0.7008442805327805,0.6722917800762113,0.9125573651032923
transit,0.844,0.6893979416361691,0.7008020493428075,0.6722917800762113,0.9123224339764147
transit,0.845,0.6887330529821981,0.7006011779425676,0.6709308655416439,0.9119364682626163
transit,0.846,0.6884202893093585,0.7004428156970529,0.670386499727817,0.9115558442579514
transit,0.847,0.6879043320467406,0.7003087080111257,0.6692977681001633,0.9111454741702563
transit,0.848,0.687511808541122,0.7001988679822548,0.668481219379423,0.9107053579995308
transit,0.849,0.6872941352728632,0.7001989897443747,0.6679368535655961,0.9104757685817864
transit,0.85,0.6870415487432542,0.7001409227375774,0.6673924877517692,0.9101733327251482
transit,0.851,0.6862948812186851,0.6998037532196737,0.666031573217202,0.9096065863413993
transit,0.852,0.6856601539546525,0.6996531508026642,0.6646706586826348,0.9091287115239438
transit,0.853,0.6845787292633989,0.6993024184874468,0.6624931954273272,0.9084620434728379
transit,0.854,0.6838051714534654,0.6989204318272692,0.6611322808927599,0.9078899553799558
transit,0.855,0.6832745748985684,0.6983990147783252,0.660587915078933,0.9071695035547198
transit,0.856,0.6831128543285538,0.6983109357662433,0.6603157321720196,0.9066996413009643
transit,0.857,0.6825177342180611,0.6984078005430758,0.6586826347305389,0.9063510675510988
transit,0.858,0.6816620814155918,0.6982518994378899,0.6567773543821448,0.9059056096712401
transit,0.859,0.6813159409117734,0.6982193644120193,0.6559608056614045,0.905541010793975
transit,0.86,0.6808332153450227,0.6981406428858707,0.6548720740337507,0.9052034871451733
transit,0.861,0.6802813384490132,0.6979466691442906,0.6537833424060969,0.9046878536809877
transit,0.862,0.6797284640347593,0.697932488143579,0.6524224278715297,0.904358342595886
transit,0.863,0.6795744882615917,0.6976758618549664,0.6524224278715297,0.9038022796304037
transit,0.864,0.6785743860779297,0.6970977565098503,0.6507893304300489,0.9029117305534837
transit,0.865,0.677876825994217,0.6968424327267071,0.6494284158954817,0.9023232506504045
transit,0.866,0.6766881239559202,0.6963129048330842,0.6472509526401742,0.9016027988251687
transit,0.867,0.6757054389149272,0.6961267386016342,0.6450734893848666,0.9009574976105956
transit,0.868,0.6746164979295796,0.6957634791295932,0.6428960261295591,0.9003232464970865
transit,0.869,0.673718747323722,0.6953559597474843,0.6412629286880784,0.8996836536744441
transit,0.87,0.673400078895571,0.695369211514393,0.640446379967338,0.8992595626311184
transit,0.871,0.6718982404295988,0.6948621553884712,0.6374523679912901,0.8984769477852554
transit,0.872,0.6708015906136853,0.6946675031367627,0.6350027218290691,0.8978964804458762
transit,0.873,0.6696366042774413,0.6941775014132278,0.6328252585737616,0.8971489533921768
transit,0.874,0.6683756069997366,0.6938903919964765,0.630103429504627,0.8963282132167865
transit,0.875,0.667226848784686,0.6934274371415968,0.6279259662493195,0.895486106204863
transit,0.876,0.6662125791008764,0.693188629838786,0.625748502994012,0.8948678802187536
transit,0.877,0.6644222952202039,0.6927451971688574,0.6219379422972238,0.8940284440613968
transit,0.878,0.6632888070013818,0.6923076923076922,0.6197604790419161,0.8930917570912495
transit,0.879,0.661938757905389,0.6916907079225184,0.6173108328796951,0.8921661202221661
transit,0.88,0.660762312315793,0.6911816074433965,0.6151333696243876,0.8912538376259158
transit,0.881,0.6600835718871301,0.6909576497520031,0.6137724550898204,0.8906706994319699
transit,0.882,0.6590857087286269,0.6902018208442094,0.6124115405552532,0.8897614543730834
transit,0.883,0.6581433860699252,0.6899014699786359,0.610506260206859,0.88897313113529
transit,0.884,0.6572226559430234,0.6892741961235113,0.6091453456722917,0.8880799112038034
transit,0.885,0.6555356603157322,0.68864,0.6058791507893304,0.8869246849169754
transit,0.886,0.65370389725289,0.6877645248172374,0.6026129559063691,0.8856752453547208
transit,0.887,0.6527975248036859,0.6875240909674932,0.600707675557975,0.8848949346806271
transit,0.888,0.6517747874054953,0.687089715536105,0.5988023952095808,0.8839933355026433
transit,0.889,0.6502576338380064,0.686012768427162,0.5966249319542732,0.8826226074364985
transit,0.89,0.6479799959761132,0.6851199896644166,0.5922700054436582,0.8814704186870344
transit,0.891,0.6465735517274533,0.6842275580868552,0.5900925421883506,0.8802533960623766
transit,0.892,0.6445048863774737,0.683683066843966,0.5857376156777354,0.8791439409859787
transit,0.893,0.6432524541046967,0.6830473218928758,0.5835601524224279,0.8780238024913141
transit,0.894,0.6417375470224984,0.6825184847399107,0.58056614044638,0.8769494352070795
transit,0.895,0.6408134332864359,0.682248482078736,0.5786608600979859,0.8760367859280319
transit,0.896,0.63955041964024,0.6817765567765568,0.5762112139357648,0.8751000989578845
transit,0.897,0.6376744182809699,0.6808273510997476,0.5729450190528035,0.8737480668737061
transit,0.898,0.6358674806488778,0.6801747069061772,0.5694066412629287,0.8727251791918322
transit,0.899,0.6333881547691315,0.6787643261757345,0.565323897659227,0.8708956389729956
transit,0.9,0.6313447719419292,0.6777176066569806,0.5617855198693522,0.8693708387825665
transit,0.901,0.6286695892349475,0.6759807978811455,0.5577027762656506,0.8674390727246034
transit,0.902,0.6261690970410028,0.6741722294178207,0.5541643984757757,0.8653047924773594
transit,0.903,0.6243687389615189,0.6733490958739885,0.5508982035928144,0.8639066224999536
transit,0.904,0.6215637951153327,0.6721218396179152,0.5457267283614589,0.8622010416395739
transit,0.905,0.6185667671371526,0.6705744431418522,0.5405552531301034,0.860328401064874
transit,0.906,0.6173148247372562,0.6695766041030118,0.5389221556886228,0.8589439520430987
transit,0.907,0.615839942159071,0.6689330191854594,0.5362003266194882,0.8577643213823737
transit,0.908,0.61243855480527,0.6667116904166948,0.5310288513881328,0.8553928058364826
transit,0.909,0.6093674454485871,0.6648593697051847,0.5261295590636909,0.8531639456310147
transit,0.91,0.6072132812445175,0.6636280145583184,0.522591181273816,0.8512367879165902
transit,0.911,0.6045914179287519,0.6623429819770617,0.5179640718562875,0.8493691223682263
transit,0.912,0.6022085219234646,0.660911862432775,0.5141535111594991,0.8474205978172688
transit,0.913,0.598290875570736,0.6591002888980603,0.5070767555797496,0.8451051702172767
transit,0.914,0.5961548188471959,0.6577176576141344,0.5038105606967882,0.8432619090428097
transit,0.915,0.5935785645682194,0.6565086400941926,0.49918345127925967,0.8414724316424725
transit,0.916,0.5908912166910028,0.6547515560346325,0.49510070767555797,0.8392001043983439
transit,0.917,0.5876559197501392,0.6524441340782123,0.4904735982580294,0.8366070119984081
transit,0.918,0.5852439000009795,0.6506015644182538,0.48720740337506807,0.834167258357162
transit,0.919,0.5815247306655189,0.6478505990133897,0.4820359281437126,0.831237008991222
transit,0.92,0.5790144753211294,0.6462072139039327,0.47822536744692434,0.8289536316460295
transit,0.921,0.5754201213095094,0.6436642740388031,0.47305389221556887,0.8263742602017241
transit,0.922,0.572029984361505,0.6418246064889174,0.4673380511703865,0.8240397699369684
transit,0.923,0.5671050042583313,0.6379712328275764,0.4608056614044638,0.8204462567400836
transit,0.924,0.562603914995423,0.6351872544425622,0.4537289058247142,0.8174942738548132
transit,0.925,0.5587660352873562,0.6322384384166878,0.44855743059335873,0.814526265842143
transit,0.926,0.55555858839608,0.6299774332095799,0.44393032117583014,0.8118653020296496
transit,0.927,0.5518163681956341,0.627732415510234,0.43794229722373434,0.808985432217678
transit,0.928,0.5489912034349045,0.6257456366448192,0.43385955362003265,0.8063618603691174
transit,0.929,0.5451248229037926,0.6231122297897542,0.4281437125748503,0.8035067616138402
transit,0.93,0.5406945887183267,0.620083432657926,0.4216113228089276,0.8001955215604377
transit,0.931,0.5372203393755077,0.6177406672407982,0.41643984757757213,0.7975398994570776
transit,0.932,0.5332188804021765,0.6147006743774253,0.4109961894393032,0.7942988349880022
transit,0.933,0.5295623885030304,0.6111468950100406,0.40718562874251496,0.7909395195524005
transit,0.934,0.5258375176387557,0.6082049717858776,0.40228633641807293,0.7877819849404852
transit,0.935,0.5198937413990139,0.6042867020050703,0.39330430048992926,0.7838528855837708
transit,0.936,0.5146881962735995,0.6005100857871551,0.3859553620032662,0.7803883067716786
transit,0.937,0.5113513551980793,0.5973076025212045,0.3824169842133914,0.7770580040535124
transit,0.9380000000000001,0.5068159966607853,0.5941035981363297,0.3758845944474687,0.7738897860233307
transit,0.9390000000000001,0.5003503051101278,0.589496924775272,0.3666303756124115,0.7698748526376868
transit,0.9400000000000001,0.49450077591762504,0.585191367592703,0.3584648884050082,0.7658080729668851
transit,0.9410000000000001,0.48944330009754544,0.5805728019226919,0.3527490473598258,0.7616821678128203
transit,0.9420000000000001,0.48439465335233123,0.5765133171912833,0.3462166575939031,0.7579716077727865
transit,0.9430000000000001,0.4788284744595358,0.5715912788805728,0.3396842678279804,0.7537648436161283
transit,0.9440000000000001,0.47405441997452,0.5670821715597835,0.3345127925966249,0.7498006564672504
transit,0.9450000000000001,0.46927254073328895,0.5631043887924623,0.3285247686445291,0.7461843097026433
transit,0.9460000000000001,0.4634067724294051,0.5578644900678799,0.321720195971693,0.7420290251483455
transit,0.9470000000000001,0.4583096755305279,0.5533613445378152,0.3157321720195972,0.7380293835245068
transit,0.9480000000000001,0.45301525627889283,0.5487107836910962,0.3094719651605879,0.7342677105649098
transit,0.9490000000000001,0.4454926817640802,0.5416168176380106,0.30130647795318455,0.7291009551125992
transit,0.9500000000000001,0.44077104272307355,0.5371950693905699,0.2961350027218291,0.7253549405976047
transit,0.9510000000000001,0.43476836953947473,0.5310011747813601,0.2904191616766467,0.7206840225791213
transit,0.9520000000000001,0.4295246298893107,0.5257092588519904,0.28524768644529125,0.7162522773482571
transit,0.9530000000000001,0.42178835068783943,0.5173518419647624,0.27844311377245506,0.7103944494709435
transit,0.9540000000000001,0.4144077119094761,0.5097686143873232,0.2713663581927055,0.7049489291702972
transit,0.9550000000000001,0.4075886543659485,0.5033028108058858,0.2640174197060425,0.7000720927423716
transit,0.9560000000000001,0.39944025724458954,0.4955287176177745,0.2553075666848122,0.6947345066727822
transit,0.9570000000000001,0.39207626145137753,0.4870659519925426,0.24959172563962984,0.6893084157196969
transit,0.9580000000000001,0.3843659852806913,0.4785704182186808,0.24305933587370712,0.6839010207485778
transit,0.9590000000000001,0.37519989761562145,0.46819289776800643,0.2357103973870441,0.6775088634251123
transit,0.96,0.36679704179531475,0.4583616093068347,0.22945019052803484,0.6714184085926903
transit,0.961,0.3573466523270306,0.4467844314323673,0.2231899836690256,0.6646376147008599
transit,0.962,0.34795215871070445,0.4356633238537145,0.21638541099618944,0.6583507207538847
transit,0.963,0.33891572610606385,0.4247760740853196,0.2101252041371802,0.6522713160225265
transit,0.964,0.328365169977387,0.41190965092402465,0.2030484485574306,0.645542368415854
transit,0.965,0.31874259327158405,0.4007713154054617,0.19569951007076755,0.6395705312327555
transit,0.966,0.3079739276091437,0.38863010798221465,0.1869896570495373,0.6333263709588464
transit,0.967,0.29841654141884294,0.3759673258813414,0.18209036472509527,0.6270905899314345
transit,0.968,0.28886243210113455,0.3638543710486157,0.1763745236799129,0.621316291911281
transit,0.969,0.27765581347757573,0.34844286822564563,0.17147523135547088,0.6142795667388371
transit,0.97,0.265458161671215,0.331924009245166,0.16575939031028852,0.607013618831446
transit,0.971,0.2544076925991812,0.3176800320311159,0.15949918345127925,0.6009456308839489
transit,0.972,0.24279953772436094,0.3015993021227101,0.15459989112683722,0.5942758087605395
transit,0.973,0.23067057621174505,0.28537638223641415,0.14861186717474142,0.5877570212240505
transit,0.974,0.21960503301483314,0.26892981822559286,0.14561785519869352,0.5813133842982243
transit,0.975,0.2077469342379933,0.2509808729769495,0.14289602612955907,0.5745596656348576
transit,0.976,0.19522995170692234,0.23392979612195275,0.1371801850843767,0.5683753642098063
transit,0.977,0.18370044563482785,0.217617237008872,0.13282525857376157,0.5626388248363828
transit,0.978,0.17333194027259075,0.20196949217995755,0.13037561241154055,0.5573042763041575
transit,0.979,0.16144901058816608,0.184160617356615,0.12738160043549265,0.5514521568187745
transit,0.98,0.1490978252287628,0.16647859276468635,0.12302667392487751,0.545829626751136
transit,0.981,0.1352961616243215,0.14583473861720067,0.11948829613500273,0.5394763281227926
transit,0.982,0.12399294559112853,0.1291735084838533,0.11622210125204137,0.5344956950495658
transit,0.983,0.10976162770372516,0.10745065332221296,0.11322808927599347,0.5281912051690163
transit,0.984,0.10125392337573974,0.09472278827910899,0.1110506260206859,0.5246080087076006
transit,0.985,0.09098616521279904,0.07906150017774617,0.10887316276537834,0.5202806894126468
transit,0.986,0.08060297487374804,0.06248200403109703,0.10778443113772455,0.5158103480944725
transit,0.987,0.07134543202544127,0.047778587035688276,0.10669569951007077,0.5119574993968128
transit,0.988,0.06326131867328626,0.034305064782096585,0.10669569951007077,0.5085066415403512
transit,0.989,0.05727443792907466,0.02432693020841059,0.10669569951007077,0.5059867622621063
transit,0.99,0.05261264734579442,0.016557279236276846,0.10669569951007077,0.5040443127858767
transit,0.991,0.04914970516542446,0.01078570893566025,0.10669569951007077,0.5026198009456021
transit,0.992,0.04655419056794328,0.006459851273191618,0.10669569951007077,0.5015488378815288
transit,0.993,0.045116569990662866,0.004063816977724262,0.10669569951007077,0.5009687372249468
transit,0.994,0.04403533649884134,0.0022617611580217126,0.10669569951007077,0.5005476837189851
transit,0.995,0.043131109992707556,0.0007547169811320754,0.10669569951007077,0.5001807806699506
transit,0.996,0.042859466577393854,0.0003019779556092405,0.10669569951007077,0.500070175584327
transit,0.997,0.04267827980402831,0.0,0.10669569951007077,0.5
transit,0.998,0.04267827980402831,0.0,0.10669569951007077,0.5
transit,0.999,0.04267827980402831,0.0,0.10669569951007077,0.5
transit,1.0,0.04267827980402831,0.0,0.10669569951007077,0.5
victim,0.0,0.04617642826305944,0.07696071377176573,0.0,0.5
victim,0.001,0.6953380916804703,0.681306545469991,0.7163854109961895,0.9803847334301687
victim,0.002,0.7283692775761801,0.6987972808087851,0.7727272727272727,0.9818009283052567
victim,0.003,0.7456847151959555,0.7080591742106426,0.8021230266739249,0.9825233169508494
victim,0.004,0.7562345002918063,0.7134846461949266,0.8203592814371258,0.9829131102091244
victim,0.005,0.7639197770127888,0.7177650429799427,0.8331518780620577,0.9832612960052227
victim,0.006,0.7701842011252413,0.7207660837117295,0.844311377245509,0.9835029473413207
victim,0.007,0.7746260499597459,0.7232698727781286,0.851660315732172,0.983703024254004
victim,0.008,0.7800779462444182,0.7258239768199929,0.8614589003810561,0.9839056995681508
victim,0.009000000000000001,0.7855804204023795,0.7284623773173391,0.8712574850299402,0.9841135716852243
victim,0.01,0.7886932982125958,0.7300214015755202,0.876701143168209,0.9842356965540051
victim,0.011,0.7909079063714641,0.7313534966470508,0.8802395209580839,0.9843396326125418
victim,0.012,0.7932544019489691,0.7327239488117003,0.8840500816548721,0.9844461670725421
victim,0.013000000000000001,0.7962451193661284,0.7338979171435112,0.8897659227000544,0.9845371111237617
victim,0.014,0.7979674414904052,0.7347724460332737,0.8927599346761024,0.9846046695618107
victim,0.015,0.80066855231165,0.7361895577903294,0.8973870440936309,0.9847138024232742
victim,0.016,0.8036049158398437,0.7372729363071971,0.9031028851388133,0.9847969512701037
victim,0.017,0.8050531642559813,0.7380535862259461,0.9055525313010343,0.9848567145037623
victim,0.018000000000000002,0.8074213883903736,0.7392787973807986,0.909635274904736,0.9849502569564454
victim,0.019,0.809239808634344,0.7401320345321084,0.9129014697876974,0.985015216993031
victim,0.02,0.8109299910139512,0.7409529971807552,0.9158954817637452,0.985077578628153
victim,0.021,0.811542332630296,0.7412477454562272,0.916984213391399,0.984984102252994
victim,0.022,0.8122453742130815,0.7416936603424341,0.9180729450190528,0.9850178814720185
victim,0.023,0.8135549658973498,0.7422432157080672,0.9205225911812738,0.9850594558954332
victim,0.024,0.814455825629808,0.7426559169678436,0.9221556886227545,0.9850906367129942
victim,0.025,0.8147974856233534,0.742862439747868,0.9227000544365814,0.9851062271217748
victim,0.026000000000000002,0.8159371871073635,0.7433103000510133,0.924877517691889,0.9851400063407992
victim,0.027,0.8168387595330007,0.7437241891327548,0.9265106151333696,0.9851711871583603
victim,0.028,0.8173051160150734,0.7441385393936579,0.9270549809471965,0.9852023679759213
victim,0.029,0.8183783806750844,0.7446571269280803,0.9289602612955906,0.9852413439978726
victim,0.03,0.8188503531369874,0.7448993818840917,0.929776810016331,0.9852595328081165
victim,0.031,0.8191462477179308,0.7452110842477218,0.9300489929232444,0.9852829184212872
victim,0.032,0.8199658594017041,0.7454883720930233,0.931682090364725,0.9853037056329946
victim,0.033,0.8206094921287339,0.7458352722196371,0.9327708219923789,0.9853296896476289
victim,0.034,0.8213205095255909,0.7461130248580207,0.9341317365269461,0.9853504768593362
victim,0.035,0.8217513492995216,0.7462867253340784,0.9349482852476865,0.9853634688666533
victim,0.036000000000000004,0.822550578227041,0.7465300419189568,0.9365813826891671,0.9853816576768972
victim,0.037,0.8229144097306018,0.7467735172156735,0.937125748502994,0.9853998464871412
victim,0.038,0.8234960828799995,0.7470171513795674,0.9382144801306478,0.9854180352973851
victim,0.039,0.8241725833801439,0.7472373758567631,0.939575394665215,0.9853764939127325
victim,0.04,0.8246665026214188,0.7475162087783945,0.9403919433859553,0.9853972811244398
victim,0.041,0.8250098057216242,0.7477254700695188,0.9409363091997822,0.9854128715332203
victim,0.042,0.8250726104741267,0.747830144657023,0.9409363091997822,0.9854206667376106
victim,0.043000000000000003,0.825265250665137,0.7479697563707645,0.9412084921066957,0.9854310603434643
victim,0.044,0.8254160190719111,0.7480395817774458,0.9414806750136091,0.985436257146391
victim,0.045,0.8264086949454365,0.7484238546677252,0.9433859553620033,0.9854648395624888
victim,0.046,0.8264785004238688,0.7485401971317793,0.9433859553620033,0.9854155029734458
victim,0.047,0.8270818977875914,0.7488200383195477,0.9444746869896571,0.9854362901851532
victim,0.048,0.8274046483252826,0.7489950453398149,0.945019052803484,0.9854492821924703
victim,0.049,0.8278783561939231,0.749240192640389,0.9458356015242243,0.9854674710027143
victim,0.05,0.8281133817674039,0.749450446658248,0.9461077844311377,0.9854830614114947
victim,0.051000000000000004,0.8284152690421782,0.7495906815736538,0.9466521502449646,0.9854934550173484
victim,0.052000000000000005,0.8287592858489061,0.7498011323756493,0.9471965160587915,0.9855090454261289
victim,0.053,0.8289102649295362,0.7498713089054238,0.947468698965705,0.9855142422290557
victim,0.054,0.8290612518925864,0.7499414985725651,0.9477408818726184,0.9855194390319826
victim,0.055,0.829124437377394,0.7500468077139112,0.9477408818726184,0.9855272342363728
victim,0.056,0.8294686079237212,0.7502575147485719,0.9482852476864453,0.9855428246451534
victim,0.057,0.829791762039457,0.7504331943989135,0.9488296135002722,0.9855558166524705
victim,0.058,0.83020274330894,0.7505737973675582,0.9496461622210125,0.9855662102583241
victim,0.059000000000000004,0.83020274330894,0.7505737973675582,0.9496461622210125,0.9855662102583241
victim,0.06,0.8306137561967994,0.7507144530334973,0.9504627109417528,0.9855766038641778
victim,0.061,0.8309159275580493,0.7508551614263623,0.9510070767555797,0.9855869974700315
victim,0.062,0.8309792671067684,0.7509607273408941,0.9510070767555797,0.9855947926744217
victim,0.063,0.8313903670368765,0.7511015280772475,0.95182362547632,0.9856051862802755
victim,0.064,0.8315203652601982,0.751136736511508,0.9520958083832335,0.9856077846817388
victim,0.065,0.8318014986521012,0.7512423816221284,0.9526401741970604,0.9856155798861291
victim,0.066,0.8319526397658206,0.7513128282070517,0.9529123571039738,0.9856207766890559
victim,0.067,0.8321883643581678,0.7515242472563548,0.9531845400108874,0.9856363670978365
victim,0.068,0.8323395371971392,0.7515947467166979,0.9534567229178008,0.9856415639007634
victim,0.069,0.8323467084944178,0.751606698878829,0.9534567229178008,0.9855844321073302
victim,0.07,0.8323467084944178,0.751606698878829,0.9534567229178008,0.9855844321073302
victim,0.07100000000000001,0.832627929158786,0.7517124894435583,0.9540010887316277,0.9855922273117204
victim,0.07200000000000001,0.8328638046193736,0.7519241599399286,0.9542732716385411,0.985607817720501
victim,0.073,0.8330150277770667,0.7519947432648081,0.9545454545454546,0.9856130145234278
victim,0.074,0.8330150277770667,0.7519947432648081,0.9545454545454546,0.9856130145234278
victim,0.075,0.8330997516238339,0.7521359496760868,0.9545454545454546,0.9856234081292814
victim,0.076,0.8332933804575178,0.7522772091276175,0.954817637452368,0.9856338017351352
victim,0.077,0.8335747144316247,0.7523831885419112,0.9553620032661949,0.9856415969395254
victim,0.078,0.8335959142960525,0.7524185216492908,0.9553620032661949,0.9856441953409888
victim,0.079,0.8338772721635008,0.7525245408858203,0.9559063690800218,0.9856519905453791
victim,0.08,0.8340358293262031,0.7526073475523818,0.9561785519869352,0.9856000555548727
victim,0.081,0.8346623300929193,0.7529256944118062,0.957267283614589,0.9856234411680436
victim,0.082,0.8347924363547939,0.7529610829103216,0.9575394665215025,0.9856260395695069
victim,0.083,0.8349650207923789,0.7530672683683542,0.9578116494284159,0.9856338347738972
victim,0.084,0.8350951350401866,0.7531026701767581,0.9580838323353293,0.9856364331753606
victim,0.085,0.8351024501375734,0.7531148620057361,0.9580838323353293,0.9855793013819274
victim,0.08600000000000001,0.8351236965602367,0.753150272710175,0.9580838323353293,0.985581899783391
victim,0.08700000000000001,0.8351449449809649,0.7531856867447219,0.9580838323353293,0.9855844981848543
victim,0.088,0.8352750685628051,0.7532211041098467,0.9583560152422428,0.9855870965863177
victim,0.089,0.8352472127942916,0.7531746778289907,0.9583560152422428,0.9854676361965246
victim,0.09,0.8355074713311766,0.7532455315145813,0.9589003810560697,0.9854728329994513
victim,0.091,0.835919139242301,0.7533872788859617,0.95971692977681,0.9854832266053051
victim,0.092,0.8359616754582915,0.753458172579279,0.95971692977681,0.985488423408232
victim,0.093,0.8361417294108388,0.7535768072289156,0.9599891126837234,0.9854390868191889
victim,0.094,0.8361842923482705,0.7536477454579685,0.9599891126837234,0.9854442836221158
victim,0.095,0.8361842923482705,0.7536477454579685,0.9599891126837234,0.9854442836221158
victim,0.096,0.836040219780811,0.7535890797834784,0.95971692977681,0.9853819550257559
victim,0.097,0.8361703767624369,0.7536245528149125,0.9599891126837234,0.9853845534272192
victim,0.098,0.8361703767624369,0.7536245528149125,0.9599891126837234,0.9853845534272192
victim,0.099,0.8361703767624369,0.7536245528149125,0.9599891126837234,0.9853845534272192
victim,0.1,0.8364167812295287,0.7536723163841808,0.9605334784975503,0.9853300200352495
victim,0.101,0.8364167812295287,0.7536723163841808,0.9605334784975503,0.9853300200352495
victim,0.10200000000000001,0.8369374506351259,0.7538142776417405,0.9616222101252041,0.9853404136411031
victim,0.10300000000000001,0.8369800510464083,0.753885278327211,0.9616222101252041,0.9853456104440299
victim,0.10400000000000001,0.8373043335175409,0.7540628385698808,0.962166575939031,0.9853586024513471
victim,0.105,0.8372904302531269,0.7540396664625242,0.962166575939031,0.9852988722564505
victim,0.106,0.8372765243685453,0.7540164899882215,0.962166575939031,0.9852391420615539
victim,0.107,0.8376884197428021,0.7541586164648226,0.9629831246597713,0.9852495356674076
victim,0.108,0.8376884197428021,0.7541586164648226,0.9629831246597713,0.9852495356674076
victim,0.109,0.8377737277825588,0.7543007965310836,0.9629831246597713,0.9852599292732613
victim,0.11,0.8378163938657941,0.7543719066698091,0.9629831246597713,0.9852651260761882
victim,0.111,0.8378238363244026,0.7543843107674901,0.9629831246597713,0.985207994282755
victim,0.112,0.837954048914185,0.7544198764791853,0.9632553075666848,0.9852105926842184
victim,0.113,0.8380842635161719,0.7544554455445545,0.9635274904735982,0.9852131910856818
victim,0.114,0.8381056069678825,0.7544910179640719,0.9635274904735982,0.9852157894871452
victim,0.115,0.8384301007492656,0.7546689303904924,0.9640718562874252,0.9852287814944622
victim,0.116,0.8386030465536375,0.7547757181265035,0.9643440391943386,0.9852365766988526
victim,0.117,0.8387973781172853,0.7549181487946408,0.9646162221012521,0.9852469703047062
victim,0.11800000000000001,0.8389703662497512,0.7550250070774749,0.9648884050081655,0.9852547655090965
victim,0.11900000000000001,0.8389703662497512,0.7550250070774749,0.9648884050081655,0.9852547655090965
victim,0.12,0.8389703662497512,0.7550250070774749,0.9648884050081655,0.9852547655090965
victim,0.121,0.8389703662497512,0.7550250070774749,0.9648884050081655,0.9852547655090965
victim,0.122,0.8389564945060974,0.7550018875047187,0.9648884050081655,0.9851950353141999
victim,0.123,0.8389778715592098,0.7550375159265725,0.9648884050081655,0.9851976337156634
victim,0.124,0.8389778715592098,0.7550375159265725,0.9648884050081655,0.9851976337156634
victim,0.125,0.8391508879883839,0.7551444213705871,0.965160587915079,0.9852054289200536
victim,0.126,0.8393239225841662,0.7552513570922822,0.9654327708219924,0.9852132241244438
victim,0.127,0.8394541869296288,0.755287009063444,0.9657049537289059,0.9852158225259073
victim,0.128,0.8393100577693859,0.7552282490676484,0.9654327708219924,0.9851534939295472
victim,0.129,0.839440323480043,0.7552639033141345,0.9657049537289059,0.9851560923310108
victim,0.13,0.8395705912106755,0.7552995609272461,0.9659771366358193,0.9851586907324741
victim,0.131,0.8395919877988036,0.7553352219074597,0.9659771366358193,0.9851612891339375
victim,0.132,0.8397222595702448,0.7553708862552528,0.9662493195427327,0.985163887535401
victim,0.133,0.8398739360131493,0.7554422250554848,0.9665215024496462,0.9851690843383278
victim,0.134,0.8398739360131493,0.7554422250554848,0.9665215024496462,0.9851690843383278
victim,0.135,0.8398953406851852,0.755477899508878,0.9665215024496462,0.9851716827397912
victim,0.136,0.8398953406851852,0.755477899508878,0.9665215024496462,0.9851716827397912
victim,0.137,0.839938156094622,0.7555492585246057,0.9665215024496462,0.985176879542718
victim,0.138,0.839938156094622,0.7555492585246057,0.9665215024496462,0.985176879542718
victim,0.139,0.8401112675392514,0.7556563223277125,0.9667936853565596,0.9851846747471082
victim,0.14,0.8401112675392514,0.7556563223277125,0.9667936853565596,0.9851846747471082
victim,0.14100000000000001,0.8399885433484162,0.7556332372809297,0.9665215024496462,0.9851249445522117
victim,0.14200000000000002,0.840009961524076,0.7556689342403626,0.9665215024496462,0.9851275429536751
victim,0.14300000000000002,0.8399746897028708,0.7556101478716871,0.9665215024496462,0.9850652143573151
victim,0.14400000000000002,0.8401264039796188,0.755681549728325,0.9667936853565596,0.985070411160242
victim,0.145,0.8401478275729772,0.7557172557172558,0.9667936853565596,0.9850730095617053
victim,0.146,0.8401478275729772,0.7557172557172558,0.9667936853565596,0.9850730095617053
victim,0.147,0.8402995539966281,0.7557886778187316,0.9670658682634731,0.9850782063646322
victim,0.148,0.8403209836647295,0.7558243939322339,0.9670658682634731,0.9850808047660956
victim,0.149,0.8403638490776847,0.7558958362871592,0.9670658682634731,0.9850860015690224
victim,0.15,0.8403638490776847,0.7558958362871592,0.9670658682634731,0.9850860015690224
victim,0.151,0.8403638490776847,0.7558958362871592,0.9670658682634731,0.9850860015690224
victim,0.152,0.8402625677330946,0.7559084893174512,0.9667936853565596,0.9850288697755893
victim,0.153,0.8402625677330946,0.7559084893174512,0.9667936853565596,0.9850288697755893
victim,0.154,0.8402625677330946,0.7559084893174512,0.9667936853565596,0.9850288697755893
victim,0.155,0.8402625677330946,0.7559084893174512,0.9667936853565596,0.9850288697755893
victim,0.156,0.8403928800399674,0.7559442212242969,0.9670658682634731,0.9850314681770527
victim,0.157,0.8404143212110335,0.7559799565094072,0.9670658682634731,0.9850340665785161
victim,0.158,0.8406964032143912,0.7560871826391187,0.9676102340773,0.9850418617829064
victim,0.159,0.8408481769691074,0.7561586836257035,0.9678824169842134,0.9850470585858332
victim,0.16,0.8408343400381172,0.756135622074053,0.9678824169842134,0.9849873283909367
victim,0.161,0.8408343400381172,0.756135622074053,0.9678824169842134,0.9849873283909367
victim,0.162,0.8409861246573256,0.7562071411681248,0.9681545998911268,0.9849925251938635
victim,0.163,0.8411808450902676,0.7563502199517524,0.9684267827980403,0.9850029187997171
victim,0.164,0.841311185146693,0.7563859981078525,0.9686989657049537,0.9850055172011807
victim,0.165,0.8413326540713755,0.75642177964899,0.9686989657049537,0.985008115602644
victim,0.166,0.8415933443404924,0.7564933528883003,0.9692433315187806,0.9850133124055709
victim,0.167,0.8415933443404924,0.7564933528883003,0.9692433315187806,0.9850133124055709
victim,0.168,0.8417666486585147,0.7566007381470617,0.9695155144256941,0.9850211076099611
victim,0.169,0.8417666486585147,0.7566007381470617,0.9695155144256941,0.9850211076099611
victim,0.17,0.8417743095041283,0.7566135062230847,0.9695155144256941,0.984963975816528
victim,0.171,0.8419261537591114,0.7566851247101141,0.9697876973326075,0.9849691726194547
victim,0.17200000000000001,0.8417819725252946,0.7566262779250285,0.9695155144256941,0.9849068440230948
victim,0.17300000000000001,0.8417819725252946,0.7566262779250285,0.9695155144256941,0.9849068440230948
victim,0.17400000000000002,0.8418034604680578,0.7566620911629668,0.9695155144256941,0.9849094424245581
victim,0.17500000000000002,0.8418034604680578,0.7566620911629668,0.9695155144256941,0.9849094424245581
victim,0.176,0.8418034604680578,0.7566620911629668,0.9695155144256941,0.9849094424245581
victim,0.177,0.8418464424566682,0.756733727810651,0.9695155144256941,0.984914639227485
victim,0.178,0.8418464424566682,0.756733727810651,0.9695155144256941,0.984914639227485
victim,0.179,0.8421071789101813,0.7568053780239549,0.9700598802395209,0.9849198360304119
victim,0.18,0.8421501771798479,0.7568770418067325,0.9700598802395209,0.9849250328333388
victim,0.181,0.8422805525313011,0.7569128787878787,0.9703320631464344,0.9849276312348021
victim,0.182,0.8422452358840768,0.7568540177091719,0.9703320631464344,0.9848653026384422
victim,0.183,0.8427667550396376,0.7569973952166706,0.9714207947740882,0.9848756962442957
victim,0.184,0.8427667550396376,0.7569973952166706,0.9714207947740882,0.9848756962442957
victim,0.185,0.8427667550396376,0.7569973952166706,0.9714207947740882,0.9848756962442957
victim,0.186,0.8427667550396376,0.7569973952166706,0.9714207947740882,0.9848756962442957
victim,0.187,0.8427667550396376,0.7569973952166706,0.9714207947740882,0.9848756962442957
victim,0.188,0.8427882667587403,0.7570332480818416,0.9714207947740882,0.9848782946457593
victim,0.189,0.8427959717393922,0.7570460897162616,0.9714207947740882,0.984821162852326
victim,0.19,0.8427959717393922,0.7570460897162616,0.9714207947740882,0.984821162852326
victim,0.191,0.8427959717393922,0.7570460897162616,0.9714207947740882,0.984821162852326
victim,0.192,0.8429263620814011,0.7570819516816674,0.9716929776810016,0.9848237612537895
victim,0.193,0.8430782757189635,0.7571536858063292,0.971965160587915,0.9848289580567162
victim,0.194,0.8430782757189635,0.7571536858063292,0.971965160587915,0.9848289580567162
victim,0.195,0.8432086721778622,0.7571895579665514,0.9722373434948285,0.9848315564581798
victim,0.196,0.8432086721778622,0.7571895579665514,0.9722373434948285,0.9848315564581798
victim,0.197,0.8432301975135383,0.7572254335260116,0.9722373434948285,0.9848341548596431
victim,0.198,0.8433605980518126,0.757261312485193,0.9725095264017419,0.9848367532611065
victim,0.199,0.8433605980518126,0.757261312485193,0.9725095264017419,0.9848367532611065
victim,0.2,0.8433821274674442,0.7572971948445792,0.9725095264017419,0.98483935166257
victim,0.201,0.8433821274674442,0.7572971948445792,0.9725095264017419,0.98483935166257
victim,0.202,0.8435125320862542,0.7573330806046533,0.9727817093086554,0.9848419500640334
victim,0.203,0.8435125320862542,0.7573330806046533,0.9727817093086554,0.9848419500640334
victim,0.20400000000000001,0.8435340655830015,0.757368969765899,0.9727817093086554,0.9848445484654968
victim,0.20500000000000002,0.8435340655830015,0.757368969765899,0.9727817093086554,0.9848445484654968
victim,0.20600000000000002,0.8436860118625309,0.7574407582938388,0.9730538922155688,0.9848497452684237
victim,0.20700000000000002,0.8438164246458932,0.7574766576615006,0.9733260751224823,0.984852343669887
victim,0.20800000000000002,0.8439468394711194,0.7575125604322684,0.9735982580293957,0.9848549420713505
victim,0.209,0.8439468394711194,0.7575125604322684,0.9735982580293957,0.9848549420713505
victim,0.21,0.8440772563384995,0.7575484666066264,0.9738704409363091,0.9848575404728139
victim,0.211,0.8442076752483243,0.7575843761850588,0.9741426238432227,0.9848601388742773
victim,0.212,0.8442292230381185,0.7576202891680492,0.9741426238432227,0.9848627372757408
victim,0.213,0.8443811979098397,0.757692125349642,0.9744148067501361,0.9848679340786676
victim,0.214,0.8442369850578655,0.7576332258676274,0.9741426238432227,0.9848056054823076
victim,0.215,0.8443674114867408,0.7576691479778104,0.9744148067501361,0.984808203883771
victim,0.216,0.8443674114867408,0.7576691479778104,0.9744148067501361,0.984808203883771
victim,0.217,0.8443674114867408,0.7576691479778104,0.9744148067501361,0.984808203883771
victim,0.218,0.8443889667967828,0.7577050734945471,0.9744148067501361,0.9848108022852344
victim,0.219,0.8443889667967828,0.7577050734945471,0.9744148067501361,0.9848108022852344
victim,0.22,0.8443889667967828,0.7577050734945471,0.9744148067501361,0.9848108022852344
victim,0.221,0.8443889667967828,0.7577050734945471,0.9744148067501361,0.9848108022852344
victim,0.222,0.8445409567125922,0.7577769347496206,0.9746869896570496,0.9848159990881613
victim,0.223,0.8445409567125922,0.7577769347496206,0.9746869896570496,0.9848159990881613
victim,0.224,0.844562518156176,0.7578128704889269,0.9746869896570496,0.9848185974896246
victim,0.225,0.8445840816448553,0.7578488096367259,0.9746869896570496,0.9848211958910881
victim,0.226,0.8447145203416867,0.7578847521935025,0.974959172563963,0.9848237942925515
victim,0.227,0.8447360879214304,0.757920698159742,0.974959172563963,0.984826392694015
victim,0.228,0.8447576575471427,0.7579566475359293,0.974959172563963,0.9848289910954784
victim,0.229,0.844613435460581,0.7578977326629353,0.9746869896570496,0.9847666624991183
victim,0.23,0.844613435460581,0.7578977326629353,0.9746869896570496,0.9847666624991183
victim,0.231,0.8446350064790145,0.7579336843603245,0.9746869896570496,0.9847692609005818
victim,0.232,0.8445123527963588,0.7579107168271739,0.9744148067501361,0.9847095307056852
victim,0.233,0.8446428004173316,0.7579466742575197,0.9746869896570496,0.9847121291071486
victim,0.234,0.8446428004173316,0.7579466742575197,0.9746869896570496,0.9847121291071486
victim,0.23500000000000001,0.8446428004173316,0.7579466742575197,0.9746869896570496,0.9847121291071486
victim,0.23600000000000002,0.8446428004173316,0.7579466742575197,0.9746869896570496,0.9847121291071486
victim,0.23700000000000002,0.8446428004173316,0.7579466742575197,0.9746869896570496,0.9847121291071486
victim,0.23800000000000002,0.8447732500855084,0.757982635099872,0.974959172563963,0.984714727508612
victim,0.23900000000000002,0.8447732500855084,0.757982635099872,0.974959172563963,0.984714727508612
victim,0.24,0.8447948286384149,0.7580185993547162,0.974959172563963,0.9847173259100754
victim,0.241,0.8447948286384149,0.7580185993547162,0.974959172563963,0.9847173259100754
victim,0.242,0.8448164092391084,0.7580545670225386,0.974959172563963,0.9847199243115388
victim,0.243,0.8446721765214513,0.7579956344310526,0.9746869896570496,0.9846575957151789
victim,0.244,0.8446721765214513,0.7579956344310526,0.9746869896570496,0.9846575957151789
victim,0.245,0.8446721765214513,0.7579956344310526,0.9746869896570496,0.9846575957151789
victim,0.246,0.8446721765214513,0.7579956344310526,0.9746869896570496,0.9846575957151789
victim,0.247,0.8448026316792178,0.7580316044227209,0.974959172563963,0.9846601941166423
victim,0.248,0.8448242157226239,0.7580675778283978,0.974959172563963,0.9846627925181057
victim,0.249,0.8448458018147267,0.758103554648569,0.974959172563963,0.9846653909195691
victim,0.25,0.8447015637792887,0.7580446131941149,0.9746869896570496,0.9846030623232092
victim,0.251,0.8446661955495633,0.7579856661445725,0.9746869896570496,0.984540733726849
victim,0.252,0.8446661955495633,0.7579856661445725,0.9746869896570496,0.984540733726849
victim,0.253,0.8446877823826604,0.7580216441997343,0.9746869896570496,0.9845433321283126
victim,0.254,0.8447828715319936,0.757998670844014,0.974959172563963,0.984483601933416
victim,0.255,0.8447828715319936,0.757998670844014,0.974959172563963,0.984483601933416
victim,0.256,0.8447906765743675,0.7580116792479704,0.974959172563963,0.9844264701399827
victim,0.257,0.844812270298019,0.7580476687873897,0.974959172563963,0.9844290685414462
victim,0.258,0.8448338660722592,0.7580836617444565,0.974959172563963,0.9844316669429096
victim,0.259,0.8448338660722592,0.7580836617444565,0.974959172563963,0.9844316669429096
victim,0.26,0.8448338660722592,0.7580836617444565,0.974959172563963,0.9844316669429096
victim,0.261,0.8448554638973801,0.7581196581196581,0.974959172563963,0.984434265344373
victim,0.262,0.8448554638973801,0.7581196581196581,0.974959172563963,0.984434265344373
victim,0.263,0.8448554638973801,0.7581196581196581,0.974959172563963,0.984434265344373
victim,0.264,0.8447112078481943,0.7580606866422908,0.9746869896570496,0.984371936748013
victim,0.265,0.844732807069962,0.758096685345237,0.9746869896570496,0.9843745351494764
victim,0.266,0.8448632815059954,0.7581326874673504,0.974959172563963,0.9843771335509398
victim,0.267,0.844719020786832,0.7580737082066868,0.9746869896570496,0.9843148049545798
victim,0.268,0.8447406234572155,0.7581097126573261,0.9746869896570496,0.9843174033560432
victim,0.269,0.8447406234572155,0.7581097126573261,0.9746869896570496,0.9843174033560432
victim,0.27,0.8447406234572155,0.7581097126573261,0.9746869896570496,0.9843174033560432
victim,0.271,0.8447406234572155,0.7581097126573261,0.9746869896570496,0.9843174033560432
victim,0.272,0.8447622281797192,0.7581457205281656,0.9746869896570496,0.9843200017575067
victim,0.273,0.8447838349546357,0.7581817318196932,0.9746869896570496,0.98432260015897
victim,0.274,0.8447838349546357,0.7581817318196932,0.9746869896570496,0.98432260015897
victim,0.275,0.8447838349546357,0.7581817318196932,0.9746869896570496,0.98432260015897
victim,0.276,0.8446395689094408,0.7581227436823105,0.9744148067501361,0.9842602715626101
victim,0.277,0.8446611770822692,0.7581587573036911,0.9744148067501361,0.9842628699640735
victim,0.278,0.8446611770822692,0.7581587573036911,0.9744148067501361,0.9842628699640735
victim,0.279,0.8446827873081305,0.7581947743467934,0.9744148067501361,0.984265468365537
victim,0.28,0.8446827873081305,0.7581947743467934,0.9744148067501361,0.984265468365537
victim,0.281,0.8446827873081305,0.7581947743467934,0.9744148067501361,0.984265468365537
victim,0.28200000000000003,0.8446827873081305,0.7581947743467934,0.9744148067501361,0.984265468365537
victim,0.28300000000000003,0.8446827873081305,0.7581947743467934,0.9744148067501361,0.984265468365537
victim,0.28400000000000003,0.8446827873081305,0.7581947743467934,0.9744148067501361,0.984265468365537
victim,0.28500000000000003,0.844560128214598,0.758171797795515,0.9741426238432227,0.9842057381706404
victim,0.28600000000000003,0.8444374665009133,0.7581488168773163,0.9738704409363091,0.9841460079757438
victim,0.28700000000000003,0.8445679547404252,0.7581848420052268,0.9741426238432227,0.9841486063772071
victim,0.28800000000000003,0.8445679547404252,0.7581848420052268,0.9741426238432227,0.9841486063772071
victim,0.289,0.8445757834979392,0.7581978899344168,0.9741426238432227,0.984091474583774
victim,0.29,0.8445757834979392,0.7581978899344168,0.9741426238432227,0.984091474583774
victim,0.291,0.8445757834979392,0.7581978899344168,0.9741426238432227,0.984091474583774
victim,0.292,0.8445757834979392,0.7581978899344168,0.9741426238432227,0.984091474583774
victim,0.293,0.844706277245941,0.7582339242431443,0.9744148067501361,0.9840940729852374
victim,0.294,0.844706277245941,0.7582339242431443,0.9744148067501361,0.9840940729852374
victim,0.295,0.844706277245941,0.7582339242431443,0.9744148067501361,0.9840940729852374
victim,0.296,0.844706277245941,0.7582339242431443,0.9744148067501361,0.9840940729852374
victim,0.297,0.8447495245822731,0.7583060031370312,0.9744148067501361,0.9840992697881643
victim,0.298,0.8447495245822731,0.7583060031370312,0.9744148067501361,0.9840992697881643
victim,0.299,0.8447927801417049,0.7583780957360841,0.9744148067501361,0.9841044665910911
victim,0.3,0.8447927801417049,0.7583780957360841,0.9744148067501361,0.9841044665910911
victim,0.301,0.844814411005816,0.7584141471762692,0.9744148067501361,0.9841070649925545
victim,0.302,0.844814411005816,0.7584141471762692,0.9744148067501361,0.9841070649925545
victim,0.303,0.844814411005816,0.7584141471762692,0.9744148067501361,0.9841070649925545
victim,0.304,0.844814411005816,0.7584141471762692,0.9744148067501361,0.9841070649925545
victim,0.305,0.844944917089347,0.758450202044212,0.9746869896570496,0.9841096633940178
victim,0.306,0.844944917089347,0.758450202044212,0.9746869896570496,0.9841096633940178
victim,0.307,0.844944917089347,0.758450202044212,0.9746869896570496,0.9841096633940178
victim,0.308,0.844944917089347,0.758450202044212,0.9746869896570496,0.9841096633940178
victim,0.309,0.8449665520670606,0.7584862603404012,0.9746869896570496,0.9841122617954814
victim,0.31,0.8449665520670606,0.7584862603404012,0.9746869896570496,0.9841122617954814
victim,0.311,0.8449881891020155,0.758522322065326,0.9746869896570496,0.9841148601969447
victim,0.312,0.8451403425075881,0.7585944558033381,0.974959172563963,0.9841200569998716
victim,0.313,0.8450393383775621,0.7586075708579038,0.9746869896570496,0.9840629252064383
victim,0.314,0.8450393383775621,0.7586075708579038,0.9746869896570496,0.9840629252064383
victim,0.315,0.8450393383775621,0.7586075708579038,0.9746869896570496,0.9840629252064383
victim,0.316,0.8450393383775621,0.7586075708579038,0.9746869896570496,0.9840629252064383
victim,0.317,0.8450393383775621,0.7586075708579038,0.9746869896570496,0.9840629252064383
victim,0.318,0.845060985048153,0.7586436486422219,0.9746869896570496,0.9840655236079019
victim,0.319,0.8450826337777823,0.7586797298582707,0.9746869896570496,0.9840681220093652
victim,0.32,0.8452131577295091,0.7587158145065398,0.974959172563963,0.9840707204108287
victim,0.321,0.8452348105780967,0.758751902587519,0.974959172563963,0.9840733188122921
victim,0.322,0.8452348105780967,0.758751902587519,0.974959172563963,0.9840733188122921
victim,0.323,0.8452348105780967,0.758751902587519,0.974959172563963,0.9840733188122921
victim,0.324,0.8452564654866042,0.7587879941016982,0.974959172563963,0.9840759172137555
victim,0.325,0.8452781224553255,0.7588240890495672,0.974959172563963,0.984078515615219
victim,0.326,0.8452781224553255,0.7588240890495672,0.974959172563963,0.984078515615219
victim,0.327,0.8452781224553255,0.7588240890495672,0.974959172563963,0.984078515615219
victim,0.328,0.8451338225504179,0.7587650444793302,0.9746869896570496,0.9840161870188588
victim,0.329,0.8451338225504179,0.7587650444793302,0.9746869896570496,0.9840161870188588
victim,0.33,0.8451554809246656,0.758801141769743,0.9746869896570496,0.9840187854203224
victim,0.331,0.8451771413597512,0.7588372424948856,0.9746869896570496,0.9840213838217857
victim,0.332,0.8451771413597512,0.7588372424948856,0.9746869896570496,0.9840213838217857
victim,0.333,0.8451771413597512,0.7588372424948856,0.9746869896570496,0.9840213838217857
victim,0.334,0.8451988038559686,0.7588733466552479,0.9746869896570496,0.9840239822232492
victim,0.335,0.8451988038559686,0.7588733466552479,0.9746869896570496,0.9840239822232492
victim,0.336,0.8451988038559686,0.7588733466552479,0.9746869896570496,0.9840239822232492
victim,0.337,0.845040726411689,0.7587913395193909,0.9744148067501361,0.9839019234319926
victim,0.338,0.845040726411689,0.7587913395193909,0.9744148067501361,0.9839019234319926
victim,0.339,0.845040726411689,0.7587913395193909,0.9744148067501361,0.9839019234319926
victim,0.34,0.845040726411689,0.7587913395193909,0.9744148067501361,0.9839019234319926
victim,0.341,0.845040726411689,0.7587913395193909,0.9744148067501361,0.9839019234319926
victim,0.342,0.8450623917207073,0.7588274483677547,0.9744148067501361,0.983904521833456
victim,0.343,0.8450623917207073,0.7588274483677547,0.9744148067501361,0.983904521833456
victim,0.34400000000000003,0.8450623917207073,0.7588274483677547,0.9744148067501361,0.983904521833456
victim,0.34500000000000003,0.8451057285252972,0.7588996763754046,0.9744148067501361,0.9839097186363828
victim,0.34600000000000003,0.8451057285252972,0.7588996763754046,0.9744148067501361,0.9839097186363828
victim,0.34700000000000003,0.8451490735805876,0.7589719181342217,0.9744148067501361,0.9839149154393096
victim,0.34800000000000003,0.8451490735805876,0.7589719181342217,0.9744148067501361,0.9839149154393096
victim,0.34900000000000003,0.8451490735805876,0.7589719181342217,0.9744148067501361,0.9839149154393096
victim,0.35000000000000003,0.8451707492029819,0.7590080441715455,0.9744148067501361,0.9839175138407731
victim,0.35100000000000003,0.8453013000517002,0.7590441736481339,0.9746869896570496,0.9839201122422365
victim,0.352,0.8453013000517002,0.7590441736481339,0.9746869896570496,0.9839201122422365
victim,0.353,0.8451569828228707,0.7589851002046937,0.9744148067501361,0.9838577836458766
victim,0.354,0.8451569828228707,0.7589851002046937,0.9744148067501361,0.9838577836458766
victim,0.355,0.8450343406584507,0.7589621518686028,0.9741426238432227,0.9837980534509799
victim,0.356,0.8451648943245069,0.7589982860407541,0.9744148067501361,0.9838006518524434
victim,0.357,0.8451648943245069,0.7589982860407541,0.9744148067501361,0.9838006518524434
victim,0.358,0.8451648943245069,0.7589982860407541,0.9744148067501361,0.9838006518524434
victim,0.359,0.8451648943245069,0.7589982860407541,0.9744148067501361,0.9838006518524434
victim,0.36,0.8451648943245069,0.7589982860407541,0.9744148067501361,0.9838006518524434
victim,0.361,0.8451648943245069,0.7589982860407541,0.9744148067501361,0.9838006518524434
victim,0.362,0.8451648943245069,0.7589982860407541,0.9744148067501361,0.9838006518524434
victim,0.363,0.8451648943245069,0.7589982860407541,0.9744148067501361,0.9838006518524434
victim,0.364,0.8451865768923127,0.7590344236537637,0.9744148067501361,0.9838032502539068
victim,0.365,0.8451865768923127,0.7590344236537637,0.9744148067501361,0.9838032502539068
victim,0.366,0.8453171346876938,0.7590705647081231,0.9746869896570496,0.9838058486553702
victim,0.367,0.8453171346876938,0.7590705647081231,0.9746869896570496,0.9838058486553702
victim,0.368,0.8454476945481794,0.7591067092043235,0.974959172563963,0.9838084470568336
victim,0.369,0.8453250553989883,0.759083765893614,0.9746869896570496,0.983748716861937
victim,0.37,0.8453250553989883,0.759083765893614,0.9746869896570496,0.983748716861937
victim,0.371,0.8453250553989883,0.759083765893614,0.9746869896570496,0.983748716861937
victim,0.372,0.8453250553989883,0.759083765893614,0.9746869896570496,0.983748716861937
victim,0.373,0.8453250553989883,0.759083765893614,0.9746869896570496,0.983748716861937
victim,0.374,0.8453250553989883,0.759083765893614,0.9746869896570496,0.983748716861937
victim,0.375,0.8453250553989883,0.759083765893614,0.9746869896570496,0.983748716861937
victim,0.376,0.8453250553989883,0.759083765893614,0.9746869896570496,0.983748716861937
victim,0.377,0.8453250553989883,0.759083765893614,0.9746869896570496,0.983748716861937
victim,0.378,0.8453250553989883,0.759083765893614,0.9746869896570496,0.983748716861937
victim,0.379,0.8453250553989883,0.759083765893614,0.9746869896570496,0.983748716861937
victim,0.38,0.8451807241097127,0.7590246690160969,0.9744148067501361,0.9836863882655771
victim,0.381,0.8453329783737742,0.7590969708515907,0.9746869896570496,0.9836915850685038
victim,0.382,0.845463545186576,0.7591331269349845,0.974959172563963,0.9836941834699673
victim,0.383,0.845463545186576,0.7591331269349845,0.974959172563963,0.9836941834699673
victim,0.384,0.8453192085521597,0.7590740211488997,0.9746869896570496,0.9836318548736073
victim,0.385,0.8453192085521597,0.7590740211488997,0.9746869896570496,0.9836318548736073
victim,0.386,0.8453192085521597,0.7590740211488997,0.9746869896570496,0.9836318548736073
victim,0.387,0.8451748685391436,0.7590149097318153,0.9744148067501361,0.9835695262772473
victim,0.388,0.8451748685391436,0.7590149097318153,0.9744148067501361,0.9835695262772473
victim,0.389,0.8451748685391436,0.7590149097318153,0.9744148067501361,0.9835695262772473
victim,0.39,0.8451748685391436,0.7590149097318153,0.9744148067501361,0.9835695262772473
victim,0.391,0.8453054361067223,0.7590510670731707,0.9746869896570496,0.9835721246787106
victim,0.392,0.8453054361067223,0.7590510670731707,0.9746869896570496,0.9835721246787106
victim,0.393,0.8454360057413205,0.7590872278595588,0.974959172563963,0.9835747230801741
victim,0.394,0.8455665774432339,0.7591233920914722,0.9752313554708765,0.9835773214816375
victim,0.395,0.8455665774432339,0.7591233920914722,0.9752313554708765,0.9835773214816375
victim,0.396,0.8455665774432339,0.7591233920914722,0.9752313554708765,0.9835773214816375
victim,0.397,0.8455882780499924,0.759159559769403,0.9752313554708765,0.9835799198831009
victim,0.398,0.8456099807246571,0.7591957308938442,0.9752313554708765,0.9835825182845643
victim,0.399,0.8455090442936338,0.759208958780081,0.974959172563963,0.9835253864911311
victim,0.4,0.8454735660900153,0.7591498284407169,0.974959172563963,0.9834630578947712
victim,0.401,0.8454735660900153,0.7591498284407169,0.974959172563963,0.9834630578947712
victim,0.402,0.8454735660900153,0.7591498284407169,0.974959172563963,0.9834630578947712
victim,0.403,0.8454735660900153,0.7591498284407169,0.974959172563963,0.9834630578947712
victim,0.404,0.8453292113420173,0.7590906924653291,0.9746869896570496,0.9834007292984112
victim,0.405,0.8454597914162056,0.7591268706510341,0.974959172563963,0.9834033276998746
victim,0.406,0.8454597914162056,0.7591268706510341,0.974959172563963,0.9834033276998746
victim,0.40700000000000003,0.8454597914162056,0.7591268706510341,0.974959172563963,0.9834033276998746
victim,0.40800000000000003,0.8453154326294182,0.7590677279443306,0.9746869896570496,0.9833409991035146
victim,0.40900000000000003,0.8453371409533823,0.7591039084842708,0.9746869896570496,0.983343597504978
victim,0.41000000000000003,0.8453371409533823,0.7591039084842708,0.9746869896570496,0.983343597504978
victim,0.41100000000000003,0.8453371409533823,0.7591039084842708,0.9746869896570496,0.983343597504978
victim,0.41200000000000003,0.8454677245096407,0.7591400924734258,0.974959172563963,0.9833461959064413
victim,0.41300000000000003,0.8454677245096407,0.7591400924734258,0.974959172563963,0.9833461959064413
victim,0.41400000000000003,0.8453450728328346,0.7591171282833579,0.9746869896570496,0.9832864657115448
victim,0.41500000000000004,0.8453667867095018,0.7591533180778032,0.9746869896570496,0.9832890641130083
victim,0.41600000000000004,0.8452441338185823,0.759130351864213,0.9744148067501361,0.9832293339181116
victim,0.417,0.8452441338185823,0.759130351864213,0.9744148067501361,0.9832293339181116
victim,0.418,0.8451214782994481,0.7591073812702651,0.9741426238432227,0.983169603723215
victim,0.419,0.8451214782994481,0.7591073812702651,0.9741426238432227,0.983169603723215
victim,0.42,0.8452737910834593,0.7591797806390082,0.9744148067501361,0.9831748005261418
victim,0.421,0.8452955140014995,0.7592159855024083,0.9744148067501361,0.9831773989276054
victim,0.422,0.8451511357639201,0.7591568103777183,0.9741426238432227,0.9831150703312452
victim,0.423,0.8451511357639201,0.7591568103777183,0.9741426238432227,0.9831150703312452
victim,0.424,0.8451728600967396,0.7591930175990843,0.9741426238432227,0.9831176687327088
victim,0.425,0.8448840921456958,0.7590746482232292,0.9735982580293957,0.9829930115399887
victim,0.426,0.8448840921456958,0.7590746482232292,0.9735982580293957,0.9829930115399887
victim,0.427,0.8449058172357995,0.7591108567067354,0.9735982580293957,0.9829956099414521
victim,0.428,0.8449275443986113,0.7591470686447551,0.9735982580293957,0.9829982083429156
victim,0.429,0.8449275443986113,0.7591470686447551,0.9735982580293957,0.9829982083429156
victim,0.43,0.8449275443986113,0.7591470686447551,0.9735982580293957,0.9829982083429156
victim,0.431,0.8449275443986113,0.7591470686447551,0.9735982580293957,0.9829982083429156
victim,0.432,0.8449275443986113,0.7591470686447551,0.9735982580293957,0.9829982083429156
victim,0.433,0.8448048826037375,0.759124087591241,0.9733260751224823,0.982938478148019
victim,0.434,0.8448266132550997,0.7591603053435113,0.9733260751224823,0.9829410765494824
victim,0.435,0.8448266132550997,0.7591603053435113,0.9733260751224823,0.9829410765494824
victim,0.436,0.8451095639777111,0.7592689793386458,0.9738704409363091,0.9829488717538726
victim,0.437,0.8451313029253921,0.7593052109181141,0.9738704409363091,0.9829514701553361
victim,0.438,0.8451313029253921,0.7593052109181141,0.9738704409363091,0.9829514701553361
victim,0.439,0.8451313029253921,0.7593052109181141,0.9738704409363091,0.9829514701553361
victim,0.44,0.8451313029253921,0.7593052109181141,0.9738704409363091,0.9829514701553361
victim,0.441,0.8450957783788186,0.7592460033404915,0.9738704409363091,0.982889141558976
victim,0.442,0.8450957783788186,0.7592460033404915,0.9738704409363091,0.982889141558976
victim,0.443,0.8450957783788186,0.7592460033404915,0.9738704409363091,0.982889141558976
victim,0.444,0.8450957783788186,0.7592460033404915,0.9738704409363091,0.982889141558976
victim,0.445,0.8450957783788186,0.7592460033404915,0.9738704409363091,0.982889141558976
victim,0.446,0.8450957783788186,0.7592460033404915,0.9738704409363091,0.982889141558976
victim,0.447,0.8450957783788186,0.7592460033404915,0.9738704409363091,0.982889141558976
victim,0.448,0.8450957783788186,0.7592460033404915,0.9738704409363091,0.982889141558976
victim,0.449,0.8450957783788186,0.7592460033404915,0.9738704409363091,0.982889141558976
victim,0.45,0.8451175187435225,0.7592822372816647,0.9738704409363091,0.9828917399604395
victim,0.451,0.8451392611833815,0.7593184746814298,0.9738704409363091,0.9828943383619029
victim,0.452,0.8452698788614585,0.7593547155402826,0.9741426238432227,0.9828969367633663
victim,0.453,0.8452698788614585,0.7593547155402826,0.9741426238432227,0.9828969367633663
victim,0.454,0.8452698788614585,0.7593547155402826,0.9741426238432227,0.9828969367633663
victim,0.455,0.8452698788614585,0.7593547155402826,0.9741426238432227,0.9828969367633663
victim,0.456,0.8451472217205858,0.7593317422434368,0.9738704409363091,0.9828372065684697
victim,0.457,0.845168969729815,0.7593679889254856,0.9738704409363091,0.9828398049699332
victim,0.458,0.8453213451404781,0.7594404926719817,0.9741426238432227,0.98284500177286
victim,0.459,0.8451769360422405,0.7593812661128616,0.9738704409363091,0.9827826731764999
victim,0.46,0.845329318444852,0.759453781512605,0.9741426238432227,0.9827878699794268
victim,0.461,0.8450404874348507,0.7593353070384874,0.9735982580293957,0.9826632127867068
victim,0.462,0.8450622438545166,0.7593715677379304,0.9735982580293957,0.9826658111881702
victim,0.463,0.8450622438545166,0.7593715677379304,0.9735982580293957,0.9826658111881702
victim,0.464,0.8450622438545166,0.7593715677379304,0.9735982580293957,0.9826658111881702
victim,0.465,0.8450622438545166,0.7593715677379304,0.9735982580293957,0.9826658111881702
victim,0.466,0.8450622438545166,0.7593715677379304,0.9735982580293957,0.9826658111881702
victim,0.467,0.8450266957619015,0.7593123209169055,0.9735982580293957,0.9826034825918102
victim,0.468,0.8450266957619015,0.7593123209169055,0.9735982580293957,0.9826034825918102
victim,0.46900000000000003,0.8450266957619015,0.7593123209169055,0.9735982580293957,0.9826034825918102
victim,0.47000000000000003,0.8450266957619015,0.7593123209169055,0.9735982580293957,0.9826034825918102
victim,0.47100000000000003,0.8450266957619015,0.7593123209169055,0.9735982580293957,0.9826034825918102
victim,0.47200000000000003,0.8451573267637496,0.7593485839820431,0.9738704409363091,0.9826060809932736
victim,0.47300000000000003,0.8451790866811433,0.7593848505110327,0.9738704409363091,0.9826086793947371
victim,0.47400000000000003,0.8452008486771458,0.7594211205043703,0.9738704409363091,0.9826112777962005
victim,0.47500000000000003,0.8450564220501228,0.7593618647306075,0.9735982580293957,0.9825489491998405
victim,0.47600000000000003,0.84509995096183,0.7594344129167862,0.9735982580293957,0.9825541460027674
victim,0.47700000000000004,0.845121718536843,0.7594706922084746,0.9735982580293957,0.9825567444042307
victim,0.47800000000000004,0.845121718536843,0.7594706922084746,0.9735982580293957,0.9825567444042307
victim,0.47900000000000004,0.8451434881916934,0.7595069749665585,0.9735982580293957,0.9825593428056941
victim,0.48,0.8451434881916934,0.7595069749665585,0.9735982580293957,0.9825593428056941
victim,0.481,0.8451434881916934,0.7595069749665585,0.9735982580293957,0.9825593428056941
victim,0.482,0.8451434881916934,0.7595069749665585,0.9735982580293957,0.9825593428056941
victim,0.483,0.8451652599266788,0.7595432611915341,0.9735982580293957,0.9825619412071576
victim,0.484,0.8451870337420975,0.7595795508838987,0.9735982580293957,0.982564539608621
victim,0.485,0.8451870337420975,0.7595795508838987,0.9735982580293957,0.982564539608621
victim,0.486,0.8451870337420975,0.7595795508838987,0.9735982580293957,0.982564539608621
victim,0.487,0.8451870337420975,0.7595795508838987,0.9735982580293957,0.982564539608621
victim,0.488,0.8451870337420975,0.7595795508838987,0.9735982580293957,0.982564539608621
victim,0.489,0.8452088096382477,0.7596158440441492,0.9735982580293957,0.9825671380100844
victim,0.49,0.8452088096382477,0.7596158440441492,0.9735982580293957,0.9825671380100844
victim,0.491,0.8452088096382477,0.7596158440441492,0.9735982580293957,0.9825671380100844
victim,0.492,0.845230587615428,0.759652140672783,0.9735982580293957,0.9825697364115478
victim,0.493,0.845230587615428,0.759652140672783,0.9735982580293957,0.9825697364115478
victim,0.494,0.8452741498140712,0.7597247443371882,0.9735982580293957,0.9825749332144746
victim,0.495,0.8453177203404143,0.7597973618810935,0.9735982580293957,0.9825801300174015
victim,0.496,0.8453177203404143,0.7597973618810935,0.9735982580293957,0.9825801300174015
victim,0.497,0.8451950701407623,0.7597744001529491,0.9733260751224823,0.9825203998225049
victim,0.498,0.8451950701407623,0.7597744001529491,0.9733260751224823,0.9825203998225049
victim,0.499,0.8451950701407623,0.7597744001529491,0.9733260751224823,0.9825203998225049
victim,0.5,0.8451950701407623,0.7597744001529491,0.9733260751224823,0.9825203998225049
victim,0.501,0.8451950701407623,0.7597744001529491,0.9733260751224823,0.9825203998225049
victim,0.502,0.8452168599519612,0.7598107165049471,0.9733260751224823,0.9825229982239683
victim,0.503,0.8452168599519612,0.7598107165049471,0.9733260751224823,0.9825229982239683
victim,0.504,0.8450724173068775,0.7597514340344168,0.9730538922155688,0.9824606696276084
victim,0.505,0.8450942085426165,0.7597877527606482,0.9730538922155688,0.9824632680290717
victim,0.506,0.8449497618380046,0.7597284635242375,0.9727817093086554,0.9824009394327118
victim,0.507,0.84497155449843,0.7597647846249462,0.9727817093086554,0.9824035378341751
victim,0.508,0.844993349242682,0.7598011091986997,0.9727817093086554,0.9824061362356385
victim,0.509,0.844993349242682,0.7598011091986997,0.9727817093086554,0.9824061362356385
victim,0.51,0.844993349242682,0.7598011091986997,0.9727817093086554,0.9824061362356385
victim,0.511,0.844993349242682,0.7598011091986997,0.9727817093086554,0.9824061362356385
victim,0.512,0.844993349242682,0.7598011091986997,0.9727817093086554,0.9824061362356385
victim,0.513,0.844993349242682,0.7598011091986997,0.9727817093086554,0.9824061362356385
victim,0.514,0.844993349242682,0.7598011091986997,0.9727817093086554,0.9824061362356385
victim,0.515,0.844993349242682,0.7598011091986997,0.9727817093086554,0.9824061362356385
victim,0.516,0.844993349242682,0.7598011091986997,0.9727817093086554,0.9824061362356385
victim,0.517,0.8449795671508314,0.7597781390456154,0.9727817093086554,0.982346406040742
victim,0.518,0.8449795671508314,0.7597781390456154,0.9727817093086554,0.982346406040742
victim,0.519,0.8449795671508314,0.7597781390456154,0.9727817093086554,0.982346406040742
victim,0.52,0.8447124497120244,0.7596958538568217,0.9722373434948285,0.9822243472494854
victim,0.521,0.8447124497120244,0.7596958538568217,0.9722373434948285,0.9822243472494854
victim,0.522,0.8447342487322211,0.7597321855571496,0.9722373434948285,0.9822269456509487
victim,0.523,0.8447778530283121,0.7598048593839678,0.9722373434948285,0.9822321424538756
victim,0.524,0.844633388097987,0.7597455397713685,0.971965160587915,0.9821698138575157
victim,0.525,0.844633388097987,0.7597455397713685,0.971965160587915,0.9821698138575157
victim,0.526,0.8446551927150283,0.7597818807997705,0.971965160587915,0.982172412258979
victim,0.527,0.8446551927150283,0.7597818807997705,0.971965160587915,0.982172412258979
victim,0.528,0.8446551927150283,0.7597818807997705,0.971965160587915,0.982172412258979
victim,0.529,0.8446551927150283,0.7597818807997705,0.971965160587915,0.982172412258979
victim,0.53,0.8446769994181366,0.7598182253049509,0.971965160587915,0.9821750106604425
victim,0.531,0.8446769994181366,0.7598182253049509,0.971965160587915,0.9821750106604425
victim,0.532,0.8445543378934313,0.7597952447017176,0.9716929776810016,0.9821152804655459
victim,0.533,0.8445761481100047,0.7598315950626734,0.9716929776810016,0.9821178788670093
victim,0.534,0.8445761481100047,0.7598315950626734,0.9716929776810016,0.9821178788670093
victim,0.535,0.8444534853737501,0.7598086124401914,0.9714207947740882,0.9820581486721127
victim,0.536,0.8444752991049078,0.7598449686587875,0.9714207947740882,0.982060747073576
victim,0.537,0.8444752991049078,0.7598449686587875,0.9714207947740882,0.982060747073576
victim,0.538,0.8443308199980901,0.7597856254187003,0.9711486118671747,0.9819984184772161
victim,0.539,0.8443308199980901,0.7597856254187003,0.9711486118671747,0.9819984184772161
victim,0.54,0.8443526351569766,0.7598219840168445,0.9711486118671747,0.9820010168786795
victim,0.541,0.8443744524038377,0.7598583460949464,0.9711486118671747,0.982003615280143
victim,0.542,0.8443388417317945,0.7597989949748744,0.9711486118671747,0.9819412866837829
victim,0.543,0.8441943544882875,0.7597396381736383,0.9708764289602613,0.981878958087423
victim,0.544,0.8443468657692708,0.7598123683706681,0.9711486118671747,0.9818841548903497
victim,0.545,0.8442241953275222,0.7597893729056964,0.9708764289602613,0.9818244246954532
victim,0.546,0.844188572445802,0.7597300014361625,0.9708764289602613,0.9817620960990932
victim,0.547,0.8442103954063949,0.7597663730371506,0.9708764289602613,0.9817646945005565
victim,0.548,0.8442103954063949,0.7597663730371506,0.9708764289602613,0.9817646945005565
victim,0.549,0.8441095461589498,0.7597797462293512,0.9706042460533478,0.9817075627071234
victim,0.55,0.8441095461589498,0.7597797462293512,0.9706042460533478,0.9817075627071234
victim,0.551,0.8441095461589498,0.7597797462293512,0.9706042460533478,0.9817075627071234
victim,0.552,0.8441532053887288,0.7598525116123163,0.9706042460533478,0.9817127595100503
victim,0.553,0.8441968729819445,0.7599252909343422,0.9706042460533478,0.9817179563129771
victim,0.554,0.844218709915592,0.7599616858237548,0.9706042460533478,0.9817205547144405
victim,0.555,0.844218709915592,0.7599616858237548,0.9706042460533478,0.9817205547144405
victim,0.556,0.844218709915592,0.7599616858237548,0.9706042460533478,0.9817205547144405
victim,0.557,0.844218709915592,0.7599616858237548,0.9706042460533478,0.9817205547144405
victim,0.558,0.844240548941,0.7599980841994347,0.9706042460533478,0.9817231531159039
victim,0.559,0.8443712632212345,0.7600344860618833,0.9708764289602613,0.9817257515173674
victim,0.56,0.844248596294495,0.7600114964552597,0.9706042460533478,0.9816660213224708
victim,0.561,0.844248596294495,0.7600114964552597,0.9706042460533478,0.9816660213224708
victim,0.562,0.8443793140990745,0.7600479041916168,0.9708764289602613,0.9816686197239342
victim,0.5630000000000001,0.8444011608338889,0.7600843154163074,0.9708764289602613,0.9816712181253976
victim,0.5640000000000001,0.8445318828247695,0.7601207301298328,0.9711486118671747,0.981673816526861
victim,0.5650000000000001,0.8444962404540373,0.7600613261786124,0.9711486118671747,0.981611487930501
victim,0.5660000000000001,0.8444962404540373,0.7600613261786124,0.9711486118671747,0.981611487930501
victim,0.5670000000000001,0.8444962404540373,0.7600613261786124,0.9711486118671747,0.981611487930501
victim,0.5680000000000001,0.8444962404540373,0.7600613261786124,0.9711486118671747,0.981611487930501
victim,0.5690000000000001,0.8444962404540373,0.7600613261786124,0.9711486118671747,0.981611487930501
victim,0.5700000000000001,0.8443517215050474,0.7600019165349049,0.9708764289602613,0.981549159334141
victim,0.5710000000000001,0.8442071991400741,0.7599425011978918,0.9706042460533478,0.981486830737781
victim,0.5720000000000001,0.8442071991400741,0.7599425011978918,0.9706042460533478,0.981486830737781
victim,0.5730000000000001,0.844084521635802,0.7599194939620472,0.9703320631464344,0.9814271005428843
victim,0.5740000000000001,0.844084521635802,0.7599194939620472,0.9703320631464344,0.9814271005428843
victim,0.5750000000000001,0.8441063720070283,0.7599559112474242,0.9703320631464344,0.9814296989443478
victim,0.5760000000000001,0.8441063720070283,0.7599559112474242,0.9703320631464344,0.9814296989443478
victim,0.577,0.8441063720070283,0.7599559112474242,0.9703320631464344,0.9814296989443478
victim,0.578,0.8441282244726062,0.7599923320233873,0.9703320631464344,0.9814322973458112
victim,0.579,0.8441282244726062,0.7599923320233873,0.9703320631464344,0.9814322973458112
victim,0.58,0.8441282244726062,0.7599923320233873,0.9703320631464344,0.9814322973458112
victim,0.581,0.8440925664519598,0.7599329019889767,0.9703320631464344,0.9813699687494513
victim,0.582,0.8440925664519598,0.7599329019889767,0.9703320631464344,0.9813699687494513
victim,0.583,0.8440925664519598,0.7599329019889767,0.9703320631464344,0.9813699687494513
victim,0.584,0.8439698850872286,0.7599098883190337,0.9700598802395209,0.9813102385545547
victim,0.585,0.8439698850872286,0.7599098883190337,0.9700598802395209,0.9813102385545547
victim,0.586,0.8438253464050015,0.7598504457865976,0.9697876973326075,0.9812479099581946
victim,0.587,0.8438253464050015,0.7598504457865976,0.9697876973326075,0.9812479099581946
victim,0.588,0.8438690578400421,0.7599232981783317,0.9697876973326075,0.9812531067611214
victim,0.589,0.8438690578400421,0.7599232981783317,0.9697876973326075,0.9812531067611214
victim,0.59,0.8438690578400421,0.7599232981783317,0.9697876973326075,0.9812531067611214
victim,0.591,0.8437245144140285,0.7598638477395848,0.9695155144256941,0.9811907781647615
victim,0.592,0.8437245144140285,0.7598638477395848,0.9695155144256941,0.9811907781647615
victim,0.593,0.8437325578991612,0.7598772535481395,0.9695155144256941,0.9811336463713283
victim,0.594,0.8437325578991612,0.7598772535481395,0.9695155144256941,0.9811336463713283
victim,0.595,0.8437325578991612,0.7598772535481395,0.9695155144256941,0.9811336463713283
victim,0.596,0.8437325578991612,0.7598772535481395,0.9695155144256941,0.9811336463713283
victim,0.597,0.8437325578991612,0.7598772535481395,0.9695155144256941,0.9811336463713283
victim,0.598,0.8437325578991612,0.7598772535481395,0.9695155144256941,0.9811336463713283
victim,0.599,0.8436317305358678,0.7598906632139261,0.9692433315187806,0.981076514577895
victim,0.6,0.8436317305358678,0.7598906632139261,0.9692433315187806,0.981076514577895
victim,0.601,0.843762468958461,0.7599271053136389,0.9695155144256941,0.9810791129793586
victim,0.602,0.843762468958461,0.7599271053136389,0.9695155144256941,0.9810791129793586
victim,0.603,0.843762468958461,0.7599271053136389,0.9695155144256941,0.9810791129793586
victim,0.604,0.843762468958461,0.7599271053136389,0.9695155144256941,0.9810791129793586
victim,0.605,0.843762468958461,0.7599271053136389,0.9695155144256941,0.9810791129793586
victim,0.606,0.8437843363155753,0.7599635509088294,0.9695155144256941,0.9810817113808219
victim,0.607,0.8437843363155753,0.7599635509088294,0.9695155144256941,0.9810817113808219
victim,0.608,0.8436397786506777,0.759904076738609,0.9692433315187806,0.981019382784462
victim,0.609,0.8435389559190598,0.7599174941238548,0.9689711486118672,0.9809622509910287
victim,0.61,0.8435251349064883,0.7598944591029024,0.9689711486118672,0.9809025207961322
victim,0.611,0.8434024380787479,0.7598714196612772,0.9686989657049537,0.9808427906012356
victim,0.612,0.8434024380787479,0.7598714196612772,0.9686989657049537,0.9808427906012356
victim,0.613,0.8434243132755522,0.7599078783226179,0.9686989657049537,0.980845389002699
victim,0.614,0.8435550637343683,0.7599443404827023,0.9689711486118672,0.9808479874041625
victim,0.615,0.8434185410259466,0.7598982579066085,0.9686989657049537,0.9807285270143693
victim,0.616,0.8434185410259466,0.7598982579066085,0.9686989657049537,0.9807285270143693
victim,0.617,0.8434185410259466,0.7598982579066085,0.9686989657049537,0.9807285270143693
victim,0.618,0.8432739575039349,0.7598387406411979,0.9684267827980403,0.9806661984180092
victim,0.619,0.843295839109137,0.7598752099832013,0.9684267827980403,0.9806687968194727
victim,0.62,0.843295839109137,0.7598752099832013,0.9684267827980403,0.9806687968194727
victim,0.621,0.843173134537164,0.7598521576345221,0.9681545998911268,0.980609066624576
victim,0.622,0.8431374159933172,0.7597926267281107,0.9681545998911268,0.980546738028216
victim,0.623,0.8431593004720285,0.7598291008592962,0.9681545998911268,0.9805493364296795
victim,0.624,0.8431593004720285,0.7598291008592962,0.9681545998911268,0.9805493364296795
victim,0.625,0.8431811870519861,0.7598655784925589,0.9681545998911268,0.9805519348311429
victim,0.626,0.8430365905874344,0.7598060396562485,0.9678824169842134,0.9804896062347829
victim,0.627,0.8430803687238722,0.759879003216978,0.9678824169842134,0.9804948030377096
victim,0.628,0.8428130537374592,0.7597963887821744,0.9673380511703865,0.9803727442464532
victim,0.629,0.8428130537374592,0.7597963887821744,0.9673380511703865,0.9803727442464532
victim,0.63,0.8426684449858387,0.7597368294674158,0.9670658682634731,0.9803104156500931
victim,0.631,0.8426684449858387,0.7597368294674158,0.9670658682634731,0.9803104156500931
victim,0.632,0.8425238328017344,0.7596772644318509,0.9667936853565596,0.9802480870537331
victim,0.633,0.8423792171846517,0.7596176936746554,0.9665215024496462,0.9801857584573731
victim,0.634,0.8424011081844694,0.7596541786743516,0.9665215024496462,0.9801883568588365
victim,0.635,0.84242300128727,0.7596906671790192,0.9665215024496462,0.9801909552602999
victim,0.636,0.8424448964933564,0.7597271591891632,0.9665215024496462,0.9801935536617634
victim,0.637,0.8425756669657972,0.759763654705289,0.9667936853565596,0.9801961520632267
victim,0.638,0.8425756669657972,0.759763654705289,0.9667936853565596,0.9801961520632267
victim,0.639,0.8424529440017177,0.7597405717030987,0.9665215024496462,0.9801364218683302
victim,0.64,0.8423302183758785,0.7597174842646423,0.9662493195427327,0.9800766916734336
victim,0.641,0.8423740250637415,0.7597904954110807,0.9662493195427327,0.9800818884763605
victim,0.642,0.8423959315652911,0.7598270062469966,0.9662493195427327,0.9800844868778238
victim,0.643,0.8423959315652911,0.7598270062469966,0.9662493195427327,0.9800844868778238
victim,0.644,0.8423959315652911,0.7598270062469966,0.9662493195427327,0.9800844868778238
victim,0.645,0.8423959315652911,0.7598270062469966,0.9662493195427327,0.9800844868778238
victim,0.646,0.8422512996540874,0.7597674083329329,0.9659771366358193,0.9800221582814639
victim,0.647,0.8422732075955042,0.7598039215686274,0.9659771366358193,0.9800247566829272
victim,0.648,0.8422732075955042,0.7598039215686274,0.9659771366358193,0.9800247566829272
victim,0.649,0.8422732075955042,0.7598039215686274,0.9659771366358193,0.9800247566829272
victim,0.65,0.8422951176427451,0.7598404383140289,0.9659771366358193,0.9800273550843907
victim,0.651,0.8423170297961138,0.7598769585696433,0.9659771366358193,0.9800299534858541
victim,0.652,0.8421723924504665,0.7598173515981735,0.9657049537289059,0.9799676248894942
victim,0.653,0.8421723924504665,0.7598173515981735,0.9657049537289059,0.9799676248894942
victim,0.654,0.8421723924504665,0.7598173515981735,0.9657049537289059,0.9799676248894942
victim,0.655,0.8421943060445329,0.759853874254951,0.9657049537289059,0.9799702232909575
victim,0.656,0.8421943060445329,0.759853874254951,0.9657049537289059,0.9799702232909575
victim,0.657,0.8421943060445329,0.759853874254951,0.9657049537289059,0.9799702232909575
victim,0.658,0.8421943060445329,0.759853874254951,0.9657049537289059,0.9799702232909575
victim,0.659,0.8422162217453719,0.759890400423016,0.9657049537289059,0.979972821692421
victim,0.66,0.8422162217453719,0.759890400423016,0.9657049537289059,0.979972821692421
victim,0.661,0.8422600594685826,0.7599634632950338,0.9657049537289059,0.9799780184953477
victim,0.662,0.8422600594685826,0.7599634632950338,0.9657049537289059,0.9799780184953477
victim,0.663,0.8422600594685826,0.7599634632950338,0.9657049537289059,0.9799780184953477
victim,0.664,0.8422600594685826,0.7599634632950338,0.9657049537289059,0.9799780184953477
victim,0.665,0.8421154160211046,0.7599038461538462,0.9654327708219924,0.9799156898989878
victim,0.666,0.8421154160211046,0.7599038461538462,0.9654327708219924,0.9799156898989878
victim,0.667,0.8421592608434618,0.7599769208577748,0.9654327708219924,0.9799208867019147
victim,0.668,0.8420365375318711,0.7599538372763992,0.965160587915079,0.979861156507018
victim,0.669,0.8420584645480946,0.7599903823034383,0.965160587915079,0.9798637549084814
victim,0.67,0.8420803936732932,0.7600269308454362,0.965160587915079,0.9798663533099449
victim,0.671,0.8419357400150971,0.7599672966863847,0.9648884050081655,0.9798040247135849
victim,0.672,0.8417910829151449,0.7599076567910735,0.9646162221012521,0.9797416961172248
victim,0.673,0.841921885979987,0.7599442066278679,0.9648884050081655,0.9797442945186883
victim,0.674,0.8419438179917222,0.75998075998076,0.9648884050081655,0.9797468929201516
victim,0.675,0.8419657521134206,0.7600173168502573,0.9648884050081655,0.9797494913216152
victim,0.676,0.84203156714134,0.7601270085634563,0.9648884050081655,0.9797572865260054
victim,0.677,0.84203156714134,0.7601270085634563,0.9648884050081655,0.9797572865260054
victim,0.678,0.84203156714134,0.7601270085634563,0.9648884050081655,0.9797572865260054
victim,0.679,0.8420754543820193,0.7602001539645883,0.9648884050081655,0.9797624833289322
victim,0.68,0.8420754543820193,0.7602001539645883,0.9648884050081655,0.9797624833289322
victim,0.681,0.8420974011698927,0.7602367319443776,0.9648884050081655,0.9797650817303956
victim,0.682,0.8419527346301265,0.7601770763160427,0.9646162221012521,0.9797027531340357
victim,0.683,0.8419527346301265,0.7601770763160427,0.9646162221012521,0.9797027531340357
victim,0.684,0.8419527346301265,0.7601770763160427,0.9646162221012521,0.9797027531340357
victim,0.685,0.8418519618926641,0.760190577024881,0.9643440391943386,0.9796456213406024
victim,0.686,0.8419178236099649,0.7603003465537158,0.9643440391943386,0.9796534165449926
victim,0.687,0.8418820200098653,0.7602406738868832,0.9643440391943386,0.9795910879486327
victim,0.6880000000000001,0.8418820200098653,0.7602406738868832,0.9643440391943386,0.9795910879486327
victim,0.6890000000000001,0.8419259370564482,0.7603138689645212,0.9643440391943386,0.9795962847515596
victim,0.6900000000000001,0.8419259370564482,0.7603138689645212,0.9643440391943386,0.9795962847515596
victim,0.6910000000000001,0.8417812555132369,0.7602541883304448,0.9640718562874252,0.9795339561551994
victim,0.6920000000000001,0.8418032165412568,0.7602907900438111,0.9640718562874252,0.979536554556663
victim,0.6930000000000001,0.8416804933591381,0.7602677066782223,0.9637996733805118,0.9794768243617664
victim,0.6940000000000001,0.8417244246562929,0.7603409255068136,0.9637996733805118,0.9794820211646932
victim,0.6950000000000001,0.8417244246562929,0.7603409255068136,0.9637996733805118,0.9794820211646932
victim,0.6960000000000001,0.8418772375787793,0.7604141584396822,0.9640718562874252,0.97948721796762
victim,0.6970000000000001,0.8418992106328664,0.7604507801964939,0.9640718562874252,0.9794898163690835
victim,0.6980000000000001,0.8419211858035123,0.7604874054809037,0.9640718562874252,0.9794924147705468
victim,0.6990000000000001,0.8419211858035123,0.7604874054809037,0.9640718562874252,0.9794924147705468
victim,0.7000000000000001,0.8419431630910226,0.7605240342934207,0.9640718562874252,0.9794950131720103
victim,0.7010000000000001,0.8419431630910226,0.7605240342934207,0.9640718562874252,0.9794950131720103
victim,0.7020000000000001,0.8419651424957032,0.7605606666345552,0.9640718562874252,0.9794976115734737
victim,0.7030000000000001,0.8419651424957032,0.7605606666345552,0.9640718562874252,0.9794976115734737
victim,0.704,0.8419871240178602,0.760597302504817,0.9640718562874252,0.9795002099749371
victim,0.705,0.8418644112155826,0.7605742364389633,0.9637996733805118,0.9794404797800405
victim,0.706,0.8417197113216839,0.7605145252204076,0.9635274904735982,0.9793781511836805
victim,0.707,0.841741695746194,0.7605511659279245,0.9635274904735982,0.9793807495851439
victim,0.708,0.8418725554519397,0.760587810166225,0.9637996733805118,0.9793833479866074
victim,0.709,0.8417498387664162,0.7605647376282948,0.9635274904735982,0.9793236177917107
victim,0.71,0.8416271194123903,0.7605416606428606,0.9632553075666848,0.9792638875968142
victim,0.711,0.8416271194123903,0.7605416606428606,0.9632553075666848,0.9792638875968142
victim,0.712,0.8416491109784812,0.760578313253012,0.9632553075666848,0.9792664859982776
victim,0.713,0.8416711046643433,0.7606149693961155,0.9632553075666848,0.9792690843997409
victim,0.714,0.8416931004702828,0.7606516290726816,0.9632553075666848,0.9792716828012045
victim,0.715,0.8417370984436217,0.7607249590282463,0.9632553075666848,0.9792768796041312
victim,0.716,0.8417370984436217,0.7607249590282463,0.9632553075666848,0.9792768796041312
victim,0.717,0.8417370984436217,0.7607249590282463,0.9632553075666848,0.9792768796041312
victim,0.718,0.8414476624705223,0.7606054762822985,0.9627109417528579,0.9791522224114113
victim,0.719,0.8414338126282477,0.7605823932118408,0.9627109417528579,0.9790924922165147
victim,0.72,0.8414419638557793,0.7605959785910602,0.9627109417528579,0.9790353604230815
victim,0.721,0.8413192369617273,0.7605728890389158,0.9624387588459444,0.9789756302281849
victim,0.722,0.8411745007459828,0.7605131172839507,0.962166575939031,0.9789133016318249
victim,0.723,0.841218516167066,0.7605864763190894,0.962166575939031,0.9789184984347516
victim,0.724,0.841218516167066,0.7605864763190894,0.962166575939031,0.9789184984347516
victim,0.725,0.8412845552224602,0.7606965414114129,0.962166575939031,0.978926293639142
victim,0.726,0.8413065724884923,0.7607332368547998,0.962166575939031,0.9789288920406054
victim,0.727,0.8411618288033724,0.7606734526508756,0.9618943930321175,0.9788665634442454
victim,0.728,0.8410390997108141,0.7606503594345541,0.9616222101252041,0.9788068332493488
victim,0.729,0.8410831421924218,0.7607237635705668,0.9616222101252041,0.9788120300522756
victim,0.73,0.8409383895786885,0.7606639644856205,0.9613500272182907,0.9787497014559157
victim,0.731,0.8409824392243495,0.7607373805617219,0.9613500272182907,0.9787548982588424
victim,0.732,0.8409824392243495,0.7607373805617219,0.9613500272182907,0.9787548982588424
victim,0.733,0.8409824392243495,0.7607373805617219,0.9613500272182907,0.9787548982588424
victim,0.734,0.8411353705365682,0.7608108108108108,0.9616222101252041,0.9787600950617692
victim,0.735,0.840990611785043,0.7607510014962112,0.9613500272182907,0.9786977664654093
victim,0.736,0.840990611785043,0.7607510014962112,0.9613500272182907,0.9786977664654093
victim,0.737,0.8408678804961878,0.7607279046193948,0.9610778443113772,0.9786380362705127
victim,0.738,0.8409119487310679,0.7608013516775284,0.9610778443113772,0.9786432330734396
victim,0.739,0.8409339860397,0.7608380805252486,0.9610778443113772,0.9786458314749029
victim,0.74,0.8408773855236861,0.7609252016031676,0.9608056614044638,0.9785938964843967
victim,0.741,0.8409435337591196,0.7610354486622235,0.9608056614044638,0.978601691688787
victim,0.742,0.8408208102552799,0.7610123647604328,0.9605334784975503,0.9785419614938903
victim,0.743,0.8407849027741832,0.7609525189586049,0.9605334784975503,0.9784796328975303
victim,0.744,0.8408069572380694,0.7609892763984155,0.9605334784975503,0.9784822312989937
victim,0.745,0.8403725924817661,0.7608097009517368,0.95971692977681,0.9782952455099136
victim,0.746,0.8402277972888805,0.7607498309015365,0.9594447468698966,0.9782329169135537
victim,0.747,0.8399823037706448,0.7607035855803614,0.9589003810560697,0.9781134565237605
victim,0.748,0.8399823037706448,0.7607035855803614,0.9589003810560697,0.9781134565237605
victim,0.749,0.8399823037706448,0.7607035855803614,0.9589003810560697,0.9781134565237605
victim,0.75,0.840026419578817,0.760777111927315,0.9589003810560697,0.9781186533266873
victim,0.751,0.8397367995236733,0.7606573223779604,0.9583560152422428,0.9779939961339673
victim,0.752,0.8397367995236733,0.7606573223779604,0.9583560152422428,0.9779939961339673
victim,0.753,0.8398029852045492,0.760767631846087,0.9583560152422428,0.9780017913383576
victim,0.754,0.839775225320414,0.7607213653725283,0.9583560152422428,0.9778823309485644
victim,0.755,0.8396524681887132,0.7606982254243025,0.9580838323353293,0.9778226007536679
victim,0.756,0.8395297083713953,0.7606750810000483,0.9578116494284159,0.9777628705587712
victim,0.757,0.8395297083713953,0.7606750810000483,0.9578116494284159,0.9777628705587712
victim,0.758,0.839551780382644,0.7607118676854628,0.9578116494284159,0.9777654689602346
victim,0.759,0.8392841806767908,0.7606287787182587,0.957267283614589,0.977643410168978
victim,0.76,0.8391614127979445,0.760605620858124,0.9569951007076756,0.9775836799740814
victim,0.761,0.8391614127979445,0.760605620858124,0.9569951007076756,0.9775836799740814
victim,0.762,0.8392276484107916,0.7607160135462022,0.9569951007076756,0.9775914751784717
victim,0.763,0.8392276484107916,0.7607160135462022,0.9569951007076756,0.9775914751784717
victim,0.764,0.8389379483024205,0.7605960905748017,0.9564507348938487,0.9774668179857516
victim,0.765,0.8391130722739463,0.7607065085894024,0.9567229178007621,0.977474613190142
victim,0.766,0.8391130722739463,0.7607065085894024,0.9567229178007621,0.977474613190142
victim,0.767,0.8389682149796069,0.760646535036779,0.9564507348938487,0.9774122845937819
victim,0.768,0.8388675294051995,0.7606601810173756,0.9561785519869352,0.9773551528003488
victim,0.769,0.8388896202139415,0.7606969990319458,0.9561785519869352,0.9773577512018121
victim,0.77,0.8388896202139415,0.7606969990319458,0.9561785519869352,0.9773577512018121
victim,0.771,0.8387750385543036,0.7606874848704915,0.9559063690800218,0.9772408892134824
victim,0.772,0.8387750385543036,0.7606874848704915,0.9559063690800218,0.9772408892134824
victim,0.773,0.8387390364477345,0.760627481359543,0.9559063690800218,0.9771785606171224
victim,0.774,0.8386162543646529,0.7606042998256827,0.9556341861731084,0.9771188304222258
victim,0.775,0.8385376722867182,0.760654784967067,0.9553620032661949,0.9770642970302561
victim,0.776,0.8382478919469454,0.7605347282766637,0.954817637452368,0.9769396398375361
victim,0.777,0.8379580976497973,0.7604146483239682,0.9542732716385411,0.976814982644816
victim,0.778,0.8378131952659398,0.7603545996221479,0.9540010887316277,0.976752654048456
victim,0.779,0.8376404139627959,0.7602480860548503,0.9537289058247143,0.9765708650623028
victim,0.78,0.8373726771625811,0.7601647685970437,0.9531845400108874,0.9764488062710462
victim,0.781,0.8370467637462922,0.7599844901124466,0.9526401741970604,0.9762618204819662
victim,0.782,0.8370328025920574,0.7599612215220554,0.9526401741970604,0.9762020902870696
victim,0.783,0.8370328025920574,0.7599612215220554,0.9526401741970604,0.9762020902870696
victim,0.784,0.8365979720308344,0.759780869733844,0.95182362547632,0.9760151044979897
victim,0.785,0.83662007367545,0.7598177058082033,0.95182362547632,0.976017702899453
victim,0.786,0.8366421774632553,0.7598545454545454,0.95182362547632,0.9760203013009164
victim,0.787,0.8363382884147281,0.7597109742495515,0.9512792596624932,0.9758359139132998
victim,0.788,0.8362154307313312,0.7596876667151655,0.9510070767555797,0.9757761837184031
victim,0.789,0.8362817596894263,0.7597982149786573,0.9510070767555797,0.9757839789227934
victim,0.79,0.8361589036925663,0.7597749102551663,0.9507348938486663,0.9757242487278969
victim,0.791,0.836167035022364,0.7597884624714957,0.9507348938486663,0.9756671169344637
victim,0.792,0.8358991925803954,0.7597049689440993,0.9501905280348394,0.9755450581432071
victim,0.793,0.8357262081186363,0.7595981167791098,0.949918345127926,0.975363269157054
victim,0.794,0.835480452447034,0.7595514345356572,0.9493739793140991,0.9752438087672608
victim,0.795,0.8353575705316075,0.7595280866145554,0.9491017964071856,0.9751840785723641
victim,0.796,0.8349225287142791,0.759347382732835,0.9482852476864453,0.9749970927832841
victim,0.797,0.8347775077551576,0.7592871364055747,0.9480130647795318,0.9749347641869242
victim,0.798,0.8344955425355729,0.7591801049154848,0.947468698965705,0.9747529752007709
victim,0.799,0.8344815046518604,0.7591567084426308,0.947468698965705,0.9746932450058743
victim,0.8,0.8342135461160202,0.7590730214254482,0.9469243331518781,0.9745711862146178
victim,0.801,0.8342356743743456,0.7591099018559907,0.9469243331518781,0.9745737846160811
victim,0.802,0.8341127551417177,0.759086491739553,0.9466521502449646,0.9745140544211846
victim,0.803,0.8339757816475066,0.7590396578538102,0.9463799673380512,0.9743945940313914
victim,0.804,0.8339979164613445,0.7590765492102066,0.9463799673380512,0.9743971924328547
victim,0.805,0.8337158643335594,0.7589693728731162,0.9458356015242243,0.9742154034467017
victim,0.806,0.833760144927076,0.7590431738623103,0.9458356015242243,0.9742206002496285
victim,0.807,0.8338125268519695,0.7591304770704663,0.9458356015242243,0.9741686652591222
victim,0.808,0.8337560610941663,0.7592178227454033,0.9455634186173109,0.9741167302686158
victim,0.809,0.8337560610941663,0.7592178227454033,0.9455634186173109,0.9741167302686158
victim,0.81,0.8339092552039686,0.759291690990465,0.9458356015242243,0.9741219270715427
victim,0.811,0.8336855663487786,0.7592817867743661,0.9452912357103974,0.9740050650832128
victim,0.812,0.8337017948439058,0.7593088342662448,0.9452912357103974,0.9738908014963465
victim,0.8130000000000001,0.8337239709196729,0.7593457943925233,0.9452912357103974,0.9738933998978099
victim,0.8140000000000001,0.8336010394837731,0.7593223639372991,0.945019052803484,0.9738336697029133
victim,0.8150000000000001,0.8334781053101374,0.7592989289191822,0.9447468698965705,0.9737739395080167
victim,0.8160000000000001,0.8335305960229087,0.7593864134404674,0.9447468698965705,0.9737220045175105
victim,0.8170000000000001,0.8335749764688313,0.7594603808503385,0.9447468698965705,0.9737272013204372
victim,0.8180000000000001,0.8331617821310073,0.7593160894344586,0.9439303211758302,0.9735428139328206
victim,0.8190000000000001,0.833192104109796,0.7593666260657733,0.9439303211758302,0.9734882805408509
victim,0.8200000000000001,0.8330913617299427,0.7593801773706266,0.9436581382689168,0.9734311487474177
victim,0.8210000000000001,0.8328898841038921,0.7594072918697603,0.9431137724550899,0.9733168851605514
victim,0.8220000000000001,0.8326662005678698,0.759397396518941,0.9425694066412629,0.9732000231722217
victim,0.8230000000000001,0.8324425141364947,0.7593874963425339,0.942025040827436,0.9730831611838919
victim,0.8240000000000001,0.8323862317004758,0.7594751475537779,0.9417528579205225,0.9730312261933856
victim,0.8250000000000001,0.8322491954091613,0.7594282090061961,0.9414806750136091,0.9729117658035924
victim,0.8260000000000001,0.831835845217777,0.7592836578343825,0.9406641262928688,0.9727273784159758
victim,0.8270000000000001,0.8317795809467288,0.7593713393205779,0.9403919433859553,0.9726754434254694
victim,0.8280000000000001,0.8315114010557003,0.7592872833780816,0.9398475775721284,0.9725533846342128
victim,0.8290000000000001,0.831220967366993,0.7591661377727872,0.9393032117583016,0.9724287274414929
victim,0.8300000000000001,0.8312513398817962,0.7592167586307925,0.9393032117583016,0.9723741940495231
victim,0.8310000000000001,0.8308015226928012,0.7590114291296278,0.9384866630375612,0.9721274780655464
victim,0.8320000000000001,0.8308237669587846,0.7590485029062667,0.9384866630375612,0.9721300764670098
victim,0.833,0.8308318904226453,0.7590620420127013,0.9384866630375612,0.9720729446735766
victim,0.834,0.8308258892560703,0.7590520400684095,0.9384866630375612,0.9719560826852469
victim,0.835,0.8302084394261331,0.7587487781036167,0.9373979314099075,0.9716444397034468
victim,0.836,0.8301076685169038,0.7587622818595102,0.937125748502994,0.9715873079100137
victim,0.837,0.8297163261088725,0.7586544103266184,0.9363091997822537,0.9714055189238605
victim,0.838,0.829746684607737,0.7587050078247259,0.9363091997822537,0.9713509855318907
victim,0.839,0.8293330416415883,0.7585599686949717,0.9354926510615134,0.9711665981442741
victim,0.84,0.8292767972721146,0.7586476833504576,0.9352204681545999,0.9711146631537678
victim,0.841,0.8292707261675853,0.758637564842909,0.9352204681545999,0.9709978011654381
victim,0.842,0.8283424781974469,0.7583606717916075,0.9333151878062058,0.9705718945967716
victim,0.843,0.8280598421675069,0.7582525222842589,0.9327708219923789,0.9703901056106184
victim,0.844,0.8280456328721867,0.7582288401253918,0.9327708219923789,0.9703303754157219
victim,0.845,0.8281793724030271,0.7584517393434591,0.9327708219923789,0.9703459658245024
victim,0.846,0.827628232675642,0.7582589942162533,0.931682090364725,0.9700421180470926
victim,0.847,0.8274686151719575,0.7581744203147214,0.9314099074578116,0.969920059255836
victim,0.848,0.8270485254467657,0.758018636586562,0.9305933587370713,0.9696188098798897
victim,0.849,0.8268888568528852,0.7579339775347035,0.9303211758301578,0.969496751088633
victim,0.85,0.8263963487983284,0.7578389518622112,0.9292324442025041,0.9692578303090467
victim,0.851,0.8262027718562073,0.7578792341678939,0.9286880783886772,0.9690864349287471
victim,0.852,0.8259341678992875,0.7577944714489124,0.9281437125748503,0.9689643761374905
victim,0.853,0.825555725149083,0.757526644074456,0.9275993467610234,0.968655331557154
victim,0.854,0.8252361412366531,0.7573569147629574,0.9270549809471965,0.9684112139746407
victim,0.855,0.8248076241068585,0.75718708536046,0.9262384322264562,0.9681670963921276
victim,0.856,0.8246362479328673,0.7572643689463593,0.9256940664126293,0.9679982994132914
victim,0.857,0.8245434152819894,0.7572911031328383,0.9254218835057159,0.9678840358264251
victim,0.858,0.8244860965757181,0.7571955719557195,0.9254218835057159,0.9676451150468388
victim,0.859,0.8241388166583548,0.7571611379072744,0.9246053347849755,0.9674685228636124
victim,0.86,0.8238636785781197,0.7570654849827672,0.9240609689711486,0.9672296020840261
victim,0.861,0.823785188413678,0.7571161233133065,0.9237887860642352,0.9671750686920563
victim,0.862,0.8233340109415357,0.756908526673563,0.9229722373434949,0.9669283527080796
victim,0.863,0.8229131329298824,0.7567514291346343,0.9221556886227545,0.9666271033321332
victim,0.864,0.8228202464152924,0.7567780735482599,0.9218835057158411,0.9665128397452669
victim,0.865,0.8225897100148598,0.7567567567567568,0.9213391399020141,0.9662791157686075
victim,0.866,0.8224775859404165,0.7569327938419027,0.9207947740881872,0.9661752457875947
victim,0.867,0.8221077758330597,0.7568608094768015,0.9199782253674469,0.965996055202905
victim,0.868,0.8219221017037079,0.7569142631371,0.91943385955362,0.9657675280291722
victim,0.869,0.8214641197081891,0.7566953256250619,0.9186173108328797,0.9654039500568659
victim,0.87,0.8208924724914402,0.7566498566201919,0.9172563962983125,0.9651104958853098
victim,0.871,0.8203174046585103,0.756417231317078,0.9161676646706587,0.9648040497064366
victim,0.872,0.8200353236999138,0.7563100069286351,0.9156232988568318,0.9644482669385205
victim,0.873,0.8192053488105211,0.7560154470739677,0.9139902014153511,0.9640794921632873
victim,0.874,0.818843189345713,0.7559562137797811,0.9131736526946108,0.9638431697851644
victim,0.875,0.8183496514950153,0.7558594717803875,0.912084921066957,0.963604249005578
victim,0.876,0.8184620413847526,0.7560467882632831,0.912084921066957,0.963617241012895
victim,0.877,0.8178080752139972,0.7558641210017356,0.9107240065323897,0.9632562614420521
victim,0.878,0.8174908187900364,0.755879726108961,0.9099074578116494,0.963025135866856
victim,0.879,0.8173899146366004,0.7558930077911767,0.909635274904736,0.9629680040734229
victim,0.88,0.8173725271313202,0.7560454838869854,0.9093630919978225,0.9628044038975136
victim,0.881,0.8175092119544085,0.7562732919254658,0.9093630919978225,0.9626460005245312
victim,0.882,0.8167025011048124,0.7560175054704594,0.9077299945563418,0.9621058303689984
victim,0.883,0.8159698393217321,0.7558851341263126,0.9060968971148612,0.9616903174061857
victim,0.884,0.8151733591991152,0.7558278541542139,0.9041916167664671,0.9612800012462999
victim,0.885,0.8148189267398218,0.7557814992025519,0.9033750680457268,0.9609865470747437
victim,0.886,0.8137937523466561,0.7555245173841473,0.9011976047904192,0.960446376919211
victim,0.887,0.8131389084840537,0.7553403873028549,0.8998366902558519,0.9600853973483681
victim,0.888,0.8124692694854374,0.7551315986615392,0.8984757757212847,0.9596646875826285
victim,0.889,0.8119389224060218,0.7549735079476158,0.8973870440936309,0.9591894444249192
victim,0.89,0.811002659093033,0.7545018007202882,0.8957539466521502,0.9585765520671727
victim,0.891,0.8101408321767603,0.7541541541541541,0.8941208492106696,0.9580883169021464
victim,0.892,0.809440796993218,0.7538947052046284,0.8927599346761024,0.9575481467466136
victim,0.893,0.8087144601382709,0.7537728754073703,0.8911268372346217,0.9570755019903678
victim,0.894,0.8077062898896045,0.7533627785585224,0.8892215568862275,0.9563509444472185
victim,0.895,0.8074596269311699,0.7533145841703495,0.8886771910724006,0.9560574902756622
victim,0.896,0.8060787214865727,0.752827627808777,0.8859553620032662,0.9553277359295862
victim,0.897,0.8050460172703688,0.7523766410140335,0.8840500816548721,0.9547745737667364
victim,0.898,0.80458118805558,0.7523277467411545,0.8829613500272183,0.9544811195951801
victim,0.899,0.8039093119891636,0.7521152296535052,0.8816004354926511,0.9540604098294406
victim,0.9,0.803050468895482,0.7519540113962988,0.8796951551442569,0.9534111728899684
victim,0.901,0.8023275815823193,0.7520193861066237,0.8777898747958628,0.9529515201410397
victim,0.902,0.801329448159374,0.7518074725719198,0.8756124115405552,0.9521828228117741
victim,0.903,0.7997286001152256,0.7513168557536467,0.8723462166575939,0.9511050809021722
victim,0.904,0.7988706802983363,0.7509757210198185,0.8707131192161133,0.9505597139437125
victim,0.905,0.797764338487823,0.7505834601725013,0.8685356559608056,0.9498948865954598
victim,0.906,0.7956440116359229,0.7497714111551356,0.864452912357104,0.9488534892675836
victim,0.907,0.7938392302603692,0.7491223607224624,0.8609145345672292,0.9477653537521278
victim,0.908,0.7929773649933696,0.748956105509726,0.859009254218835,0.9472901105944185
victim,0.909,0.792342520963078,0.7486238532110092,0.8579205225911812,0.9466876118425258
victim,0.91,0.7914662331371959,0.7482521051288594,0.8562874251497006,0.9459085209074067
victim,0.911,0.7895601404583441,0.7472527472527473,0.8530212302667393,0.9446230059970173
victim,0.912,0.7887116547600921,0.7471087913212567,0.8511159499183452,0.9440334992524416
victim,0.913,0.7867058063695658,0.746487539739514,0.8470332063146434,0.9427739683566865
victim,0.914,0.7844273794276702,0.745774901114707,0.8424060968971149,0.9415663724514376
victim,0.915,0.7827462618090059,0.7451505016722407,0.8391399020141536,0.9404808353374452
victim,0.916,0.7809330137192192,0.7443058847779037,0.8358737071311921,0.9393225760212393
victim,0.917,0.7772958874972444,0.7427803895231698,0.8290691344583561,0.9373073067647736
victim,0.918,0.7750774158886318,0.7421676764538346,0.8244420250408274,0.9359335122821519
victim,0.919,0.7725936772372626,0.7412943069178473,0.8195427327163854,0.9344843971958533
victim,0.92,0.769568217646629,0.7400624349635796,0.813826891671203,0.932663908932858
victim,0.921,0.7673405387262181,0.7390714658320292,0.8097441480675014,0.930975873066973
victim,0.922,0.764618209689985,0.7379819009258776,0.8045726728361459,0.9291657784098313
victim,0.923,0.763061940604149,0.7375655823714585,0.8013064779531845,0.9276907123476605
victim,0.924,0.7610080442052641,0.7368642507757849,0.7972237343494829,0.9262545892686789
victim,0.925,0.7581536746299586,0.7355546183045127,0.7920522591181274,0.9244886343976533
victim,0.926,0.7540252283689755,0.7335731668606497,0.7847033206314643,0.9218682679878316
victim,0.927,0.7511914054217264,0.7321163234981958,0.7798040283070223,0.9197465303488899
victim,0.928,0.7488404944398659,0.7307385123262872,0.775993467610234,0.9175728577194417
victim,0.929,0.7452336416154015,0.7292634727340704,0.769188894937398,0.9154511200805002
victim,0.93,0.7427810642618606,0.7284420386944638,0.7642896026129559,0.9136046808416327
victim,0.931,0.7384969599506311,0.7263826124381322,0.7566684812193795,0.9108674524434812
victim,0.932,0.7349486907452698,0.724279391125985,0.750952640174197,0.908301619425629
victim,0.933,0.7294917705843416,0.7215354586857515,0.7414262384322264,0.9049437034653409
victim,0.934,0.7262214172740813,0.7198954305321061,0.7357103973870441,0.9022376558847505
victim,0.935,0.7210409179651439,0.7170678336980306,0.7270005443658138,0.8988771415229988
victim,0.936,0.7163718758989553,0.7138224787029405,0.7201959716929777,0.8952023857779836
victim,0.937,0.712448375104529,0.7114567819515693,0.7139357648339685,0.892452165372515
victim,0.9380000000000001,0.7087835947231786,0.709159375346107,0.7082199237887861,0.8896500099765401
victim,0.9390000000000001,0.7046102212612071,0.7067401346913785,0.7014153511159499,0.886380406627246
victim,0.9400000000000001,0.6985678888528362,0.7032019704433498,0.6916167664670658,0.8822330061259851
victim,0.9410000000000001,0.691961797336037,0.6990871182238252,0.6812738160043549,0.8774753116684411
victim,0.9420000000000001,0.6856399830068214,0.6956275165882152,0.6706586826347305,0.8732240411861675
victim,0.9430000000000001,0.6793520081024143,0.6922243139939529,0.6600435492651061,0.8692090930820167
victim,0.9440000000000001,0.6731020065242602,0.6883400344629523,0.650244964616222,0.8646487780194064
victim,0.9450000000000001,0.6660276956808777,0.6836262719703977,0.6396298312465977,0.859750835960362
victim,0.9460000000000001,0.6582046845256988,0.6783904967099516,0.6279259662493195,0.8544217905297241
victim,0.9470000000000001,0.6509911681587215,0.6736261802826814,0.6170386499727817,0.8494147816867401
victim,0.9480000000000001,0.6445030877050577,0.6702523789822094,0.6058791507893304,0.8450180998388012
victim,0.9490000000000001,0.6364986813965474,0.6650771890087621,0.5936309199782254,0.8394787160446746
victim,0.9500000000000001,0.6281329207211992,0.6592997417572517,0.5813826891671203,0.8339626848249568
victim,0.9510000000000001,0.6205638490046772,0.653217011995638,0.5715841045182363,0.8279766072504566
victim,0.9520000000000001,0.6125566559522178,0.6480371774489422,0.5593358737071312,0.8223982804731409
victim,0.9530000000000001,0.6037301812882343,0.6422176946348089,0.5459989112683723,0.8164433837162017
victim,0.9540000000000001,0.595628052502508,0.636335268052175,0.5345672291780076,0.8102080247950234
victim,0.9550000000000001,0.586347565249394,0.6290332765043883,0.5223189983669025,0.8030948687218782
victim,0.9560000000000001,0.5757415123520123,0.6215180168668542,0.5070767555797496,0.7959791142472696
victim,0.9570000000000001,0.5656772354385666,0.6134540750323415,0.4940119760479042,0.7885569135937878
victim,0.9580000000000001,0.5548379002149427,0.6042798246188077,0.48067501360914533,0.7809061527278112
victim,0.9590000000000001,0.5423473211417599,0.5950753301918099,0.4632553075666848,0.7727619929326435
victim,0.96,0.5284225344472948,0.5827546686442392,0.4469243331518781,0.7629167722255115
victim,0.961,0.5131929109718791,0.5702552871124495,0.4275993467610234,0.7533650056899357
victim,0.962,0.49527166747497203,0.5554473354668151,0.4050081654872074,0.7426835292154893
victim,0.963,0.48187919204782537,0.5425622171945702,0.3908546543277082,0.7332174768894442
victim,0.964,0.46551589849011143,0.5279919302543411,0.371801850843767,0.7226736826537972
victim,0.965,0.4495294781755311,0.514231220657277,0.3524768644529124,0.7129920951613364
victim,0.966,0.4349032255940458,0.5005599940267303,0.3364180729450191,0.703679282444109
victim,0.967,0.41687683255038943,0.48339932988120615,0.3170930865541644,0.6928004596134911
victim,0.968,0.4012232438628793,0.46819733167856037,0.30076211213935766,0.6832954643042568
victim,0.969,0.3852655279455674,0.45412155220105904,0.2819814915623299,0.6745020675696168
victim,0.97,0.36961377997541245,0.43819680077556955,0.2667392487751769,0.664763381322485
victim,0.971,0.3518744485329809,0.42024438573315714,0.2493195427327164,0.654611747475242
victim,0.972,0.33476144677785263,0.403880219316744,0.23108328796951552,0.6454755599800029
victim,0.973,0.3146627694934106,0.3827213822894169,0.2125748502994012,0.6345811797793666
victim,0.974,0.29434294409190787,0.3615568756095398,0.19352204681545998,0.6239231549956151
victim,0.975,0.2768918536775467,0.3435404964667513,0.1769188894937398,0.6152648090595488
victim,0.976,0.25347323698739754,0.3193888008944378,0.15459989112683722,0.6042406079020276
victim,0.977,0.2327685477158857,0.29685703334610963,0.1366358192705498,0.5942993784957974
victim,0.978,0.21147193554983412,0.27315727236893966,0.11894393032117583,0.5844646174720433
victim,0.979,0.18827698118631564,0.24538633137294666,0.10261295590636908,0.5737806086736577
victim,0.98,0.16359270556609792,0.2169477409952113,0.08356015242242787,0.5635380638139569
victim,0.981,0.1421799275199891,0.19160272804774084,0.06804572672836146,0.5548303482500857
victim,0.982,0.12036934159783753,0.16613906778735943,0.051714752313554706,0.5464498660767949
victim,0.983,0.10222469579762568,0.1437005681185251,0.040010887316276535,0.5393964401985463
victim,0.984,0.08408245803880332,0.12035880549562848,0.029667936853565596,0.5323715636976333
victim,0.985,0.06759241366365114,0.09686741417177204,0.02367991290146979,0.5255700175675261
victim,0.986,0.05443017707899709,0.07819654808030997,0.018780620577027764,0.5203344815508093
victim,0.987,0.03916206255587644,0.057286072323666316,0.011976047904191617,0.5146548501551823
victim,0.988,0.02840770468591749,0.042265426880811495,0.007621121393576484,0.5106892386400744
victim,0.989,0.018901589279386604,0.028599364458567585,0.004354926510615134,0.5071807145111941
victim,0.99,0.010414146050785023,0.016268178456987924,0.001633097441480675,0.5040461289217117
victim,0.991,0.004345971925958956,0.006698920729438036,0.0008165487207403375,0.5016516912841592
victim,0.992,0.0013444541267272497,0.0022407568778787497,0.0,0.5005557605643133
victim,0.993,0.00044859813084112144,0.0007476635514018691,0.0,0.50018698578908
victim,0.994,0.00014956998628941793,0.0002492833104823632,0.0,0.50006232859636
victim,0.995,0.0,0.0,0.0,0.5
victim,0.996,0.0,0.0,0.0,0.5
victim,0.997,0.0,0.0,0.0,0.5
victim,0.998,0.0,0.0,0.0,0.5
victim,0.999,0.0,0.0,0.0,0.5
victim,1.0,0.0,0.0,0.0,0.5
path,0.0,0.13233433795102376,0.22055722991837295,0.0,0.5
path,0.001,0.6867277744452003,0.6796578857338351,0.6973326075122482,0.9331394814017189
path,0.002,0.7008526189204974,0.6930377980012283,0.7125748502994012,0.9370532084204781
path,0.003,0.7086911820711683,0.7004769565094686,0.721012520413718,0.9391305999017912
path,0.004,0.7142124373558412,0.704779756326148,0.7283614589003811,0.9403029267841831
path,0.005,0.7181528535659687,0.7078994665221235,0.7335329341317365,0.9411567394113269
path,0.006,0.7200755994129109,0.71001531130604,0.7351660315732172,0.9416768338682033
path,0.007,0.7227977281993723,0.7118303635476745,0.7392487751769189,0.9421692288123795
path,0.008,0.7250942275476657,0.7134803992061893,0.7425149700598802,0.9426132191165437
path,0.009000000000000001,0.7266013422461266,0.7147220701380282,0.7444202504082743,0.9428971784881301
path,0.01,0.7279971521854922,0.7157782331380415,0.7463255307566685,0.9431587461080702
path,0.011,0.7287785962373086,0.7167177293485172,0.7468698965704954,0.9433572855266945
path,0.012,0.7306825118346388,0.7177134587554269,0.7501360914534567,0.9436306293761731
path,0.013000000000000001,0.7317599411739211,0.7184204426932437,0.7517691888949374,0.9438242479362206
path,0.014,0.732679287210693,0.7190454097314852,0.7531301034295046,0.9439950878421447
path,0.015,0.7337334680489368,0.7195321908962955,0.7550353837778987,0.9440827747731567
path,0.016,0.7346952731237788,0.7200464677267117,0.7566684812193795,0.944207863919596
path,0.017,0.735780394058571,0.7205848157191025,0.7585737615677736,0.9443242176195006
path,0.018000000000000002,0.736462501858923,0.7209958409679201,0.7596624931954273,0.9444208334482858
path,0.019,0.7372208628301111,0.7213524995635221,0.7610234077299945,0.9445176427283094
path,0.02,0.7380785859973175,0.721693306547879,0.7626565051714752,0.9445798971246713
path,0.021,0.7385073529822791,0.7220450076469304,0.7632008709853021,0.9446449988527986
path,0.022,0.7388906864487339,0.7223209862151371,0.763745236799129,0.9447045993686336
path,0.023,0.739209533854133,0.7226709432861934,0.7640174197060424,0.9447841312068264
path,0.024,0.7391557963238549,0.722944291278281,0.7634730538922155,0.9447975940606994
path,0.025,0.7398095054154559,0.7233079853458467,0.7645617855198693,0.9448655431205922
path,0.026000000000000002,0.7401084920915928,0.7236248412014661,0.7648339684267828,0.9449509630735543
path,0.027,0.7404989882913675,0.7239127576585395,0.7653783342406096,0.9450134109211547
path,0.028,0.7408324889532687,0.7241056815524901,0.7659227000544366,0.9450502327828665
path,0.029,0.7410332943527562,0.7242589019470268,0.7661948829613501,0.945061235207451
path,0.03,0.7412580550177446,0.7244520477840652,0.7664670658682635,0.9450980570691628
path,0.031,0.7417148793176465,0.7246690558034081,0.7672836145890038,0.9451261434843399
path,0.032,0.7418930322968158,0.7249659774353571,0.7672836145890038,0.9452058687737712
path,0.033,0.7423533623553398,0.7251888283857367,0.7681001633097442,0.9452656627408447
path,0.034,0.743161063383212,0.72544626513787,0.7697332607512248,0.9453195685931488
path,0.035,0.7433479899248073,0.7255763541025867,0.7700054436581383,0.9453393064642681
path,0.036000000000000004,0.7434148763410424,0.7256878314629787,0.7700054436581383,0.9453389195617912
path,0.037,0.7436146335160723,0.7258393048167525,0.7702776265650517,0.9453643520964413
path,0.038,0.7441714150193354,0.7260414529037553,0.7713663581927055,0.9454184513999839
path,0.039,0.7443776614694646,0.7262037417160283,0.7716385410996189,0.9454467312663994
path,0.04,0.7444431303610395,0.7263128565353199,0.7716385410996189,0.945460774473988
path,0.041,0.7448592379170843,0.726462003314901,0.7724550898203593,0.9455006371187038
path,0.042,0.744939136237714,0.7265951671826171,0.7724550898203593,0.9455059448797576
path,0.043000000000000003,0.7454801670869176,0.7267710641795205,0.773543821448013,0.9455226419678731
path,0.044,0.7459252001427292,0.7269684201253799,0.7743603701687534,0.9455450337195193
path,0.045,0.7461621866364024,0.7271819423435595,0.7746325530756668,0.9456019803548273
path,0.046,0.7462535147962811,0.7273341559433573,0.7746325530756668,0.9456274128894775
path,0.047,0.746567439658764,0.7274944535049442,0.7751769188894937,0.9456701228659585
path,0.048,0.7465114902784105,0.727582659808964,0.7749047359825803,0.9456784714100162
path,0.049,0.7464507548164038,0.7276628893102284,0.7746325530756668,0.9456695425122431
path,0.05,0.7467519389070852,0.7278019522521463,0.7751769188894937,0.9457065578251933
path,0.051000000000000004,0.7466607607862217,0.7278314439886492,0.7749047359825803,0.9456689621585277
path,0.052000000000000005,0.7469636164821993,0.7279732929393943,0.7754491017964071,0.9456915473614124
path,0.053,0.7470166365706501,0.7280616597534787,0.7754491017964071,0.9456998959054701
path,0.054,0.7473914940497084,0.7281420564047489,0.7762656505171476,0.945690967007697
path,0.055,0.7475517919438905,0.7282277642904437,0.776537833424061,0.9457137456618201
path,0.056,0.747728230288442,0.7283403729267538,0.7768100163309745,0.9457133587593431
path,0.057,0.7478966299343472,0.7284395837319869,0.7770821992378879,0.9457245546351664
path,0.058,0.7481915903195449,0.7285682738314316,0.7776265650517148,0.9457587226163512
path,0.059000000000000004,0.7482623938446987,0.728686279706688,0.7776265650517148,0.9457900432657707
path,0.06,0.7484292142265262,0.7287828584051248,0.7778987479586282,0.9458156692516593
path,0.061,0.7485848168561217,0.7288607408498416,0.7781709308655417,0.9458211704639515
path,0.062,0.7486299089948143,0.7289358944143294,0.7781709308655417,0.9458411017863093
path,0.063,0.7487903274182337,0.729021803182086,0.7784431137724551,0.9458638804404327
path,0.064,0.7487427700475355,0.7291239961688647,0.7781709308655417,0.9458606462061903
path,0.065,0.7490443336101428,0.7292636915639922,0.7787152966793686,0.9458976615191405
path,0.066,0.7490701299911673,0.7293066855323664,0.7787152966793686,0.945909050846202
path,0.067,0.7494870607711235,0.7294572043518,0.7795318454001089,0.9459489134909177
path,0.068,0.7490582339788001,0.7294683141163635,0.7784431137724551,0.9458911930506557
path,0.069,0.7494623077048435,0.7295974045126088,0.7792596624931954,0.9459253610318406
path,0.07,0.7496132632492792,0.7296675418153928,0.7795318454001089,0.9459135848023019
path,0.07100000000000001,0.7495577307827533,0.7297564429757919,0.7792596624931954,0.9459219333463598
path,0.07200000000000001,0.749585245935608,0.7298023015638831,0.7792596624931954,0.9459188925633559
path,0.073,0.7500982763120158,0.7299315311061267,0.7803483941208492,0.9459530605445408
path,0.074,0.7504000528337331,0.7300715814331045,0.7808927599346761,0.945990075857491
path,0.075,0.7508059555259398,0.7302037201062886,0.7817093086554164,0.9460098137286103
path,0.076,0.7510819189173426,0.7303007485494087,0.7822536744692433,0.9460354397144989
path,0.077,0.7510900799431746,0.7303143502591286,0.7822536744692433,0.9460238569361987
path,0.078,0.7511353740995697,0.7303898405197873,0.7822536744692433,0.9460437882585566
path,0.079,0.7512977198132136,0.7304789614379181,0.7825258573761568,0.9460521368026142
path,0.08,0.7515672570873996,0.7305652796856769,0.7830702231899836,0.9460749154567376
path,0.081,0.7515883817643605,0.7306004874806117,0.7830702231899836,0.9460690273419683
path,0.082,0.7515394989021116,0.7307004713148058,0.7827980402830702,0.9460802232177914
path,0.083,0.7518285099029982,0.7308192457737321,0.7833424060968971,0.9461115438672109
path,0.084,0.7518868345993193,0.7309164536009339,0.7833424060968971,0.9461371698530995
path,0.085,0.7519161828724426,0.7309653673894728,0.7833424060968971,0.94611969896003
path,0.08600000000000001,0.7520462169931603,0.7310006356527268,0.7836145890038105,0.9461138108452609
path,0.08700000000000001,0.7523028687501356,0.7310654780384677,0.7841589548176374,0.9461308948358533
path,0.088,0.7524441683786014,0.7311195221479685,0.7844311377245509,0.9461451314946803
path,0.089,0.7523906234224262,0.7312117358256188,0.7841589548176374,0.9461390499286725
path,0.09,0.7522786982935501,0.7312066492154341,0.783886771910724,0.9461073423767761
path,0.091,0.7524329947358112,0.7312823546812602,0.7841589548176374,0.946127273699134
path,0.092,0.7524849185738998,0.7313688944114081,0.7841589548176374,0.9461500523532571
path,0.093,0.752517377213828,0.7314229921446217,0.7841589548176374,0.946164289012084
path,0.094,0.752800055226708,0.7315312116235371,0.7847033206314643,0.9461927623297381
path,0.095,0.7528715022788672,0.7316502900438024,0.7847033206314643,0.9462240829791575
path,0.096,0.7531299624375745,0.73171814643243,0.7852476864452912,0.9462267368596846
path,0.097,0.7530488159801824,0.7317643576080521,0.7849755035383778,0.9462236960766807
path,0.098,0.7530960489357064,0.7318430792005922,0.7849755035383778,0.9462291972889729
path,0.099,0.7531415568481865,0.7319189257213924,0.7849755035383778,0.9462491286113308
path,0.1,0.7531628031003534,0.7319543361416705,0.7849755035383778,0.9462432404965615
path,0.101,0.7532751566737467,0.7319601368260503,0.7852476864452912,0.9462143802764306
path,0.10200000000000001,0.7534035406801072,0.7319926548987087,0.7855198693522046,0.9462229222717268
path,0.10300000000000001,0.7534265380636058,0.7320309838712066,0.7855198693522046,0.9462026040468919
path,0.10400000000000001,0.7539335985954156,0.7321502636724536,0.7866086009798585,0.9462339246963114
path,0.105,0.7539613764225207,0.7321965600509621,0.7866086009798585,0.9462308839133076
path,0.106,0.7539826507038183,0.7322320171864581,0.7866086009798585,0.9462249957985382
path,0.107,0.7540151991710217,0.7322862646317971,0.7866086009798585,0.9462392324573652
path,0.108,0.754286785792742,0.7323759984587798,0.7871529667936854,0.946247581001423
path,0.109,0.7544364894044726,0.732444049207055,0.7874251497005988,0.9462502348819499
path,0.11,0.7547891644721434,0.7324874751726795,0.7882416984213392,0.9462616242090115
path,0.111,0.7546838038339945,0.7324933293803736,0.7879695155144257,0.9462327639888806
path,0.112,0.7549293691146999,0.7325396943056646,0.7885138813282526,0.9462297232058766
path,0.113,0.7549376434444355,0.732553484855224,0.7885138813282526,0.9462181404275766
path,0.114,0.7547234140523964,0.7325593464110435,0.7879695155144257,0.9461892802074456
path,0.115,0.754738208056359,0.7325840030843146,0.7879695155144257,0.9461805447609108
path,0.116,0.7548731541438716,0.7326274579588932,0.7882416984213392,0.9461919340879725
path,0.117,0.7549205521734715,0.7327064546748931,0.7882416984213392,0.9461974353002648
path,0.11800000000000001,0.7551661455866752,0.7327528664876811,0.7887860642351661,0.946194394517261
path,0.11900000000000001,0.7553093941853488,0.7328101588808617,0.7890582471420795,0.9461942010660225
path,0.12,0.7553224398955963,0.7328319017312742,0.7890582471420795,0.9461998957295532
path,0.121,0.7553698751139353,0.7329109604285057,0.7890582471420795,0.9462053969418456
path,0.122,0.7555066192669633,0.7329574120789435,0.789330430048993,0.9462023561588417
path,0.123,0.7556320873004356,0.7329850701967885,0.7896026129559064,0.9461791906022415
path,0.124,0.7557415200728743,0.7329860028795773,0.7898747958628198,0.9461186228302141
path,0.125,0.75578722016806,0.7330621697048868,0.7898747958628198,0.946138554152572
path,0.126,0.7561809193570836,0.7331739692060993,0.7906913445835602,0.9461525973601606
path,0.127,0.7562070469875066,0.7332175152568043,0.7906913445835602,0.9461639866872221
path,0.128,0.7562088257878076,0.7332204799239725,0.7906913445835602,0.9461495565771566
path,0.129,0.7562284244997937,0.7332531444439494,0.7906913445835602,0.9461580985724528
path,0.13,0.7562385184078738,0.7332699676240829,0.7906913445835602,0.9461320856840872
path,0.131,0.7562664378735269,0.7333165000668379,0.7906913445835602,0.9461290449010833
path,0.132,0.7562860441016197,0.7333491771136593,0.7906913445835602,0.9461375868963795
path,0.133,0.756192026292192,0.7333739360358889,0.7904191616766467,0.9461288514498449
path,0.134,0.7562330338580008,0.7334422819789035,0.7904191616766467,0.9461315053303718
path,0.135,0.7562526484019199,0.7334749728854354,0.7904191616766467,0.946140047325668
path,0.136,0.756260974032797,0.7334888489368973,0.7904191616766467,0.946128464547368
path,0.137,0.7563960046902867,0.7335324447614378,0.7906913445835602,0.9461398538744296
path,0.138,0.7564025445498197,0.7335433445273262,0.7906913445835602,0.9461427012061949
path,0.139,0.7567749484973604,0.7336196519594003,0.7915078933043005,0.9461626325285528
path,0.14,0.7567963653175588,0.733655346659731,0.7915078933043005,0.9461567444137835
path,0.14100000000000001,0.75706645561895,0.7337425866194984,0.7920522591181274,0.9461795230679066
path,0.14200000000000002,0.7571075183823404,0.7338110245584825,0.7920522591181274,0.9461821769484335
path,0.14300000000000002,0.7572884011911216,0.7339310406351756,0.7923244420250408,0.946213497597853
path,0.14400000000000002,0.7574074232069825,0.7339479553903346,0.7925966249319543,0.9461874847094875
path,0.145,0.7576531662223194,0.7339946165400115,0.7931409907457811,0.9461844439264836
path,0.146,0.7576728150966469,0.7340273646638906,0.7931409907457811,0.9461929859217798
path,0.147,0.7577965924327443,0.7340522049527776,0.7934131736526946,0.9461842504752451
path,0.148,0.7578049475857525,0.7340661302077911,0.7934131736526946,0.9461726676969451
path,0.149,0.7578264074305833,0.7341018966158424,0.7934131736526946,0.9461667795821758
path,0.15,0.7578460644389124,0.7341346582963911,0.7934131736526946,0.946175321577472
path,0.151,0.7577342516027741,0.7341297588407695,0.7931409907457811,0.9461436140255756
path,0.152,0.7578693386143667,0.7341734485888146,0.7934131736526946,0.9461550033526371
path,0.153,0.7578842552960975,0.7341983097250327,0.7934131736526946,0.9461462679061025
path,0.154,0.7580342700066911,0.7342668789714133,0.793685356559608,0.9461489217866295
path,0.155,0.7581063983838003,0.7343870929332619,0.793685356559608,0.9461802424360488
path,0.156,0.7583634974159276,0.7344526807775893,0.7942297223734349,0.9461973264266412
path,0.157,0.7583831764052754,0.7344854790931691,0.7942297223734349,0.9462058684219374
path,0.158,0.7584159786269278,0.7345401494625897,0.7942297223734349,0.9462201050807645
path,0.159,0.7585642209020393,0.7346057646498333,0.7945019052803484,0.9462371890713569
path,0.16,0.758590470884696,0.7346495146209279,0.7945019052803484,0.9462485783984185
path,0.161,0.7590784728822073,0.7347370301983441,0.7955906369080021,0.9462713570525417
path,0.162,0.7590934274039658,0.7347619544012749,0.7955906369080021,0.946262621606007
path,0.163,0.7592351288195415,0.7348166681559587,0.7958628198149156,0.946276858264834
path,0.164,0.7592519169277238,0.7348446483362625,0.7958628198149156,0.9462536927082339
path,0.165,0.7592490053037089,0.7348397956295711,0.7958628198149156,0.9462219851563375
path,0.166,0.7593972876947173,0.7349054776766427,0.796135002721829,0.9462390691469299
path,0.167,0.7594301341002628,0.7349602216858854,0.796135002721829,0.946253305805757
path,0.168,0.7593136148513928,0.7349474782090442,0.7958628198149156,0.9462043208120297
path,0.169,0.7595594767430032,0.7349943374858436,0.7964071856287425,0.9462012800290258
path,0.17,0.7597030439865426,0.7350521609538003,0.7966793685356559,0.9462010865777872
path,0.171,0.7596044136073166,0.7350692322596992,0.7964071856287425,0.9461750736894217
path,0.17200000000000001,0.7599836280470154,0.7351568905120369,0.7972237343494829,0.9461978523435449
path,0.17300000000000001,0.759998617174498,0.7351818723911747,0.7972237343494829,0.9461891168970102
path,0.17400000000000002,0.7601403721205982,0.7352366753633992,0.7974959172563963,0.9462033535558372
path,0.17500000000000002,0.760264240214422,0.7352616669151634,0.7977681001633098,0.9461946181093026
path,0.176,0.7602905520266754,0.7353055199355859,0.7977681001633098,0.9462060074363641
path,0.177,0.7605346133032642,0.7353493781873491,0.7983124659771367,0.9462173967634258
path,0.178,0.7607607827626142,0.7353634167437144,0.7988568317909636,0.9462058139851257
path,0.179,0.7608893957531349,0.7353963164566402,0.799129014697877,0.9462143559804219
path,0.18,0.7607889482836403,0.735410359278758,0.7988568317909636,0.9462027732021219
path,0.181,0.7608086914325292,0.7354432645269062,0.7988568317909636,0.9462113151974181
path,0.182,0.7607016647590791,0.7354463420090983,0.7985846488840501,0.9461968850873526
path,0.183,0.7607082465233714,0.7354573116162522,0.7985846488840501,0.9461997324191179
path,0.184,0.7609560185652504,0.7355073544768327,0.799129014697877,0.9461822615260485
path,0.185,0.7608687457258739,0.7355433550158141,0.7988568317909636,0.9461763734112794
path,0.186,0.7609280115179193,0.7356421313358897,0.7988568317909636,0.946201999397168
path,0.187,0.7609411838556486,0.7356640852321054,0.7988568317909636,0.9462076940606987
path,0.188,0.7608341639676232,0.7356671740233385,0.7985846488840501,0.9461932639506332
path,0.189,0.7608539249160232,0.7357001089373386,0.7985846488840501,0.9462018059459294
path,0.19,0.7608868637621984,0.7357550070142973,0.7985846488840501,0.9462160426047564
path,0.191,0.7610155025923611,0.7357879497932928,0.7988568317909636,0.9462245846000527
path,0.192,0.7610305383225229,0.7358130093435625,0.7988568317909636,0.946215849153518
path,0.193,0.7610634886162556,0.7358679264997836,0.7988568317909636,0.9462300858123449
path,0.194,0.761189263563707,0.735896096140927,0.799129014697877,0.9462069202557448
path,0.195,0.7612156314983562,0.7359400426986757,0.799129014697877,0.9462183095828064
path,0.196,0.7612372721725439,0.7359761104889885,0.799129014697877,0.9462124214680372
path,0.197,0.7612768354629881,0.7360420493063955,0.799129014697877,0.9462295054586296
path,0.198,0.7613941682825643,0.7360561487344136,0.7994011976047904,0.9462179226803294
path,0.199,0.7614073586620049,0.7360781327001479,0.7994011976047904,0.9462236173438603
path,0.2,0.7614403380580159,0.7361330983601662,0.7994011976047904,0.9462378540026872
path,0.201,0.7615463495012926,0.736128328827685,0.7996733805117039,0.9462061464507909
path,0.202,0.7615727383642956,0.7361723102660234,0.7996733805117039,0.9462175357778524
path,0.203,0.7615812052183496,0.7361864216894467,0.7996733805117039,0.9462059529995523
path,0.20400000000000001,0.7613540005251824,0.736170657743386,0.799129014697877,0.9461713981158906
path,0.20500000000000002,0.7613558695261077,0.7361737727449281,0.799129014697877,0.946156968005825
path,0.20600000000000002,0.7613954653185818,0.736239765732385,0.799129014697877,0.9461740519964175
path,0.20700000000000002,0.7615062095922007,0.7362428842504743,0.7994011976047904,0.9461596218863519
path,0.20800000000000002,0.7615165532775936,0.7362601237261289,0.7994011976047904,0.9461336089979865
path,0.209,0.7614957630504641,0.7362254733475798,0.7994011976047904,0.9460789293407283
path,0.21,0.7615042358604716,0.7362395946975923,0.7994011976047904,0.9460673465624283
path,0.211,0.7615240420369842,0.73627260499178,0.7994011976047904,0.9460758885577245
path,0.212,0.7615523269411135,0.7363197464986623,0.7994011976047904,0.9460728477747207
path,0.213,0.7617074292197497,0.7363967950251136,0.7996733805117039,0.9460927790970785
path,0.214,0.7618493291033755,0.736451839559881,0.7999455634186173,0.9461070157559055
path,0.215,0.7619902654909467,0.7365052782678908,0.8002177463255308,0.9460751147527706
path,0.216,0.7621189623471832,0.7365383177570093,0.8004899292324442,0.9460836567480668
path,0.217,0.7620251873592837,0.7365634813817856,0.8002177463255308,0.9460749213015321
path,0.218,0.7621623806186915,0.7366106815428562,0.8004899292324442,0.9460718805185282
path,0.219,0.7621822115972553,0.7366437331737961,0.8004899292324442,0.9460804225138244
path,0.22,0.7621973178899712,0.7366689103283225,0.8004899292324442,0.9460716870672897
path,0.221,0.762321299605182,0.736694091249065,0.8007621121393577,0.946062951620755
path,0.222,0.762354362396322,0.736749195900965,0.8007621121393577,0.946077188279582
path,0.223,0.762222810703794,0.7367113983513607,0.8004899292324442,0.9460369387323895
path,0.224,0.7622577656632028,0.736769656617042,0.8004899292324442,0.946036745281151
path,0.225,0.7622615420292089,0.7367759505603855,0.8004899292324442,0.9460078850610201
path,0.226,0.7624053821119948,0.7368342287604196,0.8007621121393577,0.9460076916097815
path,0.227,0.7624252315778837,0.7368673112035677,0.8007621121393577,0.9460162336050777
path,0.228,0.7622112678411146,0.7368736155181704,0.8002177463255308,0.9459873733849468
path,0.229,0.7624687223517763,0.7369397958267222,0.8007621121393577,0.9460044573755392
path,0.23,0.7624687223517763,0.7369397958267222,0.8007621121393577,0.9460044573755392
path,0.231,0.7624819599985488,0.736961858571343,0.8007621121393577,0.94601015203907
path,0.232,0.7626125862480961,0.7369981137159795,0.8010342950462711,0.9460042639243007
path,0.233,0.7626097565255376,0.7369933975117152,0.8010342950462711,0.9459725563724043
path,0.234,0.7626315148951461,0.7370296614610629,0.8010342950462711,0.9459666682576351
path,0.23500000000000001,0.7627734971140102,0.7370848432212272,0.8013064779531845,0.945980904916462
path,0.23600000000000002,0.7627886408690405,0.7371100828129445,0.8013064779531845,0.9459721694699273
path,0.23700000000000002,0.7626741161193666,0.7371006635014303,0.8010342950462711,0.9459087543661346
path,0.23800000000000002,0.7626892639877725,0.7371259099487733,0.8010342950462711,0.9459000189195998
path,0.23900000000000002,0.7628180120234076,0.7371590347368896,0.8013064779531845,0.9459085609148961
path,0.24,0.7629666402911877,0.7372252932452473,0.801578660860098,0.9459256449054885
path,0.241,0.7629770730696557,0.7372426812093609,0.801578660860098,0.9458996320171229
path,0.242,0.7629676244830821,0.7372269335650715,0.801578660860098,0.9458650771334611
path,0.243,0.7632052543621635,0.7372600728209893,0.8021230266739249,0.9458736191287573
path,0.244,0.7632204157524363,0.7372853418047772,0.8021230266739249,0.9458648836822227
path,0.245,0.7633264693918372,0.7372806425991698,0.8023952095808383,0.9458331761303262
path,0.246,0.7632479276767193,0.7373311950119157,0.8021230266739249,0.9458157052372569
path,0.247,0.7632564654098832,0.7373454245671888,0.8021230266739249,0.9458041224589568
path,0.248,0.7632697284097405,0.737367529566951,0.8021230266739249,0.9458098171224876
path,0.249,0.7633805092558101,0.7373707090391246,0.8023952095808383,0.945795387012422
path,0.25,0.7632602796407731,0.737351781618672,0.8021230266739249,0.9457752622388258
path,0.251,0.7632669116949342,0.7373628350422737,0.8021230266739249,0.9457781095705913
path,0.252,0.7631931111199979,0.7374212893553223,0.8018508437670114,0.9457779161193527
path,0.253,0.7632082886275782,0.7374465852012894,0.8018508437670114,0.9457691806728181
path,0.254,0.7632168335857358,0.7374608267982187,0.8018508437670114,0.945757597894518
path,0.255,0.7632386504707395,0.7374971882732249,0.8018508437670114,0.9457517097797488
path,0.256,0.7633466235705703,0.7374956881683339,0.8021230266739249,0.9457055721177868
path,0.257,0.7633665337640296,0.7375288718240994,0.8021230266739249,0.945714114113083
path,0.258,0.7636241058521236,0.7375952480950382,0.8026673924877518,0.9457311981036755
path,0.259,0.7636345752426519,0.7376126970792518,0.8026673924877518,0.9457051852153098
path,0.26,0.7637633665375955,0.7376458939662156,0.8029395753946652,0.945713727210606
path,0.261,0.763778563718246,0.7376712226006332,0.8029395753946652,0.9457049917640714
path,0.262,0.7638799078340306,0.7376586741889986,0.8032117583015786,0.9456560067703441
path,0.263,0.763901750139359,0.7376950780312125,0.8032117583015786,0.9456501186555748
path,0.264,0.7639169536395329,0.737720417198169,0.8032117583015786,0.9456413832090401
path,0.265,0.7639302393163092,0.7377425599927964,0.8032117583015786,0.945647077872571
path,0.266,0.7640410325842524,0.7377457601680926,0.8034839412084921,0.9456326477625054
path,0.267,0.764169836741484,0.7377789784922029,0.8037561241154055,0.9456411897578016
path,0.268,0.7641651138112655,0.7377711069418387,0.8037561241154055,0.9456239123159708
path,0.269,0.7640534383867291,0.7377664365055538,0.8034839412084921,0.9455922047640744
path,0.27,0.7640620044886808,0.73778071334214,0.8034839412084921,0.9455806219857743
path,0.271,0.7641860904862637,0.7378060680668358,0.8037561241154055,0.9455718865392396
path,0.272,0.7641993824930748,0.7378282214115209,0.8037561241154055,0.9455775812027705
path,0.273,0.7643215484608861,0.7378503760865975,0.804028307022319,0.9455832758663012
path,0.274,0.7643234722293829,0.7378535823674255,0.804028307022319,0.9455688457562357
path,0.275,0.7643605607168158,0.7379153965131471,0.804028307022319,0.9455542221949318
path,0.276,0.7643805073711742,0.7379486409370777,0.804028307022319,0.945562764190228
path,0.277,0.7644023837244629,0.737985101525892,0.804028307022319,0.9455568760754587
path,0.278,0.7643901436876359,0.7379647014645138,0.804028307022319,0.9454906136399005
path,0.279,0.7642851262674124,0.7379711277020835,0.8037561241154055,0.9454617534197696
path,0.28,0.7642804026859567,0.7379632550663241,0.8037561241154055,0.9454444759779386
path,0.281,0.7644045081098501,0.7379886421682041,0.804028307022319,0.945435740531404
path,0.28200000000000003,0.7641839666752626,0.7379839836531095,0.8034839412084921,0.9454040329795075
path,0.28300000000000003,0.7643061458372824,0.7380061603185335,0.8037561241154055,0.9454097276430383
path,0.28400000000000003,0.7643213827791451,0.738031555221638,0.8037561241154055,0.9454009921965036
path,0.28500000000000003,0.7643024857136083,0.7380000601124102,0.8037561241154055,0.9453318824291801
path,0.28600000000000003,0.7643091402579655,0.7380111510196721,0.8037561241154055,0.9453347297609455
path,0.28700000000000003,0.7644532208144287,0.7380698300091685,0.804028307022319,0.945334536309707
path,0.28800000000000003,0.76432351746723,0.7380351130351129,0.8037561241154055,0.945279856652449
path,0.289,0.7645812043598954,0.738101680647004,0.8043004899292324,0.9452969406430414
path,0.29,0.7645717549482105,0.7380859316275293,0.8043004899292324,0.9452623857593796
path,0.291,0.76470726019198,0.7381303184292028,0.8045726728361459,0.9452737750864412
path,0.292,0.7646069799139573,0.7381446399037739,0.8043004899292324,0.945262192308141
path,0.293,0.7643931028399551,0.7381510886563214,0.8037561241154055,0.9452333320880101
path,0.294,0.7644130825689754,0.7381843882046887,0.8037561241154055,0.9452418740833063
path,0.295,0.7644102937270092,0.738179740134745,0.8037561241154055,0.9452101665314099
path,0.296,0.7643989080264916,0.7381607639672155,0.8037561241154055,0.9451900417578136
path,0.297,0.7645410866831945,0.7382162731237781,0.804028307022319,0.9452042784166406
path,0.298,0.7645544102833591,0.7382384791240525,0.804028307022319,0.9452099730801715
path,0.299,0.7645449609775095,0.7382227302809699,0.804028307022319,0.9451754181965096
path,0.3,0.7644446879133102,0.73823706377858,0.8037561241154055,0.9451638354182095
path,0.301,0.7643244268271143,0.7382180839061958,0.8034839412084921,0.9451437106446132
path,0.302,0.7643149755055856,0.738202331703648,0.8034839412084921,0.9451091557609514
path,0.303,0.76445050218035,0.7382467542236464,0.8037561241154055,0.9451205450880131
path,0.304,0.7646815764648551,0.7382689674886037,0.8043004899292324,0.9451262397515439
path,0.305,0.7648037783886747,0.7382911820903607,0.8045726728361459,0.9451319344150747
path,0.306,0.7646901801739046,0.738283307003686,0.8043004899292324,0.9451146569732438
path,0.307,0.7650501257218008,0.7383388504363527,0.8051170386499727,0.9451288936320708
path,0.308,0.7649204116373787,0.7383041155669249,0.8048448557430593,0.9450742139748127
path,0.309,0.7650312252595437,0.7383073496659244,0.8051170386499727,0.9450597838647472
path,0.31,0.7650378915912738,0.7383184602188078,0.8051170386499727,0.9450626311965127
path,0.311,0.7651487057188296,0.7383216951601252,0.8053892215568862,0.9450482010864472
path,0.312,0.7651620396446369,0.7383439183698041,0.8053892215568862,0.9450538957499779
path,0.313,0.765415067748791,0.7384027213341762,0.8059335873707131,0.9450537022987395
path,0.314,0.7654236803045787,0.7384170755938225,0.8059335873707131,0.9450421195204394
path,0.315,0.7654075605824018,0.7383902093901943,0.8059335873707131,0.9450047173050122
path,0.316,0.7654095040757616,0.7383934485457939,0.8059335873707131,0.9449902871949467
path,0.317,0.7654228433124801,0.7384156806069914,0.8059335873707131,0.9449959818584774
path,0.318,0.765311188605351,0.7384110446997184,0.8056614044637996,0.9449642743065811
path,0.319,0.7653084066421809,0.738406408094435,0.8056614044637996,0.9449325667546847
path,0.32,0.7653370369018445,0.7384541251938744,0.8056614044637996,0.9449295259716808
path,0.321,0.7653570534278413,0.7384874860705358,0.8056614044637996,0.944938067966977
path,0.322,0.7653770717624787,0.7385208499615981,0.8056614044637996,0.9449466099622732
path,0.323,0.7655012400026544,0.7385463417572818,0.8059335873707131,0.9449378745157386
path,0.324,0.7655212623449266,0.7385797123277354,0.8059335873707131,0.9449464165110348
path,0.325,0.7657790587836444,0.7386464625163807,0.80647795318454,0.9449635005016273
path,0.326,0.7657943627633315,0.7386719691491925,0.80647795318454,0.9449547650550925
path,0.327,0.7660140615985334,0.7386752233319775,0.8070223189983668,0.9449403349450269
path,0.328,0.7660427239653937,0.7387229939434116,0.8070223189983668,0.9449372941620231
path,0.329,0.7661421491122704,0.7387072472502636,0.8072945019052804,0.9449027392783613
path,0.33,0.7662616090543924,0.7387248918825249,0.8075666848121938,0.9448767263899958
path,0.331,0.766288326451287,0.738769420877349,0.8075666848121938,0.9448881157170574
path,0.332,0.7663924755202122,0.7387615473876155,0.8078388677191073,0.9448708382752264
path,0.333,0.7661652801526446,0.7387457989842208,0.8072945019052804,0.9448362833915647
path,0.334,0.7661872779050125,0.7387824619048338,0.8072945019052804,0.9448303952767954
path,0.335,0.7662933827970853,0.7387778481203462,0.8075666848121938,0.9447986877248991
path,0.336,0.7663039785152145,0.7387955076505616,0.8075666848121938,0.9447726748365335
path,0.337,0.7661923371709769,0.7387908940147746,0.8072945019052804,0.9447409672846371
path,0.338,0.7662057033070404,0.7388131709082137,0.8072945019052804,0.9447466619481679
path,0.339,0.7664387752287102,0.7388387135684454,0.8078388677191073,0.9447379265016331
path,0.34,0.766696629209425,0.7389055596604188,0.8083832335329342,0.9447550104922255
path,0.341,0.7667100000406336,0.7389278443790999,0.8083832335329342,0.9447607051557564
path,0.342,0.7667052756790944,0.7389199704432011,0.8083832335329342,0.9447434277139255
path,0.343,0.7667052756790944,0.7389199704432011,0.8083832335329342,0.9447434277139255
path,0.34400000000000003,0.7667139231919367,0.738934382964605,0.8083832335329342,0.9447318449356255
path,0.34500000000000003,0.766727296157982,0.7389566712413471,0.8083832335329342,0.9447375395991562
path,0.34600000000000003,0.7667807960904388,0.7390458377954419,0.8083832335329342,0.9447603182532794
path,0.34700000000000003,0.7668008618939267,0.7390792808012551,0.8083832335329342,0.9447688602485756
path,0.34800000000000003,0.7668142401051821,0.739101577820014,0.8083832335329342,0.9447745549121065
path,0.34900000000000003,0.7667026109004408,0.7390969844167208,0.8081110506260207,0.9447428473602101
path,0.35000000000000003,0.766604362150556,0.7391146917715218,0.8078388677191073,0.9447168344718444
path,0.35100000000000003,0.7667466910230745,0.739170451287777,0.8081110506260207,0.9447310711306715
path,0.352,0.7668595027656808,0.7391770155875118,0.8083832335329342,0.9447022109105405
path,0.353,0.7666275866258606,0.7391533992303628,0.8078388677191073,0.9446503785850477
path,0.354,0.7666543590584854,0.7391980199514042,0.8078388677191073,0.9446617679121094
path,0.355,0.7667604791733738,0.7391934315382758,0.8081110506260207,0.9446300603602131
path,0.356,0.7667805620100268,0.7392269029326973,0.8081110506260207,0.9446386023555093
path,0.357,0.7668006466655026,0.7392603773584906,0.8081110506260207,0.9446471443508055
path,0.358,0.7668026191122436,0.7392636647697254,0.8081110506260207,0.94463271424074
path,0.359,0.766695718574872,0.7392669524787151,0.8078388677191073,0.9446182841306745
path,0.36,0.766824680210252,0.739300433266406,0.8081110506260207,0.9446268261259707
path,0.361,0.7669469466990023,0.739322755476381,0.8083832335329342,0.9446325207895014
path,0.362,0.7669690136734669,0.7393595337671554,0.8083832335329342,0.9446266326747322
path,0.363,0.7670912828507952,0.7393818604580936,0.8086554164398476,0.9446323273382631
path,0.364,0.7668660679914086,0.7393694129016671,0.8081110506260207,0.9445833423445358
path,0.365,0.7668566220021451,0.7393536695862278,0.8081110506260207,0.944548787460874
path,0.366,0.7668700205403597,0.7393760004832522,0.8081110506260207,0.9445544821244047
path,0.367,0.7667718008823297,0.7393937563244778,0.8078388677191073,0.9445284692360392
path,0.368,0.7667986038641166,0.7394384279607895,0.8078388677191073,0.9445398585631009
path,0.369,0.7666507336209593,0.7393734328268029,0.8075666848121938,0.9444622068004811
path,0.37,0.7664369413766143,0.7393800229621126,0.8070223189983668,0.94443334658035
path,0.371,0.7663454282203488,0.7394089563062791,0.8067501360914534,0.9444101810237499
path,0.372,0.7663722410677913,0.73945364438535,0.8067501360914534,0.9444215703508114
path,0.373,0.7663876290448408,0.7394792910137657,0.8067501360914534,0.9444128349042769
path,0.374,0.7665099113248103,0.7395016395424392,0.8070223189983668,0.9444185295678076
path,0.375,0.7665233212525391,0.7395239894219872,0.8070223189983668,0.9444242242313383
path,0.376,0.766994325792446,0.7395831759033961,0.8081110506260207,0.9444240307801
path,0.377,0.7667604264186808,0.7395562541563387,0.8075666848121938,0.9443866285646727
path,0.378,0.7669095426739666,0.7396233259772061,0.8078388677191073,0.9444037125552651
path,0.379,0.7669296669576451,0.7396568664500037,0.8078388677191073,0.9444122545505613
path,0.38,0.7669430841607914,0.7396792284552476,0.8078388677191073,0.9444179492140921
path,0.381,0.7670606533000388,0.7396937217493841,0.8081110506260207,0.944406366435792
path,0.382,0.7670377895642094,0.7396556155230019,0.8081110506260207,0.9443661168885995
path,0.383,0.7670377895642094,0.7396556155230019,0.8081110506260207,0.9443661168885995
path,0.384,0.7671573454240597,0.7396734200181434,0.8083832335329342,0.9443401040002338
path,0.385,0.7670343014007999,0.7396498019173193,0.8081110506260207,0.9442882716747412
path,0.386,0.7669408367487598,0.7396754827685282,0.8078388677191073,0.9442795362282065
path,0.387,0.7669562475897299,0.7397011675034784,0.8078388677191073,0.9442708007816718
path,0.388,0.7669353625718456,0.7396663591403378,0.8078388677191073,0.9442161211244138
path,0.389,0.767071085908731,0.7397111094305377,0.8081110506260207,0.9442275104514753
path,0.39,0.7670865016299273,0.7397368022991982,0.8081110506260207,0.9442187750049407
path,0.391,0.7672060686276119,0.7397546253573969,0.8083832335329342,0.9441927621165751
path,0.392,0.7672262132316306,0.7397881996974283,0.8083832335329342,0.9442013041118713
path,0.393,0.7671146071026665,0.7397836447537637,0.8081110506260207,0.9441695965599749
path,0.394,0.7669982755708775,0.7397712141387243,0.8078388677191073,0.9441206115662477
path,0.395,0.7670049919103766,0.7397824080378895,0.8078388677191073,0.944123458898013
path,0.396,0.7668981102786092,0.7397857272562194,0.8075666848121938,0.9441090287879476
path,0.397,0.7667683432945356,0.7397509042207056,0.8072945019052804,0.9440543491306894
path,0.398,0.7667561540238044,0.7397305887694869,0.8072945019052804,0.9439880866951312
path,0.399,0.766655989628227,0.739745103381467,0.8070223189983668,0.9439765039168312
path,0.4,0.7667850184179861,0.7397786960931232,0.8072945019052804,0.9439850459121274
path,0.401,0.7670565220327644,0.7398682915752025,0.8078388677191073,0.9440078245662507
path,0.402,0.7670672331341546,0.7398861434108528,0.8078388677191073,0.9439818116778851
path,0.403,0.7670759504550948,0.7399006722790866,0.8078388677191073,0.9439702288995849
path,0.404,0.7668554739552254,0.7398961219885221,0.8072945019052804,0.9439385213476885
path,0.405,0.766984515102417,0.7399297352958992,0.8075666848121938,0.9439470633429847
path,0.406,0.7670046849193803,0.7399633516575046,0.8075666848121938,0.9439556053382809
path,0.40700000000000003,0.7669885094541824,0.7399363925488414,0.8075666848121938,0.9439182031228538
path,0.40800000000000003,0.7669837830301056,0.7399285151753802,0.8075666848121938,0.9439009256810229
path,0.40900000000000003,0.7671013776946949,0.7399430510117533,0.8078388677191073,0.9438893429027227
path,0.41000000000000003,0.7669763263082101,0.7399160873055542,0.8075666848121938,0.9438519406872956
path,0.41100000000000003,0.7669735958831906,0.7399115365971884,0.8075666848121938,0.9438202331353992
path,0.41200000000000003,0.767095919129937,0.7399339534038235,0.8078388677191073,0.94382592779893
path,0.41300000000000003,0.7670864636154417,0.7399181942129981,0.8078388677191073,0.9437913729152683
path,0.41400000000000003,0.7669863139576019,0.7399327333878738,0.8075666848121938,0.9437797901369682
path,0.41500000000000004,0.7669930401092576,0.7399439436406334,0.8075666848121938,0.9437826374687335
path,0.41600000000000004,0.7670199467540771,0.739988788048666,0.8075666848121938,0.9437940267957952
path,0.417,0.7669083456436201,0.73998424146918,0.8072945019052804,0.9437623192438988
path,0.418,0.7670481330222619,0.7400357651623073,0.8075666848121938,0.9437448483508294
path,0.419,0.767054862149474,0.7400469803743275,0.8075666848121938,0.9437476956825948
path,0.42,0.7669614503528972,0.7400727493179751,0.8072945019052804,0.9437389602360602
path,0.421,0.7668296617834687,0.7400345569735365,0.8070223189983668,0.9436987106888675
path,0.422,0.7668363917156296,0.7400457735271381,0.8070223189983668,0.9437015580206329
path,0.423,0.7668518549018386,0.7400715455041532,0.8070223189983668,0.9436928225740981
path,0.424,0.7668585857824878,0.7400827636385684,0.8070223189983668,0.9436956699058636
path,0.425,0.766853857793832,0.7400748836574754,0.8070223189983668,0.9436783924640328
path,0.426,0.7668558608680003,0.7400782221144225,0.8070223189983668,0.9436639623539673
path,0.427,0.7668578641243684,0.740081560875036,0.8070223189983668,0.9436495322439018
path,0.428,0.7668847929096152,0.7401264421837809,0.8070223189983668,0.9436609215709634
path,0.429,0.7671584140837907,0.7402195669315219,0.8075666848121938,0.9436692701150211
path,0.43,0.7671920895110657,0.7402756926436469,0.8075666848121938,0.943683506773848
path,0.431,0.7671806273991428,0.7402565891237755,0.8075666848121938,0.9436633820002518
path,0.432,0.7670575726621365,0.7402329531667071,0.8072945019052804,0.9436115496747591
path,0.433,0.7671589980917843,0.7402205402781781,0.8075666848121938,0.943562564681032
path,0.434,0.7671926832689707,0.7402766822401553,0.8075666848121938,0.9435768013398589
path,0.435,0.7669472771139099,0.7402305825242719,0.8070223189983668,0.9435192743508354
path,0.436,0.7672189302666665,0.7403204272363151,0.8075666848121938,0.9435420530049585
path,0.437,0.7672182252722919,0.7403192522456906,0.8075666848121938,0.9434959153429967
path,0.438,0.7671201164972746,0.7403371928919374,0.8072945019052804,0.9434699024546311
path,0.439,0.7670267385627414,0.7403630182723244,0.8070223189983668,0.9434611670080963
path,0.44,0.7667765924385552,0.7403090186078986,0.80647795318454,0.9433863625772421
path,0.441,0.7666987146931139,0.740360677636772,0.8062057702776265,0.9433688916841727
path,0.442,0.7667256892137954,0.7404056351712412,0.8062057702776265,0.9433802810112344
path,0.443,0.7666141017465302,0.7404011113304082,0.8059335873707131,0.9433485734593379
path,0.444,0.7666343361993481,0.740434835418438,0.8059335873707131,0.9433571154546341
path,0.445,0.766641081426581,0.7404460774638264,0.8059335873707131,0.9433599627863996
path,0.446,0.7668723188210746,0.7404685625787644,0.80647795318454,0.9433656574499303
path,0.447,0.7668878285041367,0.7404944120505346,0.80647795318454,0.9433569220033956
path,0.448,0.7668147100063246,0.74055400315879,0.8062057702776265,0.9433567285521571
path,0.449,0.7667281021819659,0.7405911120561344,0.8059335873707131,0.9433508404373879
path,0.45,0.7667368724767643,0.7406057292141317,0.8059335873707131,0.9433392576590878
path,0.451,0.7667503715787002,0.7406282277173583,0.8059335873707131,0.9433449523226186
path,0.452,0.7667544162637949,0.7406349688591828,0.8059335873707131,0.9433160921024877
path,0.453,0.7667766921189221,0.7406720952843948,0.8059335873707131,0.9433102039877184
path,0.454,0.7667969472012137,0.7407058537548807,0.8059335873707131,0.9433187459830146
path,0.455,0.7666921238914228,0.7407126035098383,0.8056614044637996,0.9432898857628835
path,0.456,0.7664601935693662,0.7406889635156285,0.8051170386499727,0.943238053437391
path,0.457,0.766829361999957,0.7407598784194529,0.8059335873707131,0.9432407073179179
path,0.458,0.7668246340728786,0.740751998540989,0.8059335873707131,0.9432234298760869
path,0.459,0.7667333260354059,0.74078127374981,0.8056614044637996,0.9432002643194868
path,0.46,0.7669916112850748,0.7408488386233735,0.8062057702776265,0.9432173483100792
path,0.461,0.7668915255533324,0.7408634843417452,0.8059335873707131,0.9432057655317792
path,0.462,0.7670159455112786,0.7408893956670468,0.8062057702776265,0.9431970300852444
path,0.463,0.7671450947932468,0.7409231891990512,0.80647795318454,0.9432055720805406
path,0.464,0.7671788924359491,0.7409795186035549,0.80647795318454,0.9432198087393676
path,0.465,0.7671856525811784,0.7409907855122707,0.80647795318454,0.943222656071133
path,0.466,0.7670740874331412,0.740986298870151,0.8062057702776265,0.9431909485192366
path,0.467,0.767053145753243,0.7409513960703206,0.8062057702776265,0.9431362688619785
path,0.468,0.7670389621034461,0.7409277566539925,0.8062057702776265,0.9430844365364859
path,0.46900000000000003,0.7667116802262955,0.7409266526725684,0.8053892215568862,0.943038298874524
path,0.47000000000000003,0.7667137135394706,0.7409300415278601,0.8053892215568862,0.9430238687644584
path,0.47100000000000003,0.7667245439747901,0.7409480922533925,0.8053892215568862,0.942997855876093
path,0.47200000000000003,0.7666312328227167,0.7409740289378793,0.8051170386499727,0.9429891204295582
path,0.47300000000000003,0.7667556703640284,0.7409999695687898,0.8053892215568862,0.9429803849830235
path,0.47400000000000003,0.7669139408943584,0.7410822985147308,0.8056614044637996,0.9429858861953158
path,0.47500000000000003,0.7669227464814472,0.7410969744932123,0.8056614044637996,0.9429743034170157
path,0.47600000000000003,0.7671560673001288,0.7411229319817968,0.8062057702776265,0.9429655679704811
path,0.47700000000000004,0.767414424955783,0.7411906175320029,0.8067501360914534,0.9429826519610736
path,0.47800000000000004,0.7675273821821663,0.7411974243046993,0.8070223189983668,0.9429537917409425
path,0.47900000000000004,0.7675476926705926,0.7412312751187432,0.8070223189983668,0.9429623337362387
path,0.48,0.7675700493678677,0.7412685362808683,0.8070223189983668,0.9429564456214694
path,0.481,0.7675720939082127,0.7412719438481098,0.8070223189983668,0.9429420155114039
path,0.482,0.7677148285052069,0.7413283795718245,0.8072945019052804,0.942956252170231
path,0.483,0.7678413420940975,0.7413577802820334,0.8075666848121938,0.9429330866136307
path,0.484,0.7678589868189651,0.7413871881568127,0.8075666848121938,0.9429099210570306
path,0.485,0.7679651816816446,0.7413827243233363,0.8078388677191073,0.9428782135051342
path,0.486,0.7678536298108147,0.7413782598098952,0.8075666848121938,0.9428465059532378
path,0.487,0.7679896083879902,0.7414234355005789,0.8078388677191073,0.9428578952802994
path,0.488,0.7678665532630659,0.7413997988969805,0.8075666848121938,0.9428060629548067
path,0.489,0.7677319891791712,0.7413569806950985,0.8072945019052804,0.9427341058557177
path,0.49,0.7676387206691666,0.7413829884496997,0.8070223189983668,0.9427253704091831
path,0.491,0.7677632008626898,0.7414090001676293,0.8072945019052804,0.9427166349626483
path,0.492,0.7676536992147278,0.7414079526923018,0.8070223189983668,0.9426704973006865
path,0.493,0.7674421049979792,0.7414182062069385,0.80647795318454,0.94262720697049
path,0.494,0.7673373341789185,0.7414250434464466,0.8062057702776265,0.9425983467503591
path,0.495,0.7674550407731604,0.7414397658322407,0.80647795318454,0.942586763972059
path,0.496,0.7674591449257036,0.7414466060864792,0.80647795318454,0.9425579037519279
path,0.497,0.7672204227347542,0.7414116463107816,0.8059335873707131,0.9425032240946699
path,0.498,0.7672360413101749,0.741437677269816,0.8059335873707131,0.9424944886481352
path,0.499,0.7672082780263345,0.7413914051300821,0.8059335873707131,0.9424369616591117
path,0.5,0.7673124185240316,0.7413835173549685,0.8062057702776265,0.9424196842172808
path,0.501,0.7674436962968463,0.741420858371717,0.80647795318454,0.9424137961025115
path,0.502,0.7674457486365054,0.7414242789378156,0.80647795318454,0.9423993659924461
path,0.503,0.7674613725548192,0.7414503188016718,0.80647795318454,0.9423906305459113
path,0.504,0.7674769988565353,0.7414763626378655,0.80647795318454,0.9423818950993768
path,0.505,0.7677286810624577,0.7415329224385183,0.8070223189983668,0.9423961317582037
path,0.506,0.767635440366429,0.741558976549746,0.8067501360914534,0.942387396311669
path,0.507,0.7676374972196146,0.7415624046383887,0.8067501360914534,0.9423729662016035
path,0.508,0.7676510752184178,0.7415850346363941,0.8067501360914534,0.9423786608651343
path,0.509,0.7676531329442491,0.7415884641794461,0.8067501360914534,0.9423642307550688
path,0.51,0.7677823756857778,0.741622413477385,0.8070223189983668,0.942372772750365
path,0.511,0.7678163291284874,0.7416790025485678,0.8070223189983668,0.942387009409192
path,0.512,0.7678251814338781,0.7416937563908855,0.8070223189983668,0.9423754266308919
path,0.513,0.7678293039902071,0.7417006273181007,0.8070223189983668,0.942346566410761
path,0.514,0.7677360783711278,0.7417267065575772,0.8067501360914534,0.9423378309642263
path,0.515,0.767738140806393,0.7417301439496862,0.8067501360914534,0.9423234008541608
path,0.516,0.7676313302678013,0.7417335816566422,0.80647795318454,0.9423089707440953
path,0.517,0.7675062001465298,0.7417064867257988,0.8062057702776265,0.9422715685286681
path,0.518,0.7676307244659746,0.741732571986931,0.80647795318454,0.9422628330821334
path,0.519,0.76785053382883,0.7417360103824719,0.8070223189983668,0.9422484029720679
path,0.52,0.7678777156770977,0.7417813134629184,0.8070223189983668,0.9422597922991296
path,0.521,0.7678865765983848,0.7417960816650634,0.8070223189983668,0.9422482095208295
path,0.522,0.7678791780575018,0.7417837507635919,0.8070223189983668,0.9421992245271021
path,0.523,0.7679901162316665,0.7417871924492571,0.8072945019052804,0.9421847944170367
path,0.524,0.7682350537545131,0.7418325111114503,0.8078388677191073,0.9421961837440982
path,0.525,0.7683779205864505,0.7418891672267368,0.8081110506260207,0.9422104204029254
path,0.526,0.7684071889218311,0.7419379477857047,0.8081110506260207,0.9422073796199215
path,0.527,0.7681752492819931,0.7419142922618592,0.8075666848121938,0.9421555472944287
path,0.528,0.7681793882520636,0.7419211905453101,0.8075666848121938,0.9421266870742978
path,0.529,0.7681997937488545,0.7419551997066284,0.8075666848121938,0.942135229069594
path,0.53,0.7683128087013348,0.7419621026894865,0.8078388677191073,0.942106368849463
path,0.531,0.7678217074503972,0.7418694216896932,0.8067501360914534,0.9419913148714161
path,0.532,0.7678305795940064,0.7418842085957082,0.8067501360914534,0.9419797320931159
path,0.533,0.7677122377668462,0.7418684274883836,0.80647795318454,0.9419451772094541
path,0.534,0.7677258454540612,0.7418911069670753,0.80647795318454,0.941950871872985
path,0.535,0.7677279152501838,0.7418945566272797,0.80647795318454,0.9419364417629195
path,0.536,0.7675932969204433,0.7418516480156546,0.8062057702776265,0.9418644846638304
path,0.537,0.7677178496732228,0.7418777806656779,0.80647795318454,0.9418557492172958
path,0.538,0.7677314610689386,0.7419004663252043,0.80647795318454,0.9418614438808266
path,0.539,0.767717253537918,0.7418767871068365,0.80647795318454,0.9418096115553339
path,0.54,0.7676261352432248,0.7419063785536236,0.8062057702776265,0.9417864459987337
path,0.541,0.7675261411437064,0.7419211769923686,0.8059335873707131,0.9417748632204337
path,0.542,0.76740098659893,0.7418940413556835,0.8056614044637996,0.9417374610050064
path,0.543,0.7674371021673113,0.7419542339696524,0.8056614044637996,0.941737267553768
path,0.544,0.7673371118620618,0.7419690387321789,0.8053892215568862,0.9417256847754678
path,0.545,0.7673528064344943,0.7419951963528998,0.8053892215568862,0.9417169493289332
path,0.546,0.7672344598459566,0.7419794073099459,0.8051170386499727,0.9416823944452715
path,0.547,0.7674584290315951,0.7419897787434587,0.8056614044637996,0.9416391041150749
path,0.548,0.7671175958443868,0.7419660892452716,0.8048448557430593,0.9415872717895822
path,0.549,0.767119670049921,0.7419695462544954,0.8048448557430593,0.9415728416795167
path,0.55,0.7669619208547962,0.7418880862005631,0.8045726728361459,0.9414606350332351
path,0.551,0.7671048615239309,0.7419448653778452,0.8048448557430593,0.9414748716920622
path,0.552,0.7670933073668702,0.7419256084494107,0.8048448557430593,0.941454746918466
path,0.553,0.7669817671826789,0.7419211634137007,0.8045726728361459,0.9414230393665695
path,0.554,0.7668702265901866,0.7419167176974892,0.8043004899292324,0.9413913318146732
path,0.555,0.7667471283023899,0.7418930091557705,0.804028307022319,0.9413394994891804
path,0.556,0.7671235358290136,0.7419759892196497,0.8048448557430593,0.9413450007014728
path,0.557,0.7671276877718172,0.7419829091243223,0.8048448557430593,0.9413161404813418
path,0.558,0.7671481421593878,0.7420169997702734,0.8048448557430593,0.941324682476638
path,0.559,0.7670475793132185,0.7420308502979337,0.8045726728361459,0.941266962036376
path,0.56,0.766922401854046,0.7420036764705884,0.8043004899292324,0.9412295598209488
path,0.561,0.766701990052137,0.7419992340099578,0.8037561241154055,0.9411978522690525
path,0.562,0.766724530572789,0.742036801544378,0.8037561241154055,0.9411919641542832
path,0.5630000000000001,0.7667381736720866,0.7420595400432072,0.8037561241154055,0.9411976588178139
path,0.5640000000000001,0.7668832393261895,0.7421198608621032,0.804028307022319,0.9411974653665756
path,0.5650000000000001,0.76674857237037,0.7420768712070128,0.8037561241154055,0.9411255082674865
path,0.5660000000000001,0.7667248523928591,0.7420373379111616,0.8037561241154055,0.941039121058332
path,0.5670000000000001,0.7667290116671323,0.74204427003495,0.8037561241154055,0.941010260838201
path,0.5680000000000001,0.7669440925852662,0.7420398276892887,0.8043004899292324,0.9409785532863046
path,0.5690000000000001,0.7669366807012404,0.7420274745492458,0.8043004899292324,0.9409295682925773
path,0.5700000000000001,0.766936093910849,0.7420264965652601,0.8043004899292324,0.9408834306306155
path,0.5710000000000001,0.766717760650947,0.7420255183413078,0.8037561241154055,0.9408372929686536
path,0.5720000000000001,0.7665762395918905,0.7419711051808228,0.8034839412084921,0.9407624885377992
path,0.5730000000000001,0.7666824425906229,0.7419666549074343,0.8037561241154055,0.9407307809859029
path,0.5740000000000001,0.7664320396093829,0.7419122271479192,0.8032117583015786,0.9406559765550484
path,0.5750000000000001,0.7662068686298578,0.741899852724595,0.8026673924877518,0.9406069915613212
path,0.5760000000000001,0.7657271269243974,0.7418261043005969,0.801578660860098,0.9405120623568706
path,0.577,0.7657128655807857,0.7418023353945773,0.801578660860098,0.9404602300313778
path,0.578,0.7657333548424433,0.7418364841640068,0.801578660860098,0.940468772026674
path,0.579,0.7657600787463965,0.741881024003929,0.801578660860098,0.9404340236917738
path,0.58,0.7657621567143061,0.7418844872837782,0.801578660860098,0.9404195935817082
path,0.581,0.7653960218680842,0.7418186283539018,0.8007621121393577,0.9403419418190885
path,0.582,0.7653885862781958,0.741806235704088,0.8007621121393577,0.9402929568253613
path,0.583,0.7651654790249076,0.7417973008244921,0.8002177463255308,0.9402295417215685
path,0.584,0.7650860197289726,0.741846323935876,0.7999455634186173,0.9402265009385646
path,0.585,0.7651201962208076,0.7419032847556012,0.7999455634186173,0.9402407375973916
path,0.586,0.7650223193996686,0.7419216119916451,0.7996733805117039,0.940214724709026
path,0.587,0.7650238045172422,0.7419240871876008,0.7996733805117039,0.9401541569369987
path,0.588,0.7650327237886254,0.7419389526399065,0.7996733805117039,0.9401425741586985
path,0.589,0.7651573564434624,0.7419652184600258,0.7999455634186173,0.9401338387121638
path,0.59,0.765182042032321,0.7420063611081233,0.7999455634186173,0.9401135204873291
path,0.591,0.7650910195116352,0.7420361121782558,0.7996733805117039,0.9400903549307289
path,0.592,0.7649794739704547,0.7420316582142309,0.7994011976047904,0.9400586473788326
path,0.593,0.7646406654742177,0.742011343200996,0.7985846488840501,0.9399923849432743
path,0.594,0.7643039379392343,0.7419944964565174,0.7977681001633098,0.9399116923976507
path,0.595,0.7640603064454294,0.7419513545093939,0.7972237343494829,0.9398397352985617
path,0.596,0.7641801920736203,0.7419697086184363,0.7974959172563963,0.9398137224101961
path,0.597,0.7642932340064886,0.7419766565686079,0.7977681001633098,0.9397848621900651
path,0.598,0.7644431867251595,0.7420451224951171,0.7980402830702232,0.9398019461806575
path,0.599,0.7645309293604938,0.7420099049493987,0.7983124659771367,0.9397472665233995
path,0.6,0.7643982446580673,0.7419702190499632,0.7980402830702232,0.9396608793142449
path,0.601,0.7644086724267722,0.7419875986644715,0.7980402830702232,0.9395887287639175
path,0.602,0.7644217824031043,0.742009448625025,0.7980402830702232,0.9395482857654864
path,0.603,0.7641712742390007,0.7419548455607369,0.7974959172563963,0.939473481334632
path,0.604,0.7642932575819092,0.7419766958609755,0.7977681001633098,0.9394330383362011
path,0.605,0.7643159037250582,0.7420144394328905,0.7977681001633098,0.9394271502214318
path,0.606,0.7641974986358591,0.7419985528888342,0.7974959172563963,0.93939259533777
path,0.607,0.7642106168910106,0.7420204166474201,0.7974959172563963,0.9393521523393389
path,0.608,0.7643284340354208,0.7420353232834948,0.7977681001633098,0.9393405695610387
path,0.609,0.7643579484551232,0.7420845139829988,0.7977681001633098,0.9393375287780348
path,0.61,0.7642532567839693,0.7420914831356845,0.7974959172563963,0.939308668557904
path,0.611,0.7642389558989235,0.7420676483272749,0.7974959172563963,0.9392568362324112
path,0.612,0.7638905855156628,0.7420313968356672,0.7966793685356559,0.9391560189131913
path,0.613,0.763769493461999,0.7420110320175033,0.7964071856287425,0.939089756477633
path,0.614,0.7636510795811351,0.7419951308206726,0.796135002721829,0.9390552015939713
path,0.615,0.7635463853999229,0.7420020957899278,0.7958628198149156,0.9390263413738402
path,0.616,0.7633575864496116,0.7420503414152935,0.7953184540010887,0.9389771629288746
path,0.617,0.7633596780520185,0.742053827419305,0.7953184540010887,0.938962732818809
path,0.618,0.7632242624579294,0.7420095900337655,0.7950462710941752,0.9388446380577582
path,0.619,0.7633558213025311,0.7420473995034926,0.7953184540010887,0.9388387499429889
path,0.62,0.7630101074741564,0.7420155756033618,0.7945019052803484,0.9387696401756653
path,0.621,0.7627081835252603,0.7418752795644193,0.7939575394665215,0.9385970592085948
path,0.622,0.7625987087634498,0.7418742768993443,0.793685356559608,0.938550921546633
path,0.623,0.7628179419626118,0.7418767550220631,0.7942297223734349,0.9384903537746057
path,0.624,0.7628331676333449,0.7419021311399515,0.7942297223734349,0.938435480666109
path,0.625,0.7627886571686535,0.7418279470321326,0.7942297223734349,0.9383405514616584
path,0.626,0.7628298774657659,0.7418966475273199,0.7942297223734349,0.9383576354522508
path,0.627,0.762711442558651,0.7418807112867374,0.7939575394665215,0.9383230805685889
path,0.628,0.7623053356875735,0.7417482323154351,0.7931409907457811,0.9381677770433494
path,0.629,0.7622191634517526,0.7417860671936758,0.7928688078388677,0.9381618889285801
path,0.63,0.7621048966141233,0.7417770777355693,0.7925966249319543,0.9380984738247874
path,0.631,0.7617776675501227,0.7417760617760617,0.7917800762112139,0.9380523361628255
path,0.632,0.761378382775179,0.7416549529649825,0.7909635274904736,0.9378998799693513
path,0.633,0.7609395670179951,0.7416494144547786,0.7898747958628198,0.9378220347554931
path,0.634,0.7607164108477076,0.7416403980468508,0.789330430048993,0.9377586196517003
path,0.635,0.7607391261225179,0.7416782568382012,0.789330430048993,0.937752731536931
path,0.636,0.7606152612656361,0.7416532706813403,0.7890582471420795,0.9376547615494764
path,0.637,0.7604453226424015,0.7415514949138917,0.7887860642351661,0.9375224301295986
path,0.638,0.7603035117149746,0.7414965986394557,0.7885138813282526,0.9374476256987442
path,0.639,0.7603489557601004,0.7415723387146657,0.7885138813282526,0.9374358494692057
path,0.64,0.7604757619142952,0.7416022270337147,0.7887860642351661,0.9374126839126053
path,0.641,0.7605936032369357,0.7416171739668398,0.7890582471420795,0.9374011011343053
path,0.642,0.7608499399151338,0.7416814912212855,0.7896026129559064,0.9373864775730014
path,0.643,0.7608397300646982,0.7416644748038927,0.7896026129559064,0.9373057850273777
path,0.644,0.7606399332862321,0.7416943907156672,0.7890582471420795,0.9372826194707775
path,0.645,0.7606482938268843,0.7417083249500874,0.7890582471420795,0.9372248990305155
path,0.646,0.7603018653678855,0.7416753099989163,0.7882416984213392,0.93710965160123
path,0.647,0.7602442580779033,0.741579297848946,0.7882416984213392,0.9369023222992594
path,0.648,0.7600900646400465,0.7415037640571269,0.7879695155144257,0.9367612554328468
path,0.649,0.7599874521525185,0.7415141985158561,0.7876973326075123,0.9367179651026503
path,0.65,0.7598269769742698,0.7414281951567172,0.7874251497005988,0.9366201885664343
path,0.651,0.760035107837342,0.7414121693859527,0.7879695155144257,0.9365856336827725
path,0.652,0.7599297660534661,0.7414180550174352,0.7876973326075123,0.9365106358006796
path,0.653,0.7597899495200189,0.7413664827329655,0.7874251497005988,0.9364214012597598
path,0.654,0.7595901631237545,0.7413964159484097,0.786880783886772,0.9363982357031595
path,0.655,0.7594827352428667,0.7413988247515388,0.7866086009798585,0.9363376679311322
path,0.656,0.7593732218834601,0.7413977577571369,0.786336418072945,0.9362915302691703
path,0.657,0.7591541946880221,0.7413956229739581,0.7857920522591181,0.9361992549452466
path,0.658,0.7588889475245493,0.7413164549107213,0.7852476864452912,0.9360726181888994
path,0.659,0.7587932300727808,0.7413383810957161,0.7849755035383778,0.9360321751904684
path,0.66,0.7586485535784704,0.7412787088764744,0.7847033206314643,0.9359256632077176
path,0.661,0.7584087974422893,0.7412420258587238,0.7841589548176374,0.9358248458884977
path,0.662,0.7581973025828028,0.7412524449687976,0.7836145890038105,0.9357815555583012
path,0.663,0.7580995029986011,0.7412709009330705,0.7833424060968971,0.9357555426699355
path,0.664,0.7579644410553861,0.7412272529656543,0.7830702231899836,0.9356835855708466
path,0.665,0.7577914427357879,0.7411203777042663,0.7827980402830702,0.9355195465990724
path,0.666,0.757514369004797,0.741021498695166,0.7822536744692433,0.935372785069129
path,0.667,0.7574041566000718,0.7410192666252331,0.7819814915623299,0.9352805097452053
path,0.668,0.7573986572309925,0.741010101010101,0.7819814915623299,0.9352170946414124
path,0.669,0.7571850703665403,0.7410170334452317,0.781437125748503,0.9351882344212815
path,0.67,0.7570078283840128,0.740903085412295,0.7811649428415895,0.9350530556696383
path,0.671,0.7570119828261381,0.740910009482504,0.7811649428415895,0.9350241954495073
path,0.672,0.7571547371082823,0.7409664780148019,0.781437125748503,0.9349922944463724
path,0.673,0.7569314827254643,0.7409572979193232,0.7808927599346761,0.9349288793425796
path,0.674,0.7569722971549816,0.7410253219685186,0.7808927599346761,0.9348998256712102
path,0.675,0.7566215053001102,0.7409850346908932,0.7800762112139358,0.9348134384620557
path,0.676,0.7566395021287893,0.7410150294053582,0.7800762112139358,0.9347902729054556
path,0.677,0.7565244499682273,0.7410047310756972,0.7798040283070223,0.9346807201397009
path,0.678,0.7564933422985742,0.740952884959609,0.7798040283070223,0.9345914855987809
path,0.679,0.7565251887003328,0.7410059622958731,0.7798040283070223,0.9345740147057116
path,0.68,0.7565480378146898,0.7410440441531347,0.7798040283070223,0.9345681265909423
path,0.681,0.7565895755112091,0.7411132736473337,0.7798040283070223,0.9345852105815348
path,0.682,0.7563476398162456,0.7410729580316125,0.7792596624931954,0.9344988233723803
path,0.683,0.7562450245417365,0.7410833878453726,0.778987479586282,0.9344555330421838
path,0.684,0.7561209641353566,0.7410580757726819,0.7787152966793686,0.9343575630547292
path,0.685,0.7559733562045692,0.7409935178259786,0.7784431137724551,0.9342193435200821
path,0.686,0.7558700650159902,0.7410028211162891,0.7781709308655417,0.9341299155279237
path,0.687,0.7557813112430634,0.7410363534326868,0.7778987479586282,0.9340923198612581
path,0.6880000000000001,0.7553473284888796,0.7408574146562076,0.7770821992378879,0.9338189215749677
path,0.6890000000000001,0.755192715585862,0.7407811817557871,0.7768100163309745,0.9336778547085551
path,0.6900000000000001,0.7553029796998356,0.7407835000078008,0.7770821992378879,0.9336172869365277
path,0.6910000000000001,0.7550866248030108,0.740785819055644,0.776537833424061,0.9335567191645003
path,0.6920000000000001,0.7550741436229134,0.7407650170888149,0.776537833424061,0.9334904567289422
path,0.6930000000000001,0.7546642748628773,0.7406262683025819,0.7757212847033206,0.9333034456518061
path,0.6940000000000001,0.7541434193567305,0.7404839968774395,0.7746325530756668,0.9331308646847357
path,0.6950000000000001,0.7536474868793506,0.7403832638335754,0.773543821448013,0.9329379654928305
path,0.6960000000000001,0.7534380314687268,0.7403970820250871,0.7729994556341862,0.9328802450525685
path,0.6970000000000001,0.7530613892370694,0.7403137107861517,0.7721829069134458,0.9327680384062869
path,0.6980000000000001,0.7526395549035354,0.7401550193774221,0.7713663581927055,0.9325609025555547
path,0.6990000000000001,0.7522336174937462,0.7400228228416001,0.7705498094719652,0.9323450312582877
path,0.7000000000000001,0.7519622081126791,0.7399333844157062,0.7700054436581383,0.9321549793981478
path,0.7010000000000001,0.752071632512459,0.7399343031440638,0.7702776265650517,0.9320482739641587
path,0.7020000000000001,0.7515762416741316,0.7398344728319539,0.769188894937398,0.9319015124342154
path,0.7030000000000001,0.7513291832165985,0.7397856192786167,0.7686445291235711,0.9317978477832299
path,0.704,0.7507912969291856,0.739614963218031,0.7675557974959173,0.9315878646007323
path,0.705,0.7508659282122312,0.7395578934184982,0.7678279804028307,0.931466922507916
path,0.706,0.75075753988253,0.7395587014736051,0.7675557974959173,0.9313602170739268
path,0.707,0.7506172423523287,0.7395063275278787,0.7672836145890038,0.931270982533007
path,0.708,0.7506373050395115,0.73953976533985,0.7672836145890038,0.9312333868663412
path,0.709,0.7506742939917079,0.7394199583222351,0.7675557974959173,0.9310665005628016
path,0.71,0.7503964861660191,0.7393198558219715,0.7670114316820904,0.9309197390328583
path,0.711,0.7499287182265933,0.7392660636746978,0.7659227000544366,0.9307843668299765
path,0.712,0.7499389630535411,0.7392831383862773,0.7659227000544366,0.930712216279649
path,0.713,0.7496365505419814,0.7391420280762293,0.7653783342406096,0.9304790675405512
path,0.714,0.7496062642681431,0.7390915509531655,0.7653783342406096,0.930329265227604
path,0.715,0.7493283332983363,0.7389912432127052,0.7648339684267828,0.9301825036976605
path,0.716,0.7493839561070329,0.7389024926225907,0.7651061513336962,0.9300385894994826
path,0.717,0.7492734102684083,0.738899704829492,0.7648339684267828,0.9299463141755588
path,0.718,0.7492438888782509,0.7388505025125629,0.7648339684267828,0.9298426495245735
path,0.719,0.7492114724845155,0.7387964751896706,0.7648339684267828,0.9297072773216917
path,0.72,0.7490158143362002,0.7388332888183632,0.7642896026129559,0.9296552515449605
path,0.721,0.7482616717044593,0.7386651160597821,0.7626565051714752,0.9294308382523974
path,0.722,0.7482207676606396,0.7387783979246915,0.7623843222645618,0.9293670362461277
path,0.723,0.7480954101365294,0.7387509239891166,0.7621121393576483,0.9292229285967112
path,0.724,0.7475679037065256,0.7385975676908796,0.7610234077299945,0.928986932525848
path,0.725,0.7471089034909835,0.7385583884167453,0.7599346761023408,0.9288399775446662
path,0.726,0.7467945070214037,0.7385787601146059,0.7591181273816004,0.9287533968842732
path,0.727,0.7466937863869462,0.7385923476617856,0.758845944474687,0.9286956764440113
path,0.728,0.7458986691423264,0.7383558838817397,0.7572128470332063,0.9283936113888283
path,0.729,0.745797048104391,0.7383679707564562,0.7569406641262929,0.9282897532866045
path,0.73,0.7454328765240921,0.7383053839364518,0.7561241154055526,0.9281371036418918
path,0.731,0.7450756658868908,0.7382543986882765,0.7553075666848122,0.9279873013289446
path,0.732,0.744692526033111,0.738160198079137,0.7544910179640718,0.9278116795788702
path,0.733,0.7449204222432161,0.7381771145534276,0.7550353837778987,0.9277395290285427
path,0.734,0.7448217037694012,0.7381940390350116,0.7547632008709853,0.9276673784782152
path,0.735,0.7446350885122179,0.7382459241489244,0.7542188350571584,0.927603769923184
path,0.736,0.744150903232289,0.7381647697674786,0.7531301034295046,0.927477133166837
path,0.737,0.7439453496640729,0.7381850910296696,0.7525857376156777,0.9273905525064441
path,0.738,0.7437399208174077,0.7380241648898366,0.7523135547087643,0.9271834166557118
path,0.739,0.7433965841404263,0.7379963029086946,0.7514970059880239,0.9270393090062954
path,0.74,0.7432549586274755,0.7379417156583855,0.7512248230811105,0.9269039368034135
path,0.741,0.743324943300032,0.7380583567793129,0.7512248230811105,0.9269324101210676
path,0.742,0.7426689852496852,0.738053824989722,0.7495917256396298,0.926793997135182
path,0.743,0.7421198659234949,0.7380459024691163,0.7482308111050626,0.9266700142593618
path,0.744,0.7415577638562241,0.7378348867754341,0.7471420794774088,0.9263592137576442
path,0.745,0.7412453392576475,0.7378585449249667,0.7463255307566685,0.9262582029871858
path,0.746,0.7410978895395268,0.7379757059373169,0.7457811649428416,0.9261799708708506
path,0.747,0.7408783146268145,0.7379726582920145,0.7452367991290147,0.9260876955469268
path,0.748,0.7406908748490304,0.7380231692049255,0.7446924333151878,0.9259779493299337
path,0.749,0.7403992831206477,0.7379000935335056,0.7441480675013609,0.9257649253644321
path,0.75,0.7401216805005628,0.737800333042582,0.743603701687534,0.9255575960624614
path,0.751,0.7396643624746192,0.7377639574177784,0.7425149700598802,0.925396210971214
path,0.752,0.7395135101768108,0.7376939921927068,0.7422427871529668,0.9252724215466324
path,0.753,0.7393857432460649,0.737662502579406,0.7419706042460533,0.9251427440072815
path,0.754,0.7388651331449084,0.737520640162581,0.7408818726183996,0.9249557329301455
path,0.755,0.7386114170669896,0.7374606905752676,0.7403375068045727,0.9247886531753674
path,0.756,0.7381640011895754,0.7374408185313462,0.7392487751769189,0.9246618229677819
path,0.757,0.7373874677623256,0.7372353277802505,0.7376156777354382,0.9243221622459332
path,0.758,0.7369976776559117,0.737130043416721,0.7367991290146979,0.924083125392066
path,0.759,0.7367629104189964,0.7371016752310801,0.736254763200871,0.9239390177426496
path,0.76,0.7370825839854545,0.7370900986946832,0.7370713119216113,0.9237227595429058
path,0.761,0.736390182356956,0.7370248276081729,0.7354382144801307,0.9235239722362312
path,0.762,0.7355295049627362,0.7368605521834026,0.7335329341317365,0.9232706987235371
path,0.763,0.7353329000350224,0.736895787846431,0.7329885683179096,0.9231725352848441
path,0.764,0.7349962231822769,0.7368790255723486,0.7321720195971693,0.923031274967193
path,0.765,0.7343833640737544,0.7367648700811893,0.730811105062602,0.922774960671495
path,0.766,0.7336494670404053,0.7366304399865946,0.7291780076211214,0.9224985216022008
path,0.767,0.7328923154728302,0.7364572523349565,0.7275449101796407,0.9222279706476757
path,0.768,0.7323982138179326,0.7363595706618963,0.726456178551987,0.9220062112356394
path,0.769,0.7319351704884254,0.7361321975932111,0.7256396298312466,0.9216464257401945
path,0.77,0.7314984841815106,0.7361302081667892,0.7245508982035929,0.9214935826442434
path,0.771,0.7308448216450951,0.7359480469624747,0.7231899836690255,0.9212057542478875
path,0.772,0.7307357854034864,0.7359477751644026,0.7229178007621121,0.9210990488138983
path,0.773,0.7302445043924232,0.7358547945643997,0.7218290691344583,0.9209089969537584
path,0.774,0.7301222180532847,0.7358324392704446,0.7215568862275449,0.920736029084211
path,0.775,0.7298565823063188,0.7357526235680526,0.721012520413718,0.9204882567838092
path,0.776,0.7292501234602957,0.7356491351810589,0.7196516058791508,0.9202347898198766
path,0.777,0.7285316262602571,0.7355403714753151,0.7180185084376701,0.9199496153040476
path,0.778,0.728277991746952,0.7354805578290244,0.7174741426238432,0.9197219677772421
path,0.779,0.7277751217035063,0.7353682621750509,0.7163854109961895,0.9194512233714786
path,0.78,0.7272265341000153,0.7351797705876683,0.7152966793685357,0.9191316874232263
path,0.781,0.7270674213444335,0.7350960379329744,0.7150244964616222,0.9188983452328899
path,0.782,0.7265296738467358,0.7349256131885807,0.7139357648339685,0.9185527963962721
path,0.783,0.7261475609263186,0.7348331241350455,0.713119216113228,0.9183021767641049
path,0.784,0.7256115625441291,0.7346656145831656,0.7120304844855743,0.9179421978174215
path,0.785,0.7250774454103832,0.734682695716634,0.710669569951007,0.9177027740610775
path,0.786,0.7245558795351837,0.7345392403430707,0.7095808383233533,0.9174551952119141
path,0.787,0.7240371346899809,0.7345819419574441,0.7082199237887861,0.9172676037810626
path,0.788,0.7235039594878165,0.7344191377056061,0.7071311921611323,0.9169393323862757
path,0.789,0.7225422875308013,0.7342679932807856,0.7049537289058248,0.9166139083232541
path,0.79,0.7215255164415313,0.7340250169688742,0.7027762656505171,0.9162512754960438
path,0.791,0.7209943561066536,0.734047026100456,0.7014153511159499,0.9160435592915961
path,0.792,0.7203311998008597,0.7338490419471776,0.7000544365813827,0.9156461781294856
path,0.793,0.7192343266433461,0.7336540174594691,0.6976047904191617,0.9152343668573095
path,0.794,0.7177866119007548,0.7332371675391822,0.6946107784431138,0.9146934583994979
path,0.795,0.7170937487996801,0.7331711273317114,0.6929776810016332,0.9143735355487685
path,0.796,0.7160014838901502,0.732983783257309,0.690528034839412,0.9139790017184235
path,0.797,0.7154263932072344,0.7329325751421608,0.6891671203048448,0.9136474960893941
path,0.798,0.7144322796721215,0.732727361420511,0.6869896570495373,0.9132184073753871
path,0.799,0.7139490591147689,0.7326478149100258,0.6859009254218835,0.9129562049649198
path,0.8,0.7131906990300609,0.7322911577918906,0.6845400108873163,0.9124151030558698
path,0.801,0.7118771244076847,0.7319164194673534,0.6818181818181818,0.9118394462631579
path,0.802,0.7102704180874386,0.7315974941268597,0.678279804028307,0.9112924562393386
path,0.803,0.7091356940482825,0.7313393848364135,0.675830157866086,0.9108664083083355
path,0.804,0.7077769111078822,0.7308892993151692,0.6731083287969516,0.910166962091042
path,0.805,0.7065168592273281,0.7306037655603356,0.670386499727817,0.9096890818345462
path,0.806,0.7049854635235597,0.7302289026426957,0.6671203048448557,0.9090989949317689
path,0.807,0.7042479803064827,0.7300884955752213,0.6654872074033751,0.9087014203184198
path,0.808,0.7031050661388254,0.7296352807993305,0.6633097441480675,0.9080019741011264
path,0.809,0.7021315013806531,0.7294643150392485,0.6611322808927599,0.9075669972723501
path,0.81,0.7008664407928964,0.729170433439077,0.6584104518236255,0.9070574094639581
path,0.811,0.7001365630275735,0.7288612468532504,0.6570495372890582,0.9064988366618385
path,0.812,0.6985734678055375,0.728252096133889,0.6540555253130104,0.905687377249502
path,0.8130000000000001,0.6975025276242696,0.7277373827307051,0.6521502449646163,0.9050198320353433
path,0.8140000000000001,0.6965256062630981,0.7275608226322912,0.6499727817093086,0.9045387175446052
path,0.8150000000000001,0.6959731182073923,0.7273658302912173,0.6488840500816548,0.9041441837142601
path,0.8160000000000001,0.6944231603361624,0.7269600304278083,0.6456178551986935,0.9034878343759245
path,0.8170000000000001,0.6931848401082568,0.7265292608227796,0.6431682090364725,0.9028257903740582
path,0.8180000000000001,0.6918551951210705,0.7261277385568923,0.640446379967338,0.9022011485876191
path,0.8190000000000001,0.6898297242485962,0.7258366933811208,0.6358192705498095,0.9015877026770032
path,0.8200000000000001,0.6887293414512095,0.7254543642223478,0.6336418072945019,0.9009226178921329
path,0.8210000000000001,0.687778870662888,0.7253218884120171,0.6314643440391944,0.9003923249564291
path,0.8220000000000001,0.686797649720359,0.724956707073398,0.6295590636908002,0.8998223628272479
path,0.8230000000000001,0.6852933788757483,0.7246270522543545,0.6262928688078389,0.8992609426933632
path,0.8240000000000001,0.6834575017771419,0.7239261756165938,0.6227544910179641,0.8984006917385378
path,0.8250000000000001,0.6813233682193819,0.7234540259653462,0.6181273816004355,0.8976551078592825
path,0.8260000000000001,0.6793215836945768,0.7228395474931388,0.6140446379967338,0.8967253602346564
path,0.8270000000000001,0.6778764214344667,0.7222454964390449,0.6113228089275994,0.8958763051556542
path,0.8280000000000001,0.6753757705522487,0.721343939851643,0.6064235166031573,0.8947743634664347
path,0.8290000000000001,0.6738695022799195,0.7206480454438506,0.6037016875340229,0.8938419619612819
path,0.8300000000000001,0.6727036072777104,0.7203379845483161,0.6012520413718019,0.8931362407267421
path,0.8310000000000001,0.6706476729272053,0.7196332563666088,0.5971692977681001,0.8922326994417202
path,0.8320000000000001,0.6683377829577326,0.7188681793625067,0.5925421883505716,0.8911649257336856
path,0.833,0.6672785375353727,0.7181915019528938,0.5909090909090909,0.890223788781998
path,0.834,0.666019555182239,0.7175448402012093,0.5887316276537834,0.8892450561636449
path,0.835,0.6637908338440083,0.716552133706626,0.5846488840500816,0.8879904648297128
path,0.836,0.6609227802906,0.7155826051477339,0.5789330430048993,0.8867271380492461
path,0.837,0.6591387558638035,0.7147866943583806,0.5756668481219379,0.8857603751116698
path,0.838,0.6570896056575801,0.7140932730838093,0.5715841045182363,0.8847731004980204
path,0.839,0.6549054543858094,0.7131748500333259,0.5675013609145345,0.8834490124942878
path,0.84,0.6527736451547425,0.7121622084460731,0.5636908002177463,0.8821338533883283
path,0.841,0.6496626959677936,0.7111507643738312,0.5574305933587371,0.8808648319443306
path,0.842,0.6469392840505384,0.7102408499372518,0.5519869352204682,0.8796502967063528
path,0.843,0.6447306905856097,0.7092816898981719,0.5479041916167665,0.8783205140390893
path,0.844,0.6422960452743651,0.7084901425957255,0.5430048992923244,0.8771950198907927
path,0.845,0.6398976144291217,0.7079404080078903,0.537833424060969,0.8761264723778042
path,0.846,0.6374360599500584,0.706922556821137,0.5332063146434404,0.874860298265572
path,0.847,0.6347497324764801,0.706074449790686,0.5277626565051715,0.8737089846801482
path,0.848,0.6325853954331363,0.705370505725523,0.5234077299945563,0.8726812670680678
path,0.849,0.6295881411738158,0.7040041873855013,0.5179640718562875,0.8710093632496674
path,0.85,0.6270868395304957,0.702920090924987,0.5133369624387588,0.8696423718182151
path,0.851,0.6244797525616528,0.7016596855886013,0.5087098530212303,0.8681316596398236
path,0.852,0.6207768702123749,0.7000245967883622,0.5019052803483941,0.8663278113040221
path,0.853,0.6184485434366135,0.6992287917737788,0.4972781709308655,0.8651647214890599
path,0.854,0.6160552057037116,0.6981431798926857,0.49292324442025043,0.8637428569491112
path,0.855,0.6129335780560113,0.6971139383858581,0.48666303756124113,0.8623352290679895
path,0.856,0.6087040289126138,0.6958712584943489,0.4779531845400109,0.8607464782245011
path,0.857,0.6050020313515518,0.6946005548836879,0.47060424605334783,0.8592414607096404
path,0.858,0.6007324554766971,0.6927467979592564,0.46271094175285793,0.8571756034146101
path,0.859,0.596901040683882,0.69126039896234,0.45536200326619486,0.8553884521669242
path,0.86,0.5929273235008866,0.6897182845863987,0.4477408818726184,0.8535610513720456
path,0.861,0.5891739855003191,0.688180558305286,0.44066412629286883,0.851722067798867
path,0.862,0.5857262043771791,0.6867891829440012,0.4341317365269461,0.8499922500889661
path,0.863,0.5816614158236544,0.6850952829505109,0.42651061513336963,0.8479603673238822
path,0.864,0.5786572251914763,0.6838988592603358,0.4207947740881873,0.846440532796479
path,0.865,0.5756437805635479,0.6825055569726343,0.41535111594991836,0.8447308398601743
path,0.866,0.5722964619265751,0.6809187085457434,0.40936309199782256,0.8429495767272577
path,0.867,0.5689774905439865,0.6790161950002751,0.40391943385955364,0.8407335302168033
path,0.868,0.5659661039390572,0.67744486747963,0.3987479586281982,0.8389896692993137
path,0.869,0.5636059614557014,0.6758702152006201,0.39520958083832336,0.8370870771711039
path,0.87,0.5608925430831653,0.6746140461293546,0.39031028851388133,0.8355211049817388
path,0.871,0.5583946280826261,0.6733541388021994,0.3859553620032662,0.8338108316917187
path,0.872,0.5552442034783392,0.671551081282625,0.3807838867719107,0.831761671484804
path,0.873,0.5524111815611334,0.6700955729702432,0.3758845944474687,0.8300259656601336
path,0.874,0.548979798461208,0.6680057065625469,0.3704409363091998,0.8278015706056217
path,0.875,0.545072599975349,0.6654857250541789,0.364452912357104,0.8252667619518688
path,0.876,0.5416890294710928,0.6634755463059313,0.35900925421883506,0.8230391326631143
path,0.877,0.539309997080916,0.6618694108488864,0.35547087642896025,0.8211796374138625
path,0.878,0.5357269217213916,0.6593452687372494,0.3502994011976048,0.8186129277569747
path,0.879,0.5307841102954604,0.6570952736461265,0.3413173652694611,0.8162704379414117
path,0.88,0.5262839999266022,0.6544943820224718,0.33396842678279803,0.8134815819700109
path,0.881,0.5210019487633236,0.6518604426403788,0.32471420794774086,0.810790889437303
path,0.882,0.5173960179763836,0.6492982081497156,0.3195427327163854,0.808235569107477
path,0.883,0.5133323429082586,0.6465174323375712,0.3135547087642896,0.8055509581407769
path,0.884,0.50958639821239,0.6437218413320274,0.3083832335329341,0.8028403342857113
path,0.885,0.5050957860120358,0.6404109589041097,0.3021230266739249,0.7998079075043434
path,0.886,0.5010992496197155,0.6379235361562487,0.29586281981491563,0.797361753037795
path,0.887,0.49825085849782524,0.6358980466888995,0.29178007621121393,0.795248984275849
path,0.888,0.4941141821548469,0.6331770573566085,0.2855198693522047,0.7925637929554334
path,0.889,0.4905600525063547,0.631064068639243,0.27980402830702233,0.7902865983192362
path,0.89,0.48654975314124127,0.6283722523321177,0.27381600435492653,0.7876473512095442
path,0.891,0.4816577294406108,0.6249367165509,0.2667392487751769,0.7845974535351069
path,0.892,0.47629723643655103,0.6216276749536783,0.2583015786608601,0.7815701410635544
path,0.893,0.4725392275925177,0.6184490664919752,0.25367446924333154,0.7786491471235142
path,0.894,0.4683359983712292,0.6147098793394556,0.2487751769188895,0.7753630599269752
path,0.895,0.46356842978569807,0.6109374029362433,0.24251497005988024,0.7721202630606325
path,0.896,0.46000576718069736,0.6077214609970432,0.23843222645617856,0.7692163531111849
path,0.897,0.45601437686703533,0.603790972876741,0.23434948285247686,0.7659160292558187
path,0.898,0.45090150733174894,0.59998736070443,0.22727272727272727,0.762722023931965
path,0.899,0.4464117056628561,0.5961334633484546,0.22182906913445835,0.7594327025011837
path,0.9,0.44153109197702817,0.5921725784447476,0.2155688622754491,0.7562504734068685
path,0.901,0.43641544100832824,0.5870941436511513,0.21039738704409364,0.7522945740181208
path,0.902,0.4314887529731182,0.5825121023513139,0.20495372890582472,0.7485852862223442
path,0.903,0.42769407778319457,0.5785465622280244,0.2014153511159499,0.7452927305573205
path,0.904,0.42385597568420635,0.5745086439229605,0.19787697332607512,0.7419568845621003
path,0.905,0.4187649293549193,0.5698341274042704,0.19216113228089277,0.7383860097522092
path,0.906,0.4136115499656876,0.5646928119097878,0.1869896570495373,0.7345043344406006
path,0.907,0.40835908986715497,0.5597492724423551,0.18127381600435494,0.730748908982862
path,0.908,0.4041769967963639,0.5549565805796774,0.17800762112139357,0.727108344051932
path,0.909,0.398383849936243,0.5485675306957707,0.17310832879695154,0.7226288136472037
path,0.91,0.39394951691837155,0.5437173494638438,0.1692977681001633,0.7190370402587625
path,0.911,0.38807658980693693,0.5379211535795165,0.1633097441480675,0.7148988572002173
path,0.912,0.38336549840613354,0.5326097083760365,0.15949918345127925,0.7111403909594749
path,0.913,0.37851054360525194,0.5274214013816438,0.15514425694066414,0.7073811509137785
path,0.914,0.37384803771297,0.5212836556693212,0.15269461077844312,0.7032315785281718
path,0.915,0.36866264730544784,0.5148188015787586,0.14942841589548175,0.6989120790560215
path,0.916,0.3619981055443986,0.507521792673798,0.1437125748502994,0.6942392625569109
path,0.917,0.35668069560979987,0.5002925402242808,0.14126292868807838,0.6896611818110128
path,0.918,0.3503185100300728,0.4934994582881907,0.13554708764289602,0.685309587884489
path,0.919,0.3437566482312876,0.48637358265367026,0.12983124659771367,0.680900853871419
path,0.92,0.3371732520203758,0.47830453997589395,0.12547632008709853,0.6761361489508616
path,0.921,0.3319311316168435,0.47156368062070536,0.12248230811105063,0.6720636479741592
path,0.922,0.3256379732657946,0.4634340018955404,0.11894393032117583,0.6673906380238103
path,0.923,0.31854309297588723,0.45451248575277164,0.1145890038105607,0.6623578425780163
path,0.924,0.31280393912229293,0.44712469258542203,0.11132280892759934,0.6582078832899326
path,0.925,0.30649900600606916,0.4389753892516323,0.10778443113772455,0.6537676351762046
path,0.926,0.2983279710252471,0.42916755831371706,0.10206859009254218,0.6485795362051712
path,0.927,0.2917649291014597,0.42040661836271226,0.09880239520958084,0.6440329695599307
path,0.928,0.2846391284863087,0.41143356834453737,0.09444746869896571,0.6394807082511595
path,0.929,0.27777463267350727,0.4025331157877271,0.09063690800217747,0.634970576565154
path,0.93,0.2709350850657429,0.39312987775881847,0.08764289602612955,0.6303776788067132
path,0.931,0.2644631414507624,0.38379494723738933,0.085465432770822,0.6259171124681504
path,0.932,0.2561429864835027,0.3735571277174692,0.08002177463255307,0.6211341628495698
path,0.933,0.2487585197132442,0.3641529674407817,0.07566684812193794,0.6167994594624001
path,0.934,0.24123584690795188,0.35324827687344185,0.07321720195971693,0.6120001996581811
path,0.935,0.23397859327296133,0.3427859515899383,0.07076755579749591,0.6074855340160755
path,0.936,0.22737226928937038,0.33395287487259423,0.06750136091453457,0.6037152915457945
path,0.937,0.21935073391333654,0.3229425677724544,0.06396298312465977,0.5991691118030311
path,0.9380000000000001,0.21172039432360895,0.31149552202183783,0.06205770277626565,0.594559903858952
path,0.9390000000000001,0.20328682995658454,0.3001614104792649,0.05797495917256396,0.5900824469810351
path,0.9400000000000001,0.1960685648590788,0.2886753344639156,0.05715841045182363,0.5856570158798494
path,0.9410000000000001,0.18839169284217722,0.27787655575311154,0.05416439847577572,0.5815883294911048
path,0.9420000000000001,0.17898558193853892,0.2649215333161822,0.050081654872074034,0.576823431119309
path,0.9430000000000001,0.17109890659368443,0.25359162712084765,0.04735982580293958,0.5727551316330415
path,0.9440000000000001,0.16302510019979155,0.24231274638633377,0.04409363091997823,0.5687903033465207
path,0.9450000000000001,0.15475829512801537,0.2316194775450592,0.03946652150244965,0.5651100692221135
path,0.9460000000000001,0.1463197250643186,0.22027702317469902,0.035383777898747956,0.5612834604702398
path,0.9470000000000001,0.13914926245070836,0.20995934959349594,0.03293413173652695,0.55787927851265
path,0.9480000000000001,0.13011209728682938,0.19780069199410777,0.028579205225911813,0.5539459643267871
path,0.9490000000000001,0.12183014283428839,0.18671926364234057,0.024496461622210124,0.5504356572889234
path,0.9500000000000001,0.11493067812174454,0.17612743214447898,0.023135547087642896,0.5471440688800921
path,0.9510000000000001,0.10719605089055632,0.1650509394719216,0.02041371801850844,0.5437493961739909
path,0.9520000000000001,0.10037116836019652,0.15476486688230903,0.018780620577027764,0.5406482465277763
path,0.9530000000000001,0.09236633253828047,0.1439638476436411,0.014970059880239521,0.5374576688894035
path,0.9540000000000001,0.08519749730417568,0.13383034163288943,0.012248230811105062,0.5345399091836055
path,0.9550000000000001,0.07913171092234099,0.12499088456209435,0.010342950462710943,0.532025225303449
path,0.9560000000000001,0.0733667350505761,0.11647132307013999,0.008709853021230268,0.5296569160507589
path,0.9570000000000001,0.06787166022385949,0.10822014138199046,0.007348938486663037,0.5273951187808196
path,0.9580000000000001,0.06092623695065519,0.09827753336813064,0.004899292324442025,0.5246480599665191
path,0.9590000000000001,0.05523404704831577,0.08951637128266746,0.003810560696788242,0.5222945677263715
path,0.96,0.049851160009783756,0.081089258698941,0.0029940119760479044,0.5200846027819249
path,0.961,0.0438857776314784,0.07205423109147688,0.001633097441480675,0.517708331887654
path,0.962,0.038183845855239526,0.06273246673568772,0.0013609145345672292,0.5152775747873635
path,0.963,0.03391311087192695,0.0559774856393847,0.0008165487207403375,0.5135627675412434
path,0.964,0.029949933703146546,0.04937219035808402,0.0008165487207403375,0.5119026399523815
path,0.965,0.025833202854044314,0.042692427547522595,0.0005443658138268917,0.5102339703682235
path,0.966,0.021594302585807947,0.03562759376712865,0.0005443658138268917,0.5084677176990877
path,0.967,0.017898185419459964,0.02964885376115764,0.00027218290691344586,0.5069919473068348
path,0.968,0.015085767984835761,0.024961491370117307,0.00027218290691344586,0.5059095500374963
path,0.969,0.01294309776169586,0.021390374331550804,0.00027218290691344586,0.5050635357414979
path,0.97,0.010679380214541121,0.017798967024235203,0.0,0.5042203687772648
path,0.971,0.008841099163679809,0.014735165272799684,0.0,0.5034952965740828
path,0.972,0.0073731248005106925,0.012288541334184487,0.0,0.5029141385690785
path,0.973,0.0061376168784464166,0.010229361464077361,0.0,0.5024250624367597
path,0.974,0.0046584223796374115,0.007764037299395686,0.0,0.5018239731093977
path,0.975,0.0036062026685899744,0.006010337780983291,0.0,0.5014040067444023
path,0.976,0.0028396101552159787,0.004732683592026631,0.0,0.5011047890209849
path,0.977,0.0020713740917666893,0.0034522901529444824,0.0,0.5007998766340366
path,0.978,0.0016869502349680684,0.002811583724946781,0.0,0.5006559624358585
path,0.979,0.001061050600860094,0.0017684176681001566,0.0,0.5004028823744029
path,0.98,0.000675566993726878,0.0011259449895447966,0.0,0.5002561208444596
path,0.981,0.00033787860504404493,0.0005631310084067416,0.0,0.5001152474292855
path,0.982,0.00028966849050531055,0.00048278081750885096,0.0,0.5001065119827508
path,0.983,0.00019315118103899239,0.00032191863506498734,0.0,0.5000748044308544
path,0.984,0.00014487504527345164,0.00024145840878908608,0.0,0.5000575269890235
path,0.985,9.658725048293625e-05,0.00016097875080489375,0.0,0.5000374022154271
path,0.986,4.829556888155512e-05,8.049261480259187e-05,0.0,0.5000172774418309
path,0.987,4.829751267809708e-05,8.049585446349514e-05,0.0,0.5000201247735963
path,0.988,0.0,0.0,0.0,0.5
path,0.989,0.0,0.0,0.0,0.5
path,0.99,0.0,0.0,0.0,0.5
path,0.991,0.0,0.0,0.0,0.5
path,0.992,0.0,0.0,0.0,0.5
path,0.993,0.0,0.0,0.0,0.5
path,0.994,0.0,0.0,0.0,0.5
path,0.995,0.0,0.0,0.0,0.5
path,0.996,0.0,0.0,0.0,0.5
path,0.997,0.0,0.0,0.0,0.5
path,0.998,0.0,0.0,0.0,0.5
path,0.999,0.0,0.0,0.0,0.5
path,1.0,0.0,0.0,0.0,0.5
