role,threshold,objective,node_f1,exact_set_attack,node_balanced_accuracy
source,0.0,0.053042657282636685,0.08840442880439447,0.0,0.5
source,0.001,0.5278772528605307,0.5408369746913398,0.5084376701143168,0.9565364692915168
source,0.002,0.5453447418639327,0.554525758305248,0.5315732172019597,0.9584081200389979
source,0.003,0.5562549240611518,0.5623664448379022,0.5470876428960262,0.959478144040419
source,0.004,0.563691769270517,0.5682287970875883,0.5568862275449101,0.9602673389217815
source,0.005,0.5700311884010447,0.5728064716863721,0.5658682634730539,0.9607551220247444
source,0.006,0.5754378336424625,0.5769182547642929,0.5732172019597169,0.9612592422636272
source,0.007,0.5804379128560331,0.5801709725245261,0.5808383233532934,0.9613942915193049
source,0.008,0.5842749239001455,0.5829368855058674,0.5862819814915623,0.9615022019330941
source,0.009000000000000001,0.5871083658517483,0.5851189149606801,0.5900925421883506,0.9617621081436128
source,0.01,0.590618572202259,0.5873401534526854,0.5955362003266195,0.96192983167113
source,0.011,0.5931733782596613,0.589057789750497,0.5993467610234078,0.9620730317204513
source,0.012,0.5952105053619481,0.590819904146161,0.6017964071856288,0.9623162605438514
source,0.013000000000000001,0.5968657046832846,0.5924898380540681,0.6034295046271094,0.962497705843596
source,0.014,0.5982762535562376,0.5937520212146692,0.6050626020685901,0.962526815095412
source,0.015,0.6002269873429125,0.5951886914797043,0.6077844311377245,0.9626742606671543
source,0.016,0.6017200092167795,0.5964068743705533,0.6096897114861187,0.9628390285797803
source,0.017,0.6035893476149514,0.5977078856547503,0.6124115405552532,0.9630142579471761
source,0.018000000000000002,0.6052012195897509,0.5989426967758777,0.6145890038105607,0.963084227813108
source,0.019,0.6061808715607913,0.5998496289758425,0.6156777354382145,0.9631097364962679
source,0.02,0.6073486390712075,0.6007071765322158,0.6173108328796951,0.9631761057935435
source,0.021,0.6084526281228056,0.6016398819285012,0.6186717474142623,0.9632042298403958
source,0.022,0.6092695974107056,0.6024571315945076,0.6194882961350027,0.9632166617050932
source,0.023,0.6103079468165276,0.6034618928524417,0.6205770277626566,0.9633013385482162
source,0.024,0.6108567032110659,0.6040135763007876,0.6211213935764834,0.9631823572745248
source,0.025,0.6112208346583161,0.6046204620462046,0.6211213935764834,0.9630225153867178
source,0.026000000000000002,0.6118904684674498,0.6053736078522093,0.6216657593903103,0.9630731925018385
source,0.027,0.6125649342350582,0.6061348069223388,0.6222101252041372,0.9631725763221526
source,0.028,0.6132408762472166,0.6067170111287759,0.6230266739248775,0.9632484218692344
source,0.029,0.6135873273948846,0.6072944297082228,0.6230266739248775,0.963275560711123
source,0.03,0.6143216730837426,0.6079739733758258,0.6238432226456179,0.9633157763714739
source,0.031,0.615290375956892,0.6086812018080298,0.6252041371801851,0.9634073141007105
source,0.032,0.6160713351250389,0.6092569793365055,0.6262928688078389,0.9633857462374058
source,0.033,0.6165454824318957,0.609865769576658,0.6265650517147523,0.96346420714818
source,0.034,0.6173958359219103,0.6105572043082463,0.6276537833424061,0.9635531295137242
source,0.035,0.6175846888300047,0.6108719591550705,0.6276537833424061,0.9634975619224173
source,0.036000000000000004,0.6180174500395155,0.6114117725663126,0.6279259662493195,0.9634707633317275
source,0.037,0.6183347799352478,0.611759200454591,0.628198149156233,0.9635152245144996
source,0.038,0.6192320243386256,0.6123473314371759,0.6295590636908002,0.9635423633563882
source,0.039,0.6200120738831507,0.6129215929262819,0.630647795318454,0.9636155935397774
source,0.04,0.6207434157930243,0.613414675024302,0.6317365269461078,0.9636783622683969
source,0.041,0.6214281555116729,0.6140115420748893,0.6325530756668482,0.9637542078154786
source,0.042,0.6221481704850417,0.6144857459454015,0.6336418072945019,0.9638143611804055
source,0.043000000000000003,0.6228093557152318,0.6150433555152248,0.6344583560152423,0.9638849760001025
source,0.044,0.6229923819541194,0.6153483992467044,0.6344583560152423,0.9638754997502963
source,0.045,0.623629668400401,0.6158661775100132,0.6352749047359826,0.9639408838426081
source,0.046,0.6239221321305427,0.6161721617889738,0.635547087642896,0.963931407592802
source,0.047,0.6247440047360671,0.6168161283797451,0.6366358192705498,0.9640124838672687
source,0.048,0.6252828530828375,0.6171698431438691,0.6374523679912901,0.9640569450500408
source,0.049,0.6254209903797097,0.6175815272432651,0.6371801850843767,0.964060545618697
source,0.05,0.6258706427399281,0.6179680373010777,0.6377245508982036,0.9640128241184676
source,0.051000000000000004,0.6259815220451956,0.6183342914144659,0.6374523679912901,0.9639624872545456
source,0.052000000000000005,0.6262631861733293,0.6186222763567465,0.6377245508982036,0.9639503956410469
source,0.053,0.6262866786024539,0.6188428856765632,0.6374523679912901,0.9638817512312776
source,0.054,0.6265377504358449,0.6190798834609391,0.6377245508982036,0.9637670154800075
source,0.055,0.6267725040141168,0.6192896841534499,0.637996733805117,0.9637931691169324
source,0.056,0.6270090441969434,0.6196839177914942,0.637996733805117,0.9637941543218962
source,0.057,0.6279020224297485,0.6200834832185156,0.6396298312465977,0.9638438462320531
source,0.058,0.6280760411573827,0.6203735144312393,0.6396298312465977,0.9638317546185545
source,0.059000000000000004,0.6286556162071187,0.6207951070336392,0.640446379967338,0.963884061892404
source,0.06,0.6288883021935868,0.6210014617398103,0.6407185628742516,0.9638615088241356
source,0.061,0.629146451363279,0.6212502550846882,0.640990745781165,0.963844186483252
source,0.062,0.6291733766123946,0.6212951304998809,0.640990745781165,0.9636572057535564
source,0.063,0.6294544002013525,0.6215820478768685,0.6412629286880784,0.9635964074348645
source,0.064,0.6297665777714504,0.6219208885557561,0.6415351115949919,0.9636382532539441
source,0.065,0.6302967234411045,0.6222600988580195,0.6423516603157322,0.9636800990730237
source,0.066,0.6307633960139889,0.6224935206656664,0.6431682090364725,0.963708868073641
source,0.067,0.6308174796479475,0.6227651153268732,0.6428960261295591,0.9636941610964498
source,0.068,0.6308631001917375,0.6228411495665233,0.6428960261295591,0.9636072091408332
source,0.069,0.6309114403927611,0.6229217165682291,0.6428960261295591,0.9635689638904099
source,0.07,0.6313784725630707,0.6231557377049181,0.6437125748502994,0.9635977328910271
source,0.07100000000000001,0.6313536741177036,0.6232958622339153,0.643440391943386,0.9635186270264879
source,0.07200000000000001,0.6320386522056194,0.6235302160240634,0.6448013064779532,0.963547396027105
source,0.073,0.6321793702574491,0.6237647461104463,0.6448013064779532,0.9635761650277224
source,0.074,0.6323021298989921,0.623969345513018,0.6448013064779532,0.9635049052542606
source,0.075,0.6328209765424062,0.6242897241048813,0.6456178551986935,0.9635441357096477
source,0.076,0.6333271862253078,0.6245890410958904,0.6464344039194339,0.9635807508013423
source,0.077,0.6336964248026755,0.6248415281822854,0.6469787697332607,0.9635634284604588
source,0.078,0.6338377819729641,0.6250771234660999,0.6469787697332607,0.963592197461076
source,0.079,0.6340727002495129,0.6252871986557388,0.6472509526401742,0.9635696443928075
source,0.08,0.6344577733264338,0.6255660765747222,0.6477953184540011,0.9636036441208098
source,0.081,0.6347889214830784,0.6257550796265787,0.648339684267828,0.9635784756888488
source,0.082,0.6353193259735295,0.6260947212968369,0.6491562329885683,0.963571614802735
source,0.083,0.6352649602388475,0.6261855670103093,0.6488840500816548,0.9633898648004244
source,0.084,0.6354746558686029,0.6263536044552924,0.6491562329885683,0.9633620810047709
source,0.085,0.6355367753727941,0.6264571369622778,0.6491562329885683,0.96332645111804
source,0.08600000000000001,0.6358838169692742,0.626672629080527,0.6497005988023952,0.9633526047549648
source,0.08700000000000001,0.636202596995835,0.6268410185822436,0.650244964616222,0.9633248209593113
source,0.088,0.6365627630508794,0.6270783847980999,0.6507893304300489,0.9633535899599286
source,0.089,0.6367728386841892,0.6272470555823404,0.6510615133369625,0.9633258061642751
source,0.09,0.6369724575199747,0.6273982983707073,0.6513336962438759,0.9633441137101224
source,0.091,0.6369778980051044,0.627588821117199,0.6510615133369625,0.9633189452781614
source,0.092,0.6371362635520106,0.6276713084241003,0.6513336962438759,0.9632807000277381
source,0.093,0.637424555488562,0.6279703397137437,0.6516058791507894,0.9632686084142394
source,0.094,0.6375131468992324,0.6281179920648612,0.6516058791507894,0.9632382092548936
source,0.095,0.6376302036757768,0.6283130866924351,0.6516058791507894,0.9632617475281258
source,0.096,0.6379887493220802,0.6285477522270562,0.6521502449646163,0.9632418098235498
source,0.097,0.6383237255672056,0.6287431354263807,0.6526946107784432,0.9632653480967821
source,0.098,0.6386327011184945,0.6288951841359773,0.65323897659227,0.9632836556426294
source,0.099,0.6387239744787823,0.6290473064031238,0.65323897659227,0.9633019631884767
source,0.1,0.6388283409739168,0.6292212505616813,0.65323897659227,0.9633228860980165
source,0.101,0.6389870941412583,0.6293043839026414,0.6535111594991835,0.9632846408475932
source,0.10200000000000001,0.6391873695384321,0.629456720959989,0.6537833424060969,0.9633029483934406
source,0.10300000000000001,0.6393180209490165,0.6296744733109628,0.6537833424060969,0.9633291020303653
source,0.10400000000000001,0.6393941591646672,0.6298013703370475,0.6537833424060969,0.9632960875073269
source,0.105,0.6396207562846419,0.6299975769323963,0.6540555253130104,0.9633196257805592
source,0.106,0.6399693930655762,0.6302157276914021,0.6545998911268373,0.9633457794174839
source,0.107,0.6400348722919762,0.6303248597354021,0.6545998911268373,0.9633588562359463
source,0.108,0.6401374307257583,0.6304957904583723,0.6545998911268373,0.9633310724402928
source,0.109,0.6404994052578961,0.6307361708027173,0.6551442569406641,0.96335984144091
source,0.11,0.6404407692910874,0.6308198994626452,0.6548720740337507,0.9633215961904866
source,0.111,0.6405720305845424,0.6310386682850702,0.6548720740337507,0.9633477498274114
source,0.112,0.6407334337602759,0.6311262183066838,0.6551442569406641,0.9633582112821812
source,0.113,0.6408100447372678,0.6312539032683367,0.6551442569406641,0.9633251967591429
source,0.114,0.640860409699743,0.6313378448724624,0.6551442569406641,0.9632869515087195
source,0.115,0.6408954449133204,0.6313962368950913,0.6551442569406641,0.9631973841894104
source,0.116,0.6409327027762657,0.6314583333333333,0.6551442569406641,0.9631565235752946
source,0.117,0.6413097555295915,0.6315423887750494,0.6559608056614045,0.9631182783248713
source,0.11800000000000001,0.6413171780201801,0.6317362148639727,0.655688622754491,0.9630931098929103
source,0.11900000000000001,0.6416227838589179,0.6318826473859844,0.6562329885683179,0.963014004028371
source,0.12,0.6417843798124538,0.6319705187039355,0.6565051714752314,0.963024465483141
source,0.121,0.6419987425596461,0.6321463346779802,0.6567773543821448,0.9630453883926808
source,0.122,0.6421999672687486,0.6323002539218756,0.6570495372890582,0.9630636959385281
source,0.123,0.642265960198117,0.6324102421374895,0.6570495372890582,0.9630767727569904
source,0.124,0.6427631904887604,0.6325131382034593,0.658138268916712,0.9629924361650664
source,0.125,0.6427896084959945,0.6325571682155163,0.658138268916712,0.9629976668924513
source,0.126,0.6430702883971151,0.6328435127794415,0.6584104518236255,0.9630316666204535
source,0.127,0.6433673826136324,0.6329757592644191,0.6589548176374523,0.9630473588026083
source,0.128,0.6434181925139603,0.6330604424316322,0.6589548176374523,0.963009113552185
source,0.129,0.6435800026845593,0.6331486707780216,0.6592270005443658,0.9630195750069548
source,0.13,0.6435472161932115,0.6330940266257754,0.6592270005443658,0.9628682241639901
source,0.131,0.6439644284914281,0.6332450146423093,0.6600435492651061,0.9628378250046441
source,0.132,0.6442330737625074,0.6333298462182236,0.660587915078933,0.9627995797542208
source,0.133,0.6445435994865074,0.6334844785490059,0.6611322808927599,0.9628178873000681
source,0.134,0.6445701162080877,0.6335286730849728,0.6611322808927599,0.9628231180274531
source,0.135,0.6446231607523035,0.633617080658666,0.6611322808927599,0.9628335794822229
source,0.136,0.6445254767379534,0.633635729239358,0.6608600979858464,0.9627874881407221
source,0.137,0.6445213268330626,0.6336288127312067,0.6608600979858464,0.9626900747303357
source,0.138,0.6446832788492505,0.633717277486911,0.6611322808927599,0.9627005361851055
source,0.139,0.6448717980879464,0.6338500209467951,0.6614044637996733,0.9627162283672605
source,0.14,0.6450470684734795,0.6339606829847411,0.6616766467065869,0.9627293051857229
source,0.14100000000000001,0.6453291859798396,0.6340679682861234,0.6622210125204138,0.962693675298992
source,0.14200000000000002,0.6455178021883982,0.6342008733624455,0.6624931954273272,0.9627093674811469
source,0.14300000000000002,0.6455137182981192,0.6341940668786471,0.6624931954273272,0.9626119540707603
source,0.14400000000000002,0.6454293989272261,0.634234989865101,0.6622210125204138,0.962568478092952
source,0.145,0.6455491286578772,0.6344345394161861,0.6622210125204138,0.9625920163661843
source,0.146,0.6456003429059206,0.6345198964962585,0.6622210125204138,0.9625537711157609
source,0.147,0.645653600503724,0.6346086591592641,0.6622210125204138,0.9625642325705308
source,0.148,0.6457983976391835,0.6346685324470878,0.6624931954273272,0.9624746652512217
source,0.149,0.6461360771280407,0.6348684210526316,0.6630375612411541,0.962498203524454
source,0.15,0.6463116124749493,0.6349795246928703,0.6633097441480675,0.9625112803429163
source,0.151,0.6464738321865039,0.6350684356075191,0.663581927054981,0.9625217417976862
source,0.152,0.6464965335587829,0.6351062712279841,0.663581927054981,0.9624295591146846
source,0.153,0.6465766085973574,0.6352397296256085,0.663581927054981,0.9624452512968396
source,0.154,0.646819014968887,0.6354622849735487,0.6638541099618944,0.9624714049337643
source,0.155,0.6469793649187595,0.6355480796187273,0.6641262928688079,0.9624331596833409
source,0.156,0.6469888045042479,0.635563812261208,0.6641262928688079,0.9623383616366469
source,0.157,0.6470269502015498,0.6356273884233776,0.6641262928688079,0.962297501022531
source,0.158,0.6470670669371444,0.6356942496493688,0.6641262928688079,0.9623053471136085
source,0.159,0.6471205690482105,0.635783419834479,0.6641262928688079,0.9623158085683783
source,0.16,0.6472829593338575,0.6358726150392816,0.6643984757757213,0.9623262700231483
source,0.161,0.6473632631791582,0.6360064547814495,0.6643984757757213,0.9623419622053031
source,0.162,0.6476613471621351,0.636140350877193,0.6649428415895482,0.9623576543874579
source,0.163,0.6475773352400306,0.6361817862782945,0.6646706586826348,0.9623141784096496
source,0.164,0.6477397985290487,0.6362711031553824,0.6649428415895482,0.9623246398644195
source,0.165,0.6480092348782156,0.636357253194776,0.6654872074033751,0.9622863946139961
source,0.166,0.6480762692459808,0.6364689771410513,0.6654872074033751,0.9622994714324585
source,0.167,0.6482100566087681,0.6365105008077544,0.6657593903102885,0.9622559954546502
source,0.168,0.6484243638194318,0.6366862242209185,0.666031573217202,0.9622282116589969
source,0.169,0.6482982743615179,0.6366575303956707,0.6657593903102885,0.9621281828849177
source,0.17,0.6484186741311909,0.6366767414071836,0.666031573217202,0.962082091543417
source,0.171,0.6484167767685158,0.6366735791360585,0.666031573217202,0.9620333848382238
source,0.17200000000000001,0.6485107870705962,0.6368302629728589,0.666031573217202,0.9620516923840711
source,0.17300000000000001,0.6486048436554851,0.6369870239476738,0.666031573217202,0.9620699999299185
source,0.17400000000000002,0.6486855004486408,0.6371214519362667,0.666031573217202,0.9620856921120733
source,0.17500000000000002,0.6488597496438199,0.6372304119902895,0.6663037561241154,0.9620500622253424
source,0.176,0.649062808044844,0.6373873873873874,0.6665759390310289,0.9620683697711897
source,0.177,0.6491948950719948,0.6374260771613631,0.6668481219379423,0.9619761870881882
source,0.178,0.6492756898708745,0.6375607351594959,0.6668481219379423,0.961991879270343
source,0.179,0.6494231325028106,0.6376250176081139,0.6671203048448557,0.9619510186562271
source,0.18,0.6494770314899287,0.6377148492533108,0.6671203048448557,0.961961480110997
source,0.181,0.6495444265844355,0.6378271744108218,0.6671203048448557,0.9619745569294594
source,0.182,0.6494984866185385,0.6377506078009936,0.6671203048448557,0.9618205907228022
source,0.183,0.6494966524897783,0.6377475509197266,0.6671203048448557,0.961771884017609
source,0.184,0.6492752367431037,0.6377414352178203,0.6665759390310289,0.9616744706072224
source,0.185,0.6492454738207987,0.6378732856185876,0.6663037561241154,0.961641456084184
source,0.186,0.6495576998966328,0.6380307518690931,0.6668481219379423,0.9616597636300314
source,0.187,0.6493903375586563,0.6381147251816834,0.6663037561241154,0.9615728116744148
source,0.188,0.6495090939863837,0.6381311972899537,0.6665759390310289,0.9614780136277207
source,0.189,0.6495496302707966,0.638198757763975,0.6665759390310289,0.9614858597187981
source,0.19,0.6499573480834115,0.6383339216378398,0.6673924877517692,0.9615015519009529
source,0.191,0.6500114327198561,0.6384240626985808,0.6673924877517692,0.9615120133557229
source,0.192,0.6499654696769789,0.6383474576271186,0.6673924877517692,0.9613580471490657
source,0.193,0.6501284477238489,0.6384376324339597,0.6676646706586826,0.9613685086038356
source,0.194,0.6504120588450445,0.6385474070934012,0.6682090364725095,0.9613328787171047
source,0.195,0.650629236868377,0.6387279151943464,0.668481219379423,0.9613538016266445
source,0.196,0.6507651958145275,0.6387730581666549,0.6687534022863364,0.9613590323540295
source,0.197,0.6507922854268331,0.6388182075204977,0.6687534022863364,0.9613642630814144
source,0.198,0.6509129344873098,0.6388378340166831,0.6690255851932498,0.9613181717399135
source,0.199,0.6509111637672854,0.6388348828166425,0.6690255851932498,0.9612694650347203
source,0.2,0.6509789230887552,0.638947815019092,0.6690255851932498,0.9612825418531827
source,0.201,0.6509924778279629,0.6389704062511049,0.6690255851932498,0.9612851572168752
source,0.202,0.6510602659041618,0.6390833863781031,0.6690255851932498,0.9612982340353375
source,0.203,0.6510143087801862,0.6390067911714771,0.6690255851932498,0.9611442678286803
source,0.20400000000000001,0.6510668058091238,0.6390942862197063,0.6690255851932498,0.9611060225782571
source,0.20500000000000002,0.6512435233759465,0.6392073602264686,0.6692977681001633,0.9611190993967194
source,0.20600000000000002,0.6513385458837492,0.6393657310728065,0.6692977681001633,0.9611374069425667
source,0.20700000000000002,0.6516088779230272,0.6394533739290519,0.6698421339139902,0.9610991616921434
source,0.20800000000000002,0.6517720917166767,0.6395439416471921,0.6701143168209036,0.9611096231469132
source,0.209,0.651935320905363,0.6396345350237269,0.670386499727817,0.9611200846016832
source,0.21,0.6521121607597683,0.6397478128431269,0.6706586826347305,0.9611331614201455
source,0.211,0.6522193175237776,0.6397449521785334,0.6709308655416439,0.9610844547149522
source,0.212,0.6524097908079944,0.6398809523809523,0.6712030484485574,0.9611001468971071
source,0.213,0.6524216871327894,0.639900779588944,0.6712030484485574,0.9610540555556064
source,0.214,0.6523111065384495,0.6398979338696531,0.6709308655416439,0.9610053488504131
source,0.215,0.6527057713195857,0.6400113426910534,0.6717474142623843,0.9610184256688754
source,0.216,0.6530596806142729,0.6402382809729806,0.6722917800762113,0.9610445793058002
source,0.217,0.6531414247556937,0.6403745212086821,0.6722917800762113,0.961060271487955
source,0.218,0.6535634563901844,0.6405335414523395,0.6731083287969516,0.9610785790338023
source,0.219,0.6534529143270646,0.640530759951749,0.6728361458900382,0.9610298723286091
source,0.22,0.6534495754603445,0.6405251951738821,0.6728361458900382,0.9609324589182227
source,0.221,0.6536539374180459,0.6406843431654422,0.6731083287969516,0.96095076646407
source,0.222,0.6538173969141421,0.6407753203876602,0.673380511703865,0.9609612279188398
source,0.223,0.6538856516351037,0.6408890782559296,0.673380511703865,0.9609743047373022
source,0.224,0.6540628037578737,0.6410028765226038,0.6736526946107785,0.9609873815557646
source,0.225,0.6542536436863648,0.6411394877988136,0.6739248775176919,0.9610030737379194
source,0.226,0.6543356453972426,0.6412761573169431,0.6739248775176919,0.9610187659200742
source,0.227,0.6544040068666461,0.6413900930992822,0.6739248775176919,0.9610318427385367
source,0.228,0.6544997537438815,0.6415496712280078,0.6739248775176919,0.961050150284384
source,0.229,0.6545544876392619,0.6416408943869752,0.6739248775176919,0.9610606117391538
source,0.23,0.654444012997895,0.6416382252559726,0.6736526946107785,0.9610119050339606
source,0.231,0.6544560998895397,0.6416583700753804,0.6736526946107785,0.9609658136924598
source,0.232,0.6545633722936597,0.641655702144305,0.6739248775176919,0.9609171069872666
source,0.233,0.6545907554453569,0.641701340730467,0.6739248775176919,0.9609223377146515
source,0.234,0.6547407106401794,0.6417698107838953,0.6741970604246054,0.9609301838057289
source,0.23500000000000001,0.6547665122634709,0.6418128134893814,0.6741970604246054,0.9608867078279206
source,0.23600000000000002,0.6547512209110995,0.6417873279020955,0.6741970604246054,0.9608353857590348
source,0.23700000000000002,0.6547359273825649,0.6417618386878713,0.6741970604246054,0.9607840636901492
source,0.23800000000000002,0.6549810750319323,0.6418075075609323,0.6747414262384323,0.9607892944175341
source,0.23900000000000002,0.6551721755703059,0.6419445531869462,0.6750136091453457,0.960804986599689
source,0.24,0.6554181724227407,0.6421730926697284,0.6752857920522591,0.9608311402366136
source,0.241,0.6554318901618321,0.6421959555682141,0.6752857920522591,0.9608337556003061
source,0.242,0.65558192240311,0.6422645540324016,0.6755579749591726,0.9608416016913837
source,0.243,0.6556352563701637,0.6423534439774912,0.6755579749591726,0.9608033564409603
source,0.244,0.6557039009871244,0.6424678516724255,0.6755579749591726,0.9608164332594227
source,0.245,0.6555629022979934,0.6424143091284829,0.6752857920522591,0.960665082416458
source,0.246,0.6557267178861707,0.6425058798375026,0.6755579749591726,0.9606755438712278
source,0.247,0.6558477805888752,0.6425261957374011,0.675830157866086,0.960629452529727
source,0.248,0.6559841356248542,0.6425719988594241,0.6761023407729995,0.960634683257112
source,0.249,0.6560391111273945,0.6426636246969912,0.6761023407729995,0.9606451447118819
source,0.25,0.6560360300837131,0.6426584896241889,0.6761023407729995,0.9605477313014954
source,0.251,0.6560635293772358,0.64270432178006,0.6761023407729995,0.9605529620288803
source,0.252,0.6562136588353973,0.6427730822723869,0.6763745236799129,0.9605608081199577
source,0.253,0.6563622674394389,0.6428393080078473,0.6766467065868264,0.9605199475058419
source,0.254,0.6563760258608131,0.6428622387101377,0.6766467065868264,0.9605225628695344
source,0.255,0.6563760258608131,0.6428622387101377,0.6766467065868264,0.9605225628695344
source,0.256,0.6565399425260011,0.642953977880842,0.6769188894937398,0.9605330243243043
source,0.257,0.6565384196073936,0.6429514396831626,0.6769188894937398,0.9604843176191111
source,0.258,0.6563852027603372,0.6428775335426777,0.6766467065868264,0.960379058117647
source,0.259,0.6564264996291276,0.6429463616573284,0.6766467065868264,0.9603869042087245
source,0.26,0.6566455410186433,0.6431299753685789,0.6769188894937398,0.9604078271182643
source,0.261,0.6567144281196896,0.6432447872036561,0.6769188894937398,0.9604209039367266
source,0.262,0.6567419898473424,0.6432907234164108,0.6769188894937398,0.9604261346641116
source,0.263,0.6569059982767387,0.6433826155274623,0.6771910724006532,0.9604365961188814
source,0.264,0.6571774044338541,0.6434720485801035,0.6777354382144801,0.9603983508684582
source,0.265,0.6573414500776524,0.6435640027151585,0.6780076211213936,0.9604088123232281
source,0.266,0.6575745189953554,0.6437709956400542,0.678279804028307,0.9604323505964604
source,0.267,0.6577248084986673,0.6438400228742986,0.6785519869352205,0.9604401966875378
source,0.268,0.6578889172666122,0.6439320822162644,0.6788241698421339,0.9604506581423077
source,0.269,0.6579441686697555,0.6440241678881699,0.6788241698421339,0.9604611195970776
source,0.27,0.6580654013277449,0.6440447670468766,0.6790963527490473,0.9604150282555768
source,0.271,0.6580654013277449,0.6440447670468766,0.6790963527490473,0.9604150282555768
source,0.272,0.6582019109546782,0.6440908278204899,0.6793685356559608,0.9604202589829618
source,0.273,0.6584075428797602,0.6442520924243509,0.6796407185628742,0.9604385665288091
source,0.274,0.6584490257546077,0.6443212305490967,0.6796407185628742,0.9604464126198865
source,0.275,0.6588448031567374,0.6444364937388194,0.6804572672836146,0.9604594894383489
source,0.276,0.6591164675753041,0.6445263572272125,0.6810016330974414,0.9604212441879255
source,0.277,0.6592668635527799,0.6445955619183965,0.6812738160043549,0.9604290902790029
source,0.278,0.6594144326460296,0.6446600551358704,0.6815459989112683,0.9603395229596938
source,0.279,0.6594282814119832,0.6446831364124597,0.6815459989112683,0.9603421383233863
source,0.28,0.6595620266847255,0.6447245899290881,0.6818181818181818,0.9602499556403847
source,0.281,0.6594794519698517,0.6447684206755739,0.6815459989112683,0.9602064796625764
source,0.28200000000000003,0.6594780398883593,0.6447660672064198,0.6815459989112683,0.9601577729573831
source,0.28300000000000003,0.6596700848241625,0.6449046868281496,0.6818181818181818,0.960173465139538
source,0.28400000000000003,0.6596978166963117,0.6449509066150649,0.6818181818181818,0.960178695866923
source,0.28500000000000003,0.6598482951213036,0.6450202487187758,0.6820903647250952,0.9601865419580005
source,0.28600000000000003,0.6600785167540828,0.6450410408975232,0.6826347305389222,0.9601404506164997
source,0.28700000000000003,0.6602151366010465,0.645087285371187,0.6829069134458357,0.9601456813438847
source,0.28800000000000003,0.6602428872639768,0.645133536476071,0.6829069134458357,0.9601509120712696
source,0.289,0.6602706419064954,0.6451797942136019,0.6829069134458357,0.9601561427986545
source,0.29,0.6603122813338739,0.6452491932592327,0.6829069134458357,0.960163988889732
source,0.291,0.6603678145069293,0.6453417485476584,0.6829069134458357,0.9601744503445018
source,0.292,0.6603650609307015,0.6453371592539454,0.6829069134458357,0.9600770369341153
source,0.293,0.6604053570408155,0.6454043194374686,0.6829069134458357,0.9600361763199994
source,0.294,0.6604470393548689,0.6454737899608912,0.6829069134458357,0.9600440224110769
source,0.295,0.6606393040713348,0.6456127758837252,0.6831790963527491,0.9600597145932317
source,0.296,0.6606671092370047,0.6456591178265083,0.6831790963527491,0.9600649453206167
source,0.297,0.6608037915574239,0.645705466422598,0.6834512792596625,0.9600701760480016
source,0.298,0.6608733319221303,0.6458213670304422,0.6834512792596625,0.960083252866464
source,0.299,0.6608872429908871,0.6458445521450368,0.6834512792596625,0.9600858682301565
source,0.3,0.6609150681250764,0.6458909273686856,0.6834512792596625,0.9600910989575414
source,0.301,0.6613099324132062,0.6460046687017418,0.6842678279804029,0.9600554690708105
source,0.302,0.6617200899886221,0.6461438988469413,0.6850843767011432,0.9600711612529653
source,0.303,0.6617313649374277,0.646162690428284,0.6850843767011432,0.9599763632062713
source,0.304,0.6618010270667009,0.6462787939770727,0.6850843767011432,0.9599894400247337
source,0.305,0.6623062068855408,0.6463949392567033,0.686173108328797,0.960002516843196
source,0.306,0.6623048952241102,0.646392753154319,0.686173108328797,0.9599538101380028
source,0.307,0.6624416531804832,0.6464392278103318,0.6864452912357104,0.9599590408653877
source,0.308,0.6624403441494218,0.6464370460918961,0.6864452912357104,0.9599103341601944
source,0.309,0.6624821832304676,0.6465067778936391,0.6864452912357104,0.959918180251272
source,0.31,0.6625744959506553,0.6464791771560096,0.6867174741426239,0.959818151477193
source,0.311,0.6626960138880835,0.6465002517804476,0.6869896570495373,0.9597720601356923
source,0.312,0.6625426679188575,0.6464261304363467,0.6867174741426239,0.9596668006342282
source,0.313,0.6629390606816485,0.6465424192271714,0.6875340228633642,0.9596798774526907
source,0.314,0.6628428432153979,0.646563512054696,0.6872618399564507,0.9596337861111899
source,0.315,0.662717403219311,0.6465359006658269,0.6869896570495373,0.9595337573371108
source,0.316,0.6628011905853932,0.6466755462759639,0.6869896570495373,0.9595494495192657
source,0.317,0.662857068940427,0.6467686768676868,0.6869896570495373,0.9595599109740356
source,0.318,0.6632535590095875,0.6468851278357941,0.6878062057702776,0.959572987792498
source,0.319,0.6631281418303807,0.6468575544750584,0.6875340228633642,0.959472959018419
source,0.32,0.6630319648288034,0.6468787147437052,0.6872618399564507,0.9594268676769182
source,0.321,0.663196770149777,0.6469719350073856,0.6875340228633642,0.959437329131688
source,0.322,0.6632806986195989,0.647111815790422,0.6875340228633642,0.9594530213138429
source,0.323,0.6631985440990655,0.6471563468608087,0.6872618399564507,0.9594095453360346
source,0.324,0.6631947457168702,0.6471500162238165,0.6872618399564507,0.9592634252204548
source,0.325,0.6633176183752274,0.6471733487164696,0.6875340228633642,0.9592660405841473
source,0.326,0.6633736264538701,0.6472666955142073,0.6875340228633642,0.9592765020389171
source,0.327,0.663415643117,0.6473367232860904,0.6875340228633642,0.9592843481299946
source,0.328,0.6634997037238544,0.6474768242975146,0.6875340228633642,0.9593000403121494
source,0.329,0.6636366051752514,0.6475235381119007,0.6878062057702776,0.9593052710395344
source,0.33,0.6637875283549229,0.6475936214734108,0.6880783886771911,0.9593131171306118
source,0.331,0.6638003097899932,0.6476149238651945,0.6880783886771911,0.959267025789111
source,0.332,0.663856400580945,0.6477084085167809,0.6880783886771911,0.959277487243881
source,0.333,0.6638704258090338,0.6477317838969288,0.6880783886771911,0.9592801026075735
source,0.334,0.6639545984409518,0.6478720716167924,0.6880783886771911,0.9592957947897283
source,0.335,0.6640775039206247,0.6478954588116381,0.6883505715841045,0.9592984101534208
source,0.336,0.6641336433206229,0.6479890244783016,0.6883505715841045,0.9593088716081907
source,0.337,0.6641476807042632,0.6480124201177023,0.6883505715841045,0.9593114869718832
source,0.338,0.6642600162749435,0.6481996460688361,0.6883505715841045,0.9593324098814229
source,0.339,0.6643969834737287,0.6482464694622025,0.688622754491018,0.9593376406088079
source,0.34,0.6644098358208987,0.6482678900408193,0.688622754491018,0.9592915492673071
source,0.341,0.6644379389048931,0.6483147285141433,0.688622754491018,0.9592967799946921
source,0.342,0.6643254844879349,0.6483087597571552,0.6883505715841045,0.9591506598791124
source,0.343,0.6644612823725449,0.6483536342935629,0.688622754491018,0.9591071839013039
source,0.34400000000000003,0.6644741533092583,0.6483750858547519,0.688622754491018,0.9590610925598032
source,0.34500000000000003,0.6646252200784784,0.6484454085321764,0.6888949373979314,0.9590689386508806
source,0.34600000000000003,0.6646228480335922,0.6484414551240327,0.6888949373979314,0.9589715252404941
source,0.34700000000000003,0.664824149799297,0.6484140475243227,0.6894393032117583,0.9588714964664151
source,0.34800000000000003,0.6649893150117661,0.6485078676071623,0.6897114861186717,0.958881957921185
source,0.34900000000000003,0.6651404179032664,0.6485782504883872,0.6899836690255852,0.9588898040122624
source,0.35000000000000003,0.6651674011051865,0.6486232224915873,0.6899836690255852,0.9588463280344541
source,0.35100000000000003,0.6651955663980031,0.6486701646462818,0.6899836690255852,0.9588515587618391
source,0.352,0.6652237357678717,0.6487171135960628,0.6899836690255852,0.958856789489224
source,0.353,0.6651277809543998,0.6487386441782185,0.6897114861186717,0.9588106981477232
source,0.354,0.665170050177578,0.6488090928835155,0.6897114861186717,0.9588185442388006
source,0.355,0.6651829797924835,0.6488306422416914,0.6897114861186717,0.9587724528972998
source,0.356,0.6651818173737152,0.6488287048770774,0.6897114861186717,0.9587237461921067
source,0.357,0.6652229495700559,0.6488972585376453,0.6897114861186717,0.9586828855779908
source,0.358,0.665358868943181,0.6489423355549115,0.6899836690255852,0.9586394096001825
source,0.359,0.6655089055146848,0.6490109412361423,0.6902558519324986,0.9585985489860667
source,0.36,0.6655641998054329,0.649103098387389,0.6902558519324986,0.9585603037356434
source,0.361,0.6655924288388132,0.6491501467763563,0.6902558519324986,0.9585655344630283
source,0.362,0.6656488991839604,0.6492442640182682,0.6902558519324986,0.9585759959177982
source,0.363,0.6658001358526792,0.649314869861524,0.690528034839412,0.9585838420088756
source,0.364,0.6658283833093146,0.6493619489559164,0.690528034839412,0.9585890727362605
source,0.365,0.6660361548361377,0.649526779562679,0.6908002177463255,0.9586073802821078
source,0.366,0.6661721780184404,0.6495720295952415,0.6910724006532389,0.9585639043042995
source,0.367,0.6660621887344256,0.649570169393159,0.6908002177463255,0.9585151975991063
source,0.368,0.6661046042573491,0.6496408619313647,0.6908002177463255,0.9585230436901837
source,0.369,0.666147029013416,0.649711569858143,0.6908002177463255,0.9585308897812612
source,0.37,0.666284190477906,0.6497587170276841,0.6910724006532389,0.9585361205086461
source,0.371,0.6661883601326051,0.6497804550567914,0.6908002177463255,0.9584900291671453
source,0.372,0.6660772805032215,0.6497767776124278,0.690528034839412,0.9583926157567588
source,0.373,0.6660903296289438,0.6497985261552982,0.690528034839412,0.958346524415258
source,0.374,0.6662416671159569,0.6498693000290444,0.6908002177463255,0.9583543705063354
source,0.375,0.6661741742088421,0.6499382671217954,0.690528034839412,0.9583135098922195
source,0.376,0.6661730806508547,0.6499364445251498,0.690528034839412,0.9582648031870263
source,0.377,0.6662297385080651,0.6500308742871672,0.690528034839412,0.9582752646417962
source,0.378,0.666272242706471,0.6501017146178437,0.690528034839412,0.9582831107328738
source,0.379,0.6663931222353349,0.6501217252280077,0.6908002177463255,0.9581883126861797
source,0.38,0.6663920400020842,0.6501199215059233,0.6908002177463255,0.9581396059809864
source,0.381,0.6665576220334843,0.6502144362869812,0.6910724006532389,0.9581500674357563
source,0.382,0.6665707268916119,0.6502362777171937,0.6910724006532389,0.9581039760942555
source,0.383,0.6666558363520461,0.6503781268179174,0.6910724006532389,0.9581196682764104
source,0.384,0.6666558363520461,0.6503781268179174,0.6910724006532389,0.9581196682764104
source,0.385,0.6668072781715246,0.6504490745791062,0.6913445835601524,0.9581275143674878
source,0.386,0.6667767685806235,0.6503982252609376,0.6913445835601524,0.9580248702297163
source,0.387,0.666819349391181,0.6504691932785335,0.6913445835601524,0.9580327163207938
source,0.388,0.6669708126579041,0.6505401767851297,0.6916167664670658,0.9580405624118711
source,0.389,0.6672595631502964,0.6506585170632322,0.6921611322808927,0.9580536392303336
source,0.39,0.6675341314116743,0.6507532202896441,0.6927054980947196,0.9580641006851034
source,0.391,0.6676998430535392,0.6508479510881432,0.6929776810016332,0.9580745621398734
source,0.392,0.6676031122006485,0.6508681882712678,0.6927054980947196,0.9579797640931793
source,0.393,0.6675278735752022,0.6507427905621905,0.6927054980947196,0.9577718604539438
source,0.394,0.6675847484003059,0.6508375819373635,0.6927054980947196,0.9577823219087137
source,0.395,0.6678736115623259,0.6509561099981789,0.6932498639085466,0.9577953987271761
source,0.396,0.668038372792054,0.6510492567764501,0.69352204681546,0.9577571534767528
source,0.397,0.6682184170283292,0.6511678752322997,0.6937942297223735,0.9577702302952151
source,0.398,0.6683547522373697,0.6512136453094249,0.6940664126292869,0.9577267543174068
source,0.399,0.66850635128173,0.6512848551120831,0.6943385955362004,0.9577346004084842
source,0.4,0.6685775818528323,0.6514035727305869,0.6943385955362004,0.9577476772269466
source,0.401,0.6687292058243233,0.6514748240784629,0.6946107784431138,0.957755523318024
source,0.402,0.6688808391491123,0.6515460910151691,0.6948829613500273,0.9577633694091015
source,0.403,0.6689236086675043,0.6516173735458225,0.6948829613500273,0.957771215500179
source,0.404,0.66889410357721,0.651568198395332,0.6948829613500273,0.9577172780676007
source,0.405,0.668936880786865,0.6516394937447569,0.6948829613500273,0.9577251241586782
source,0.406,0.6689939316308072,0.6517345784846605,0.6948829613500273,0.957735585613448
source,0.40700000000000003,0.6690367306910505,0.6518059102517328,0.6948829613500273,0.9577434317045255
source,0.40800000000000003,0.6691223569236046,0.6519486206393228,0.6948829613500273,0.9577591238866803
source,0.40900000000000003,0.6693686536594983,0.6519962046565944,0.6954273271638541,0.9577643546140653
source,0.41000000000000003,0.6692730950047692,0.6520183955033214,0.6951551442569407,0.9577182632725645
source,0.41100000000000003,0.6691613337970118,0.6520135820950016,0.6948829613500273,0.9575721431569847
source,0.41200000000000003,0.6692692438562854,0.6520119769225151,0.6951551442569407,0.9575234364517915
source,0.41300000000000003,0.6691879823925363,0.6520579964208757,0.6948829613500273,0.9574799604739832
source,0.41400000000000003,0.6694771845183762,0.6521770894213911,0.6954273271638541,0.9574930372924455
source,0.41500000000000004,0.6693530637669248,0.6521516767735809,0.6951551442569407,0.9574417152235598
source,0.41600000000000004,0.6696995007211628,0.6523661611547596,0.6956995100707676,0.957465253496792
source,0.417,0.6697281101350936,0.6524138435113108,0.6956995100707676,0.957470484224177
source,0.418,0.6697567237315343,0.6524615328387121,0.6956995100707676,0.957475714951562
source,0.419,0.6697691657304347,0.652482269503546,0.6956995100707676,0.9573809169048679
source,0.42,0.6698264219442118,0.6525776965265081,0.6956995100707676,0.9573913783596377
source,0.421,0.6697166214348912,0.6525761509489159,0.6954273271638541,0.9573426716544445
source,0.422,0.6698541320590257,0.6526238800511976,0.6956995100707676,0.9573479023818294
source,0.423,0.6697586562596385,0.6526462089901612,0.6954273271638541,0.9573018110403286
source,0.424,0.6696775098537859,0.6526924202516828,0.6951551442569407,0.9572583350625203
source,0.425,0.6698723578688348,0.6528357116721552,0.6954273271638541,0.9572740272446753
source,0.426,0.6698857811912388,0.6528580838761618,0.6954273271638541,0.9572279359031746
source,0.427,0.6700663418563514,0.6529775630467406,0.6956995100707676,0.9572410127216369
source,0.428,0.670108469596676,0.6530477759472817,0.6956995100707676,0.957200152107521
source,0.429,0.6701802068111704,0.653167337971439,0.6956995100707676,0.9572132289259834
source,0.43,0.6700839074615201,0.6531882943266307,0.6954273271638541,0.9571184308792893
source,0.431,0.6700830187776295,0.6531868131868132,0.6954273271638541,0.9570697241740961
source,0.432,0.6701117323894628,0.6532346692065353,0.6954273271638541,0.957074954901481
source,0.433,0.6701260907732238,0.653258599846137,0.6954273271638541,0.9570775702651735
source,0.434,0.670125206530523,0.6532571261083021,0.6954273271638541,0.9570288635599802
source,0.435,0.670210513053557,0.6533993036466923,0.6954273271638541,0.9569958490369419
source,0.436,0.6700415298435387,0.6532991202346041,0.6951551442569407,0.9568392674665922
source,0.437,0.6699174047907623,0.6532737004179192,0.6948829613500273,0.9567879453977064
source,0.438,0.6696835187336749,0.6532468008653246,0.6943385955362004,0.9566879166236274
source,0.439,0.6696025075484142,0.653293237494499,0.6940664126292869,0.9566444406458191
source,0.44,0.6699065225136258,0.6534370185606339,0.6946107784431138,0.956660132827974
source,0.441,0.6700432898340638,0.6534835088234215,0.6948829613500273,0.9566166568501657
source,0.442,0.6700720618102365,0.6535314621170427,0.6948829613500273,0.9566218875775506
source,0.443,0.6700198838963294,0.6536259541984732,0.6946107784431138,0.9565836423271272
source,0.444,0.6702007343693248,0.6537459163821899,0.6948829613500273,0.9565967191455896
source,0.445,0.6700622102099304,0.6536964980544748,0.6946107784431138,0.9565427817130114
source,0.446,0.6702142807623391,0.6537684937038805,0.6948829613500273,0.9565506278040888
source,0.447,0.6702862975605,0.6538885217008151,0.6948829613500273,0.9565637046225512
source,0.448,0.6703727526316813,0.6540326134861173,0.6948829613500273,0.956579396804706
source,0.449,0.6704159944573662,0.6541046831955923,0.6948829613500273,0.9565872428957836
source,0.45,0.6704448276359224,0.6541527384931859,0.6948829613500273,0.9565924736231685
source,0.451,0.6705232061652473,0.6541019141041184,0.6951551442569407,0.956489829485397
source,0.452,0.670580064464499,0.6541966779362046,0.6951551442569407,0.9564515842349737
source,0.453,0.6704406882154006,0.6541458394589827,0.6948829613500273,0.9563489400972022
source,0.454,0.6702716171891046,0.6540455096864316,0.6946107784431138,0.9561923585268525
source,0.455,0.6702555180836209,0.6540186778439591,0.6946107784431138,0.9560923297527735
source,0.456,0.6703276710654006,0.6541389328135918,0.6946107784431138,0.9561054065712358
source,0.457,0.6704645866291679,0.654185670148595,0.6948829613500273,0.9560619305934275
source,0.458,0.6706312160312048,0.6542819305473808,0.6951551442569407,0.9560723920481975
source,0.459,0.6704118292225616,0.65427919640886,0.6946107784431138,0.9559749786378109
source,0.46,0.6705495931358307,0.6543273476596997,0.6948829613500273,0.9559802093651959
source,0.461,0.670453535124899,0.6543487062460893,0.6946107784431138,0.9558854113185018
source,0.462,0.6707724619439956,0.6545173404020324,0.6951551442569407,0.9559037188643491
source,0.463,0.670844765660209,0.6546378465957212,0.6951551442569407,0.9559167956828115
source,0.464,0.6707342975745216,0.6546351883908512,0.6948829613500273,0.955819382272425
source,0.465,0.670719032269209,0.6546097462153303,0.6948829613500273,0.9557680602035393
source,0.466,0.6706382989988193,0.6546566460359563,0.6946107784431138,0.9557245842257309
source,0.467,0.6707753224227626,0.6547035631379197,0.6948829613500273,0.9556811082479226
source,0.468,0.6707882132883523,0.6547250479139024,0.6948829613500273,0.9555863102012286
source,0.46900000000000003,0.6709405272372229,0.6547974492240776,0.6951551442569407,0.955594156292306
source,0.47000000000000003,0.6707067210513349,0.6547706827901489,0.6946107784431138,0.955494127518227
source,0.47100000000000003,0.6705962686592032,0.654768050741205,0.6943385955362004,0.9553967141078406
source,0.47200000000000003,0.6704850253416554,0.6547641004832344,0.6940664126292869,0.9552505939922608
source,0.47300000000000003,0.670375361777535,0.6547627831476426,0.6937942297223735,0.9552018872870675
source,0.47400000000000003,0.6700972593156787,0.6546621895871001,0.6932498639085466,0.9550453057167179
source,0.47500000000000003,0.6698634215585255,0.6546353705343962,0.6927054980947196,0.9549452769426389
source,0.47600000000000003,0.6699504162921515,0.654780361757106,0.6927054980947196,0.9549609691247938
source,0.47700000000000004,0.6699633423904189,0.6548019052542184,0.6927054980947196,0.9548661710780997
source,0.47800000000000004,0.6700052988906913,0.6548718327546724,0.6927054980947196,0.9547766037587906
source,0.47900000000000004,0.6698803414801984,0.6548450256751265,0.6924333151878062,0.9546765749847115
source,0.48,0.6700618031397501,0.6549660065031038,0.6927054980947196,0.9546896518031739
source,0.481,0.669936850226052,0.6549392069182158,0.6924333151878062,0.9545896230290949
source,0.482,0.6699796470007129,0.6550105348759842,0.6924333151878062,0.9545487624149791
source,0.483,0.6700232336536807,0.6550831792975971,0.6924333151878062,0.9545566085060565
source,0.484,0.6700515290701308,0.6551303383250139,0.6924333151878062,0.9545131325282482
source,0.485,0.6700652975258824,0.6551532857512665,0.6924333151878062,0.9544670411867475
source,0.486,0.670123453678037,0.6552502126715243,0.6924333151878062,0.9544775026415173
source,0.487,0.6701816270406091,0.655347168275811,0.6924333151878062,0.9544879640962873
source,0.488,0.6701663267040301,0.6553216677148459,0.6924333151878062,0.9544366420274015
source,0.489,0.6702383225595987,0.6554416608074604,0.6924333151878062,0.9544010121406705
source,0.49,0.6701723701496521,0.6555131953954917,0.6921611322808927,0.9543601515265547
source,0.491,0.6701417638367269,0.6554621848739497,0.6921611322808927,0.9542575073887833
source,0.492,0.6703234445585349,0.6555835308056872,0.6924333151878062,0.9542705842072456
source,0.493,0.670439992741789,0.6557777777777777,0.6924333151878062,0.9542915071167855
source,0.494,0.6704531171320631,0.6557996517615678,0.6924333151878062,0.9541967090700914
source,0.495,0.6705260161596045,0.6559211501408033,0.6924333151878062,0.9542097858885539
source,0.496,0.6705989422037961,0.6560426935477893,0.6924333151878062,0.9542228627070162
source,0.497,0.6706128234619789,0.6560658289780941,0.6924333151878062,0.9541767713655154
source,0.498,0.6707355819997043,0.6560889712696941,0.6927054980947196,0.9541306800240146
source,0.499,0.67059610609811,0.6560379667049794,0.6924333151878062,0.9540280358862432
source,0.5,0.6704499417673959,0.6561572700296736,0.6918889493739793,0.953943699294319
source,0.501,0.6703535711508337,0.656178107606679,0.6916167664670658,0.9538001945424317
source,0.502,0.6701052016329279,0.6561270689527203,0.6910724006532389,0.9536975504046602
source,0.503,0.6701052016329279,0.6561270689527203,0.6910724006532389,0.9536975504046602
source,0.504,0.6701337225195636,0.6561746037637801,0.6910724006532389,0.9536540744268519
source,0.505,0.6702353543795978,0.6563439901971705,0.6910724006532389,0.953623675267506
source,0.506,0.6699862845047739,0.6562917842816818,0.690528034839412,0.9534723244245413
source,0.507,0.6700447949164483,0.6563893016344725,0.690528034839412,0.9534827858793111
source,0.508,0.6705680857946736,0.6565356320130787,0.6916167664670658,0.9534984780614659
source,0.509,0.6704578572088089,0.65653337297458,0.6913445835601524,0.9534010646510795
source,0.51,0.6704272179022055,0.6564823074635743,0.6913445835601524,0.953298420513308
source,0.511,0.6703812418559147,0.6564056807197562,0.6913445835601524,0.9531444543066508
source,0.512,0.6706708547895739,0.6565254583999702,0.6918889493739793,0.9530601177147267
source,0.513,0.670881642330819,0.6566953156974364,0.6921611322808927,0.9530297185553808
source,0.514,0.670925627281636,0.656768623948798,0.6921611322808927,0.9530375646464582
source,0.515,0.671013626650633,0.6569152895637933,0.6921611322808927,0.953053256828613
source,0.516,0.6710282970333977,0.6569397402017344,0.6921611322808927,0.9530558721923055
source,0.517,0.6710716678336184,0.6570120248687689,0.6921611322808927,0.9530150115781897
source,0.518,0.6712239311765933,0.6570843418357847,0.6924333151878062,0.9529741509640739
source,0.519,0.6711932806391983,0.657033257606793,0.6924333151878062,0.9528715068263024
source,0.52,0.6710537478056413,0.6569821581554737,0.6921611322808927,0.9527688626885309
source,0.521,0.6710677833895765,0.6570055507953657,0.6921611322808927,0.9527227713470301
source,0.522,0.6710610990728131,0.6571758655387023,0.6918889493739793,0.9526923721876841
source,0.523,0.6709503152954455,0.657172681181032,0.6916167664670658,0.9525462520721044
source,0.524,0.6706865484483342,0.657095980311731,0.6910724006532389,0.9523922858654472
source,0.525,0.6705770328378552,0.6570949095655416,0.6908002177463255,0.9523435791602539
source,0.526,0.6708035639095964,0.6572910060805014,0.6910724006532389,0.9523645020697937
source,0.527,0.6709853874372704,0.6574125900220157,0.6913445835601524,0.952328872183063
source,0.528,0.6709829000608624,0.6574084443946691,0.6913445835601524,0.9521340453622897
source,0.529,0.6710559259592564,0.6575301542253258,0.6913445835601524,0.952098415475559
source,0.53,0.6711289955024293,0.6576519367972806,0.6913445835601524,0.9520627855888281
source,0.531,0.6712520041547272,0.6576754959465013,0.6916167664670658,0.9520166942473274
source,0.532,0.6713699772621131,0.6578721177921447,0.6916167664670658,0.9520376171568671
source,0.533,0.6713687938293785,0.6578701454042537,0.6916167664670658,0.9519402037464806
source,0.534,0.671318361353471,0.6579675465490167,0.6913445835601524,0.9519019584960572
source,0.535,0.6714217109063902,0.658139795803882,0.6913445835601524,0.9519202660419045
source,0.536,0.6714949992614783,0.6582619430623621,0.6913445835601524,0.9518846361551736
source,0.537,0.671494433244474,0.6582609997006884,0.6913445835601524,0.9518359294499804
source,0.538,0.6715535496342091,0.6583595270169137,0.6913445835601524,0.9518463909047503
source,0.539,0.6715978985413844,0.6584334418622059,0.6913445835601524,0.9518542369958277
source,0.54,0.6717807086829485,0.6585566701602036,0.6916167664670658,0.9518673138142901
source,0.541,0.6715470763932263,0.6585301935532177,0.6910724006532389,0.951767285040211
source,0.542,0.6712832978151881,0.6584534731323722,0.690528034839412,0.9516133188335538
source,0.543,0.6712182627176415,0.6585265365744035,0.6902558519324986,0.951572458219438
source,0.544,0.6713852556758075,0.6586234029000712,0.690528034839412,0.9514855062638214
source,0.545,0.671596209019574,0.6587935365350729,0.6908002177463255,0.9513576936940891
source,0.546,0.6717643684130823,0.6588923469196445,0.6910724006532389,0.9513681551488589
source,0.547,0.6718385012153911,0.6590159015901591,0.6910724006532389,0.9513812319673213
source,0.548,0.6716197217007884,0.6590141796083727,0.690528034839412,0.9512838185569348
source,0.549,0.6714157782177159,0.6590371843458032,0.6899836690255852,0.9511890205102407
source,0.55,0.6717225669100564,0.659185588290486,0.690528034839412,0.9512047126923955
source,0.551,0.6716126827528035,0.6591839032996734,0.6902558519324986,0.9511072992820091
source,0.552,0.6717958050598919,0.6593076518735451,0.690528034839412,0.9511203761004714
source,0.553,0.6717012893272616,0.6593315809237702,0.6902558519324986,0.9510742847589706
source,0.554,0.6717750926323638,0.6594545864322741,0.6902558519324986,0.9510386548722397
source,0.555,0.6722350481981614,0.6596768132281097,0.6910724006532389,0.9510134864402787
source,0.556,0.6722978695088602,0.6596000601413321,0.6913445835601524,0.9508595202336216
source,0.557,0.6722969130541083,0.659598466050079,0.6913445835601524,0.950762106823235
source,0.558,0.6725099685927682,0.6597721033432364,0.6916167664670658,0.9507804143690823
source,0.559,0.6724150528041393,0.6597953656334637,0.6913445835601524,0.9506856163223882
source,0.56,0.6725044223321804,0.6599443148468658,0.6913445835601524,0.9507013085045432
source,0.561,0.6725640244378339,0.6600436516896215,0.6913445835601524,0.9507117699593131
source,0.562,0.672747425469735,0.6601678648048478,0.6916167664670658,0.9507248467777755
source,0.5630000000000001,0.6725884542181464,0.6602658232614179,0.6910724006532389,0.9506378948221588
source,0.5640000000000001,0.67272274557203,0.6604896421845574,0.6910724006532389,0.9506614330953911
source,0.5650000000000001,0.6729207880979617,0.6606382577898346,0.6913445835601524,0.9506284185723527
source,0.5660000000000001,0.6732427080146401,0.6608118804417473,0.6918889493739793,0.9505980194130068
source,0.5670000000000001,0.6733323940756992,0.6609613572101791,0.6918889493739793,0.9506137115951616
source,0.5680000000000001,0.6733622984465717,0.6610111978283,0.6918889493739793,0.9506189423225466
source,0.5690000000000001,0.6734217435752063,0.6611102730426911,0.6918889493739793,0.9505806970721232
source,0.5700000000000001,0.6732975325655546,0.661084709964547,0.6916167664670658,0.9505293750032375
source,0.5710000000000001,0.6735261222682667,0.6612842375311251,0.6918889493739793,0.9505502979127773
source,0.5720000000000001,0.673461440330269,0.6613578895724044,0.6916167664670658,0.9504607305934681
source,0.5730000000000001,0.6734903220818047,0.6614060258249641,0.6916167664670658,0.9503198412052734
source,0.5740000000000001,0.6734896068889411,0.661404833836858,0.6916167664670658,0.9502224277948869
source,0.5750000000000001,0.673609535235965,0.6616047144152313,0.6916167664670658,0.9502433507044267
source,0.5760000000000001,0.6740108109602494,0.6617291414752116,0.6924333151878062,0.9502077208176958
source,0.577,0.6741155351928362,0.6619036818628562,0.6924333151878062,0.9501773216583498
source,0.578,0.6741602589244873,0.6619782214156079,0.6924333151878062,0.950136461044234
source,0.579,0.6738320430980055,0.6619755608519653,0.6916167664670658,0.9498929275182677
source,0.58,0.6740004043342339,0.6620747076410703,0.6918889493739793,0.9498059755626511
source,0.581,0.67372157178427,0.6619728972670149,0.6913445835601524,0.9496493939923014
source,0.582,0.6738114901320014,0.6621227611799008,0.6913445835601524,0.9496163794692629
source,0.583,0.6739014697876974,0.6622727272727273,0.6913445835601524,0.9495833649462246
source,0.584,0.6738522266500793,0.6623721106479727,0.6910724006532389,0.949496412990608
source,0.585,0.6739119018837367,0.6624715693707354,0.6910724006532389,0.9494094610349912
source,0.586,0.6741896482316905,0.6625715694081068,0.6916167664670658,0.949371215784568
source,0.587,0.6742647608254002,0.6626967570642899,0.6916167664670658,0.9493355858978372
source,0.588,0.6745094118940749,0.6629230535741387,0.6918889493739793,0.9493591241710694
source,0.589,0.6745239960082732,0.6629473604311359,0.6918889493739793,0.9492643261243753
source,0.59,0.674445066744737,0.6629972669298512,0.6916167664670658,0.949220850146567
source,0.591,0.6744901267402169,0.6630723669223176,0.6916167664670658,0.9491799895324512
source,0.592,0.6747198790279814,0.6632738321306494,0.6918889493739793,0.9492009124419909
source,0.593,0.6747498817438937,0.66332383665717,0.6918889493739793,0.9491574364641826
source,0.594,0.6746710226962488,0.6633738601823708,0.6916167664670658,0.9491139604863743
source,0.595,0.674809699542842,0.6634235329887505,0.6918889493739793,0.9490217778033727
source,0.596,0.6749784496422708,0.6635233278831896,0.6921611322808927,0.9488861191425629
source,0.597,0.6750690934600939,0.6636744009128946,0.6921611322808927,0.9488531046195245
source,0.598,0.6751294911500012,0.6637750637294069,0.6921611322808927,0.9488148593691011
source,0.599,0.6755622095600382,0.6639518952656416,0.6929776810016332,0.9488331669149486
source,0.6,0.6755288011796354,0.6640776699029126,0.6927054980947196,0.9487488303230243
source,0.601,0.6755891502948294,0.6641782517615692,0.6927054980947196,0.9486618783674077
source,0.602,0.6753862450489008,0.6642029868942394,0.6921611322808927,0.9485670803207136
source,0.603,0.6752618480878152,0.6641771138970393,0.6918889493739793,0.9484670515466347
source,0.604,0.6756185056987226,0.6642271774347246,0.6927054980947196,0.9483748688636331
source,0.605,0.6755396889835756,0.6642772715140886,0.6924333151878062,0.9482826861806315
source,0.606,0.6754937653673738,0.6642007321537523,0.6924333151878062,0.9481774266791676
source,0.607,0.6755849669325487,0.664352734762377,0.6924333151878062,0.9481931188613224
source,0.608,0.6756302759778277,0.664428249837842,0.6924333151878062,0.9481035515420133
source,0.609,0.6757367792466361,0.6646057552858561,0.6924333151878062,0.9481218590878606
source,0.61,0.6755971806014937,0.6645545461485609,0.6921611322808927,0.9480192149500892
source,0.611,0.6756122577531603,0.6645796747346719,0.6921611322808927,0.9479731236085884
source,0.612,0.6755967450960984,0.6645538203062354,0.6921611322808927,0.9478730948345094
source,0.613,0.6755028106715992,0.6645787182033458,0.6918889493739793,0.9477782967878154
source,0.614,0.6754394938728898,0.6646546454767726,0.6916167664670658,0.9477374361736995
source,0.615,0.6751142268387846,0.664475444295815,0.6910724006532389,0.9474268883966926
source,0.616,0.6752686717588597,0.6645513972246646,0.6913445835601524,0.9473860277825769
source,0.617,0.6754382473723248,0.6646525679758309,0.6916167664670658,0.9472990758269603
source,0.618,0.6755142557489657,0.6647792486035656,0.6916167664670658,0.9472147392350361
source,0.619,0.6754356520233721,0.6648296976655186,0.6913445835601524,0.9471225565520345
source,0.62,0.6753265257183465,0.6648292757617515,0.6910724006532389,0.9470251431416481
source,0.621,0.6751388278767836,0.6648793565683647,0.690528034839412,0.9468355470482599
source,0.622,0.675153985712368,0.6649046196276719,0.690528034839412,0.9467894557067591
source,0.623,0.6752779015741806,0.6649296907927507,0.6908002177463255,0.946694657660065
source,0.624,0.6752621294168375,0.6649034038638455,0.6908002177463255,0.9464972154755996
source,0.625,0.6751836065738016,0.6649539877300613,0.690528034839412,0.9464050327925979
source,0.626,0.67535334754277,0.665055434073733,0.6908002177463255,0.9462693741317881
source,0.627,0.6752289408945554,0.6650295449313177,0.690528034839412,0.9461693453577091
source,0.628,0.6745613667769355,0.6648241977583293,0.6891671203048448,0.9458561822170097
source,0.629,0.6744983112872076,0.6649005605467251,0.6888949373979314,0.9458153216028939
source,0.63,0.6745440332608201,0.6649767638360794,0.6888949373979314,0.9457257542835849
source,0.631,0.674637227314377,0.6649506319873986,0.6891671203048448,0.9455770188043127
source,0.632,0.6746983251195167,0.6650524616626312,0.6891671203048448,0.945490066848696
source,0.633,0.6750080085189796,0.6652056901191848,0.6897114861186717,0.9454570523256576
source,0.634,0.6748835851570356,0.6651797731205538,0.6894393032117583,0.9453570235515786
source,0.635,0.6750538571681333,0.6652821045344409,0.6897114861186717,0.9453674850063485
source,0.636,0.6749141828231648,0.6652307692307692,0.6894393032117583,0.9453135475737703
source,0.637,0.6748819912428983,0.6653585718682673,0.6891671203048448,0.9452779176870394
source,0.638,0.6750521434231068,0.6654607035640058,0.6894393032117583,0.9451909657314228
source,0.639,0.6750521434231068,0.6654607035640058,0.6894393032117583,0.9451909657314228
source,0.64,0.6750046729535067,0.665563041385948,0.6891671203048448,0.9451527204809994
source,0.641,0.6748801133045739,0.6655368972423354,0.6888949373979314,0.9449552782965339
source,0.642,0.6751438584451732,0.6656135619341166,0.6894393032117583,0.9448657109772247
source,0.643,0.6751591747161704,0.6656390890524451,0.6894393032117583,0.944819619635724
source,0.644,0.6750808127284845,0.6656899410109111,0.6891671203048448,0.9446300235423359
source,0.645,0.6751423591130679,0.66579251831855,0.6891671203048448,0.9445917782919125
source,0.646,0.6751885268752167,0.665869464588798,0.6891671203048448,0.9445509176777968
source,0.647,0.6750485977885312,0.6658177047155978,0.6888949373979314,0.9443508601296388
source,0.648,0.6751718745730722,0.666023166023166,0.6888949373979314,0.9442743696287921
source,0.649,0.6751092153493793,0.6661001892549535,0.688622754491018,0.944184802309483
source,0.65,0.6751400186143959,0.6661515280299811,0.688622754491018,0.9440926196264814
source,0.651,0.6752017683600182,0.6662544442726851,0.688622754491018,0.944054374376058
source,0.652,0.6752017396814611,0.6662543964750899,0.688622754491018,0.9440056676708648
source,0.653,0.6750927517379302,0.6662542051738138,0.6883505715841045,0.9438108408500917
source,0.654,0.6752325176379914,0.666305693069307,0.688622754491018,0.9437673648722834
source,0.655,0.6745023214956588,0.6659959758551308,0.6872618399564507,0.9433463268664277
source,0.656,0.674377889988049,0.66597004528039,0.6869896570495373,0.9432462980923486
source,0.657,0.674579570496574,0.6661247241899896,0.6872618399564507,0.9432619902745034
source,0.658,0.674579381578676,0.6661244093268263,0.6872618399564507,0.9430184567485371
source,0.659,0.6747342462119665,0.666382517048977,0.6872618399564507,0.943044610385462
source,0.66,0.6747652173219594,0.6664341355656319,0.6872618399564507,0.9430011344076537
source,0.661,0.6745474385464553,0.6664340814823428,0.6867174741426239,0.942903720997267
source,0.662,0.6746873146515653,0.6664857530529172,0.6869896570495373,0.9429089517246521
source,0.663,0.6748581972972981,0.6665891021911964,0.6872618399564507,0.9428219997690355
source,0.664,0.6751690372429342,0.6667442582247052,0.6878062057702776,0.942788985245997
source,0.665,0.6752156030158284,0.6668218678461956,0.6878062057702776,0.9427968313370745
source,0.666,0.6753710690580228,0.6668995226452439,0.6880783886771911,0.9427559707229587
source,0.667,0.675355598365736,0.6668737381580991,0.6880783886771911,0.9425585285384931
source,0.668,0.6754022093519776,0.6669514231351686,0.6880783886771911,0.9425663746295705
source,0.669,0.6753711322168099,0.6670810831811648,0.6878062057702776,0.9424333313324531
source,0.67,0.6753867447051265,0.6671071039950257,0.6878062057702776,0.9423385332857591
source,0.671,0.6751846520077727,0.6671331933753207,0.6872618399564507,0.9421950285338718
source,0.672,0.6749514370397982,0.6671074123045811,0.6867174741426239,0.9420462930545996
source,0.673,0.6748115159574654,0.6670556657719687,0.6864452912357104,0.9418949422116348
source,0.674,0.6746870997796806,0.6670297607469363,0.686173108328797,0.9418436201427491
source,0.675,0.6746094555583385,0.6670818089826418,0.6859009254218835,0.9417027307545542
source,0.676,0.674500669674861,0.6670819544481215,0.6856287425149701,0.9415566106389746
source,0.677,0.6744542109902529,0.6671859785783837,0.6853565596080566,0.9414696586833579
source,0.678,0.6746099897776827,0.6672641546194911,0.6856287425149701,0.9413313846588556
source,0.679,0.674283496056711,0.6672643642316987,0.6848121937942298,0.9411852645432757
source,0.68,0.6741903609295639,0.6672905942910622,0.6845400108873163,0.9410417597913885
source,0.681,0.6738167264099989,0.6670307806343385,0.6839956450734894,0.9406746592181109
source,0.682,0.6736922879413924,0.6670048384579367,0.683723462166576,0.9405746304440319
source,0.683,0.6735366092648407,0.6669268292682927,0.6834512792596625,0.940469370942568
source,0.684,0.6735834860588359,0.6670049572582848,0.6834512792596625,0.9404285103284521
source,0.685,0.6736304140857471,0.6670831706364702,0.6834512792596625,0.940338943009143
source,0.686,0.6735528336201857,0.6671353251318102,0.6831790963527491,0.9402954670313347
source,0.687,0.6736936289290965,0.6673699839799946,0.6831790963527491,0.9402702985993737
source,0.6880000000000001,0.6736005047670626,0.6673962323145471,0.6829069134458357,0.9401755005526797
source,0.6890000000000001,0.6736475759503325,0.6674746842866638,0.6829069134458357,0.9400859332333706
source,0.6900000000000001,0.6737416818657194,0.6676315274789751,0.6829069134458357,0.9400042120051388
source,0.6910000000000001,0.6736955699681317,0.6677361295876048,0.6826347305389222,0.9399659667547156
source,0.6920000000000001,0.6735868474811064,0.6677363807138383,0.6823625476320088,0.939868553344329
source,0.6930000000000001,0.6736183670014411,0.6677889132477294,0.6823625476320088,0.9397763706613275
source,0.6940000000000001,0.6737281964033145,0.6679719622508516,0.6823625476320088,0.9397946782071748
source,0.6950000000000001,0.6738841577438841,0.6680504425471919,0.6826347305389222,0.9398025242982522
source,0.6960000000000001,0.6741029463631738,0.6682336349747326,0.6829069134458357,0.9398208318440995
source,0.6970000000000001,0.6741345902931037,0.6682863748579491,0.6829069134458357,0.939728649161098
source,0.6980000000000001,0.673621074914736,0.6681563369791055,0.6818181818181818,0.9394720388166693
source,0.6990000000000001,0.6736841729978715,0.6682615004509981,0.6818181818181818,0.9393850868610527
source,0.7000000000000001,0.6739649468732962,0.6683665463674878,0.6823625476320088,0.9393468416106293
source,0.7010000000000001,0.6738249628411858,0.6683146949185795,0.6820903647250952,0.9391954907676646
source,0.7020000000000001,0.6738410526613825,0.6683415112855742,0.6820903647250952,0.9390519860157773
source,0.7030000000000001,0.6738727815361683,0.6683943927435504,0.6820903647250952,0.9389598033327757
source,0.704,0.6738887774689855,0.668421052631579,0.6820903647250952,0.9388650052860816
source,0.705,0.6740768275885263,0.6685530142262046,0.6823625476320088,0.9387319619889642
source,0.706,0.6740929982948227,0.6685799654033653,0.6823625476320088,0.938588457237077
source,0.707,0.6740932691511126,0.6685804168305152,0.6823625476320088,0.9384910438266905
source,0.708,0.6740796528946028,0.6687391783409412,0.6820903647250952,0.9383119091880723
source,0.709,0.6741429752543364,0.668844715607164,0.6820903647250952,0.938273663937649
source,0.71,0.674159084704118,0.6688715646901332,0.6820903647250952,0.9381788658909549
source,0.711,0.6741595536650589,0.6688723462917012,0.6820903647250952,0.9380327457753751
source,0.712,0.6741755195358918,0.668898956076423,0.6820903647250952,0.9379866544338743
source,0.713,0.6741761529841933,0.668900011823592,0.6820903647250952,0.9377918276131012
source,0.714,0.674036111330127,0.6688480643380904,0.6818181818181818,0.9376404767701365
source,0.715,0.6739277027155111,0.6688488385850061,0.6815459989112683,0.9374943566545568
source,0.716,0.6741000537923615,0.6689546351084813,0.6818181818181818,0.9374561114041334
source,0.717,0.6738829576117822,0.6689557186834004,0.6812738160043549,0.9372612845833603
source,0.718,0.6737134125842079,0.6690360541799945,0.680729450190528,0.9370743038536649
source,0.719,0.673604707861313,0.6690363349131121,0.6804572672836146,0.9370255971484716
source,0.72,0.67361926614946,0.6688791434554147,0.680729450190528,0.9367663714403505
source,0.721,0.6736828644897426,0.6689851406892191,0.680729450190528,0.936728126189927
source,0.722,0.6735429132390567,0.668933343876018,0.6804572672836146,0.936528068641769
source,0.723,0.6738401849956799,0.6690658862611721,0.6810016330974414,0.9364924387550382
source,0.724,0.673652593399523,0.6689346888721864,0.680729450190528,0.9362845351158027
source,0.725,0.6736848464051648,0.6689884438815894,0.680729450190528,0.9361436457276079
source,0.726,0.6736398710436224,0.6690949402169609,0.6804572672836146,0.9360566937719913
source,0.727,0.6734385446183333,0.6691223067173638,0.6799129014697877,0.935913189020104
source,0.728,0.6733461043678552,0.6691496949045092,0.6796407185628742,0.9357696842682166
source,0.729,0.6732536771448958,0.6691771048041858,0.6793685356559608,0.9356261795163294
source,0.73,0.6730044538550266,0.6691246431969552,0.6788241698421339,0.9355235353785579
source,0.731,0.6727713124742669,0.6690989847715736,0.678279804028307,0.9353747998992856
source,0.732,0.6727559076475018,0.6690733100602982,0.678279804028307,0.9352260644200134
source,0.733,0.6728197982828835,0.6691797944526011,0.678279804028307,0.93518781916959
source,0.734,0.6726797663239892,0.6691278631257196,0.6780076211213936,0.934987761621432
source,0.735,0.672571420937448,0.6691287427527599,0.6777354382144801,0.9348416415058522
source,0.736,0.6724790253075175,0.6691562053074845,0.6774632553075667,0.934698136753965
source,0.737,0.6723706864017429,0.6691570957358026,0.6771910724006532,0.9345520166383852
source,0.738,0.6714822732371759,0.6689465940271205,0.6752857920522591,0.9341414400872994
source,0.739,0.6715780613020301,0.6691062408018775,0.6752857920522591,0.9341571322694542
source,0.74,0.6713610139670589,0.6691074057861435,0.6747414262384323,0.9339623054486812
source,0.741,0.6716908127005167,0.669294159799355,0.6752857920522591,0.9339319062893352
source,0.742,0.6715508909615717,0.669242412172389,0.6750136091453457,0.9336831420359839
source,0.743,0.6711771903131434,0.6691639435721687,0.6741970604246054,0.9334317624189402
source,0.744,0.6712413864530965,0.6692709371387572,0.6741970604246054,0.9333935171685168
source,0.745,0.6711651017488218,0.6693252512362419,0.6739248775176919,0.9332526277803221
source,0.746,0.670993277987955,0.6692203335727396,0.6736526946107785,0.9329499260943925
source,0.747,0.6703698638529125,0.6690885863707134,0.6722917800762113,0.9326446090447706
source,0.748,0.6704026317428872,0.6691431995206711,0.6722917800762113,0.9324550129513827
source,0.749,0.6707011423414675,0.6692778066424203,0.6728361458900382,0.9323219696542652
source,0.75,0.6706729262568244,0.6694122351059576,0.6725639629831247,0.932237633062341
source,0.751,0.6705483856957515,0.669386122775445,0.6722917800762113,0.9321376042882621
source,0.752,0.669797372235391,0.6690417100312225,0.6709308655416439,0.9315191240979408
source,0.753,0.6697819813934627,0.6690160586280086,0.6709308655416439,0.9313216819134753
source,0.754,0.6697379501754566,0.6691241285359405,0.6706586826347305,0.9311860232526654
source,0.755,0.6697865801924549,0.6692051785642711,0.6706586826347305,0.9310964559333563
source,0.756,0.6697426653386727,0.6693134424125763,0.670386499727817,0.9309607972725464
source,0.757,0.6695864104067437,0.6692344727973037,0.6701143168209036,0.9307094176555026
source,0.758,0.6694945860210322,0.6692628874257267,0.6698421339139902,0.9304684994932289
source,0.759,0.6691648903725955,0.6690763052208836,0.6692977681001633,0.9302066584214153
source,0.76,0.6689317116718974,0.6690505845956045,0.6687534022863364,0.9300092162369498
source,0.761,0.6688559808363623,0.6691058218076552,0.668481219379423,0.9297709134383684
source,0.762,0.668888446250985,0.6691599308320264,0.668481219379423,0.9297274374605601
source,0.763,0.6688766631045722,0.6693217475259474,0.6682090364725095,0.9296944229375217
source,0.764,0.669098862510301,0.6695106245975531,0.668481219379423,0.9296640237781757
source,0.765,0.6686123222927107,0.6692440900487294,0.6676646706586826,0.9291995097945116
source,0.766,0.6684880184689591,0.669218372280419,0.6673924877517692,0.9290020676100461
source,0.767,0.6680815789018058,0.6690853388156569,0.6665759390310289,0.9286967505604242
source,0.768,0.6680982951188034,0.6691131991773197,0.6665759390310289,0.9285532458085368
source,0.769,0.6681634372979726,0.669221769475935,0.6665759390310289,0.9284662938529202
source,0.77,0.6681803877218812,0.6692500201824494,0.6665759390310289,0.9282740823958398
source,0.771,0.6679193955134037,0.6693593989821472,0.6657593903102885,0.9280897170298366
source,0.772,0.6677788493424718,0.6693066106352029,0.6654872074033751,0.9278896594816786
source,0.773,0.6678602022822877,0.6694421988682295,0.6654872074033751,0.9278540295949478
source,0.774,0.6679255744292029,0.6695511524464214,0.6654872074033751,0.9277670776393311
source,0.775,0.667877867021549,0.6694716401003317,0.6654872074033751,0.9275156980222874
source,0.776,0.6678945308914217,0.6694994132167861,0.6654872074033751,0.9274208999755933
source,0.777,0.6678838718005282,0.6696631033365728,0.6652150244964616,0.9272904720421684
source,0.778,0.6678242626535614,0.6697452100295702,0.6649428415895482,0.9272009047228593
source,0.779,0.6674987661747604,0.6697470817120622,0.6641262928688079,0.926957371196893
source,0.78,0.6675967523987092,0.66991039208531,0.6641262928688079,0.9269243566738545
source,0.781,0.6673910173878481,0.6697489556718174,0.6638541099618944,0.9267138376709267
source,0.782,0.6674727568088075,0.6698851880400828,0.6638541099618944,0.9266782077841957
source,0.783,0.6672230941530182,0.6698319941563186,0.6633097441480675,0.926526856941231
source,0.784,0.6670661997491715,0.6697519587545163,0.6630375612411541,0.9263241840293807
source,0.785,0.6669745510087571,0.6697806661251015,0.6627653783342407,0.9261319725723001
source,0.786,0.666882231047109,0.6698082547936303,0.6624931954273272,0.9260858812307993
source,0.787,0.6670131286078339,0.6700264173948384,0.6624931954273272,0.9260580974351458
source,0.788,0.6669269208156294,0.6702456482837156,0.6619488296135003,0.9259329002291059
source,0.789,0.6667268514485687,0.6702751098811656,0.6614044637996733,0.9256919820668321
source,0.79,0.6671086169058666,0.6705484751007776,0.6619488296135003,0.9256694289985635
source,0.791,0.6672836145890038,0.6706586826347305,0.6622210125204138,0.9255824770429469
source,0.792,0.6673169939002237,0.670714314820097,0.6622210125204138,0.9254902943599453
source,0.793,0.6670028775524057,0.6705536981162848,0.6616766467065869,0.9251336552414376
source,0.794,0.666867760409317,0.670691413420355,0.6611322808927599,0.9250493186495135
source,0.795,0.6668035489878581,0.6705843943845902,0.6611322808927599,0.9247953236687774
source,0.796,0.6667615498117839,0.6706958510290756,0.6608600979858464,0.9246109583027742
source,0.797,0.6669209383449273,0.670780043313039,0.6611322808927599,0.9244239775730786
source,0.798,0.6666879499413108,0.6707546398495625,0.660587915078933,0.9242265353886131
source,0.799,0.6666885517038008,0.6707556427870461,0.660587915078933,0.9241291219782266
source,0.8,0.6664235085840194,0.6706768147966283,0.6600435492651061,0.9237803289507963
source,0.801,0.666174581250465,0.6706248464499223,0.6594991834512792,0.9234828579922518
source,0.802,0.6659088422536701,0.6705448586644819,0.6589548176374523,0.923231478375208
source,0.803,0.6658178927870257,0.6705747314913504,0.6586826347305389,0.9229905602129342
source,0.804,0.665552366510858,0.6704950982402887,0.658138268916712,0.9226904738906974
source,0.805,0.6655702934058672,0.6705249763986373,0.658138268916712,0.9224495557284236
source,0.806,0.6653315085403633,0.6703084568940731,0.6578660860097986,0.9220389791773376
source,0.807,0.6649902428352188,0.6702840465326593,0.6570495372890582,0.9216954168772924
source,0.808,0.6651730464950036,0.6705887192989674,0.6570495372890582,0.9215780657623298
source,0.809,0.6651153223366613,0.6706739676396722,0.6567773543821448,0.9213423783274409
source,0.81,0.6648662024721919,0.6706216784081078,0.6562329885683179,0.9210449073688964
source,0.811,0.6649596648311279,0.670595993735059,0.6565051714752314,0.920847465184431
source,0.812,0.6647934638016271,0.6706819025617754,0.6559608056614045,0.9205630710443488
source,0.8130000000000001,0.6644520224592247,0.6706571994715984,0.6551442569406641,0.9202682154494968
source,0.8140000000000001,0.664518783835026,0.6707684684312674,0.6551442569406641,0.9202299701990733
source,0.8150000000000001,0.6645206144668314,0.6707715194842762,0.6551442569406641,0.9199377299679138
source,0.8160000000000001,0.6646216993024638,0.6709399942103303,0.6551442569406641,0.9197585953292957
source,0.8170000000000001,0.6650563305418957,0.6713014690668322,0.655688622754491,0.9197438883521045
source,0.8180000000000001,0.6649233645287917,0.6714427695875435,0.6551442569406641,0.9195621383497938
source,0.8190000000000001,0.6649915665256441,0.6715564395822974,0.6551442569406641,0.9193777729837908
source,0.8200000000000001,0.6645509049757157,0.6713663694795771,0.6543277082199238,0.9189698117963974
source,0.8210000000000001,0.6644939368961715,0.6714528779516122,0.6540555253130104,0.9187341243615085
source,0.8220000000000001,0.6644701475936681,0.6715946843853821,0.6537833424060969,0.9185523743591978
source,0.8230000000000001,0.6641872770385034,0.671486144002659,0.65323897659227,0.9182983793784616
source,0.8240000000000001,0.6638872508820168,0.6717119214936171,0.6521502449646163,0.9181244754672284
source,0.8250000000000001,0.6633135683926727,0.6713001498252039,0.6513336962438759,0.9175007645495221
source,0.8260000000000001,0.6631485933618213,0.6713881019830028,0.6507893304300489,0.9171676637042467
source,0.8270000000000001,0.6632011093141619,0.6714756285702372,0.6507893304300489,0.9168832695641647
source,0.8280000000000001,0.6630191559837838,0.6715352835621583,0.650244964616222,0.9165962600603901
source,0.8290000000000001,0.6628956523980807,0.6715108995239288,0.6499727817093086,0.916301404465538
source,0.8300000000000001,0.6625794395686728,0.6713467886841336,0.6494284158954817,0.9159447653470303
source,0.8310000000000001,0.6626482218881948,0.6714614258833368,0.6494284158954817,0.9157603999810272
source,0.8320000000000001,0.6625576484125639,0.6714919253618944,0.6491562329885683,0.9155681885239466
source,0.833,0.6623006978277342,0.671608040201005,0.648339684267828,0.915286409747557
source,0.834,0.6617916880103201,0.6713040563191417,0.6475231355470876,0.9148192804002004
source,0.835,0.6613671984889282,0.6711409395973155,0.6467065868263473,0.9143165211661131
source,0.836,0.6600961158963117,0.6704741107798262,0.6445291235710398,0.9134257384492082
source,0.837,0.6595715473434596,0.6705071062147843,0.6431682090364725,0.9129412867609681
source,0.838,0.6596168402560754,0.6707640496737529,0.6428960261295591,0.9126725848030408
source,0.839,0.658831929188939,0.6705445961895127,0.6412629286880784,0.9120184747259885
source,0.84,0.6587414982449783,0.6705753332208538,0.640990745781165,0.9117775565637147
source,0.841,0.6586274626439188,0.6707481844283061,0.640446379967338,0.9115010085147102
source,0.842,0.6584452777110938,0.6708074534161491,0.6399020141535111,0.9112627057161288
source,0.843,0.65827023038897,0.6706971631505517,0.6396298312465977,0.9109600040301993
source,0.844,0.6579527814766835,0.6705309921726252,0.6390854654327708,0.9105546582064983
source,0.845,0.6576759416882143,0.6702510477964524,0.6388132825258573,0.9101388509280275
source,0.846,0.657888423461244,0.6704237288135594,0.6390854654327708,0.9099110095842161
source,0.847,0.6574273784455278,0.6701996862678593,0.6382689167120305,0.9095491397383235
source,0.848,0.6569937747890762,0.6702028345922091,0.6371801850843767,0.9092081928019706
source,0.849,0.656428122561938,0.6703488125079661,0.635547087642896,0.908831615978887
source,0.85,0.656514460615123,0.6704927092632742,0.635547087642896,0.9086985726817696
source,0.851,0.6561211491687602,0.6703815559998298,0.6347305389221557,0.9083958709958401
source,0.852,0.6557454325928277,0.6702997275204359,0.6339139902014154,0.9079983712632166
source,0.853,0.6553018868301015,0.6701048503963857,0.633097441480675,0.9074442899602435
source,0.854,0.654841425432257,0.6698817805471384,0.6322808927599347,0.9067901798831912
source,0.855,0.6541624029794575,0.6696573528155174,0.6309199782253675,0.9062334832165256
source,0.856,0.6539931035511914,0.6693751871017406,0.6309199782253675,0.905671555822475
source,0.857,0.6540576792784607,0.669664268585132,0.630647795318454,0.905356762523047
source,0.858,0.653646808843517,0.6695238503407193,0.6298312465977136,0.9049540320630385
source,0.859,0.6530869745241002,0.6694980694980694,0.6284703320631464,0.9045617630578
source,0.86,0.6523556646147304,0.6691864960054977,0.6271094175285792,0.9038998068896703
source,0.861,0.6518825373559184,0.6693052269305226,0.625748502994012,0.9033744945873143
source,0.862,0.6517804361999727,0.6691350583372799,0.625748502994012,0.9029691487636136
source,0.863,0.6514026592565602,0.6685054300982589,0.625748502994012,0.90218101018448
source,0.864,0.6512499650023704,0.6687953054884364,0.6249319542732716,0.9019149235902453
source,0.865,0.6504997364708847,0.6684522009590048,0.6235710397387044,0.9012503520584233
source,0.866,0.6500308059636729,0.6683964711987544,0.6224823081110507,0.9008067609842989
source,0.867,0.6496313956028859,0.6684566083492118,0.6213935764833969,0.9003249246597513
source,0.868,0.6491674573909998,0.6682277438098954,0.6205770277626566,0.8996708145826992
source,0.869,0.6490203152462537,0.6683454174445362,0.6200326619488297,0.8992916223959231
source,0.87,0.6491434012720108,0.6685505608207981,0.6200326619488297,0.8989202763002242
source,0.871,0.6488352703565098,0.6685813751087901,0.6192161132280892,0.8985819447275639
source,0.872,0.6478696982764784,0.6680608199363917,0.6175830157866086,0.8978042676032005
source,0.873,0.6466991848195578,0.6677430616163379,0.6151333696243876,0.896996191319491
source,0.874,0.646398920830752,0.6674240769062706,0.6148611867174741,0.8962855284461683
source,0.875,0.6459503281852634,0.6672207883109498,0.6140446379967338,0.8957314471431951
source,0.876,0.6455328093673272,0.6672507446994917,0.61295590636908,0.8952469954549549
source,0.877,0.6453682135022065,0.6673393288001754,0.6124115405552532,0.8947677744940998
source,0.878,0.6442517336867767,0.6669301712779974,0.6102340772999456,0.8940979722348927
source,0.879,0.6437955488602194,0.6670771395901134,0.6088731627653783,0.8936726887066158
source,0.88,0.6431251010194268,0.6670484581497796,0.6072400653238976,0.893036886175411
source,0.881,0.6426899418695506,0.6670490139850884,0.6061513336962439,0.8925011124182851
source,0.882,0.6423255269078603,0.6671674768007071,0.6050626020685901,0.8919758001159291
source,0.883,0.641963884572482,0.6671091053889036,0.6042460533478498,0.8914835023366117
source,0.884,0.6411338073459304,0.6668143749723047,0.6026129559063691,0.890726748121788
source,0.885,0.6410583418984733,0.6670515097690941,0.6020685900925422,0.8901144838638155
source,0.886,0.6407142637205459,0.6670224119530418,0.6012520413718019,0.8895760947429971
source,0.887,0.6400078767973488,0.6669338320420339,0.5996189439303212,0.8890324748947939
source,0.888,0.6400259578789427,0.6669639671780235,0.5996189439303212,0.8884993165013605
source,0.889,0.6392300640454536,0.6667262090831956,0.5979858464888405,0.8878452064243083
source,0.89,0.6386350985471614,0.6662789657332022,0.5971692977681001,0.8869292552754424
source,0.891,0.637478001283568,0.6656206571928094,0.595264017419706,0.8857514630547632
source,0.892,0.6368430760658559,0.6654697248530005,0.5939031028851388,0.8852026124791749
source,0.893,0.6357910157098525,0.6651679330965333,0.5917256396298313,0.884397151559158
source,0.894,0.6353000232774304,0.6650754334609322,0.5906369080021775,0.8837561183005682
source,0.895,0.6349349935365003,0.6651928716444846,0.5895481763745237,0.8831820992930189
source,0.896,0.633662955460652,0.6648873608974939,0.5868263473053892,0.8820356914366493
source,0.897,0.6328624314052189,0.6646418857660924,0.5851932498639085,0.8811380478336308
source,0.898,0.6312445950052601,0.6639414997501931,0.5821992378878607,0.8800063469544521
source,0.899,0.6305696346696686,0.6633609316713676,0.5813826891671203,0.8790799343508164
source,0.9,0.6287112707310578,0.6626225769669327,0.5778443113772455,0.8777020845819791
source,0.901,0.6272501479968897,0.661639014580191,0.5756668481219379,0.8763520186087952
source,0.902,0.6256601997504522,0.6609851088201603,0.57267283614589,0.8750794283414216
source,0.903,0.6245985539651744,0.6608487966195112,0.570223189983669,0.8741435394879798
source,0.904,0.6235322023103343,0.660341730760374,0.568317909635275,0.8728840260390688
source,0.905,0.6228492800347429,0.6601108033240998,0.5669569951007076,0.8718915843893562
source,0.906,0.6215752685888226,0.6590761825418864,0.565323897659227,0.8703927829369
source,0.907,0.6201935541418901,0.658406422571813,0.562874251497006,0.8690714859643334
source,0.908,0.6190422546229548,0.6575763216679077,0.5612411540555253,0.8675909920577245
source,0.909,0.6186364914563638,0.6570815049948651,0.5609689711486119,0.8662366805621193
source,0.91,0.6174710273770588,0.6565907070328951,0.5587915078933043,0.8651259025924805
source,0.911,0.6163938577876121,0.6562470665540224,0.5566140446379967,0.8638820813257243
source,0.912,0.6154048579452303,0.6558689203823155,0.5547087642896026,0.8625869379900823
source,0.913,0.6136423591434492,0.6551088856346545,0.5514425694066413,0.8610168767641644
source,0.914,0.6108577666851269,0.6535526378158032,0.5468154599891126,0.8589430710991952
source,0.915,0.6088855761280786,0.6526245720806391,0.5432770821992379,0.857359933054815
source,0.916,0.6070422739702054,0.6513669545302734,0.5405552531301034,0.8554584011423503
source,0.917,0.6057508899690501,0.6510292005744376,0.537833424060969,0.8541684885340932
source,0.918,0.603864950228403,0.6502448861999424,0.5342950462710941,0.8526958407185619
source,0.919,0.6024056299230673,0.6494457831325302,0.5318454001088732,0.8510283660822573
source,0.92,0.5994355928839152,0.6477619162835714,0.5269461077844312,0.8487057961639368
source,0.921,0.5972943306744566,0.6458262433759542,0.5244964616222101,0.8460726784686097
source,0.922,0.5960451070844108,0.6446514804155895,0.5231355470876429,0.8443277281264947
source,0.923,0.5947793881492476,0.6438121357559136,0.5212302667392488,0.8425628400798035
source,0.924,0.5914408054589844,0.6418769366976539,0.5157866086009799,0.8400784578637486
source,0.925,0.5878224184042982,0.6400197628458497,0.5095264017419706,0.8376019217387709
source,0.926,0.5848307535000145,0.6381183942837295,0.504899292324442,0.8351714769552941
source,0.927,0.5831922640874216,0.6368392207662797,0.5027218290691344,0.8331803777235205
source,0.928,0.5794808538957562,0.6344640978102922,0.49700598802395207,0.8300853614082215
source,0.929,0.576142458721028,0.6323477560066488,0.4918345127925966,0.827303508233622
source,0.93,0.5725711330821596,0.6298431967627719,0.48666303756124113,0.8246363908102925
source,0.931,0.5682548946987536,0.6271858479056527,0.479858464888405,0.821669187064726
source,0.932,0.5640023784221602,0.6237274262035095,0.4744148067501361,0.8178677533985255
source,0.933,0.5606031603461303,0.6213282576264212,0.46951551442569406,0.8149267032898837
source,0.934,0.556621345835717,0.6183210055345782,0.46407185628742514,0.8116976584725037
source,0.935,0.5519025466336085,0.6149927219796215,0.457267283614589,0.8084450753818914
source,0.936,0.5486604589623593,0.6123110715966739,0.4531845400108873,0.8052961216340142
source,0.937,0.5435708569175277,0.6087276938463968,0.4458356015242243,0.8015486254003918
source,0.9380000000000001,0.5394931390400992,0.6051976922669772,0.4409363091997823,0.7981446914668149
source,0.9390000000000001,0.5352072919780669,0.6018651745270449,0.4352204681545999,0.7945207622805037
source,0.9400000000000001,0.5306563301518928,0.5982722541181521,0.42923244420250406,0.7907837275016513
source,0.9410000000000001,0.5241973519544959,0.593313859136644,0.42052259118127383,0.7860323429585827
source,0.9420000000000001,0.518213357212942,0.5884212821631052,0.4129014697876973,0.7814836313273646
source,0.9430000000000001,0.5130617730602133,0.5832829587294609,0.40772999455634185,0.7767783381257969
source,0.9440000000000001,0.506501334854469,0.5777925531914894,0.3995645073489385,0.771908617262802
source,0.9450000000000001,0.500292042189537,0.5727059349502627,0.39167120304844855,0.7672216316070816
source,0.9460000000000001,0.4942641523217501,0.5670143783478996,0.38513881328252586,0.7622084059921994
source,0.9470000000000001,0.48697270718193025,0.5604870831910778,0.376701143168209,0.7568045415308075
source,0.9480000000000001,0.4806282160423435,0.5549936788874842,0.36908002177463256,0.7518253156439274
source,0.9490000000000001,0.4745457580048698,0.5495740858781943,0.362003266194883,0.7472844501037867
source,0.9500000000000001,0.46894578987683366,0.5438699110903135,0.356559608056614,0.7424461136051016
source,0.9510000000000001,0.4619156825543722,0.5370523578773196,0.349210669569951,0.7369631432791705
source,0.9520000000000001,0.45514277970169525,0.5306634787806335,0.341861731083288,0.7315272494997038
source,0.9530000000000001,0.4476278942022506,0.522675051396783,0.3350571584104518,0.7254127221649889
source,0.9540000000000001,0.44052393987575844,0.5162787856575651,0.32689167120304846,0.7204204194596466
source,0.9550000000000001,0.4341755369241781,0.5100530405822129,0.3203592814371258,0.7156847270987329
source,0.9560000000000001,0.42672763781215295,0.5029020782624977,0.3124659771366358,0.7101896651593032
source,0.9570000000000001,0.41788868014734043,0.49343268502147014,0.30457267283614586,0.7037792970247725
source,0.9580000000000001,0.40890398754482665,0.48462767657398526,0.29531845400108875,0.6977187071226357
source,0.9590000000000001,0.4008756380013865,0.47578347578347574,0.28851388132825256,0.6916277180611532
source,0.96,0.39059571700052464,0.4644568427961929,0.27980402830702233,0.6844831487800674
source,0.961,0.38049369950594425,0.45415253673781497,0.2700054436581383,0.6780397661224984
source,0.962,0.3730711193528458,0.44595504105532374,0.26374523679912903,0.6727447617312265
source,0.963,0.36265139012531417,0.4334881180005463,0.25639629831246596,0.6654436108797911
source,0.964,0.35175599855057127,0.42168006653728857,0.24686989657049538,0.6585435603296353
source,0.965,0.34174413887342714,0.4097114707952147,0.23979314099074578,0.6517052933031353
source,0.966,0.33050554123314263,0.39751286449399653,0.22999455634186172,0.6449235790729059
source,0.967,0.31997850207652373,0.3855929126425096,0.2215568862275449,0.6383759221188366
source,0.968,0.3094593553757718,0.3738675701554099,0.21284703320631465,0.6322666255115067
source,0.969,0.2963171507260065,0.35885919604760835,0.2025040827436037,0.6248628305222999
source,0.97,0.2808574169976888,0.3410770051032066,0.19052803483941208,0.6165290223608009
source,0.971,0.2652924364055847,0.324026679075539,0.17719107240065324,0.6086607133879299
source,0.972,0.24690460064444025,0.3031788707891823,0.16249319542732715,0.5995822426251061
source,0.973,0.22959959148197237,0.28340995241551736,0.14888405008165487,0.5911797900538379
source,0.974,0.21298912554275845,0.26443569553805774,0.13581927054980947,0.583521014878931
source,0.975,0.19310389848410645,0.24218096671684228,0.11948829613500273,0.574858351394578
source,0.976,0.17585523539234096,0.22250595846101465,0.10587915078933043,0.5674336334958312
source,0.977,0.16011349065241282,0.20443520443520444,0.09363091997822537,0.5607849625627193
source,0.978,0.13913044022306534,0.18053222526743878,0.07702776265650517,0.5524024476960271
source,0.979,0.12120303372801082,0.15972597800612945,0.06341861731083288,0.5453353541207517
source,0.98,0.10415831356341221,0.13948359827253515,0.05117038649972782,0.5387049907334871
source,0.981,0.08676218571471649,0.11847408379417002,0.0391943385955362,0.5320824734372999
source,0.982,0.07374003305037355,0.10130687780215587,0.032389765922700056,0.5268570986607611
source,0.983,0.05931795546158431,0.08253228468783377,0.024496461622210124,0.521343729175484
source,0.984,0.04734357543550609,0.0669299111549852,0.017964071856287425,0.5169221851602335
source,0.985,0.037448646857832904,0.0535231031372156,0.013336962438758846,0.5132505344736928
source,0.986,0.028606265512471432,0.04114471942152969,0.00979858464888405,0.5099878301795094
source,0.987,0.021402269456857956,0.03204134366925065,0.005443658138268917,0.5077064611265036
source,0.988,0.016211589360464025,0.024660397074190175,0.003538377789874796,0.5058886208521982
source,0.989,0.011283907611901275,0.017717781058848345,0.001633097441480675,0.5041959777839328
source,0.99,0.009603574145119236,0.01528013582342954,0.0010887316276537834,0.5036690353228481
source,0.991,0.007507525713786111,0.012149632313758926,0.0005443658138268917,0.5029279732901794
source,0.992,0.005518716577540107,0.009197860962566844,0.0,0.5022225411442414
source,0.993,0.004373927958833619,0.007289879931389365,0.0,0.5017711039790398
source,0.994,0.0032223415682062304,0.005370569280343717,0.0,0.5013092053590681
source,0.995,0.002195673232160155,0.0036594553869335913,0.0,0.5009064748990597
source,0.996,0.00038814016172506735,0.0006469002695417789,0.0,0.5001565815703497
source,0.997,0.0002588438308886972,0.0004314063848144953,0.0,0.5001078748651564
source,0.998,0.0,0.0,0.0,0.5
source,0.999,0.0,0.0,0.0,0.5
source,1.0,0.0,0.0,0.0,0.5
transit,0.0,0.07436192615471009,0.12393654359118349,0.0,0.5
transit,0.001,0.404225638840285,0.5100367433765229,0.24550898203592814,0.9304014001309437
transit,0.002,0.4207359939160852,0.5215859379639344,0.2694610778443114,0.9330972339042359
transit,0.003,0.4292967864837424,0.5280513489118444,0.28116494284158955,0.9343855273209156
transit,0.004,0.43559963235021737,0.5329309786130914,0.2896026129559064,0.9354222896505497
transit,0.005,0.4403972249947334,0.5369349503858876,0.2955906369080022,0.9361618537576935
transit,0.006,0.44454620416908336,0.5398578997084069,0.301578660860098,0.936747975031162
transit,0.007,0.44784139676880197,0.5422651477629189,0.3062057702776266,0.9371113153272088
transit,0.008,0.45116252131841705,0.5447156157339249,0.31083287969515516,0.9376016525190762
transit,0.009000000000000001,0.45351876715930173,0.5466466841513676,0.31382689167120303,0.9379340426087153
transit,0.01,0.4555448947598658,0.5483904660441603,0.3162765378334241,0.9381886112331249
transit,0.011,0.4577459557728453,0.5500628930817609,0.31927054980947195,0.9383623208549411
transit,0.012,0.4601484784783116,0.5517081790642882,0.32280892759934676,0.9385577639960876
transit,0.013000000000000001,0.46155759725845225,0.5529679787368688,0.3244420250408274,0.9386623980819686
transit,0.014,0.463722893417578,0.5542178871421619,0.32798040283070223,0.9386400352720291
transit,0.015,0.46578388665642734,0.5554754126182698,0.3312465977136636,0.9387717445863738
transit,0.016,0.46784833277668325,0.5565572376254465,0.33478497550353836,0.9388931371652494
transit,0.017,0.4691312441998511,0.5574252364317969,0.3366902558519325,0.9389962004449559
transit,0.018000000000000002,0.4707813743589935,0.5583609006509445,0.33941208492106695,0.9390828719144653
transit,0.019,0.4718002425801501,0.5591517379964941,0.34077299945563416,0.9391672392122055
transit,0.02,0.4728094586623528,0.5601079437150628,0.341861731083288,0.9393187445569086
transit,0.021,0.4737187703968566,0.5608976421874665,0.34295046271094176,0.9393706949170517
transit,0.022,0.47470325875975106,0.5616311797692457,0.344311377245509,0.939471454024989
transit,0.023,0.47556077955546305,0.5623345600103299,0.34540010887316275,0.939472291465569
transit,0.024,0.4769214770179794,0.5631507469443187,0.34757757212847035,0.9395593296178757
transit,0.025,0.4781384212394718,0.5639088004145435,0.34948285247686445,0.9396330134973493
transit,0.026000000000000002,0.4792676156107333,0.5648835146769344,0.35084376701143166,0.9397845188420524
transit,0.027,0.4805598926396131,0.5655856675548624,0.35302123026673926,0.9398448484486929
transit,0.028,0.48103530842415837,0.5661965719244955,0.3532934131736527,0.9397919021151431
transit,0.029,0.4827729056072092,0.5669151039742726,0.356559608056614,0.9398549025763501
transit,0.03,0.48352840683140486,0.5676299068674384,0.3573761567773544,0.9399476491205874
transit,0.031,0.4847429095783329,0.5683838912133892,0.3592814371257485,0.9400484082285246
transit,0.032,0.48565543526432264,0.5689974910003273,0.3606423516603157,0.9401495340192592
transit,0.033,0.48633613747201,0.5695876288659794,0.36145890038105605,0.9402453181008603
transit,0.034,0.48747176847128015,0.5702101602991668,0.3633641807294502,0.9403166978085646
transit,0.035,0.4883680885949552,0.5707967508155803,0.3647250952640174,0.9403800649525691
transit,0.036000000000000004,0.48946796509549495,0.5713596914175506,0.3666303756124115,0.9405002534080673
transit,0.037,0.4904744483818657,0.5717669766625725,0.3685356559608057,0.9405559746711691
transit,0.038,0.49109866150460646,0.5722629660533134,0.369352204681546,0.9405682288956103
transit,0.039,0.49169319637003484,0.5727094916818671,0.37016875340228633,0.940631962722412
transit,0.04,0.49248324641682917,0.5731189654034795,0.37152966793685355,0.9406876839855138
transit,0.041,0.4928769778210037,0.5737751844104371,0.37152966793685355,0.9408265684229785
transit,0.042,0.4933973773393415,0.5740981511271733,0.3723462166575939,0.9408014306834869
transit,0.043000000000000003,0.4942599067560587,0.5744469685273814,0.3739793140990746,0.9407816346531286
transit,0.044,0.4945152305075019,0.5748725081131201,0.3739793140990746,0.94077786375017
transit,0.045,0.49504546277300926,0.5753933180130811,0.3745236799129015,0.9408873687874016
transit,0.046,0.49559827818618696,0.575770311221217,0.3753402286336418,0.9408107514455495
transit,0.047,0.4964143514448351,0.5762231569625857,0.376701143168209,0.9408744852723512
transit,0.048,0.4968055822766168,0.5765122978063374,0.3772455089820359,0.9407791719485328
transit,0.049,0.49748924189211324,0.5771073646850046,0.3780620577027763,0.9408722851755673
transit,0.05,0.498587250654639,0.5774857371190091,0.38023952095808383,0.9409199938749693
transit,0.051000000000000004,0.4992635969800709,0.5777057046383508,0.38160043549265105,0.9408410723613478
transit,0.052000000000000005,0.5005250486704866,0.5781750266808964,0.3840500816548721,0.9409074770427162
transit,0.053,0.5013873297578949,0.578523430198923,0.38568317909635275,0.940917427095388
transit,0.054,0.502008980272324,0.5788336933045356,0.3867719107240065,0.9409193645843601
transit,0.055,0.502759481219889,0.5791772518607657,0.3881328252585738,0.940896897699435
transit,0.056,0.5032034721774379,0.5795543262474626,0.3886771910724007,0.940850026440613
transit,0.057,0.5035261781631541,0.5799107142857143,0.3889493739793141,0.9408923934308817
transit,0.058,0.5039079220764631,0.5801840435986778,0.389493739793141,0.9408863183561539
transit,0.059000000000000004,0.5047177084593031,0.5806264112136996,0.3908546543277082,0.9409149643907921
transit,0.06,0.505220412245377,0.5811013403146048,0.3913990201415351,0.9409813690721606
transit,0.061,0.5054165014039796,0.5814281555789427,0.3913990201415351,0.9409859774156991
transit,0.062,0.505922879574662,0.5817277533829196,0.39221556886227543,0.9410474070707315
transit,0.063,0.5062208034230278,0.5818613825876446,0.3927599346761023,0.9409497895751437
transit,0.064,0.5068799779616101,0.5822341857335127,0.39384866630375615,0.9409948274199791
transit,0.065,0.5072085021488577,0.5824188155030409,0.39439303211758303,0.9409700563632848
transit,0.066,0.507579773255553,0.5826746901383151,0.3949373979314099,0.9409910565170205
transit,0.067,0.5079163879350808,0.5828728040616435,0.3954817637452368,0.9409689563148929
transit,0.068,0.508144247005731,0.5830711139081183,0.39575394665215025,0.9409468561127651
transit,0.069,0.508889801164519,0.5834064278163866,0.39711486118671746,0.9409838813939007
transit,0.07,0.5095245489571909,0.5837385197190708,0.39820359281437123,0.9409263267168121
transit,0.07100000000000001,0.5100529265318281,0.5840747831963059,0.3990201415351116,0.9409633519979477
transit,0.07200000000000001,0.5104377442473041,0.5843532355128812,0.3995645073489385,0.9409572769232197
transit,0.073,0.5106281339198092,0.5844890963624474,0.39983669025585195,0.9408596594276318
transit,0.074,0.5111300955184249,0.5847813332129801,0.4006532389765923,0.9408562552074705
transit,0.075,0.5115141941975665,0.5850585871356647,0.40119760479041916,0.9409123431533697
transit,0.076,0.5117750296337933,0.5853118575914338,0.4014697876973326,0.9409009263695085
transit,0.077,0.5121276953027689,0.5855367231638419,0.4020141535111595,0.9409463308971413
transit,0.078,0.51233651765716,0.5857033051498848,0.40228633641807293,0.9409486350689105
transit,0.079,0.5124968631577239,0.5859705476508246,0.40228633641807293,0.940939889139616
transit,0.08,0.5126721573056424,0.5860812492927464,0.4025585193249864,0.9408369299348949
transit,0.081,0.512749887974532,0.5862108004075626,0.4025585193249864,0.9407690585223373
transit,0.082,0.5134371464721506,0.5866304101518242,0.4036472509526402,0.9408221089308725
transit,0.083,0.5137455311676735,0.5869629293730869,0.40391943385955364,0.9408888802950381
transit,0.084,0.5141070659033304,0.5872025767232971,0.40446379967338053,0.9409369556772375
transit,0.085,0.5142045087047884,0.5873649813923936,0.40446379967338053,0.9409068429114098
transit,0.08600000000000001,0.5145117792482314,0.5875141884222475,0.4050081654872074,0.9408740592910158
transit,0.08700000000000001,0.5147567468111491,0.5877410124225013,0.40528034839412086,0.9409194638186484
transit,0.088,0.5148865088191343,0.58795728243581,0.40528034839412086,0.9409000344710874
transit,0.089,0.5149955526279413,0.588139022117155,0.40528034839412086,0.9409050094974234
transit,0.09,0.5151782401621355,0.5882620460695364,0.4055525313010343,0.9408668841678959
transit,0.091,0.5154272201388546,0.5886770126974014,0.4055525313010343,0.9409496806594613
transit,0.092,0.5154035897810298,0.5888190840389693,0.40528034839412086,0.9409466431220974
transit,0.093,0.5155335452585768,0.5888542212302716,0.4055525313010343,0.9407654957693494
transit,0.094,0.5157648436433951,0.5890582632670268,0.40582471420794775,0.9407433955672218
transit,0.095,0.5165074852688658,0.5893887229530997,0.40718562874251496,0.9407777499937906
transit,0.096,0.5169084183702894,0.5895125789749789,0.4080021774632553,0.9407396246642632
transit,0.097,0.5171288637080758,0.5896985326000137,0.40827436037016873,0.940682436669972
transit,0.098,0.5174235492680892,0.5900082199287606,0.4085465432770822,0.9407438663250045
transit,0.099,0.5176361876156721,0.5901811619034565,0.4088187261839956,0.9406840074761467
transit,0.1,0.5178192133345945,0.590486204768327,0.4088187261839956,0.9407130201935823
transit,0.101,0.5183159861911402,0.5907697937154096,0.409635274904736,0.9407691081394814
transit,0.10200000000000001,0.5185221632500201,0.5909319668756005,0.40990745781164944,0.940801158394281
transit,0.10300000000000001,0.5183793161620289,0.5910567989381665,0.40936309199782256,0.9407630330647536
transit,0.10400000000000001,0.5187594481642678,0.59132744173268,0.40990745781164944,0.9408164501560861
transit,0.105,0.5192311833689696,0.5915693012600228,0.4107240065323898,0.9407699455800616
transit,0.106,0.5189572531223677,0.5916571166628466,0.40990745781164944,0.940661644666207
transit,0.107,0.5190630587832332,0.5918334594309558,0.40990745781164944,0.9406963657755733
transit,0.108,0.5197916966249356,0.592140579477415,0.41126837234621666,0.9407253784930089
transit,0.109,0.5198864567042293,0.5922985129429044,0.41126837234621666,0.9407250118102115
transit,0.11,0.5203490331687618,0.592706563174574,0.41181273816004355,0.9408051374472104
transit,0.111,0.5210047180329777,0.5928920949252223,0.41317365269461076,0.9408101124735462
transit,0.112,0.5210988101032212,0.593048915042295,0.41317365269461076,0.940715165832525
transit,0.113,0.5213110053222874,0.5932211184694628,0.4134458356015242,0.9407174700042943
transit,0.114,0.521509017052074,0.5933696827478316,0.41371801850843765,0.9406522694463033
transit,0.115,0.5219442846908289,0.593550762998596,0.41453456722917803,0.9406248275350424
transit,0.116,0.5222655996038843,0.5937233773111372,0.4150789330430049,0.9406271317068118
transit,0.117,0.5227062471667602,0.5939134241021035,0.41589548176374525,0.9405699437125206
transit,0.11800000000000001,0.5227689218049543,0.594017881832427,0.41589548176374525,0.9405588936114568
transit,0.11900000000000001,0.5228390337623525,0.5941347350947572,0.41589548176374525,0.9404559344067356
transit,0.12,0.5229376862712931,0.5942991559429915,0.41589548176374525,0.940487984661535
transit,0.121,0.5233035137818594,0.5945459579180509,0.41643984757757213,0.9405360600437345
transit,0.122,0.5235688283507475,0.5948066935949221,0.4167120304844856,0.9405868062805003
transit,0.123,0.5239513981452342,0.5950813993765154,0.41725639629831246,0.940640223371833
transit,0.124,0.5240721475414332,0.5952826483701804,0.41725639629831246,0.9406478692527355
transit,0.125,0.5242576242822151,0.595410321000208,0.4175285792052259,0.9406097439232081
transit,0.126,0.5244543779428514,0.5955567884966595,0.41780076211213935,0.9406067063858441
transit,0.127,0.5245588469692284,0.5957309035406212,0.41780076211213935,0.9406090105576134
transit,0.128,0.5245462486903725,0.5958913616804701,0.4175285792052259,0.940608643874816
transit,0.129,0.5247544049050215,0.5960568334336095,0.41780076211213935,0.9406406941296156
transit,0.13,0.5250205890505659,0.596319018404908,0.4180729450190528,0.9406914403663815
transit,0.131,0.5251585352745579,0.5965489287782281,0.4180729450190528,0.9407044279564174
transit,0.132,0.5252829314830613,0.5967562557924003,0.4180729450190528,0.9407444907749167
transit,0.133,0.525731125482566,0.5969588799777479,0.4188894937397931,0.9407521366558194
transit,0.134,0.5261120952720847,0.5972309190843944,0.41943385955362006,0.940773136809555
transit,0.135,0.5265297888144079,0.5973827091744396,0.4202504082743604,0.940707936251564
transit,0.136,0.5265511452968197,0.5975997585830682,0.41997822536744694,0.9407182529870332
transit,0.137,0.527125312722098,0.5978308832067628,0.4210669569951007,0.9407312405770689
transit,0.138,0.5275657251337877,0.5980205380790855,0.42188350571584105,0.9407362156034049
transit,0.139,0.5277551151618536,0.5981547328545864,0.4221556886227545,0.9407305072114743
transit,0.14,0.5279807964091472,0.5983494129954667,0.42242787152966793,0.9407678991754072
transit,0.14100000000000001,0.5281702966455688,0.5984837914515604,0.4227000544365814,0.9407621907834766
transit,0.14200000000000002,0.528351490889945,0.5986043265875785,0.4229722373434948,0.9407538115369793
transit,0.14300000000000002,0.5284126477296541,0.5987062546537603,0.4229722373434948,0.9407103444983187
transit,0.14400000000000002,0.5284571194974947,0.598780374266828,0.4229722373434948,0.9406615357505248
transit,0.145,0.5285518158147788,0.5989382014623015,0.4229722373434948,0.9406287521301305
transit,0.146,0.5286690030152885,0.599133513463151,0.4229722373434948,0.9406661440940634
transit,0.147,0.5287499285122715,0.599268389291456,0.4229722373434948,0.9406604357021329
transit,0.148,0.5288672541029963,0.599463931942664,0.4229722373434948,0.9406978276660656
transit,0.149,0.5289594922237316,0.5996176621438896,0.4229722373434948,0.9407272070662984
transit,0.15,0.5291074962165649,0.5996828801940027,0.42324442025040826,0.9407081444015347
transit,0.151,0.5291273047918212,0.5998973497573722,0.4229722373434948,0.940686044199407
transit,0.152,0.5292141009028097,0.600042009942353,0.4229722373434948,0.9406505897244464
transit,0.153,0.529278539161882,0.6001494070408068,0.4229722373434948,0.9406395396233824
transit,0.154,0.5293766532802671,0.6003129305714486,0.4229722373434948,0.9406391729405852
transit,0.155,0.5294271292010906,0.6003970571061544,0.4229722373434948,0.9406551980679849
transit,0.156,0.5297178344035964,0.6005186552344461,0.4235166031573217,0.9406468188214876
transit,0.157,0.5297072286965921,0.6006824343273814,0.42324442025040826,0.9406464521386904
transit,0.158,0.5297914798211414,0.6008228528682968,0.42324442025040826,0.9406731606843566
transit,0.159,0.5299762126814795,0.6009492856975847,0.4235166031573217,0.9406971983754562
transit,0.16,0.5302586548600812,0.6010571121193695,0.4240609689711486,0.9406861482743925
transit,0.161,0.5304434528025009,0.6011836534187935,0.42433315187806203,0.940710185965492
transit,0.162,0.5307766178602433,0.6013760179724796,0.424877517691889,0.9407151609918281
transit,0.163,0.5310986810589717,0.6015498794278089,0.42542188350571586,0.9406850482260005
transit,0.164,0.5315436409999059,0.601747113515539,0.4262384322264562,0.9407224401899332
transit,0.165,0.5319802175580943,0.6019303752986928,0.4270549809471965,0.9407571612992994
transit,0.166,0.5320987077894523,0.6021278590176228,0.4270549809471965,0.9407945532632322
transit,0.167,0.5324068914073021,0.6022785878381546,0.4275993467610234,0.9407915157258682
transit,0.168,0.5325000993393896,0.6024339343916336,0.4275993467610234,0.9408208951261011
transit,0.169,0.5325848755573774,0.6025752280882802,0.4275993467610234,0.9408476036717675
transit,0.17,0.5326754752785595,0.6027262276235836,0.4275993467610234,0.9408445661344035
transit,0.171,0.5328495411828604,0.6028348821928096,0.42787152966793685,0.9408335160333396
transit,0.17200000000000001,0.5329290607356131,0.6029674147807306,0.42787152966793685,0.9407953907038122
transit,0.17300000000000001,0.53300864004942,0.6031000469704086,0.42787152966793685,0.9407572653742848
transit,0.17400000000000002,0.5332746995518467,0.603180568931902,0.42841589548176373,0.9407408735640876
transit,0.17500000000000002,0.5333570532441647,0.6033178250857653,0.42841589548176373,0.9407351651721572
transit,0.176,0.5334506414559204,0.6034738054386913,0.42841589548176373,0.94076454457239
transit,0.177,0.533607912722719,0.6035544689454135,0.4286880783886772,0.9407481527621929
transit,0.178,0.5335362737757467,0.6036165259717355,0.42841589548176373,0.9406966731598324
transit,0.179,0.5334417661079703,0.6036404684633837,0.4281437125748503,0.9406695979313688
transit,0.18,0.5335813044139256,0.6038730323066425,0.4281437125748503,0.9406501685838078
transit,0.181,0.5337727979610998,0.6040107329473238,0.42841589548176373,0.9406444601918772
transit,0.182,0.5338342660817805,0.6039317245438494,0.4286880783886772,0.9404716920856264
transit,0.183,0.5340199355359916,0.6040597183629256,0.4289602612955906,0.9404957297767261
transit,0.184,0.5341223812412776,0.6042304612050691,0.4289602612955906,0.9405277800315257
transit,0.185,0.5343225724029621,0.6043826578699341,0.42923244420250406,0.9405247424941616
transit,0.186,0.5343050775064981,0.6045349549804365,0.4289602612955906,0.9405217049567978
transit,0.187,0.5342790886633717,0.6046730955131681,0.4286880783886772,0.9405159965648671
transit,0.188,0.5341991766253636,0.6047213640544302,0.42841589548176373,0.9404618461079399
transit,0.189,0.5343679570843132,0.6048212095480706,0.4286880783886772,0.9404805420899064
transit,0.19,0.5346291991009775,0.6048937023666265,0.42923244420250406,0.9403993164045156
transit,0.191,0.5346667798995525,0.6049563370309181,0.42923244420250406,0.9403478368021551
transit,0.192,0.5349213465111341,0.6051991594456119,0.4295046271094175,0.9403932413297877
transit,0.193,0.5350962135913417,0.6053091493080157,0.429776810016331,0.9403821912287238
transit,0.194,0.5353740118461767,0.605409235856856,0.4303211758301579,0.9404008872106903
transit,0.195,0.5358181977177079,0.6056051798289144,0.4311377245508982,0.9404058622370262
transit,0.196,0.5363309852226085,0.6057340045853128,0.432226456178552,0.9404298999281258
transit,0.197,0.5365515645806587,0.6059201815774541,0.43249863908546543,0.940464621037492
transit,0.198,0.5365174862648179,0.6060448396556617,0.432226456178552,0.9404562417909947
transit,0.199,0.5365837199350502,0.6061552291060489,0.432226456178552,0.940445191689931
transit,0.2,0.5367872555490032,0.6063129998580284,0.43249863908546543,0.9404745710901639
transit,0.201,0.5369822282573322,0.6064564991006344,0.4327708219923789,0.9405012796358301
transit,0.202,0.5371574495864303,0.6065670793778556,0.4330430048992923,0.9404902295347664
transit,0.203,0.5371321992146839,0.6067064506962205,0.4327708219923789,0.9404845211428356
transit,0.20400000000000001,0.5373445470421502,0.606878908470722,0.4330430048992923,0.9405165713976352
transit,0.20500000000000002,0.5375000870644784,0.6069566865699934,0.43331518780620576,0.9404677626498412
transit,0.20600000000000002,0.5375295163700531,0.6070057354126178,0.43331518780620576,0.9404136121929141
transit,0.20700000000000002,0.5378076942050235,0.6071064545950174,0.43385955362003265,0.9404323081748804
transit,0.20800000000000002,0.5380376293207593,0.6071267692453591,0.43440391943385953,0.9403728160088201
transit,0.209,0.5381412959970361,0.6072995470391538,0.43440391943385953,0.9404048662636195
transit,0.21,0.5383884832128862,0.6075300704609617,0.434676102340773,0.9404475999366856
transit,0.211,0.5384266820374008,0.607593735168486,0.434676102340773,0.9403961203343251
transit,0.212,0.538966017142251,0.6077668059248006,0.4357648339684268,0.9404281705891246
transit,0.213,0.5391762818290904,0.6079357917982571,0.43603701687534024,0.9404278039063273
transit,0.214,0.539277745607089,0.6081048980949214,0.43603701687534024,0.94042743722353
transit,0.215,0.5393706094304898,0.6082596711339227,0.43603701687534024,0.940424399686166
transit,0.216,0.5395377028249136,0.6083567048533536,0.4363091997822537,0.9404106787305355
transit,0.217,0.5396331585520855,0.6085157977319734,0.4363091997822537,0.9404400581307684
transit,0.218,0.5399178744454141,0.6086274136783031,0.4368535655960806,0.9404290080297046
transit,0.219,0.5403201865449967,0.6087535680304472,0.4376701143168209,0.9404206287832074
transit,0.22,0.540415781813716,0.6089128934783127,0.4376701143168209,0.9404500081834404
transit,0.221,0.5404543087568583,0.6089771050502165,0.4376701143168209,0.9403985285810798
transit,0.222,0.5405475238716669,0.6091324635748976,0.4376701143168209,0.9403954910437158
transit,0.223,0.5408784190437572,0.6093210449858303,0.4382144801306478,0.940430212153082
transit,0.224,0.5413705360044836,0.6095968741065472,0.4390310288513881,0.9404809583898479
transit,0.225,0.5413942349213874,0.6096363723013869,0.4390310288513881,0.9404565540159509
transit,0.226,0.5414814171654957,0.6097816760415674,0.4390310288513881,0.9404832625616172
transit,0.227,0.5418690889563348,0.609883429879139,0.43984757757212845,0.9405019585435836
transit,0.228,0.5420428964415274,0.609991653749851,0.44011976047904194,0.9404584915049229
transit,0.229,0.542807204858612,0.6101767694840049,0.4417528579205226,0.9404607956766922
transit,0.23,0.5430899907943005,0.610285168834268,0.4422972237343495,0.9404173286380315
transit,0.231,0.543455467448642,0.610349930777677,0.4431137724550898,0.940365849035671
transit,0.232,0.5443025997513211,0.6104916310498794,0.4450190528034839,0.9403601406437403
transit,0.233,0.5446205135186344,0.6106585767861834,0.44556341861731086,0.9403273570233462
transit,0.234,0.5449122401345273,0.6107818772701205,0.44610778443113774,0.9402865608392521
transit,0.23500000000000001,0.5452000570387124,0.6108986615678776,0.44665215024496463,0.9403079276757852
transit,0.23600000000000002,0.5451238321292061,0.6109530753233093,0.4463799673380512,0.9402861941564549
transit,0.23700000000000002,0.5454244430677675,0.6110911830116939,0.4469243331518781,0.9402480688269275
transit,0.23800000000000002,0.5454308195257883,0.6111018104417285,0.4469243331518781,0.9402183227438972
transit,0.23900000000000002,0.5454898251201872,0.61120015309906,0.4469243331518781,0.9402046017882667
transit,0.24,0.5455201460092977,0.6112506879142441,0.4469243331518781,0.9401504513313396
transit,0.241,0.5455967598996541,0.6113783777315048,0.4469243331518781,0.9401420720848424
transit,0.242,0.5455445988453523,0.6114728979122774,0.44665215024496463,0.9400959341916151
transit,0.243,0.5455989708471716,0.6115635179153094,0.44665215024496463,0.9400173793607909
transit,0.244,0.5458285567901631,0.611764705882353,0.4469243331518781,0.9400223543871269
transit,0.245,0.5459966411748647,0.6118633912522469,0.4471965160587915,0.9400086334314963
transit,0.246,0.5461671142763439,0.6119660578167698,0.44746869896570496,0.9400273294134627
transit,0.247,0.5463552177422143,0.6120981083219449,0.4477408818726184,0.9400513671045624
transit,0.248,0.5467787207144887,0.612259580795242,0.44855743059335873,0.9400807465047953
transit,0.249,0.5467115564984208,0.6123290957064045,0.4482852476864453,0.9400616838400316
transit,0.25,0.5468886024108122,0.6124427169557811,0.44855743059335873,0.9400506337389678
transit,0.251,0.5469280120760687,0.6125083997312086,0.44855743059335873,0.9399991541366072
transit,0.252,0.5468785524808866,0.6126074223438475,0.4482852476864453,0.9399854331809767
transit,0.253,0.5468068011687526,0.6126692920948996,0.44801306477953184,0.9399015366410193
transit,0.254,0.5469127585789919,0.6128458877786318,0.44801306477953184,0.9399335868958189
transit,0.255,0.5470723096792918,0.6129303510078562,0.4482852476864453,0.9399171950856218
transit,0.256,0.5470583346142568,0.6130885145040735,0.44801306477953184,0.9399141575482578
transit,0.257,0.5471556081417277,0.6132506370498582,0.44801306477953184,0.9399435369484908
transit,0.258,0.5472063800631508,0.6133352569188968,0.44801306477953184,0.9399271451382937
transit,0.259,0.5474368740192523,0.6135379582411238,0.4482852476864453,0.9399321201646296
transit,0.26,0.5473765444873662,0.613618864292589,0.44801306477953184,0.9398833114168357
transit,0.261,0.5476717447414352,0.6137479541734862,0.44855743059335873,0.9398749321703384
transit,0.262,0.5479581223233769,0.6138623396008378,0.4491017964071856,0.9398638820692746
transit,0.263,0.5479867353242653,0.6139100279356517,0.4491017964071856,0.9397773146747506
transit,0.264,0.548102192881709,0.6139210019267823,0.44937397931409906,0.9397475685917204
transit,0.265,0.5480442742469098,0.6140059261400593,0.4491017964071856,0.9397311767815233
transit,0.266,0.5480774957409775,0.6140612952968388,0.4491017964071856,0.939709443262193
transit,0.267,0.5481373686809635,0.6141610835301489,0.4491017964071856,0.9396957223065625
transit,0.268,0.5482127670693475,0.6142867475107887,0.4491017964071856,0.9396549261224685
transit,0.269,0.5483793124606997,0.6143828678917668,0.44937397931409906,0.9396087882292412
transit,0.27,0.5485415329057711,0.6144717800289435,0.4496461622210125,0.9396248133566409
transit,0.271,0.5487903246035618,0.6145235223160435,0.4501905280348394,0.9395706628997137
transit,0.272,0.5487125117963441,0.6145752895752895,0.44991834512792594,0.9395165124427866
transit,0.273,0.5488524603087945,0.6146270818247646,0.4501905280348394,0.9394623619858593
transit,0.274,0.5489147791592801,0.6147309465755739,0.4501905280348394,0.9394810579678257
transit,0.275,0.5489637048750403,0.6148124894351742,0.4501905280348394,0.9394322492200318
transit,0.276,0.5490059989104795,0.6148829794942395,0.4501905280348394,0.9394131865552682
transit,0.277,0.5490304832626349,0.6149237867478319,0.4501905280348394,0.9393887821813711
transit,0.278,0.5490817200570787,0.6150091814052382,0.4501905280348394,0.939372390371174
transit,0.279,0.5491441409401386,0.6151132162103381,0.4501905280348394,0.9393910863531404
transit,0.28,0.5492842117847889,0.615165212346813,0.45046271094175283,0.9393369358962133
transit,0.281,0.5496001227718644,0.6153288201160542,0.45100707675557977,0.9393663152964462
transit,0.28200000000000003,0.549606815613732,0.6153399748525002,0.45100707675557977,0.9393365692134159
transit,0.28300000000000003,0.5495911832223054,0.6153139208667892,0.45100707675557977,0.9392366475460587
transit,0.28400000000000003,0.5498602780364953,0.615399501681221,0.45155144256940666,0.9392202557358618
transit,0.28500000000000003,0.5499295201171936,0.6155149051490515,0.45155144256940666,0.9392092056347978
transit,0.28600000000000003,0.5501830140899113,0.6155744845610299,0.45209580838323354,0.9392198890530643
transit,0.28700000000000003,0.5502076055063501,0.6156154702550946,0.45209580838323354,0.9391954846791674
transit,0.28800000000000003,0.5503299125654415,0.6156378600823046,0.452367991290147,0.939135992513107
transit,0.289,0.5503992413597596,0.6157534080728347,0.452367991290147,0.9391249424120431
transit,0.29,0.5502568688694826,0.6156975758603153,0.45209580838323354,0.9390196790355527
transit,0.291,0.550461961893127,0.6158579422951137,0.452367991290147,0.9390166414981888
transit,0.292,0.55054254422626,0.6159922461836687,0.452367991290147,0.9390406791892885
transit,0.293,0.550620956756497,0.6161229337340637,0.452367991290147,0.9390322999427911
transit,0.294,0.5507925609154003,0.6162274853942935,0.45264017419706043,0.9390509959247576
transit,0.295,0.5509641863679207,0.6163320725438851,0.4529123571039739,0.939069691906724
transit,0.296,0.5508756273039697,0.6163659293752425,0.45264017419706043,0.9389804536576333
transit,0.297,0.5508802055187272,0.6163735597331716,0.45264017419706043,0.9389182906370063
transit,0.298,0.5511966577571574,0.6165380695880041,0.4531845400108873,0.9389476700372392
transit,0.299,0.5512774563392657,0.6166727338915181,0.4531845400108873,0.9389717077283388
transit,0.3,0.5512910502689858,0.6166953904410515,0.4531845400108873,0.9389122155622783
transit,0.301,0.5513179971957907,0.6167403019857262,0.4531845400108873,0.9389202281259782
transit,0.302,0.5513629174634824,0.6168151690985457,0.4531845400108873,0.9389335823988114
transit,0.303,0.5513495735801125,0.6167929292929293,0.4531845400108873,0.9388660776690511
transit,0.304,0.5515170070122053,0.6168905297418085,0.45345672291780076,0.9388199397758237
transit,0.305,0.5515507972227028,0.6169468467593042,0.45345672291780076,0.9387982062564935
transit,0.306,0.5515027123449294,0.6170481605676241,0.4531845400108873,0.9387844853008629
transit,0.307,0.5515635301789612,0.6171495236243437,0.4531845400108873,0.9387707643452325
transit,0.308,0.55182411775579,0.6172209257098404,0.4537289058247142,0.9387517016804687
transit,0.309,0.5520645497379171,0.617258735137501,0.4542732716385411,0.938694880368975
transit,0.31,0.5521254382368548,0.6173602159690639,0.4542732716385411,0.9386811594133445
transit,0.311,0.552148152676045,0.6173980733677144,0.4542732716385411,0.9386243381018506
transit,0.312,0.5522382881678014,0.6175482991873084,0.4542732716385411,0.938651046647517
transit,0.313,0.552401263683265,0.6176384697751387,0.45454545454545453,0.9386670717749167
transit,0.314,0.5525642550004186,0.617728666699119,0.454817637452368,0.9386830969023165
transit,0.315,0.5527006469165394,0.6177745312880448,0.4550898203592814,0.9385641125701956
transit,0.316,0.5527346106559499,0.6178311375203955,0.4550898203592814,0.9385423790508653
transit,0.317,0.5529932243084716,0.6178992497320472,0.4556341861731083,0.9384908994485046
transit,0.318,0.5531360888672383,0.617955902058716,0.4559063690800218,0.9384691659291744
transit,0.319,0.55319506859126,0.6180542015987521,0.4559063690800218,0.9384230280359471
transit,0.32,0.5533943402038716,0.6182048656818292,0.45617855198693524,0.9384497365816133
transit,0.321,0.5532971749271246,0.6182243788251932,0.4559063690800218,0.938357827477956
transit,0.322,0.5532766511998155,0.618371627884287,0.4556341861731083,0.9383521190860256
transit,0.323,0.5533903342193084,0.6183796443121661,0.4559063690800218,0.9382899560653983
transit,0.324,0.5535018983331456,0.618384129230619,0.45617855198693524,0.9381953761071745
transit,0.325,0.5535088320254645,0.618395685384484,0.45617855198693524,0.9381656300241443
transit,0.326,0.5536315766346855,0.6184188044619102,0.4564507348938487,0.9381061378580839
transit,0.327,0.553921792144597,0.618539586435878,0.45699510070767557,0.9381275046946169
transit,0.328,0.5538449386521356,0.6185929525530512,0.45672291780076213,0.9380733542376897
transit,0.329,0.5539474711853223,0.6185823848370867,0.45699510070767557,0.9379761034248992
transit,0.33,0.5539634896320699,0.6186090822483328,0.45699510070767557,0.9379490281964356
transit,0.331,0.553945965807187,0.6185798758735279,0.45699510070767557,0.9378166895914816
transit,0.332,0.5540254929887455,0.6187124211761255,0.45699510070767557,0.9378083103449844
transit,0.333,0.5542069672276769,0.6188334229697355,0.457267283614589,0.9378296771815173
transit,0.334,0.5542774966467159,0.6189509720014672,0.457267283614589,0.9378186270804535
transit,0.335,0.5545364590082316,0.6190196653947754,0.4578116494284159,0.9377671474780929
transit,0.336,0.5548066262803834,0.6191070336391438,0.4583560152422428,0.9377507556678959
transit,0.337,0.5550404558234555,0.6191338390017127,0.4589003810560697,0.9377236804394322
transit,0.338,0.5549749442785065,0.6192061083647399,0.45862819814915623,0.9377046177746686
transit,0.339,0.5550162348299056,0.6192749259504051,0.45862819814915623,0.9376531381723081
transit,0.34,0.5552500861541596,0.6193017676149439,0.4591725639629831,0.9376260629438444
transit,0.341,0.5554727558966197,0.6193099733098263,0.45971692977681,0.9375638999232173
transit,0.342,0.5553758217419823,0.6193298716567062,0.45944474686989656,0.9374719908195601
transit,0.343,0.5553012736927849,0.6193870801793195,0.4591725639629831,0.9374502573002297
transit,0.34400000000000003,0.555514849823256,0.6193801298542202,0.45971692977681,0.9373854234250361
transit,0.34500000000000003,0.5555491910442273,0.6194373652225055,0.45971692977681,0.9373636899057057
transit,0.34600000000000003,0.5556924172114271,0.6194946202298963,0.45998911268372344,0.9373419563863754
transit,0.34700000000000003,0.5557835394619574,0.6196464906474467,0.45998911268372344,0.9373686649320416
transit,0.34800000000000003,0.5561495201225183,0.6197120926012213,0.4608056614044638,0.9372847683920842
transit,0.34900000000000003,0.556091227778267,0.6197963939654115,0.46053347849755033,0.9372359596442903
transit,0.35000000000000003,0.5562121404021938,0.6198164597340138,0.4608056614044638,0.937144050540633
transit,0.35100000000000003,0.5562486449298837,0.619877300613497,0.4608056614044638,0.9371547339588995
transit,0.352,0.5564762073173044,0.6200751159879225,0.46107784431137727,0.9371894550682656
transit,0.353,0.556737567788941,0.6201478062314322,0.46162221012520416,0.937170392403502
transit,0.354,0.5570192751376575,0.6202544079367418,0.46216657593903104,0.9371890883854683
transit,0.355,0.5570446439329363,0.6202966892622065,0.46216657593903104,0.9371646840115714
transit,0.356,0.5569316702563254,0.6202898550724638,0.4618943930321176,0.9370998501363776
transit,0.357,0.5569936294487192,0.6203931203931204,0.4618943930321176,0.9370861291807473
transit,0.358,0.5570057849353274,0.6204133795374672,0.4618943930321176,0.93699422007709
transit,0.359,0.557178709427773,0.6205201317536011,0.46216657593903104,0.9370129160590563
transit,0.36,0.5571817365911907,0.6205251770259639,0.46216657593903104,0.9369183361008324
transit,0.361,0.5572163168381724,0.6205828107709332,0.46216657593903104,0.9368966025815021
transit,0.362,0.5575236170829202,0.6207320673029617,0.46271094175285793,0.9368908941895715
transit,0.363,0.5574290022097684,0.6207558311189844,0.4624387588459445,0.9368314020235111
transit,0.364,0.5576295359274068,0.6209085987104395,0.46271094175285793,0.9368581105691773
transit,0.365,0.5578301147713525,0.6210614415124065,0.4629831246597714,0.9368848191148436
transit,0.366,0.5579920159233869,0.6211498214945217,0.4632553075666848,0.9368684273046466
transit,0.367,0.5582607998253224,0.6212348841218629,0.4637996733805117,0.9368196185568526
transit,0.368,0.5584541394731832,0.6211942063257464,0.4643440391943386,0.9367170260349288
transit,0.369,0.5585164063937459,0.621297984526684,0.4643440391943386,0.9367033050792983
transit,0.37,0.5585215679683291,0.6213065871509894,0.4643440391943386,0.9366411420586713
transit,0.371,0.5586651815349699,0.6213644878241152,0.46461622210125203,0.9366194085393409
transit,0.372,0.5588200056791603,0.621441072793157,0.4648884050081655,0.9366327628121741
transit,0.373,0.5587438924946172,0.6214956727568607,0.46461622210125203,0.9365786123552469
transit,0.374,0.5589964176567838,0.6215536374845869,0.4651605879150789,0.9365568788359165
transit,0.375,0.559070006958247,0.6216762863203591,0.4651605879150789,0.9365782456724496
transit,0.376,0.5591028219616498,0.6217309779926972,0.4651605879150789,0.9365240952155224
transit,0.377,0.5592353199123421,0.6217703526392419,0.46543277082199236,0.9364672739040285
transit,0.378,0.55939147414679,0.6218491544253795,0.4657049537289058,0.936353631281041
transit,0.379,0.559317461136343,0.6219072546792433,0.46543277082199236,0.9363318977617106
transit,0.38,0.559527714689873,0.6220762219971843,0.4657049537289058,0.9363612771619435
transit,0.381,0.5598007826329325,0.6221684246930658,0.46624931954273274,0.9363773022893432
transit,0.382,0.5602176688433945,0.6223188692300088,0.46706586826347307,0.9363715938974126
transit,0.383,0.560389172714929,0.6224232537446241,0.4673380511703865,0.9363578729417823
transit,0.384,0.5604260989968538,0.622484797547832,0.4673380511703865,0.9363685563600488
transit,0.385,0.5605402738173368,0.622493633644028,0.46761023407729996,0.9363063933394217
transit,0.386,0.5608411465492595,0.6226321776546813,0.46815459989112684,0.9363304310305214
transit,0.387,0.56113085894629,0.6227521211071809,0.46869896570495373,0.9363193809294574
transit,0.388,0.5612140610209592,0.6228907912316294,0.46869896570495373,0.9363434186205571
transit,0.389,0.5612787993675276,0.6229986884759101,0.46869896570495373,0.9363621146025235
transit,0.39,0.561323112752788,0.6230725441180109,0.46869896570495373,0.9363430519377598
transit,0.391,0.5614169035591174,0.6230474068572843,0.4689711486118672,0.9362431302704026
transit,0.392,0.5616534473234467,0.6232601911932241,0.4692433315187806,0.9362481052967386
transit,0.393,0.562170381617886,0.6233959272655204,0.4703320631464344,0.9362397260502413
transit,0.394,0.5623051275590992,0.6234390485629335,0.47060424605334783,0.9362153216763445
transit,0.395,0.5623847149041747,0.6235716941380592,0.47060424605334783,0.9361745254922503
transit,0.396,0.5623369311794306,0.6236735098680948,0.4703320631464344,0.9361283875990231
transit,0.397,0.5622799044767608,0.6237599206349207,0.47005988023952094,0.936079578851229
transit,0.398,0.5622834410563641,0.6237658149342594,0.47005988023952094,0.9359849988930052
transit,0.399,0.562485182578673,0.6239205955334988,0.4703320631464344,0.9360117074386716
transit,0.4,0.5626293091725862,0.6239793512520786,0.47060424605334783,0.9359899739193411
transit,0.401,0.5625425966147963,0.6240162855937043,0.4703320631464344,0.9359007356702504
transit,0.402,0.5627201407022848,0.6241307371349095,0.47060424605334783,0.9358248516939929
transit,0.403,0.5627368423643084,0.624158573238282,0.47060424605334783,0.9357977764655294
transit,0.404,0.562978699405255,0.6241987577639752,0.4711486118671747,0.9357409551540355
transit,0.405,0.5632391831696197,0.6242699868286985,0.47169297768100166,0.9356894755516749
transit,0.406,0.5632745265267654,0.6243288924239412,0.47169297768100166,0.9356677420323447
transit,0.40700000000000003,0.5633583436467984,0.6244685876239963,0.47169297768100166,0.9356917797234443
transit,0.40800000000000003,0.5633732000242841,0.6244933482531393,0.47169297768100166,0.9356322875573839
transit,0.40900000000000003,0.5635547439685259,0.6246144662222665,0.4719651605879151,0.93562123745632
transit,0.41000000000000003,0.5636293322220305,0.6247387799781073,0.4719651605879151,0.9356426042928531
transit,0.41100000000000003,0.5637120378806867,0.6246951674712587,0.47223734349482854,0.9355075948333325
transit,0.41200000000000003,0.5636068527656319,0.6247013142174432,0.4719651605879151,0.9354130148751085
transit,0.41300000000000003,0.5636310862681783,0.6247417033883537,0.4719651605879151,0.9353561935636148
transit,0.41400000000000003,0.5636627888454165,0.6247945410170842,0.4719651605879151,0.9352696261690907
transit,0.41500000000000004,0.5635893887459503,0.6248536627892495,0.47169297768100166,0.9352478926497603
transit,0.41600000000000004,0.5636043193018034,0.6248785470490047,0.47169297768100166,0.9351884004836999
transit,0.417,0.5636888849268834,0.6248380344861956,0.4719651605879151,0.9350858079617761
transit,0.418,0.5637243819921754,0.6248971962616823,0.4719651605879151,0.9350640744424458
transit,0.419,0.563728105865479,0.6249034027171881,0.4719651605879151,0.9349694944842217
transit,0.42,0.5639888494595597,0.6249750648314383,0.472509526401742,0.9349180148818612
transit,0.421,0.563922997158987,0.6250467662684259,0.47223734349482854,0.9348665352795007
transit,0.422,0.5640973594306264,0.6251559147832161,0.472509526401742,0.934885231261467
transit,0.423,0.5641422905247668,0.6252307999401168,0.472509526401742,0.9348661685967035
transit,0.424,0.564234061403078,0.6253837514039686,0.472509526401742,0.9348604602047728
transit,0.425,0.5643504461357833,0.6253962706872019,0.47278170930865543,0.9348307141217426
transit,0.426,0.5644762003853288,0.6254244058318355,0.47305389221556887,0.934803638893279
transit,0.427,0.5646996093367551,0.6254338435416614,0.47359825802939576,0.934741475872652
transit,0.428,0.5647258701522972,0.6254776115675649,0.47359825802939576,0.9347170714987549
transit,0.429,0.564900359409792,0.6255869717254472,0.4738704409363092,0.9347357674807213
transit,0.43,0.5650167617675048,0.625599520383693,0.47414262384322264,0.9347060213976912
transit,0.431,0.5649023477259966,0.6255902855857881,0.4738704409363092,0.9346087705849007
transit,0.432,0.5646884386961826,0.6255966810786494,0.4733260751224823,0.9345141906266767
transit,0.433,0.5648311488233374,0.6256530760192985,0.47359825802939576,0.9344600401697496
transit,0.434,0.5649832633919272,0.6257251450290058,0.4738704409363092,0.9344085605673889
transit,0.435,0.5652461147768851,0.6258003201280512,0.4744148067501361,0.9343894979026253
transit,0.436,0.5652912378891679,0.6258755253151891,0.4744148067501361,0.9343704352378615
transit,0.437,0.5653382126102393,0.6259538165169748,0.4744148067501361,0.9343837895106946
transit,0.438,0.5653496752340285,0.6259729208899567,0.4744148067501361,0.9342594634694406
transit,0.439,0.5654830866408312,0.6260138179633524,0.47468698965704953,0.9342026421579468
transit,0.44,0.5656766007464595,0.6261548862014572,0.474959172563963,0.9342266798490464
transit,0.441,0.5656653677009991,0.6261361644590231,0.474959172563963,0.9341915920568828
transit,0.442,0.5653520853535492,0.6261583930271002,0.47414262384322264,0.9340996829532255
transit,0.443,0.565369080799031,0.6261867187695699,0.47414262384322264,0.9340726077247621
transit,0.444,0.5654219146053188,0.6262747751133829,0.47414262384322264,0.9340237989769681
transit,0.445,0.5654371051749923,0.6263000927295055,0.47414262384322264,0.9339643068109076
transit,0.446,0.5657396309174674,0.6264413917577459,0.47468698965704953,0.9339883445020073
transit,0.447,0.5659503674557973,0.6266111640503536,0.474959172563963,0.9339853069646433
transit,0.448,0.5661611755417522,0.6267810555890025,0.4752313554708764,0.9339822694272794
transit,0.449,0.5662159896855279,0.6268724124952955,0.4752313554708764,0.9339658776170823
transit,0.45,0.5662443037059657,0.6269196025293586,0.4752313554708764,0.9339738901807821
transit,0.451,0.566139484496696,0.6269263591185181,0.474959172563963,0.9338793102225582
transit,0.452,0.5663333475507386,0.6270680089373133,0.4752313554708764,0.9339033479136579
transit,0.453,0.5662002109831004,0.627027569929192,0.474959172563963,0.933800755391734
transit,0.454,0.5659451561355293,0.6269653890591249,0.4744148067501361,0.93363065814005
transit,0.455,0.5659492208610433,0.626972163601648,0.4744148067501361,0.933536078181826
transit,0.456,0.5659946894102765,0.6270479445170369,0.4744148067501361,0.9335170155170623
transit,0.457,0.5661395926659564,0.6271079946718943,0.47468698965704953,0.933495281997732
transit,0.458,0.5662543442053147,0.6271177919662159,0.474959172563963,0.933433118977105
transit,0.459,0.5661909823162818,0.6271936440891034,0.47468698965704953,0.9334140563123412
transit,0.46,0.5662459765493532,0.6272853011442223,0.47468698965704953,0.9333976645021441
transit,0.461,0.5663294030622764,0.6274243453324277,0.47468698965704953,0.9333892852556469
transit,0.462,0.5661832247307028,0.6273621700510807,0.4744148067501361,0.9332191880039629
transit,0.463,0.5662459871382339,0.6274667740636326,0.4744148067501361,0.9331730501107356
transit,0.464,0.5662181447823911,0.6274203701372277,0.4744148067501361,0.9330056237136181
transit,0.465,0.5662376963857234,0.6274529561427816,0.4744148067501361,0.9328515515893336
transit,0.466,0.5662910581416571,0.6275418924026711,0.4744148067501361,0.9328027428415397
transit,0.467,0.5663851167036091,0.6275172014013156,0.47468698965704953,0.9327028211741826
transit,0.468,0.5664230780698624,0.6275804703450709,0.47468698965704953,0.9327135045924491
transit,0.46900000000000003,0.5664990237715555,0.6277070465145594,0.47468698965704953,0.932734871428982
transit,0.47000000000000003,0.5666648763177509,0.6278020121536095,0.474959172563963,0.9327508965563819
transit,0.47100000000000003,0.5670674951417091,0.6279286777130463,0.4757757212847033,0.932772263392915
transit,0.47200000000000003,0.5670709279154513,0.6281158542738924,0.47550353837778986,0.9327718967101175
transit,0.47300000000000003,0.5670864461374285,0.6281417179771878,0.47550353837778986,0.9327124045440571
transit,0.47400000000000003,0.5673802924186963,0.6282685512367492,0.47604790419161674,0.9327337713805901
transit,0.47500000000000003,0.5674261292622268,0.6283449459759669,0.47604790419161674,0.9327147087158265
transit,0.47600000000000003,0.5674737227390851,0.6284242684373974,0.47604790419161674,0.9327280629886596
transit,0.47700000000000004,0.5676397239381722,0.6285194818312668,0.4763200870985302,0.9327440881160594
transit,0.47800000000000004,0.5676035909084652,0.6286407153863642,0.47604790419161674,0.9327006210773987
transit,0.47900000000000004,0.5676399802718969,0.6287013643254169,0.47604790419161674,0.9326788875580684
transit,0.48,0.5676347993911346,0.6286927295241465,0.47604790419161674,0.9325816367452777
transit,0.481,0.5676521394858769,0.6287216296820503,0.47604790419161674,0.9325545615168142
transit,0.482,0.5676772955088382,0.6287635563869858,0.47604790419161674,0.9324977402053204
transit,0.483,0.5678976808122118,0.6287679546833906,0.4765922700054437,0.9323707433094996
transit,0.484,0.5680620831758193,0.6288605033514608,0.47686445291235713,0.9323543514993026
transit,0.485,0.5682664190335905,0.6290196078431373,0.47713663581927057,0.9323810600449689
transit,0.486,0.5683376957370431,0.6291384023488914,0.47713663581927057,0.9323051760687113
transit,0.487,0.5683854747717252,0.6292180340733615,0.47713663581927057,0.9323185303415444
transit,0.488,0.5685803806833637,0.6293614219881501,0.477408818726184,0.932342568032644
transit,0.489,0.568498495494645,0.6294064019448946,0.47713663581927057,0.9323181636587472
transit,0.49,0.5685541907901313,0.6294992274373717,0.47713663581927057,0.93230177184855
transit,0.491,0.5687013362301823,0.6295630145661811,0.477408818726184,0.9323124552668165
transit,0.492,0.5687170937610289,0.6295892771175919,0.477408818726184,0.9322529631007561
transit,0.493,0.5689217049591924,0.6297488405099223,0.47768100163309746,0.9322796716464223
transit,0.494,0.5689374922905428,0.6297751527288398,0.47768100163309746,0.932220179480362
transit,0.495,0.5691709279391406,0.6299827568718938,0.4779531845400109,0.932254900589728
transit,0.496,0.5693356487922479,0.6300758363557969,0.47822536744692434,0.9322385087795311
transit,0.497,0.5695099874906484,0.6301849455818554,0.4784975503538378,0.9322247878239005
transit,0.498,0.5694649515671365,0.6302913409806112,0.47822536744692434,0.9321786499306732
transit,0.499,0.5694904262020214,0.6303337987054195,0.47822536744692434,0.9321218286191795
transit,0.5,0.5696840669891597,0.6304750780793744,0.4784975503538378,0.9321134493726821
transit,0.501,0.5697975842092353,0.6304828181748915,0.47876973326075123,0.9320188694144583
transit,0.502,0.5698247576830949,0.6305281072979907,0.47876973326075123,0.9319944650405614
transit,0.503,0.5699800378916448,0.6306054523742981,0.47904191616766467,0.9319754023757976
transit,0.504,0.57005367077511,0.6307281738467403,0.47904191616766467,0.9319319353371369
transit,0.505,0.5701993800335121,0.6307895673394682,0.4793140990745781,0.9319102018178066
transit,0.506,0.5705309810015182,0.630979325076927,0.479858464888405,0.9319098351350092
transit,0.507,0.5704477294584154,0.6310220277763646,0.47958628198149156,0.9318530138235155
transit,0.508,0.5707521700709324,0.631166518254675,0.48013064779531844,0.9318770515146151
transit,0.509,0.5707392820188908,0.631145038167939,0.48013064779531844,0.9318095467848548
transit,0.51,0.5707440381967734,0.6311529651310767,0.48013064779531844,0.9317149668266309
transit,0.511,0.5707166173939631,0.6311072637930596,0.48013064779531844,0.9315475404295135
transit,0.512,0.5706811681534742,0.6310481817255781,0.48013064779531844,0.9314098601154261
transit,0.513,0.5706842805166754,0.6310533689975799,0.48013064779531844,0.9312828632196053
transit,0.514,0.570780759564044,0.631214167409861,0.48013064779531844,0.9313095717652716
transit,0.515,0.5709555760173526,0.6313240728940996,0.4804028307022319,0.9312958508096412
transit,0.516,0.5709523326683612,0.6313186673124475,0.4804028307022319,0.9312310169344475
transit,0.517,0.571107872912616,0.6313964457815966,0.48067501360914533,0.9312119542696837
transit,0.518,0.5708772285183721,0.6313749490004079,0.48013064779531844,0.9311444495399235
transit,0.519,0.5709529095453688,0.6315010840454024,0.48013064779531844,0.9311333994388596
transit,0.52,0.5708504730516424,0.631511811827134,0.479858464888405,0.9310712364182325
transit,0.521,0.5709133211296767,0.6316165586238579,0.479858464888405,0.9309926815874084
transit,0.522,0.5709278387393093,0.6316407546399121,0.479858464888405,0.930900772483751
transit,0.523,0.5709326865350203,0.6316488342994305,0.479858464888405,0.9308061925255272
transit,0.524,0.5710802745432111,0.631713359041806,0.48013064779531844,0.9308168759437937
transit,0.525,0.5710851352005858,0.6317214601374307,0.48013064779531844,0.9307222959855699
transit,0.526,0.5710722376578035,0.6316999642327934,0.48013064779531844,0.9306547912558094
transit,0.527,0.5711481166224079,0.6318264291738008,0.48013064779531844,0.9306437411547457
transit,0.528,0.5712450200393717,0.6319879348687406,0.48013064779531844,0.9306704497004119
transit,0.529,0.5713597822603562,0.6321792052370481,0.48013064779531844,0.9306700830176146
transit,0.53,0.5714929990635192,0.6322197779710441,0.4804028307022319,0.930580844768524
transit,0.531,0.5712479073340371,0.6321742022977918,0.479858464888405,0.9304134183714065
transit,0.532,0.5715223116420721,0.6322686322686323,0.4804028307022319,0.9303970265612094
transit,0.533,0.5717886106052972,0.6323495533314561,0.4809471965160588,0.9304103808340425
transit,0.534,0.5716975821166395,0.632379294454969,0.48067501360914533,0.9303833056055789
transit,0.535,0.5719510314987802,0.6324387995493189,0.4812193794229722,0.9303291551486517
transit,0.536,0.5719377812422493,0.6325981710597096,0.4809471965160588,0.9303234467567212
transit,0.537,0.5720626548409519,0.6328062937242139,0.4809471965160588,0.9303257509284905
transit,0.538,0.5721863060601763,0.6328309238183123,0.4812193794229722,0.9302338418248332
transit,0.539,0.5725306218158407,0.6330418728685351,0.4817637452367991,0.9302685629341994
transit,0.54,0.5726543220115632,0.6330665845901303,0.4820359281437126,0.930176653830542
transit,0.541,0.5729987628684552,0.633277742142399,0.4825802939575395,0.9302113749399081
transit,0.542,0.5731533098095323,0.6333538651062519,0.48285247686445293,0.9301598953375476
transit,0.543,0.5730901362208614,0.633430031063076,0.4825802939575395,0.9301084157351871
transit,0.544,0.5733633689546419,0.633522508410159,0.48312465977136637,0.9300596069873932
transit,0.545,0.5736042798122514,0.6335611159636233,0.48366902558519326,0.9299379518007056
transit,0.546,0.5736418182044773,0.6336236799506667,0.48366902558519326,0.9299162182813754
transit,0.547,0.573408186104496,0.6335972036599157,0.48312465977136637,0.9297838796764213
transit,0.548,0.5736230451908162,0.6337738468658405,0.4833968426782798,0.9297808421390573
transit,0.549,0.5736786794611066,0.6338665706496579,0.4833968426782798,0.9297320333912633
transit,0.55,0.5740805402582805,0.6339919728311207,0.48421339139902014,0.9296885663526027
transit,0.551,0.5741750840713183,0.6339680905815749,0.4844855743059336,0.9295886446852455
transit,0.552,0.5744014554386808,0.63416392092257,0.48475775721284703,0.9296206949400451
transit,0.553,0.5744945055944706,0.6341375492442773,0.48502994011976047,0.9294883563350911
transit,0.554,0.5746204096276677,0.6343473892996059,0.48502994011976047,0.9294906605068604
transit,0.555,0.5744678184663424,0.6342745259686727,0.48475775721284703,0.9293827262758033
transit,0.556,0.5745643919607257,0.6344354817926449,0.48475775721284703,0.9293770178838727
transit,0.557,0.5748267194316085,0.6345097837015649,0.4853021230266739,0.9292931213439153
transit,0.558,0.5748124249823103,0.6344859596194012,0.4853021230266739,0.9291931996765582
transit,0.559,0.5748570423646407,0.6345603219232853,0.4853021230266739,0.9291093031366008
transit,0.56,0.5748540604281305,0.6345553520291014,0.4853021230266739,0.929044469261407
transit,0.561,0.5750854920701256,0.6345781608898754,0.4858464888405008,0.9289201432201529
transit,0.562,0.5751906482085473,0.6347534211205783,0.4858464888405008,0.9288846887451921
transit,0.5630000000000001,0.5755944745611581,0.6348820992277693,0.48666303756124113,0.9288736386441283
transit,0.5640000000000001,0.5758274689453564,0.6349075126588819,0.48720740337506807,0.928781729540471
transit,0.5650000000000001,0.5757338525100775,0.6349329405380262,0.4869352204681546,0.9286898204368137
transit,0.5660000000000001,0.5757717620047857,0.6349961230292066,0.4869352204681546,0.9286680869174835
transit,0.5670000000000001,0.5760569844610863,0.6351085832471562,0.4874795862819815,0.9286543659618529
transit,0.5680000000000001,0.5760639002951213,0.6351201096372145,0.4874795862819815,0.9285922029412259
transit,0.5690000000000001,0.5762585533995996,0.635263076206736,0.48775176918889496,0.9285514067571319
transit,0.5700000000000001,0.5762950773712732,0.6353239494928586,0.48775176918889496,0.9284972563002046
transit,0.5710000000000001,0.5763513547404715,0.6354177451081892,0.48775176918889496,0.9284484475524106
transit,0.5720000000000001,0.5766352859406066,0.6355280532325299,0.48829613500272184,0.9284023096591834
transit,0.5730000000000001,0.5766846562901767,0.63561033714848,0.48829613500272184,0.9284156639320166
transit,0.5740000000000001,0.5767622336265452,0.6357396327090942,0.48829613500272184,0.9284046138309527
transit,0.5750000000000001,0.5768709464873567,0.6359208208104467,0.48829613500272184,0.9284339932311856
transit,0.5760000000000001,0.5769684034606953,0.6360832490993443,0.48829613500272184,0.9284282848392551
transit,0.577,0.5771041042676027,0.636127961839581,0.4885683179096353,0.9283714635277612
transit,0.578,0.5768311744286986,0.636035989317292,0.4880239520958084,0.9282284415045408
transit,0.579,0.5769980016954712,0.6361325794906375,0.48829613500272184,0.9282120496943436
transit,0.58,0.5774321220572554,0.6363117476131175,0.48911268372346217,0.9282090121569797
transit,0.581,0.5774774119269659,0.6363872307293018,0.48911268372346217,0.9281251156170223
transit,0.582,0.577515644317202,0.6364509513796953,0.48911268372346217,0.9281033820976919
transit,0.583,0.5775411551283971,0.6364934693983536,0.48911268372346217,0.9280141438486013
transit,0.584,0.577305022389084,0.6364628253753831,0.4885683179096353,0.9278169713684536
transit,0.585,0.5771508086235488,0.6363872577041002,0.48829613500272184,0.9276766201997997
transit,0.586,0.577169237504636,0.636417972505912,0.48829613500272184,0.9276495449713361
transit,0.587,0.5772752803802284,0.6364132553606238,0.4885683179096353,0.9275847110961424
transit,0.588,0.577679903390919,0.6365432612312812,0.4893848666303756,0.9275736609950785
transit,0.589,0.5773955164103538,0.6364321934728905,0.48884050081654873,0.9273955511796945
transit,0.59,0.577223191130716,0.6365078952160454,0.48829613500272184,0.9273116546397371
transit,0.591,0.5772402399662749,0.636536309941977,0.48829613500272184,0.9272521624736767
transit,0.592,0.5772473563068193,0.6365481705095509,0.48829613500272184,0.9271899994530497
transit,0.593,0.5773931747273693,0.636609745939192,0.4885683179096353,0.9271358489961224
transit,0.594,0.577451437352101,0.6367068503137449,0.4885683179096353,0.9271194571859254
transit,0.595,0.5776683598348632,0.6368869325137395,0.48884050081654873,0.9271164196485615
transit,0.596,0.5779444426921669,0.6369841600666944,0.4893848666303756,0.9271000278383643
transit,0.597,0.577972926275893,0.637031632706238,0.4893848666303756,0.9270756234644674
transit,0.598,0.5782050367374558,0.6370555729329581,0.4899292324442025,0.9269512974232132
transit,0.599,0.5782734085744896,0.6371695259946811,0.4899292324442025,0.9269375764675828
transit,0.6,0.5782819928473029,0.6371838331160365,0.4899292324442025,0.9269078303845526
transit,0.601,0.5784393372009022,0.6372646184340932,0.49020141535111594,0.9268887677197888
transit,0.602,0.5786053015521029,0.6373597704148186,0.4904735982580294,0.9268399589719949
transit,0.603,0.5785222384615487,0.6374027872018373,0.49020141535111594,0.9267507207229043
transit,0.604,0.5788084931070965,0.637516967735199,0.49074578116494283,0.9267369997672739
transit,0.605,0.5787254743982608,0.6375600584917485,0.4904735982580294,0.9266477615181832
transit,0.606,0.5788054025292879,0.6376932720434602,0.4904735982580294,0.9266691283547162
transit,0.607,0.5789815260518687,0.6378053559764859,0.49074578116494283,0.9266229904614889
transit,0.608,0.5790863263803235,0.6377985679193018,0.49101796407185627,0.9265257396486983
transit,0.609,0.579142277521765,0.6378918198217041,0.49101796407185627,0.9264445139633075
transit,0.61,0.5792009725645723,0.6379896448930495,0.49101796407185627,0.9264281221531104
transit,0.611,0.5792296565985092,0.6380374516162779,0.49101796407185627,0.9264037177792135
transit,0.612,0.5792870516814842,0.6381331100879029,0.49101796407185627,0.9263549090314196
transit,0.613,0.5795281408743382,0.6381720148667749,0.49156232988568316,0.9262008369071353
transit,0.614,0.5796430102694106,0.6381820085872867,0.4918345127925966,0.9261062569489114
transit,0.615,0.5795387941442531,0.638189770316633,0.49156232988568316,0.9259792600530905
transit,0.616,0.5794158623278537,0.638166339227243,0.4912901469787697,0.9258793383857333
transit,0.617,0.5794879144242049,0.6381049707832194,0.49156232988568316,0.9257092411340493
transit,0.618,0.5795427455602504,0.6381963560099619,0.49156232988568316,0.9255955985110617
transit,0.619,0.579826758638586,0.6383068005979701,0.49210669569951004,0.9255170436802375
transit,0.62,0.5799416613615075,0.6383168498648968,0.49237887860642354,0.9254224637220135
transit,0.621,0.5797500488517855,0.6383604062245782,0.4918345127925966,0.925333225472923
transit,0.622,0.5798807573929876,0.6385782537932484,0.4918345127925966,0.925367946582289
transit,0.623,0.5801191108655491,0.6387940543095751,0.49210669569951004,0.9253702507540584
transit,0.624,0.5800062840368947,0.6387874648664268,0.4918345127925966,0.9252729999412679
transit,0.625,0.5802863868890755,0.6390728476821192,0.49210669569951004,0.9253184044689005
transit,0.626,0.5806910391845784,0.639202902360797,0.49292324442025043,0.9252749374302398
transit,0.627,0.5806199070919236,0.6392658041443147,0.492651061513337,0.9252207869733127
transit,0.628,0.5808182876670901,0.6394149831649832,0.49292324442025043,0.9252124077268155
transit,0.629,0.5809119033344966,0.6393895540060518,0.49319542732716387,0.9250800691218614
transit,0.63,0.5812394354580757,0.6395725303361323,0.49373979314099076,0.9250770315844975
transit,0.631,0.5812355834140499,0.639566110262756,0.49373979314099076,0.9249797807717068
transit,0.632,0.5808037739178775,0.639572248854238,0.492651061513337,0.9248203669382893
transit,0.633,0.5808694213639718,0.6396816612643951,0.492651061513337,0.9247093951698683
transit,0.634,0.5808516189106341,0.639651990508832,0.492651061513337,0.9245122226897206
transit,0.635,0.5808794167205217,0.6396983201919781,0.492651061513337,0.9244554013782268
transit,0.636,0.5814541241638658,0.6399303448457824,0.49373979314099076,0.9244279594669659
transit,0.637,0.581350304228766,0.6399387668918919,0.4934676102340773,0.9243009625711451
transit,0.638,0.5814085880792683,0.6400359066427289,0.4934676102340773,0.9242521538233511
transit,0.639,0.581397356286282,0.6401986422590275,0.49319542732716387,0.9241816115562269
transit,0.64,0.5814163934818536,0.6402303709183135,0.49319542732716387,0.9241545363277632
transit,0.641,0.58161412340753,0.6403784655231652,0.4934676102340773,0.9241137401436693
transit,0.642,0.5819004756983495,0.6404928087986463,0.4940119760479042,0.9240676022504419
transit,0.643,0.5820224356111643,0.6406960753200043,0.4940119760479042,0.9240996525052415
transit,0.644,0.5819708755864225,0.6407915972167103,0.49373979314099076,0.9240184268198508
transit,0.645,0.5824649549650203,0.6408892417626042,0.49482852476864453,0.9239696180720568
transit,0.646,0.58274254886323,0.640988987717069,0.4953728905824714,0.9239532262618597
transit,0.647,0.5829622293851613,0.6411736666490123,0.49564507348938486,0.9239501887244959
transit,0.648,0.5827917930839988,0.6412525166896259,0.49510070767555797,0.9238662921845384
transit,0.649,0.5827698545227201,0.6413974076921038,0.49482852476864453,0.9237606621252505
transit,0.65,0.5828070529047533,0.6414594049954924,0.49482852476864453,0.9236740947307266
transit,0.651,0.582995190232027,0.6415915119363396,0.49510070767555797,0.9236306276920658
transit,0.652,0.5827816705946022,0.6415985564165163,0.4945563418617311,0.9234712138586483
transit,0.653,0.5830005685874695,0.6417819311333528,0.49482852476864453,0.9234357593836875
transit,0.654,0.5832875213469206,0.6418972751898868,0.4953728905824714,0.9233896214904602
transit,0.655,0.5835540555484511,0.641978588316553,0.4959172563962983,0.9233381418880996
transit,0.656,0.5834735260211459,0.6420258277089865,0.49564507348938486,0.9232813205766058
transit,0.657,0.5839116026320565,0.6422115895800107,0.4964616222101252,0.9232782830392419
transit,0.658,0.5839057498014812,0.6422018348623854,0.4964616222101252,0.9231161983512577
transit,0.659,0.5836581246536156,0.6421520368251603,0.4959172563962983,0.9228515211413496
transit,0.66,0.5838352667639551,0.6422658184044507,0.49618943930321174,0.9227729663105254
transit,0.661,0.5837998078848716,0.6422067202726449,0.49618943930321174,0.9226352859964382
transit,0.662,0.5835544973516433,0.6421607799264824,0.49564507348938486,0.9224354426617238
transit,0.663,0.583463804285421,0.6421910800873875,0.4953728905824714,0.9223759504956635
transit,0.664,0.5835116295805365,0.6422707889125799,0.4953728905824714,0.922292053955706
transit,0.665,0.5834597273665274,0.6423657404938403,0.49510070767555797,0.9221784113327184
transit,0.666,0.583648516028123,0.6424989329918906,0.4953728905824714,0.9221349442940577
transit,0.667,0.5838053421992977,0.6425788546725729,0.49564507348938486,0.9220510477541003
transit,0.668,0.5838418833121404,0.6426397565273106,0.49564507348938486,0.9219320634219794
transit,0.669,0.5839116547128858,0.6427560421952198,0.49564507348938486,0.9218859255287521
transit,0.67,0.5839826186838534,0.6428743154801657,0.49564507348938486,0.9218722045731217
transit,0.671,0.5845166316611206,0.643038516023842,0.49673380511703863,0.9217692453684005
transit,0.672,0.5844123890771137,0.643046233655106,0.4964616222101252,0.921609831534983
transit,0.673,0.5844594482419955,0.6431246655965757,0.4964616222101252,0.9214935180574286
transit,0.674,0.5848756171759434,0.643273914672662,0.4972781709308655,0.9214203049357378
transit,0.675,0.5845123597274235,0.6432128514056226,0.4964616222101252,0.9212502076840536
transit,0.676,0.5844185073528171,0.6432378860525539,0.49618943930321174,0.9210934647052027
transit,0.677,0.5842821690590418,0.6431921108342042,0.4959172563962983,0.9208936213704884
transit,0.678,0.584516075310879,0.6432190440447149,0.4964616222101252,0.9207692953292341
transit,0.679,0.5845241598235611,0.6432325182325183,0.4964616222101252,0.9207071323086071
transit,0.68,0.5845725250709499,0.6433131269781664,0.4964616222101252,0.9206232357686497
transit,0.681,0.5844051003610657,0.6432155410663017,0.49618943930321174,0.9204153798702355
transit,0.682,0.5842127688658353,0.6432578991168023,0.49564507348938486,0.9202613077459512
transit,0.683,0.5839789999378548,0.6432311947793861,0.49510070767555797,0.9200965522034004
transit,0.684,0.5843103215961594,0.6432390317294,0.4959172563962983,0.9199371383699827
transit,0.685,0.5841865432361194,0.6432141897339425,0.49564507348938486,0.9198047997650287
transit,0.686,0.5841365201259849,0.643312273154994,0.4953728905824714,0.9197235740796379
transit,0.687,0.5843775022195454,0.6433509994350435,0.4959172563962983,0.91950466808016
transit,0.6880000000000001,0.584513024079558,0.6433954139304554,0.49618943930321174,0.9193830128934724
transit,0.6890000000000001,0.584485043746393,0.6435302353131227,0.4959172563962983,0.9193395458548117
transit,0.6900000000000001,0.5842955213155988,0.643395819866408,0.49564507348938486,0.9190939313096673
transit,0.6910000000000001,0.5845734155531632,0.6434960663864642,0.49618943930321174,0.9190451225618734
transit,0.6920000000000001,0.5845886089512909,0.6435213887166771,0.49618943930321174,0.9188883795830225
transit,0.6930000000000001,0.5841776151809088,0.643562220184476,0.49510070767555797,0.9187018905211413
transit,0.6940000000000001,0.5842378765521204,0.6436626558031621,0.49510070767555797,0.9186530817733474
transit,0.6950000000000001,0.58442789962066,0.6437979056461189,0.4953728905824714,0.9186096147346867
transit,0.6960000000000001,0.5846933505131569,0.6438774132577292,0.4959172563962983,0.9184933012571324
transit,0.6970000000000001,0.5846866201194364,0.6440476512061374,0.49564507348938486,0.918455175927605
transit,0.6980000000000001,0.5844067200509753,0.6441255169058623,0.49482852476864453,0.9183064455124539
transit,0.6990000000000001,0.5843039080743848,0.6441356188828206,0.4945563418617311,0.9181794486166331
transit,0.7000000000000001,0.5842104581936287,0.644161324352836,0.49428415895481764,0.9180227056377821
transit,0.7010000000000001,0.5843705197538102,0.6442466383485295,0.4945563418617311,0.9180036429730184
transit,0.7020000000000001,0.5846549679305221,0.6443578081004981,0.49510070767555797,0.9178278373294038
transit,0.7030000000000001,0.5846809461613982,0.6444011051519585,0.49510070767555797,0.9176737652051195
transit,0.704,0.5847351431873344,0.6444914335285188,0.49510070767555797,0.9174304548317443
transit,0.705,0.5847275643787104,0.6444788021808121,0.49510070767555797,0.9172035362685664
transit,0.706,0.5848740755024792,0.6445415321158177,0.4953728905824714,0.9170845519364457
transit,0.707,0.5847381531275897,0.6446779053668865,0.49482852476864453,0.9170410848977849
transit,0.708,0.5843924255579676,0.6446460585646765,0.4940119760479042,0.9167790785424434
transit,0.709,0.5839731000030978,0.6444915484537204,0.49319542732716387,0.9164983762051357
transit,0.71,0.5841838574925814,0.6446613556649174,0.4934676102340773,0.9164278339380114
transit,0.711,0.5839828432597363,0.6446892424860601,0.49292324442025043,0.9163035078967573
transit,0.712,0.5843131564898754,0.6448768539937406,0.4934676102340773,0.9162356364841997
transit,0.713,0.5840900709780104,0.6448679553498503,0.49292324442025043,0.9160735517962154
transit,0.714,0.5839853244990996,0.6448748331562747,0.492651061513337,0.915881721025201
transit,0.715,0.5836830620565158,0.6447339729611862,0.49210669569951004,0.9155388556672661
transit,0.716,0.5837654573730398,0.6446898432174506,0.49237887860642354,0.9153714292701487
transit,0.717,0.5834112600046838,0.6446438800840175,0.49156232988568316,0.9151715859354344
transit,0.718,0.5833730301093585,0.6447616188630844,0.4912901469787697,0.9150930311046102
transit,0.719,0.5835303932624978,0.645023890784983,0.4912901469787697,0.9151006769855127
transit,0.72,0.5836857483031066,0.645101360581389,0.49156232988568316,0.9149195296327648
transit,0.721,0.583853857598998,0.6452000874699323,0.4918345127925966,0.914805887009777
transit,0.722,0.5842198041086892,0.6454470877768663,0.49237887860642354,0.9148432789737099
transit,0.723,0.5844208973564838,0.6456007879185818,0.492651061513337,0.914770065852019
transit,0.724,0.5840784873656565,0.6455744704143631,0.4918345127925966,0.9146053103094682
transit,0.725,0.5841016616277446,0.6454316389132342,0.49210669569951004,0.9142300280139364
transit,0.726,0.5840741557019873,0.6453857957036387,0.49210669569951004,0.914030184679222
transit,0.727,0.5840784706969436,0.6453929873618993,0.49210669569951004,0.9138383539082076
transit,0.728,0.584192158489366,0.6455824670159367,0.49210669569951004,0.9137704824956501
transit,0.729,0.5843150031634894,0.6456057528682,0.49237887860642354,0.9135489056416053
transit,0.73,0.5841446142951824,0.6455032266922972,0.49210669569951004,0.9132762158679975
transit,0.731,0.5842382826754084,0.6456593406593407,0.49210669569951004,0.9132354196839034
transit,0.732,0.5841512482943761,0.6455142833576202,0.49210669569951004,0.9128277204507749
transit,0.733,0.5840693471468722,0.6453777814451137,0.49210669569951004,0.9125821059056305
transit,0.734,0.584212258458744,0.6456159669649001,0.49210669569951004,0.9124249962439822
transit,0.735,0.5838667101727495,0.6454029636974604,0.49156232988568316,0.9120714474677809
transit,0.736,0.583650142792864,0.6454049286068692,0.49101796407185627,0.9117823658839759
transit,0.737,0.5836854798388768,0.6454638236835571,0.49101796407185627,0.9115661307390643
transit,0.738,0.5839824277447058,0.6455958263173875,0.49156232988568316,0.9113929959500163
transit,0.739,0.5838769205509333,0.6456014362657091,0.4912901469787697,0.911168748241405
transit,0.74,0.5836964920669852,0.645482177397071,0.49101796407185627,0.9109258045508273
transit,0.741,0.5840385248315614,0.6456893214621467,0.49156232988568316,0.9108281870552395
transit,0.742,0.5843675056220332,0.645693256965773,0.49237887860642354,0.9105715224090314
transit,0.743,0.5843897891353085,0.6455489408832895,0.492651061513337,0.9101962401134996
transit,0.744,0.5842955280708046,0.6453918391091166,0.492651061513337,0.9099155377761918
transit,0.745,0.5842350127358424,0.6454724354887884,0.49237887860642354,0.9097668073610408
transit,0.746,0.5844668349325111,0.6454958952740182,0.49292324442025043,0.909545230506996
transit,0.747,0.5843810203557281,0.64535287097938,0.49292324442025043,0.9092023651490612
transit,0.748,0.584341028915488,0.6454676738502555,0.492651061513337,0.9090265595054465
transit,0.749,0.5837948691381079,0.6452832286397243,0.49156232988568316,0.9085811016255878
transit,0.75,0.5838648919053244,0.645399933251752,0.49156232988568316,0.90843771291957
transit,0.751,0.5837345852479333,0.645364210760709,0.4912901469787697,0.9081108726890349
transit,0.752,0.5833422605526478,0.6450732468111179,0.49074578116494283,0.9076818066193734
transit,0.753,0.5834327666352632,0.6450426350108678,0.49101796407185627,0.9074522172016288
transit,0.754,0.583073705746671,0.6449885660103742,0.49020141535111594,0.907122706116527
transit,0.755,0.5830736160748533,0.644988416557345,0.49020141535111594,0.9068012075951253
transit,0.756,0.5831942999099495,0.6450081010112297,0.4904735982580294,0.9065147968658869
transit,0.757,0.5830994340649747,0.6450314465408804,0.49020141535111594,0.9062932200118422
transit,0.758,0.5828480481049784,0.6449753804834378,0.48965704953728906,0.9059312919891436
transit,0.759,0.582589059156882,0.6449066427791619,0.48911268372346217,0.905663943924669
transit,0.76,0.5824725064159142,0.6448938434821577,0.48884050081654873,0.905437025361491
transit,0.761,0.5824203435921316,0.6448069054425201,0.48884050081654873,0.9051670064424497
transit,0.762,0.5825562444180524,0.6448519515477793,0.48911268372346217,0.9050129343181654
transit,0.763,0.5824464202907317,0.644668911335578,0.48911268372346217,0.9046323103135003
transit,0.764,0.5823732072057435,0.6447283447985399,0.48884050081654873,0.904416075168589
transit,0.765,0.5825863259828528,0.644902087489113,0.48911268372346217,0.904313115963868
transit,0.766,0.5826733033049453,0.644865594421325,0.4893848666303756,0.9039862757333328
transit,0.767,0.5825098379668456,0.6447746074624345,0.48911268372346217,0.9036514229390978
transit,0.768,0.5816731494794114,0.644468858277698,0.4874795862819815,0.9030278552438552
transit,0.769,0.5814715685998655,0.6444958006876728,0.4869352204681546,0.9028711122650042
transit,0.77,0.5815834689642405,0.6445008460236887,0.48720740337506807,0.9026468645563929
transit,0.771,0.5813810421809145,0.6441634680514788,0.48720740337506807,0.9021152059648074
transit,0.772,0.5815545983689628,0.6440898178223414,0.48775176918889496,0.9017830240251392
transit,0.773,0.5811908363005615,0.6438464582508904,0.48720740337506807,0.9013295535815806
transit,0.774,0.5813302344216189,0.6437158779101017,0.48775176918889496,0.9009569421406156
transit,0.775,0.5814988534112077,0.6438154542881405,0.4880239520958084,0.9008108825800311
transit,0.776,0.5813317061357064,0.6435368754956384,0.4880239520958084,0.9003844873649361
transit,0.777,0.581253060331535,0.6434057991553527,0.4880239520958084,0.900011875923971
transit,0.778,0.5815281951504656,0.6435014466443524,0.4885683179096353,0.899800982488193
transit,0.779,0.5811690036816892,0.6434471600102188,0.48775176918889496,0.8995038883406881
transit,0.78,0.5811814394313742,0.6434678862596938,0.48775176918889496,0.8992498945490466
transit,0.781,0.5808198063721817,0.6434095303081997,0.4869352204681546,0.8988879665263478
transit,0.782,0.580776136667972,0.6433367474678503,0.4869352204681546,0.8985882015242764
transit,0.783,0.5807178175414025,0.6432395489235677,0.4869352204681546,0.8981885148548479
transit,0.784,0.5802926168745581,0.6428937916880452,0.4863908546543277,0.8975920223880687
transit,0.785,0.5803305882269616,0.6427756220041086,0.48666303756124113,0.8971572479264766
transit,0.786,0.5803305491192994,0.6427755568246716,0.48666303756124113,0.8968681663426716
transit,0.787,0.5805214379600994,0.642912249621396,0.4869352204681546,0.8967274484912203
transit,0.788,0.5806570902043611,0.6427754261526142,0.4874795862819815,0.8962900031750616
transit,0.789,0.5811416128781399,0.6428571428571429,0.4885683179096353,0.8961412727599105
transit,0.79,0.5808965060644354,0.6426300867722444,0.48829613500272184,0.8957228901085155
transit,0.791,0.5811296379403265,0.6424742740849027,0.48911268372346217,0.89528277393779
transit,0.792,0.5809431870758881,0.6423449779154476,0.48884050081654873,0.8949749963720186
transit,0.793,0.5804828002046196,0.6419405770058848,0.48829613500272184,0.8943704913415397
transit,0.794,0.5806933885361103,0.6421101022870935,0.4885683179096353,0.894170281324028
transit,0.795,0.580108434564551,0.6418610000862639,0.4874795862819815,0.8937168108804694
transit,0.796,0.5800473868701699,0.641759253928962,0.4874795862819815,0.893284707273444
transit,0.797,0.5797377936832868,0.6416061758267082,0.4869352204681546,0.8929094249779123
transit,0.798,0.5794788447053751,0.6413560494681311,0.48666303756124113,0.8924559545343538
transit,0.799,0.5796784420347473,0.6415072564124757,0.4869352204681546,0.8922530736622755
transit,0.8,0.5793965983756834,0.6414004275232538,0.4863908546543277,0.8917561361800562
transit,0.801,0.5794353798120073,0.6412836079791847,0.48666303756124113,0.8913861955936577
transit,0.802,0.5792745844596299,0.641197070996498,0.4863908546543277,0.890924345903602
transit,0.803,0.5792599747489204,0.6411727214786489,0.4863908546543277,0.8905677595900368
transit,0.804,0.57925383011511,0.6411624804222983,0.4863908546543277,0.8901490102558444
transit,0.805,0.5795726017164686,0.6413308558820113,0.4869352204681546,0.8899163833007359
transit,0.806,0.5795023701912514,0.6410323480687069,0.48720740337506807,0.8893279033976567
transit,0.807,0.5795114178218772,0.6408659721818076,0.4874795862819815,0.8887905364141406
transit,0.808,0.5792200860900931,0.640743329838052,0.4869352204681546,0.8883557619525486
transit,0.809,0.5789189210028916,0.6407857538398765,0.48611867174741424,0.8881692728906674
transit,0.81,0.5784608282969832,0.6403851765392471,0.48557430593358736,0.8874701879019645
transit,0.811,0.5781652307415746,0.6398925139468995,0.48557430593358736,0.8867901655780255
transit,0.812,0.5780071882640797,0.6398105650890169,0.4853021230266739,0.8864255667007601
transit,0.8130000000000001,0.5778517793150744,0.6397330054452837,0.48502994011976047,0.8858691370524805
transit,0.8140000000000001,0.5777624435444795,0.6397655677655677,0.48475775721284703,0.8855529802402119
transit,0.8150000000000001,0.577337510062718,0.6394202558385167,0.48421339139902014,0.8848943247528058
transit,0.8160000000000001,0.577146917609705,0.6391026017501615,0.48421339139902014,0.8843680078703537
transit,0.8170000000000001,0.5768216333086593,0.6387419165196944,0.4839412084921067,0.8837715154035746
transit,0.8180000000000001,0.5765523110849053,0.6386559566893224,0.4833968426782798,0.8833744995887126
transit,0.8190000000000001,0.5766307146887467,0.6387866293623914,0.4833968426782798,0.8831365309244708
transit,0.8200000000000001,0.5762409111396839,0.6384998673231712,0.48285247686445293,0.8825507218759583
transit,0.8210000000000001,0.5761393082876212,0.6383305292364001,0.48285247686445293,0.8820457718300392
transit,0.8220000000000001,0.5765059365246716,0.6383972104843237,0.48366902558519326,0.881702539789307
transit,0.8230000000000001,0.5762754320903648,0.638375946969697,0.48312465977136637,0.8811865396423242
transit,0.8240000000000001,0.5760780569580533,0.6380469884158445,0.48312465977136637,0.8805629719470814
transit,0.8250000000000001,0.576298081576725,0.6382322408423551,0.4833968426782798,0.8803005989089427
transit,0.8260000000000001,0.5758690686178467,0.6380615850580514,0.4825802939575395,0.8797956488630236
transit,0.8270000000000001,0.5760023320898241,0.6379207803021292,0.48312465977136637,0.8791987897134472
transit,0.8280000000000001,0.5755013926786605,0.6376302470973503,0.48230811105062604,0.8786129806649348
transit,0.8290000000000001,0.5756143779549758,0.6376371006199333,0.4825802939575395,0.8782293191229058
transit,0.8300000000000001,0.5748477588541314,0.6370852232036286,0.48149156232988566,0.8774467042770429
transit,0.8310000000000001,0.5746677445981598,0.6369666547149516,0.4812193794229722,0.8769173498572268
transit,0.8320000000000001,0.5739312981090333,0.6366465202561188,0.479858464888405,0.876231619141357
transit,0.833,0.5736810673796515,0.6365923795830339,0.4793140990745781,0.8758075280980314
transit,0.834,0.5733849936403543,0.6364618338934229,0.47876973326075123,0.875148505927828
transit,0.835,0.5738566175381045,0.6365220526379041,0.479858464888405,0.8747404400119021
transit,0.836,0.5735903344425154,0.6362597027498647,0.47958628198149156,0.8740951387973291
transit,0.837,0.5736301329433138,0.636144578313253,0.479858464888405,0.8736306182527067
transit,0.838,0.5732904583545704,0.6359413645412318,0.4793140990745781,0.8730257465394304
transit,0.839,0.5733281859723146,0.6358227886328632,0.47958628198149156,0.8725288090572112
transit,0.84,0.5735587313858488,0.6356626651749266,0.4804028307022319,0.871994112928262
transit,0.841,0.5729675033336246,0.635403106172989,0.4793140990745781,0.8714136455888827
transit,0.842,0.5719577857351068,0.6348089751364463,0.47768100163309746,0.8704986921380657
transit,0.843,0.5717516749189757,0.6346469123808367,0.477408818726184,0.8699639960091163
transit,0.844,0.57114963494315,0.6341878782349543,0.4765922700054437,0.8691001554778627
transit,0.845,0.5705387033151604,0.6337140246687986,0.4757757212847033,0.868298477967236
transit,0.846,0.569562817662957,0.6333577354807223,0.4738704409363092,0.867545242521606
transit,0.847,0.568876982106169,0.6327590420332356,0.47305389221556887,0.8666627060083859
transit,0.848,0.5683974903918327,0.6323227997185598,0.472509526401742,0.8658987871444893
transit,0.849,0.5679399909620964,0.6321046664828263,0.47169297768100166,0.8652290815560194
transit,0.85,0.5675887311347352,0.6320635992510513,0.4708764289602613,0.8646158305962459
transit,0.851,0.5675583907497865,0.631650121400252,0.4714207947740882,0.8639194164621098
transit,0.852,0.5663686617944073,0.630755971435607,0.4697876973326075,0.8628374032969726
transit,0.853,0.5658211781966738,0.6303878645865449,0.4689711486118672,0.8620517509137458
transit,0.854,0.5648377447050601,0.6302004509373937,0.46679368535655963,0.8613549700968122
transit,0.855,0.5642493178922718,0.6295826501252978,0.46624931954273274,0.8604075997083984
transit,0.856,0.5637070491880121,0.6292232347653586,0.46543277082199236,0.8595597843045444
transit,0.857,0.5631820161775805,0.6288925455617995,0.46461622210125203,0.8588118905680476
transit,0.858,0.562579552741002,0.6284328056479955,0.4637996733805117,0.8579507208913606
transit,0.859,0.5620454395344324,0.6279055275129308,0.4632553075666848,0.8570167047757798
transit,0.86,0.5616719122048119,0.627464437234839,0.4629831246597714,0.8563500367246739
transit,0.861,0.5615572690445729,0.626910454758556,0.46352749047359826,0.8553809328169297
transit,0.862,0.5612797583208025,0.6264479368856052,0.46352749047359826,0.8545521800778395
transit,0.863,0.5601506737357318,0.6256548608714747,0.4618943930321176,0.8533916120818782
transit,0.864,0.5593667173936734,0.6252555433244221,0.46053347849755033,0.8523168781148464
transit,0.865,0.5583474199925508,0.6246454459502049,0.4589003810560697,0.8512775986227752
transit,0.866,0.5574258063647521,0.6238352443223095,0.4578116494284159,0.8500521967516202
transit,0.867,0.5571404693037152,0.6237225930964659,0.457267283614589,0.8494633501657438
transit,0.868,0.5561523716928742,0.6229830401014425,0.4559063690800218,0.8483756286086761
transit,0.869,0.5555251573487707,0.6224820486750969,0.4550898203592814,0.8473523742440048
transit,0.87,0.5549084679446337,0.621998598815362,0.4542732716385411,0.8463317907339001
transit,0.871,0.5535385838112377,0.6208041902206892,0.45264017419706043,0.8446746519385169
transit,0.872,0.5515102934927731,0.6194197143406136,0.4496461622210125,0.8429610585144373
transit,0.873,0.5506528635880171,0.6188979408557317,0.4482852476864453,0.8421593810038106
transit,0.874,0.550082069403764,0.6181280724865854,0.44801306477953184,0.84113382246737
transit,0.875,0.5489662643657984,0.6173571290509633,0.4463799673380512,0.8398542701392878
transit,0.876,0.5484740488173678,0.6168996803461303,0.4458356015242243,0.8388714452759132
transit,0.877,0.5479893468513723,0.616454754278689,0.44529123571039736,0.8379858712253292
transit,0.878,0.5469964567219112,0.6158886690239076,0.4436581382689167,0.8368302782557038
transit,0.879,0.5451759548069255,0.6146690518783542,0.4409363091997823,0.8352703902731112
transit,0.88,0.5435875347257748,0.6134733272466415,0.4387588459444747,0.8337780070202789
transit,0.881,0.5425877158178853,0.6130771492990884,0.4368535655960806,0.8329004455333947
transit,0.882,0.5405342501519595,0.6120136250491287,0.43331518780620576,0.8315537551583496
transit,0.883,0.5391535160778749,0.6111640437625259,0.4311377245508982,0.8301094472877166
transit,0.884,0.5378140960002298,0.6102018638653802,0.42923244420250406,0.8288409450606982
transit,0.885,0.5368325142442627,0.6096546258997556,0.4275993467610234,0.827723110737803
transit,0.886,0.535536464113046,0.608764729246657,0.4256940664126293,0.8264652919290512
transit,0.887,0.5330078032394602,0.6072721235264819,0.4216113228089276,0.8246220307545842
transit,0.888,0.5315236253911014,0.6060686806781467,0.4197060424605335,0.8230079923150644
transit,0.889,0.5301943504679145,0.6051234093717646,0.41780076211213935,0.8216502518389553
transit,0.89,0.5286940320477589,0.6040745208417102,0.4156232988568318,0.8200899971735655
transit,0.891,0.5274465380868981,0.6029026405966539,0.4142623843222646,0.8186407142765965
transit,0.892,0.5266640348222408,0.6019613790314429,0.41371801850843765,0.8171910646968302
transit,0.893,0.5250861866525964,0.600601818980965,0.41181273816004355,0.8154664211716867
transit,0.894,0.5229249663862052,0.5989957931876781,0.4088187261839956,0.8135529844128928
transit,0.895,0.5217180089448287,0.5980729290797044,0.40718562874251496,0.8120140965840359
transit,0.896,0.5190951587522846,0.5962418858899898,0.4033750680457267,0.8099793713213517
transit,0.897,0.5177150930182937,0.5952119632322678,0.4014697876973326,0.8083028031784074
transit,0.898,0.5164374771849711,0.5939898798664417,0.4001088731627654,0.8066021973443636
transit,0.899,0.5146943331405919,0.5925362819626813,0.3979314099074578,0.8047154691312359
transit,0.9,0.5136701642884174,0.5915551549608264,0.396842678279804,0.8032684904060363
transit,0.901,0.5121048039989504,0.5902164080439775,0.3949373979314099,0.801524784216129
transit,0.902,0.5109159666087079,0.5893237440212269,0.39330430048992926,0.8000911597637625
transit,0.903,0.508498383434358,0.5871089914434002,0.3905824714207948,0.7976407227042499
transit,0.904,0.5061937005242674,0.5850824059726721,0.3878606423516603,0.7953737371692546
transit,0.905,0.5039208795214448,0.5834718342232753,0.384594447468699,0.7933817455796365
transit,0.906,0.5014129898574373,0.5818323919144551,0.3807838867719107,0.7912627570941975
transit,0.907,0.4983103830239941,0.5793832095945175,0.376701143168209,0.7886666271568978
transit,0.908,0.4968037816305946,0.5779609388998388,0.37506804572672836,0.7868607579463636
transit,0.909,0.49440128370576386,0.5759527836758195,0.37207403375068043,0.7846692897048284
transit,0.91,0.4918205519198364,0.5740104825591903,0.3685356559608057,0.7824885048815597
transit,0.911,0.49007563908141405,0.5723724813940825,0.3666303756124115,0.7805045258556415
transit,0.912,0.4881391209157421,0.5709595038307188,0.3639085465432771,0.7785201801469259
transit,0.913,0.48523405334018266,0.5682951877934272,0.3606423516603157,0.7757566238125086
transit,0.914,0.48269670053920966,0.5662437297137798,0.3573761567773544,0.7732920991145682
transit,0.915,0.47981568881857684,0.5636195067680326,0.35410996189439303,0.7705716431360143
transit,0.916,0.47797762404515926,0.5618262523779328,0.35220468154599893,0.7682390903602306
transit,0.917,0.4745348409954345,0.559354475511353,0.3473053892215569,0.765483179906716
transit,0.918,0.4727899206884203,0.5573535513560408,0.34594447468698963,0.7632535863356533
transit,0.919,0.4705393629026047,0.5546913533406685,0.344311377245509,0.7605113968377691
transit,0.92,0.4679216317848748,0.5521430208572083,0.34158954817637455,0.757633831197567
transit,0.921,0.46439278293825853,0.5489834351819823,0.33750680457267285,0.7546219894634387
transit,0.922,0.4615418634908367,0.5462279107536445,0.3345127925966249,0.7518500538825243
transit,0.923,0.4592419548812283,0.5431205508227331,0.33342406096897115,0.7489461463794532
transit,0.924,0.4558241805159733,0.539783178740558,0.32988568317909633,0.7459262920816252
transit,0.925,0.4514425629667287,0.5357466777081116,0.3249863908546543,0.7422748575248546
transit,0.926,0.44817800301463306,0.5321202971673752,0.3222645617855199,0.7388957460588945
transit,0.927,0.44554232068620137,0.5289976801855851,0.3203592814371258,0.7359510423717293
transit,0.928,0.4411686744434362,0.5244300988501109,0.3162765378334241,0.7319216546648604
transit,0.929,0.4372955489756937,0.52033380826379,0.31273816004354926,0.7281428565294716
transit,0.93,0.43378018613080394,0.5164708781730057,0.30974414806750133,0.7245231055447032
transit,0.931,0.43134673144100505,0.5127780308992255,0.30919978225367445,0.721143627395946
transit,0.932,0.4282862620468086,0.5091288907457697,0.3070223189983669,0.7177775035200218
transit,0.933,0.42512081120071826,0.5056676920483755,0.3043004899292324,0.714562414231018
transit,0.934,0.4221746142379641,0.5022090059473237,0.3021230266739249,0.7114743218378349
transit,0.935,0.4185555737187168,0.4970845481049563,0.30076211213935766,0.7074422632763994
transit,0.936,0.4138414150042901,0.49194944598337953,0.29667936853565596,0.7034208881332302
transit,0.937,0.4086310358159215,0.485624399196015,0.29314099074578115,0.6989090172653672
transit,0.9380000000000001,0.40387493152193193,0.48005647723261563,0.2896026129559064,0.6947716953274412
transit,0.9390000000000001,0.3992359434372571,0.4745022936801318,0.286336418072945,0.6907667119944693
transit,0.9400000000000001,0.3935844332390692,0.46834930489944665,0.281437125748503,0.6864379259683262
transit,0.9410000000000001,0.38884611375374534,0.46262956901254776,0.2781709308655416,0.6823246417214998
transit,0.9420000000000001,0.3832268316602436,0.4567117490109486,0.27299945563418615,0.6780004640388952
transit,0.9430000000000001,0.3778361351218058,0.45026762857807767,0.26918889493739795,0.6735416435795675
transit,0.9440000000000001,0.37249803047772323,0.4439111613024656,0.2653783342406097,0.6693124125379841
transit,0.9450000000000001,0.36627664286327233,0.43590110047163066,0.2618399564507349,0.6642685163957385
transit,0.9460000000000001,0.35958286013348567,0.42764808026239626,0.25748502994011974,0.6592192785443595
transit,0.9470000000000001,0.35309195608933064,0.41955173592460565,0.2534022863364181,0.6543561630720642
transit,0.9480000000000001,0.3461535973956677,0.41089108910891087,0.24904735982580295,0.649198624306831
transit,0.9490000000000001,0.3394190236395667,0.4022071733132681,0.2452367991290147,0.6442058410841485
transit,0.9500000000000001,0.3317784663919363,0.3927391061168454,0.24033750680457266,0.6389784934173854
transit,0.9510000000000001,0.3230659356076974,0.38329896907216493,0.23271638541099618,0.633869763399946
transit,0.9520000000000001,0.3141553603791442,0.3722585710546978,0.22700054436581382,0.6281080862870311
transit,0.9530000000000001,0.30473498745945243,0.3601870549473908,0.2215568862275449,0.6221228948310994
transit,0.9540000000000001,0.29539390902092594,0.34879206212251945,0.21529667936853567,0.6165881362813623
transit,0.9550000000000001,0.28628498221489773,0.3368767123287671,0.21039738704409364,0.6109046473164742
transit,0.9560000000000001,0.276696510396515,0.32361775503393037,0.20631464344039194,0.6049602520446367
transit,0.9570000000000001,0.2673658393570001,0.3100626446187708,0.20332063146434404,0.599102424167323
transit,0.9580000000000001,0.2568204154099916,0.29647895400848717,0.19733260751224824,0.5933033550904753
transit,0.9590000000000001,0.24598988024173984,0.28242007802946484,0.1913445835601524,0.5875424113431549
transit,0.96,0.2361942781104458,0.2693602693602694,0.1864452912357104,0.5823318221693864
transit,0.961,0.22422206781088755,0.25412442258083867,0.1793685356559608,0.5764766651466394
transit,0.962,0.21367821741186643,0.23945462292288028,0.17501360914534567,0.5710128155468239
transit,0.963,0.2034648993428066,0.22479134466769707,0.17147523135547088,0.5656672169135347
transit,0.964,0.19402112901080737,0.21177355651683283,0.16739248775176918,0.5610500826691812
transit,0.965,0.18185829809571874,0.19513127708386438,0.16194882961350027,0.5553539727970546
transit,0.966,0.17121419530570264,0.17956856902247847,0.15868263473053892,0.5501727630235189
transit,0.967,0.15987127833955717,0.16284117066754358,0.15541643984757758,0.5448088350910606
transit,0.968,0.1465515752305948,0.14481513672527913,0.1491562329885683,0.5392046343225912
transit,0.969,0.1357687736762886,0.12956562987056988,0.14507348938486664,0.5346042585712322
transit,0.97,0.12515830686274995,0.11532916866890916,0.13990201415351117,0.5304218987884708
transit,0.971,0.11372451094474936,0.10008340283569642,0.1341861731083288,0.5260484416002897
transit,0.972,0.10260532367937678,0.0855434400281393,0.12819814915623298,0.5219823952950826
transit,0.973,0.09319073819329377,0.07275574855841105,0.12384322264561785,0.5185094372364933
transit,0.974,0.08588501680025529,0.062212643678160914,0.12139357648339684,0.5156951346653101
transit,0.975,0.07978140254876684,0.053854505971769814,0.11867174741426238,0.5135093748157056
transit,0.976,0.0728269533911331,0.04462267590229676,0.11513336962438758,0.5111081131867843
transit,0.977,0.06683707891747259,0.036817015034836816,0.11186717474142624,0.5090981589807944
transit,0.978,0.06239871566574094,0.030508474576271184,0.11023407729994557,0.507492866470569
transit,0.979,0.05825048570136357,0.02486494486790498,0.10832879695155144,0.5060683546302944
transit,0.98,0.05501183904715372,0.020193021529324423,0.10724006532389765,0.5048894573351641
transit,0.981,0.052879442338630546,0.016820482286394763,0.10696788241698421,0.5040503878606046
transit,0.982,0.050647834314885704,0.013282590851428999,0.10669569951007077,0.5031735597393151
transit,0.983,0.04806588830447728,0.008979347500748278,0.10669569951007077,0.5020999258206752
transit,0.984,0.04609887840878414,0.005700997674593054,0.10669569951007077,0.5012986149928459
transit,0.985,0.04457273176613927,0.0031574199368516014,0.10669569951007077,0.5006887682532336
transit,0.986,0.04358230270594182,0.0015067048365225253,0.10669569951007077,0.5003188276668352
transit,0.987,0.04294987542832103,0.00045265937382119953,0.10669569951007077,0.5000865673945241
transit,0.988,0.04276888003052887,0.00015100037750094374,0.10669569951007077,0.5000324169375968
transit,0.989,0.04267827980402831,0.0,0.10669569951007077,0.4999973291454334
transit,0.99,0.04267827980402831,0.0,0.10669569951007077,0.5
transit,0.991,0.04267827980402831,0.0,0.10669569951007077,0.5
transit,0.992,0.04267827980402831,0.0,0.10669569951007077,0.5
transit,0.993,0.04267827980402831,0.0,0.10669569951007077,0.5
transit,0.994,0.04267827980402831,0.0,0.10669569951007077,0.5
transit,0.995,0.04267827980402831,0.0,0.10669569951007077,0.5
transit,0.996,0.04267827980402831,0.0,0.10669569951007077,0.5
transit,0.997,0.04267827980402831,0.0,0.10669569951007077,0.5
transit,0.998,0.04267827980402831,0.0,0.10669569951007077,0.5
transit,0.999,0.04267827980402831,0.0,0.10669569951007077,0.5
transit,1.0,0.04267827980402831,0.0,0.10669569951007077,0.5
victim,0.0,0.04617642826305944,0.07696071377176573,0.0,0.5
victim,0.001,0.548855978452623,0.5545712506055782,0.54028307022319,0.9660158046087923
victim,0.002,0.5671580357114714,0.5727357209235828,0.5587915078933043,0.9683414069573149
victim,0.003,0.5774648029851128,0.5839256424275561,0.5677735438214481,0.9696224849563051
victim,0.004,0.588254524773109,0.5917470168827811,0.583015786608601,0.9705085728940932
victim,0.005,0.5951477443221932,0.5968847816366076,0.5925421883505716,0.97111400043507
victim,0.006,0.6014562736207556,0.6015924284533914,0.6012520413718019,0.9716596647423881
victim,0.007,0.605550459875061,0.6046055115137787,0.6069678824169842,0.9719481203435898
victim,0.008,0.6092698499990401,0.607356844899507,0.6121393576483397,0.9722599285192002
victim,0.009000000000000001,0.6124739137741059,0.6101565773934245,0.6159499183451279,0.9725743350962739
victim,0.01,0.6153943236194879,0.6126650086091447,0.6194882961350027,0.972740698867457
victim,0.011,0.6179304406605752,0.6143514965464313,0.623298856831791,0.9728706519793899
victim,0.012,0.6199564846752632,0.6160951391294307,0.625748502994012,0.9730058018942498
victim,0.013000000000000001,0.6224133242934852,0.6178309532998841,0.6292868807838867,0.9731954852010795
victim,0.014,0.6244693349897843,0.6196245403522354,0.6317365269461078,0.973390365310836
victim,0.015,0.626045843624113,0.6211633231151293,0.6333696243875885,0.9735566630044947
victim,0.016,0.6273873158955071,0.6224918338777414,0.6347305389221557,0.9736995750849828
victim,0.017,0.6288547295954254,0.6234858812074002,0.6369080021774632,0.973806109544983
victim,0.018000000000000002,0.6300090883391235,0.6245025360905189,0.6382689167120305,0.9738581106130135
victim,0.019,0.630841867645328,0.6255275910583086,0.6388132825258573,0.9739672434744773
victim,0.02,0.6320032887826761,0.6265560165975104,0.6401741970604246,0.9740763763359408
victim,0.021,0.6337019026174112,0.6273910316713703,0.6431682090364725,0.974164721985697
victim,0.022,0.6346746561387718,0.6281050111839266,0.6445291235710398,0.9742400756281362
victim,0.023,0.6362618325533154,0.629117207766685,0.6469787697332607,0.9743466100881365
victim,0.024,0.6372518189298606,0.629859908704549,0.648339684267828,0.9744245621320391
victim,0.025,0.6382130475890324,0.6305546801134573,0.6497005988023952,0.9744973173730148
victim,0.026000000000000002,0.6390022678366118,0.6313256813789295,0.6505171475231355,0.9745778678183808
victim,0.027,0.639933028645542,0.6319696730374349,0.6518780620577028,0.9745882944629966
victim,0.028,0.6402114364596831,0.6326151413322791,0.6516058791507894,0.9745987211076124
victim,0.029,0.6409713461634557,0.6333372916914064,0.6524224278715297,0.9746169429566183
victim,0.03,0.641754186273166,0.6337347488512122,0.6537833424060969,0.9746013855865998
victim,0.031,0.6428296470050208,0.6344384517766497,0.6554164398475776,0.9746741408275756
victim,0.032,0.6434735486720187,0.6349672554078191,0.6562329885683179,0.9747287072583074
victim,0.033,0.6446320548953224,0.6354464569431204,0.6584104518236255,0.9747780768861124
victim,0.034,0.6454492095530552,0.6359011050162969,0.6597713663581927,0.974824848112454
victim,0.035,0.6466060398699656,0.6365589686455514,0.6616766467065869,0.9748924065505029
victim,0.036000000000000004,0.647778917008011,0.6372435769766979,0.663581927054981,0.9749625633900152
victim,0.037,0.6486565869696244,0.6379805391609508,0.6646706586826348,0.9750379170324543
victim,0.038,0.6492428896655281,0.6384133445069635,0.6654872074033751,0.9750820898573325
victim,0.039,0.6497665970970969,0.6389232796836934,0.666031573217202,0.9751340578866009
victim,0.04,0.6501375073396081,0.6391785528786608,0.6665759390310289,0.9751600419012351
victim,0.041,0.6509559314454323,0.6396353166986565,0.6679368535655961,0.9751496813341434
victim,0.042,0.65120104137729,0.6398623779804768,0.6682090364725095,0.9751159351538811
victim,0.043000000000000003,0.6520374531177284,0.6403491211914962,0.6695699510070767,0.975165304781686
victim,0.044,0.6523772028965792,0.6407339155516385,0.6698421339139902,0.9752042808036373
victim,0.045,0.6526709772293635,0.6410420841683366,0.6701143168209036,0.9752354616211983
victim,0.046,0.6532907209308688,0.6415306245236855,0.6709308655416439,0.9752848312490033
victim,0.047,0.6537092834884923,0.6418653182438399,0.6714752313554708,0.9753186104680278
victim,0.048,0.654205988137603,0.6421487935118642,0.6722917800762113,0.9753471928841254
victim,0.049,0.6542988251986304,0.6423035219469098,0.6722917800762113,0.9753627832929059
victim,0.05,0.6550751035118848,0.6428714980505646,0.673380511703865,0.9754199481251011
victim,0.051000000000000004,0.6557277737452358,0.6432334606877137,0.6744692433315188,0.975456325745589
victim,0.052000000000000005,0.6565673596786119,0.6435440389490202,0.6761023407729995,0.9754875065631501
victim,0.053,0.6568316594900789,0.6438030833635229,0.6763745236799129,0.9755134905777842
victim,0.054,0.6572344480159591,0.6441114870307718,0.6769188894937398,0.9754875396019121
victim,0.055,0.6575613648835303,0.6444748932054485,0.6771910724006532,0.9755239172224
victim,0.056,0.6579506039436156,0.6447607144297061,0.6777354382144801,0.9755524996384977
victim,0.057,0.6581983289939166,0.6449921342422653,0.6780076211213936,0.9755187534582352
victim,0.058,0.6582128193535887,0.6451977401129944,0.6777354382144801,0.9754824088765095
victim,0.059000000000000004,0.6584154485454332,0.6453540001614596,0.6780076211213936,0.9754979992852899
victim,0.06,0.6587426343186434,0.6455363992409254,0.6785519869352205,0.9755161880955339
victim,0.061,0.6591168300683954,0.6457971482812942,0.6790963527490473,0.975542172110168
victim,0.062,0.6599431235753965,0.646267027769918,0.6804572672836146,0.9755889433365097
victim,0.063,0.6602549369894315,0.6464238062507581,0.6810016330974414,0.9756045337452901
victim,0.064,0.6607237521558412,0.6468422543188899,0.6815459989112683,0.9756461081687049
victim,0.065,0.6609582816713822,0.6470516815735157,0.6818181818181818,0.9756668953804122
victim,0.066,0.6611757547810864,0.6472326814850804,0.6820903647250952,0.975627952397223
victim,0.067,0.6614733943110366,0.6475472920970552,0.6823625476320088,0.975659133214784
victim,0.068,0.6621766203378334,0.6479935143899473,0.6834512792596625,0.9757033060396622
victim,0.069,0.6622856211929161,0.6481751824817519,0.6834512792596625,0.975664363056473
victim,0.07,0.6625980146611796,0.6483329277196398,0.6839956450734894,0.9756799534652534
victim,0.07100000000000001,0.66286473547718,0.6485960071416979,0.6842678279804029,0.9757059374798877
victim,0.07200000000000001,0.6632088521889048,0.6488066244520214,0.6848121937942298,0.975726724691595
victim,0.073,0.6633941567718278,0.6489340101522842,0.6850843767011432,0.9756254531120457
victim,0.074,0.6636137425368615,0.6491185311560647,0.6853565596080566,0.9756436419222897
victim,0.075,0.663849221508223,0.6493295408370582,0.6856287425149701,0.9756644291339971
victim,0.076,0.6639746564840157,0.649538599130046,0.6856287425149701,0.9756280845522712
victim,0.077,0.6641014421078546,0.6497499085031109,0.6856287425149701,0.9756488717639786
victim,0.078,0.6645866596780439,0.6500142386395996,0.6864452912357104,0.9756748557786128
victim,0.079,0.6646818804820767,0.6501729399796542,0.6864452912357104,0.9756904461873933
victim,0.08,0.6650425452263931,0.650411137344297,0.6869896570495373,0.975713831800564
victim,0.081,0.6653421392569959,0.6507290054573593,0.6872618399564507,0.9757450126181251
victim,0.082,0.6657667103346787,0.6510737133776129,0.6878062057702776,0.9757787918371496
victim,0.083,0.6659381297433147,0.6511779571207303,0.6880783886771911,0.97573205364957
victim,0.084,0.6660337038074713,0.6513372472276582,0.6880783886771911,0.9757476440583506
victim,0.085,0.666161208651953,0.6515497553017944,0.6880783886771911,0.975768431270058
victim,0.08600000000000001,0.6665065430496708,0.6517624020887728,0.688622754491018,0.9757892184817654
victim,0.08700000000000001,0.6670856718665603,0.6520017956984859,0.6897114861186717,0.9758126040949361
victim,0.088,0.6672584172000132,0.6521082493162986,0.6899836690255852,0.9758229977007897
victim,0.089,0.667776778404121,0.6524278188426512,0.6908002177463255,0.9758541785183508
victim,0.09,0.6680295812270607,0.6526677016096086,0.6910724006532389,0.9758775641315216
victim,0.091,0.6682344663106252,0.6528277214776071,0.6913445835601524,0.9758931545403021
victim,0.092,0.6684393984857881,0.6529878198316029,0.6916167664670658,0.9759087449490826
victim,0.093,0.6685194836605355,0.6531212951228487,0.6916167664670658,0.9759217369563997
victim,0.094,0.6688333754230911,0.65328153751789,0.6921611322808927,0.9759373273651802
victim,0.095,0.669115244921091,0.6533884094720053,0.6927054980947196,0.9759477209710339
victim,0.096,0.669367511698497,0.6536273988297394,0.6929776810016332,0.9759139747907716
victim,0.097,0.6696048041447293,0.6538414309688511,0.6932498639085466,0.975934762002479
victim,0.098,0.669858249567229,0.654082384735075,0.69352204681546,0.9759581476156497
victim,0.099,0.6702367567607104,0.6543503195149927,0.6940664126292869,0.975984131630284
victim,0.1,0.6705832066403172,0.6545648254384527,0.6946107784431138,0.9760049188419913
victim,0.101,0.67064759006577,0.654672131147541,0.6946107784431138,0.976015312447845
victim,0.10200000000000001,0.6708530779564248,0.6548331556940231,0.6948829613500273,0.9760309028566254
victim,0.10300000000000001,0.6707755508704596,0.6548853991553569,0.6946107784431138,0.975978967866119
victim,0.10400000000000001,0.6709811138350115,0.6550465488250009,0.6948829613500273,0.9759945582748997
victim,0.105,0.6713601156191624,0.6553153079227013,0.6954273271638541,0.9760205422895338
victim,0.106,0.6715012557537183,0.6553690862090189,0.6956995100707676,0.9760257390924607
victim,0.107,0.6716303766178896,0.6555842876493043,0.6956995100707676,0.976046526304168
victim,0.108,0.6718846121504221,0.6558265582655827,0.695971692977681,0.9760699119173388
victim,0.109,0.6722758716280337,0.6559342915811087,0.6967882416984214,0.9760803055231925
victim,0.11,0.6726391356058606,0.6561768210016022,0.6973326075122482,0.9761036911363632
victim,0.111,0.672861263582804,0.6563655790252322,0.6976047904191617,0.9761218799466072
victim,0.112,0.672926009879132,0.6564734895191122,0.6976047904191617,0.9761322735524609
victim,0.113,0.6730393671399953,0.6566624182872178,0.6976047904191617,0.9761504623627049
victim,0.114,0.6731203765673686,0.6567974339995065,0.6976047904191617,0.9761634543700219
victim,0.115,0.6733257862451532,0.656958328191205,0.6978769733260751,0.9761219129853693
victim,0.116,0.6735157520257826,0.6570934825543121,0.6981491562329886,0.9761349049926864
victim,0.117,0.6740972955023553,0.6573369005968306,0.6992378878606423,0.9761582906058571
victim,0.11800000000000001,0.6740689270179308,0.6574710750607321,0.6989657049537289,0.9761141508197411
victim,0.11900000000000001,0.6744329104225179,0.6577148035258259,0.6995100707675558,0.9761375364329119
victim,0.12,0.6746994265378055,0.6577960865087539,0.7000544365813827,0.9761453316373021
victim,0.121,0.6749058754519998,0.6579587127611356,0.7003266194882961,0.9761609220460826
victim,0.122,0.6750798259240842,0.658067174943334,0.7005988023952096,0.9761713156519363
victim,0.123,0.6751117386002933,0.6581203627370157,0.7005988023952096,0.9761193806614299
victim,0.124,0.6751931387688446,0.6582560296846012,0.7005988023952096,0.976132372668747
victim,0.125,0.6756500683549871,0.658473213181012,0.7014153511159499,0.9761531598804545
victim,0.126,0.6758730334111256,0.6586633663366337,0.7016875340228633,0.9761713486906983
victim,0.127,0.6759056431990456,0.658717715983167,0.7016875340228633,0.9761765454936252
victim,0.128,0.6759545679726692,0.6587992572725397,0.7016875340228633,0.9761843406980155
victim,0.129,0.6761939664350964,0.6590167994386428,0.7019597169297768,0.9762051279097228
victim,0.13,0.6764661174934158,0.6592889292645662,0.7022318998366902,0.976231111924357
victim,0.131,0.676656680181532,0.6594250784734843,0.7025040827436037,0.976244103931674
victim,0.132,0.6768472766158891,0.6595612839261371,0.7027762656505171,0.9762570959389911
victim,0.133,0.6770869772575935,0.6597793297243688,0.7030484485574305,0.9762778831506985
victim,0.134,0.6776856336716522,0.6600512693293641,0.7041371801850844,0.9762467353718995
victim,0.135,0.6777834240035535,0.6602142532158662,0.7041371801850844,0.9762051939872469
victim,0.136,0.6779414568277646,0.6602961859849424,0.7044093630919979,0.9762129891916371
victim,0.137,0.6782247683517384,0.6604054613156807,0.7049537289058248,0.9762233827974909
victim,0.138,0.6782739564938481,0.6604874415525304,0.7049537289058248,0.9762311780018811
victim,0.139,0.6786065226560726,0.6606788079470198,0.7054980947196516,0.976249366812125
victim,0.14,0.678731804084278,0.6607061550560868,0.7057702776265651,0.9762519652135885
victim,0.14100000000000001,0.6789551431433678,0.6608969315499607,0.7060424605334785,0.9762130222303993
victim,0.14200000000000002,0.6790044107022508,0.660979044148099,0.7060424605334785,0.9762208174347895
victim,0.14300000000000002,0.679195423674156,0.6611159438299987,0.706314643440392,0.9762338094421066
victim,0.14400000000000002,0.6792611600235446,0.6612255044123131,0.706314643440392,0.9762442030479603
victim,0.145,0.6794029095320857,0.6612802983219391,0.7065868263473054,0.9762493998508872
victim,0.146,0.6794357913270546,0.661335101313554,0.7065868263473054,0.976254596653814
victim,0.147,0.6796597937041745,0.6615269833374783,0.7068590092542189,0.9762727854640579
victim,0.148,0.6797847378710029,0.6615537683442501,0.7071311921611323,0.9762182520720881
victim,0.149,0.680067942451854,0.6616628654364505,0.7076755579749592,0.9761715138845086
victim,0.15,0.68024267729091,0.6617726348969349,0.7079477408818726,0.9761819074903624
victim,0.151,0.6803246798900682,0.6619093058955318,0.7079477408818726,0.9761377677042462
victim,0.152,0.6804829902624024,0.6619917012448133,0.7082199237887861,0.9761455629086365
victim,0.153,0.6806577988535787,0.662101593625498,0.7084921066956995,0.9761559565144902
victim,0.154,0.6809744893774096,0.662266500622665,0.7090364725095264,0.9761715469232708
victim,0.155,0.6812582258881722,0.6623764842647182,0.7095808383233533,0.9761819405291243
victim,0.156,0.6814001023635565,0.6624314897857498,0.7098530212302667,0.9761871373320512
victim,0.157,0.6815749985983937,0.6625415282392026,0.7101252041371802,0.976197530937905
victim,0.158,0.6816410436086849,0.6626516032563549,0.7101252041371802,0.9762079245437586
victim,0.159,0.6818490254449743,0.6628167843788948,0.7103973870440936,0.9762235149525391
victim,0.16,0.681915125348677,0.662926950885066,0.7103973870440936,0.9762339085583929
victim,0.161,0.6821231895764128,0.6630922693266832,0.710669569951007,0.9762494989671733
victim,0.162,0.6823740105849261,0.6631473937983208,0.7112139357648339,0.9762546957701002
victim,0.163,0.682440176451107,0.6632576702419557,0.7112139357648339,0.9762650893759539
victim,0.164,0.6823310481557664,0.663257245020997,0.7109417528579205,0.9762079575825207
victim,0.165,0.6825226698727638,0.6633951592780504,0.7112139357648339,0.9762209495898377
victim,0.166,0.6825723355254154,0.663477935365803,0.7112139357648339,0.9762287447942279
victim,0.167,0.6827474488414682,0.663588335621282,0.7114861186717474,0.9762391384000817
victim,0.168,0.6828726570159038,0.6636155606407323,0.7117583015786608,0.976184605008112
victim,0.169,0.6828889974655536,0.6636427947234822,0.7117583015786608,0.9761300716161422
victim,0.17,0.6829550688832127,0.6637529137529138,0.7117583015786608,0.9760833334285627
victim,0.171,0.683255718691039,0.6638910862234064,0.7123026673924877,0.9760963254358798
victim,0.17200000000000001,0.6832553025793663,0.663890392703952,0.7123026673924877,0.9759820618490135
victim,0.17300000000000001,0.6832882778866851,0.6639453515494834,0.7123026673924877,0.9759301268585072
victim,0.17400000000000002,0.6833380634160662,0.6640283274317851,0.7123026673924877,0.9759379220628974
victim,0.17500000000000002,0.683605607716323,0.6641113240563286,0.7128470332063146,0.9759457172672876
victim,0.176,0.6836388132825257,0.6641666666666666,0.7128470332063146,0.9759509140702145
victim,0.177,0.6835295650259869,0.6641660415103776,0.7125748502994012,0.9758366504833482
victim,0.178,0.6835627844011876,0.6642214071357119,0.7125748502994012,0.975841847286275
victim,0.179,0.6836790958420869,0.6644152595372108,0.7125748502994012,0.975860036096519
victim,0.18,0.6840888365054711,0.6645537948290242,0.7133913990201415,0.975873028103836
victim,0.181,0.6840130670500879,0.6646089676746612,0.713119216113228,0.9758210931133297
victim,0.182,0.6840628226629056,0.664691893696024,0.713119216113228,0.9757717565242867
victim,0.183,0.684238262090844,0.6648028374713123,0.7133913990201415,0.9757821501301405
victim,0.184,0.6844470263264797,0.6649693225927626,0.713663581927055,0.9757977405389209
victim,0.185,0.6844046558004414,0.6650801603206413,0.7133913990201415,0.9757510023513415
victim,0.186,0.6846135159579931,0.6652468053119519,0.713663581927055,0.975766592760122
victim,0.187,0.6846635282475794,0.6653301591279289,0.713663581927055,0.9757743879645122
victim,0.188,0.68488914550578,0.6655247326203209,0.7139357648339685,0.9757925767747562
victim,0.189,0.6849058288080391,0.6655525381240861,0.7139357648339685,0.9757951751762197
victim,0.19,0.6850647602429347,0.6656359685776366,0.7142079477408819,0.9758029703806099
victim,0.191,0.6851482185914838,0.6657750658252184,0.7142079477408819,0.975815962387927
victim,0.192,0.6853405849904952,0.6659142212189617,0.7144801306477954,0.9758289543952441
victim,0.193,0.6854074047133367,0.6660255874236977,0.7144801306477954,0.9758393480010978
victim,0.194,0.6854408229565592,0.6660812844957351,0.7144801306477954,0.9758445448040246
victim,0.195,0.6857922981663789,0.6663041659695499,0.7150244964616222,0.975865332015732
victim,0.196,0.6859513427367471,0.6663877849822213,0.7152966793685357,0.9758731272201222
victim,0.197,0.6859847973383442,0.6664435426515499,0.7152966793685357,0.9758783240230491
victim,0.198,0.6860517233395311,0.6665550859868614,0.7152966793685357,0.9758887176289028
victim,0.199,0.6862610275201491,0.6667224710166157,0.7155688622754491,0.9759043080376832
victim,0.2,0.686344758573944,0.6668620227729404,0.7155688622754491,0.9759173000450003
victim,0.201,0.6862694065797218,0.6669178913871792,0.7152966793685357,0.9758653650544941
victim,0.202,0.6863196767725399,0.6670016750418761,0.7152966793685357,0.9758731602588844
victim,0.203,0.6863867233473473,0.6671134193332217,0.7152966793685357,0.9758835538647379
victim,0.20400000000000001,0.6866129820881093,0.6673090619632159,0.7155688622754491,0.9759017426749819
victim,0.20500000000000002,0.6866465334717919,0.6673649809360205,0.7155688622754491,0.9759069394779087
victim,0.20600000000000002,0.6868393096997994,0.6675048193780907,0.7158410451823626,0.9759199314852258
victim,0.20700000000000002,0.6869818213945736,0.6675608835981054,0.716113228089276,0.9758679964947194
victim,0.20800000000000002,0.6870490648206161,0.6676729559748428,0.716113228089276,0.97582125830714
victim,0.209,0.687065862328838,0.6677009518218794,0.716113228089276,0.9758238567086035
victim,0.21,0.687116263306498,0.6677849534513125,0.716113228089276,0.9758316519129937
victim,0.211,0.6872587441669711,0.6678409662808253,0.7163854109961895,0.9758368487159206
victim,0.212,0.6874516612451205,0.6679810394731323,0.7166575939031029,0.9758498407232377
victim,0.213,0.6876109776815498,0.6680651115959053,0.7169297768100164,0.9758576359276279
victim,0.214,0.6876782551348827,0.6681772406847936,0.7169297768100164,0.9758680295334816
victim,0.215,0.6876951942559858,0.6682054725532988,0.7169297768100164,0.9758134961415118
victim,0.216,0.6877120206832963,0.6682335165988164,0.7169297768100164,0.9758160945429752
victim,0.217,0.6877793405187427,0.6683457163245603,0.7169297768100164,0.9758264881488289
victim,0.218,0.6876875588914393,0.668374202216997,0.7166575939031029,0.975714822963426
victim,0.219,0.6877380806049568,0.6684584050728594,0.7166575939031029,0.9757226181678162
victim,0.22,0.6877382160576713,0.6684586308273834,0.7166575939031029,0.975665486374383
victim,0.221,0.6877550615857697,0.6684867067075475,0.7166575939031029,0.9756680847758465
victim,0.222,0.688233354528529,0.6687394957983194,0.7174741426238432,0.9756914703890173
victim,0.223,0.6882839378412337,0.6688238013194939,0.7174741426238432,0.9756992655934076
victim,0.224,0.6884940159001678,0.668992476146442,0.7177463255307567,0.975714856002188
victim,0.225,0.6886705718917179,0.669105280861083,0.7180185084376701,0.9756681178146086
victim,0.226,0.6887381014406695,0.6692178301093357,0.7180185084376701,0.9756785114204622
victim,0.227,0.688822545330904,0.6693585699263932,0.7180185084376701,0.9756915034277793
victim,0.228,0.6888396443409508,0.6693870682764713,0.7180185084376701,0.9756369700358096
victim,0.229,0.6888396443409508,0.6693870682764713,0.7180185084376701,0.9756369700358096
victim,0.23,0.688730977199849,0.6693874116459105,0.7177463255307567,0.9755798382423764
victim,0.231,0.6890839533055102,0.6696127946127947,0.7182906913445836,0.9756006254540838
victim,0.232,0.6892435611161816,0.6696973523593046,0.718562874251497,0.9756084206584741
victim,0.233,0.6892271032203025,0.6696699225328394,0.718562874251497,0.9754915586701443
victim,0.234,0.6892947808274305,0.6697827185447195,0.718562874251497,0.975501952275998
victim,0.23500000000000001,0.6891692201915014,0.6697549060894467,0.7182906913445836,0.9754422220811014
victim,0.23600000000000002,0.6892030689906636,0.6698113207547169,0.7182906913445836,0.9754474188840282
victim,0.23700000000000002,0.6893796568615086,0.6699241786015163,0.718562874251497,0.9754578124898818
victim,0.23800000000000002,0.6894135227733091,0.6699806217878507,0.718562874251497,0.9754630092928087
victim,0.23900000000000002,0.6894812717196431,0.6700935366984072,0.718562874251497,0.9754734028986624
victim,0.24,0.6893557169558344,0.6700657340300017,0.7182906913445836,0.9754136727037658
victim,0.241,0.6893726584854968,0.6700939699127723,0.7182906913445836,0.9754162711052292
victim,0.242,0.6892471016345817,0.670066163765856,0.7180185084376701,0.9753565409103326
victim,0.243,0.6895495806565927,0.6702073849266564,0.718562874251497,0.9753695329176497
victim,0.244,0.6895834837365148,0.67026389005986,0.718562874251497,0.9753747297205766
victim,0.245,0.6896343490766265,0.6703486656267128,0.718562874251497,0.9753825249249668
victim,0.246,0.6896513070494478,0.6703769289147483,0.718562874251497,0.9753851233264303
victim,0.247,0.6899199358743269,0.6704617330803289,0.7191072400653239,0.9753929185308206
victim,0.248,0.6899368995683409,0.6704900059036856,0.7191072400653239,0.9753955169322839
victim,0.249,0.690004768653713,0.6706031210459722,0.7191072400653239,0.9754059105381376
victim,0.25,0.6900726606426824,0.6707162743609213,0.7191072400653239,0.9754163041439914
victim,0.251,0.690198820070677,0.6707450848029701,0.7193794229722373,0.9753617707520216
victim,0.252,0.690341969101882,0.6708022112503693,0.7196516058791508,0.9753098357615152
victim,0.253,0.690341969101882,0.6708022112503693,0.7196516058791508,0.9753098357615152
victim,0.254,0.6904269094460382,0.6709437784906298,0.7196516058791508,0.9753228277688324
victim,0.255,0.6904442289778001,0.6709726443768996,0.7196516058791508,0.9752682943768626
victim,0.256,0.6906044281062675,0.6710581876530699,0.7199237887860642,0.9752189577878196
victim,0.257,0.6907643129138565,0.6711432070611091,0.7201959716929777,0.9752267529922098
victim,0.258,0.6907983278586752,0.6711998986358069,0.7201959716929777,0.9752319497951367
victim,0.259,0.6906897993701324,0.6712004730928445,0.7199237887860642,0.9751748180017036
victim,0.26,0.6907918917185831,0.6713706270069292,0.7199237887860642,0.9751904084104841
victim,0.261,0.6908770082245639,0.6715124878502303,0.7199237887860642,0.9752034004178012
victim,0.262,0.6909791955245707,0.6716828000169083,0.7199237887860642,0.9752189908265817
victim,0.263,0.6910306968598233,0.6717686355756628,0.7199237887860642,0.9751696542375388
victim,0.264,0.6910647838132966,0.671825447164785,0.7199237887860642,0.9751748510404656
victim,0.265,0.691207749695502,0.6718822683638516,0.7201959716929777,0.9751800478433925
victim,0.266,0.6913170199181158,0.6718829301302656,0.7204681545998911,0.9751229160499593
victim,0.267,0.6913174170787364,0.6718835920646333,0.7204681545998911,0.9750657842565262
victim,0.268,0.6912089411774025,0.6718842541670191,0.7201959716929777,0.975008652463093
victim,0.269,0.6913693877708975,0.6719702098849017,0.7204681545998911,0.97495931587405
victim,0.27,0.6915294499970085,0.6720555249904778,0.7207403375068046,0.9749671110784404
victim,0.271,0.6916728713554636,0.6721131053166273,0.721012520413718,0.974915176087934
victim,0.272,0.691901271767343,0.6723123173984841,0.7212847033206314,0.974933364898178
victim,0.273,0.6918846202653688,0.6722845648951937,0.7212847033206314,0.9748736347032814
victim,0.274,0.6919358701474969,0.6723699813654074,0.7212847033206314,0.9748814299076716
victim,0.275,0.692130188726626,0.6725123903926802,0.7215568862275449,0.9748944219149887
victim,0.276,0.6922903465149932,0.6725978647686832,0.7218290691344583,0.9749022171193789
victim,0.277,0.6923416441785069,0.6726833608745393,0.7218290691344583,0.9749100123237692
victim,0.278,0.6926620249646922,0.6728544183089636,0.7223734349482852,0.9749256027325497
victim,0.279,0.6928222349345514,0.67293997965412,0.7226456178551987,0.9749333979369399
victim,0.28,0.6929320656113827,0.6729415755108964,0.7229178007621121,0.9748191343500736
victim,0.281,0.6929491851765853,0.6729701081195675,0.7229178007621121,0.974821732751537
victim,0.28200000000000003,0.6930005525837016,0.6730557204647613,0.7229178007621121,0.9748295279559274
victim,0.28300000000000003,0.6931436779459816,0.6731128074639524,0.7231899836690255,0.9748347247588541
victim,0.28400000000000003,0.6932121997791134,0.673227010519172,0.7231899836690255,0.9748451183647078
victim,0.28500000000000003,0.6934238992990222,0.6733983877810776,0.723462166575939,0.9748607087734884
victim,0.28600000000000003,0.6934415584745579,0.6734278197403037,0.723462166575939,0.9748061753815186
victim,0.28700000000000003,0.6934758528805878,0.6734849770836869,0.723462166575939,0.9748113721844454
victim,0.28800000000000003,0.6934361157242643,0.6736002037610901,0.7231899836690255,0.974764633996866
victim,0.289,0.6934875923467815,0.6736859981319521,0.7231899836690255,0.9747724292012563
victim,0.29,0.6936994581031122,0.673857652454561,0.723462166575939,0.9747880196100367
victim,0.291,0.6937171805957171,0.6738871899422358,0.723462166575939,0.974733486218067
victim,0.292,0.6935916845728689,0.6738594851754311,0.7231899836690255,0.9746737560231704
victim,0.293,0.6937182849326953,0.6738890305038662,0.723462166575939,0.9746192226312007
victim,0.294,0.6936271449930629,0.6739185858757544,0.7231899836690255,0.9745646892392309
victim,0.295,0.6936958829703728,0.6740331491712708,0.7231899836690255,0.9745750828450845
victim,0.296,0.6936219555864602,0.6740913921360255,0.7229178007621121,0.9745231478545782
victim,0.297,0.6934964565541442,0.6740636823534413,0.7226456178551987,0.9744634176596816
victim,0.298,0.6935652414870771,0.6741783239083294,0.7226456178551987,0.9744738112655353
victim,0.299,0.6935830185645757,0.6742079523708271,0.7226456178551987,0.9744192778735656
victim,0.3,0.6936346336681087,0.674293977543382,0.7226456178551987,0.9744270730779558
victim,0.301,0.6936690510553079,0.6743513398553806,0.7226456178551987,0.9744322698808827
victim,0.302,0.6938295612798735,0.6744374016250478,0.7229178007621121,0.9744400650852729
victim,0.303,0.6938301563838102,0.6744383934649422,0.7229178007621121,0.9743829332918398
victim,0.304,0.6939734660231374,0.6744957875925452,0.7231899836690255,0.9743881300947665
victim,0.305,0.6938313470475463,0.6744403779045025,0.7229178007621121,0.9742686697049734
victim,0.306,0.6939918904669719,0.674526494998936,0.7231899836690255,0.9742764649093637
victim,0.307,0.6941524470832958,0.6746126340882003,0.723462166575939,0.974284260113754
victim,0.308,0.6944735999268679,0.6747849782849358,0.724006532389766,0.9742998505225344
victim,0.309,0.6945080805082824,0.6748424459206268,0.724006532389766,0.9743050473254613
victim,0.31,0.6945770592932148,0.6749574105621806,0.724006532389766,0.974315440931315
victim,0.311,0.694452206246815,0.6749307774227902,0.7237343494828524,0.9741985789429852
victim,0.312,0.6944867104402674,0.6749882844118775,0.7237343494828524,0.9742037757459121
victim,0.313,0.6945384777564984,0.6750745632722623,0.7237343494828524,0.9742115709503023
victim,0.314,0.6946081752873232,0.6751907258236372,0.7237343494828524,0.9741648327627228
victim,0.315,0.6947688533651136,0.6752770673486788,0.724006532389766,0.974172627967113
victim,0.316,0.6946951893774513,0.675335749307184,0.7237343494828524,0.9741206929766066
victim,0.317,0.6947131334224105,0.6753656560487825,0.7237343494828524,0.9740661595846369
victim,0.318,0.6947822628451306,0.675480871753316,0.7237343494828524,0.9740765531904907
victim,0.319,0.6948175176277966,0.6755396297244262,0.7237343494828524,0.9740246181999843
victim,0.32,0.6949609747306504,0.6755972696245733,0.724006532389766,0.9740298150029112
victim,0.321,0.6952479066444684,0.6757125789383854,0.7245508982035929,0.974040208608765
victim,0.322,0.6953344218481223,0.6758567709444754,0.7245508982035929,0.974053200616082
victim,0.323,0.695403660600428,0.6759721688649848,0.7245508982035929,0.9740635942219357
victim,0.324,0.6954556051830765,0.676058743169399,0.7245508982035929,0.974071389426326
victim,0.325,0.6954729230008583,0.6760876061990352,0.7245508982035929,0.9740739878277893
victim,0.326,0.6954736470696524,0.6760888129803587,0.7245508982035929,0.9740168560343562
victim,0.327,0.6955256161461081,0.6761754281077849,0.7245508982035929,0.9740246512387465
victim,0.328,0.6955090203961072,0.67614776852445,0.7245508982035929,0.9739649210438498
victim,0.329,0.6956872094635524,0.6762632950322498,0.7248230811105063,0.9739753146497034
victim,0.33,0.6958134153036787,0.6762921828278513,0.7250952640174197,0.973977913051167
victim,0.331,0.6958654222216558,0.6763788610244799,0.7250952640174197,0.9739857082555572
victim,0.332,0.6960089740698828,0.6764366588335826,0.7253674469243332,0.9739909050584841
victim,0.333,0.695900852380748,0.6764379112896334,0.7250952640174197,0.9739337732650508
victim,0.334,0.6957753862903564,0.6764102564102564,0.7248230811105063,0.9738740430701542
victim,0.335,0.6957934827433989,0.6764404171653273,0.7248230811105063,0.9738195096781845
victim,0.336,0.6959717581377476,0.6765560875512996,0.7250952640174197,0.9738299032840382
victim,0.337,0.6961153413178307,0.6766139375801624,0.7253674469243332,0.9738351000869649
victim,0.338,0.6962589304342944,0.676671797502993,0.7256396298312466,0.9738402968898918
victim,0.339,0.6964198886616528,0.6767586059439812,0.7259118127381601,0.973848092094282
victim,0.34,0.6965240988922613,0.6769322896616621,0.7259118127381601,0.9738636825030627
victim,0.341,0.6965588475232916,0.6769902040467125,0.7259118127381601,0.9738688793059895
victim,0.342,0.6966109816196073,0.6770770942072388,0.7259118127381601,0.9738766745103797
victim,0.343,0.6966631291002274,0.677164006674939,0.7259118127381601,0.9738844697147699
victim,0.34400000000000003,0.6966805145689483,0.6771929824561403,0.7259118127381601,0.9738870681162334
victim,0.34500000000000003,0.696767464235003,0.6773378985662316,0.7259118127381601,0.9739000601235506
victim,0.34600000000000003,0.6968022545221355,0.6773958823781192,0.7259118127381601,0.9739052569264773
victim,0.34700000000000003,0.6968892563051279,0.6775408853497731,0.7259118127381601,0.9739182489337944
victim,0.34800000000000003,0.6968900943951999,0.6775422821665597,0.7259118127381601,0.9738611171403613
victim,0.34900000000000003,0.6971382660954389,0.6777744463956825,0.7261839956450735,0.9738819043520687
victim,0.35000000000000003,0.697012829614433,0.6777468408652816,0.7259118127381601,0.973822174157172
victim,0.35100000000000003,0.6970476707320716,0.6778049093946794,0.7259118127381601,0.9738273709600989
victim,0.352,0.6970999436042615,0.677892030848329,0.7259118127381601,0.9738351661644892
victim,0.353,0.6971696616739408,0.6780082276311279,0.7259118127381601,0.9738455597703428
victim,0.354,0.6972402876997477,0.6781259376741394,0.7259118127381601,0.9737988215827633
victim,0.355,0.697401489881111,0.6782131527051359,0.7261839956450735,0.9738066167871535
victim,0.356,0.6974189358786081,0.6782422293676312,0.7261839956450735,0.9738092151886171
victim,0.357,0.6975061883094874,0.6783876500857633,0.7261839956450735,0.9738222071959342
victim,0.358,0.6974505962456458,0.6784764519173029,0.7259118127381601,0.9737728706068912
victim,0.359,0.6973775645756837,0.6785361877386418,0.7256396298312466,0.9737209356163848
victim,0.36,0.6974649147543319,0.6786817713697221,0.7256396298312466,0.973733927623702
victim,0.361,0.6974823892882039,0.6787108955928421,0.7256396298312466,0.9737365260251654
victim,0.362,0.6971975184321031,0.6785990213752253,0.7250952640174197,0.9735547370390122
victim,0.363,0.6974112755239836,0.6787738279237506,0.7253674469243332,0.9735703274477927
victim,0.364,0.6972867851277305,0.678747799201271,0.7250952640174197,0.973453465459463
victim,0.365,0.6973052103615098,0.6787785079242366,0.7250952640174197,0.9733989320674932
victim,0.366,0.6973576932358339,0.6788659793814433,0.7250952640174197,0.9734067272718835
victim,0.367,0.6975190628011807,0.6789534733857456,0.7253674469243332,0.9734145224762738
victim,0.368,0.6976804459000161,0.6790409899458624,0.7256396298312466,0.973422317680664
victim,0.369,0.6978252949521552,0.6791009497614852,0.7259118127381601,0.9733703826901576
victim,0.37,0.6980042236609952,0.679217709004943,0.7261839956450735,0.9733807762960114
victim,0.371,0.6979313631004231,0.6792777300085986,0.7259118127381601,0.973328841305505
victim,0.372,0.697823465984182,0.6792793567528056,0.7256396298312466,0.9732717095120718
victim,0.373,0.697823465984182,0.6792793567528056,0.7256396298312466,0.9732717095120718
victim,0.374,0.6978585180258119,0.6793377768221888,0.7256396298312466,0.9732769063149986
victim,0.375,0.6979286401996699,0.6794546471119521,0.7256396298312466,0.9732872999208524
victim,0.376,0.6979987865047014,0.6795715576203379,0.7256396298312466,0.973297693526706
victim,0.377,0.6980865033394343,0.679717752344893,0.7256396298312466,0.9733106855340231
victim,0.378,0.6981391515581279,0.6798054993760488,0.7256396298312466,0.9733184807384134
victim,0.379,0.6982831310857103,0.6798640099840771,0.7259118127381601,0.9733236775413402
victim,0.38,0.6984271166569964,0.6799225306649451,0.7261839956450735,0.9733288743442671
victim,0.381,0.6984808305969161,0.6800120538981446,0.7261839956450735,0.9732795377552241
victim,0.382,0.6986248359103974,0.680070607482671,0.726456178551987,0.973284734558151
victim,0.383,0.6986424042546879,0.6800998880564885,0.726456178551987,0.9732873329596143
victim,0.384,0.698625874796613,0.6800723389596969,0.726456178551987,0.9732276027647178
victim,0.385,0.6986093424913313,0.680044785117561,0.726456178551987,0.9731678725698212
victim,0.386,0.6985190802116861,0.6800758032560944,0.7261839956450735,0.9731133391778515
victim,0.387,0.6983936706500539,0.6800482425913164,0.7259118127381601,0.9730536089829549
victim,0.388,0.6984639840992275,0.6801654316732724,0.7259118127381601,0.9730640025888085
victim,0.389,0.6984991499121533,0.6802240413614821,0.7259118127381601,0.9730691993917354
victim,0.39,0.6983572050308353,0.6801689218305611,0.7256396298312466,0.9729497390019421
victim,0.391,0.6983582524841514,0.6801706675860879,0.7256396298312466,0.972892607208509
victim,0.392,0.6983758415885628,0.680199982760107,0.7256396298312466,0.9728952056099724
victim,0.393,0.6984286180000016,0.6802879434458382,0.7256396298312466,0.9729030008143627
victim,0.394,0.6984638098580924,0.6803465965426564,0.7256396298312466,0.9729081976172895
victim,0.395,0.6986078809478184,0.6804052597542574,0.7259118127381601,0.9729133944202164
victim,0.396,0.6986078809478184,0.6804052597542574,0.7259118127381601,0.9729133944202164
victim,0.397,0.6985913451961565,0.680377700168154,0.7259118127381601,0.9728536642253198
victim,0.398,0.6987882437643258,0.6805244091771606,0.7261839956450735,0.9728666562326369
victim,0.399,0.6989158047541282,0.6805555555555556,0.726456178551987,0.9728121228406672
victim,0.4,0.6989334182352709,0.6805849113574602,0.726456178551987,0.9728147212421305
victim,0.401,0.6990951409597466,0.6806729939603108,0.7267283614589004,0.9728225164465208
victim,0.402,0.699165628325362,0.6807904729030031,0.7267283614589004,0.9728329100523745
victim,0.403,0.699093109718667,0.6808510638297871,0.726456178551987,0.9727809750618682
victim,0.404,0.698985338589521,0.680852900552486,0.7261839956450735,0.9727238432684351
victim,0.405,0.6990382431965143,0.6809410748974747,0.7261839956450735,0.9727316384728253
victim,0.406,0.699021713787106,0.6809135258817942,0.7261839956450735,0.9726719082779287
victim,0.40700000000000003,0.6991275689796255,0.6810899512026601,0.7261839956450735,0.9726874986867092
victim,0.40800000000000003,0.6989845212604049,0.681032993608568,0.7259118127381601,0.9726251700903492
victim,0.40900000000000003,0.698876764989122,0.6810348550943722,0.7256396298312466,0.972568038296916
victim,0.41000000000000003,0.6987690090073142,0.681036717062635,0.7253674469243332,0.9725109065034828
victim,0.41100000000000003,0.6986612533150942,0.681038579513544,0.7250952640174197,0.9724537747100497
victim,0.41200000000000003,0.6988407522649586,0.6811562891587088,0.7253674469243332,0.9724641683159033
victim,0.41300000000000003,0.6988937376288517,0.6812445980985307,0.7253674469243332,0.9724719635202936
victim,0.41400000000000003,0.6988390047165036,0.6813348318492263,0.7250952640174197,0.9724226269312508
victim,0.41500000000000004,0.6988743497708967,0.6813937402732146,0.7250952640174197,0.9724278237341776
victim,0.41600000000000004,0.6993070411032205,0.6815705266799273,0.7259118127381601,0.9724434141429581
victim,0.417,0.6993070411032205,0.6815705266799273,0.7259118127381601,0.9724434141429581
victim,0.418,0.6992170144616916,0.681601937548655,0.7256396298312466,0.9723888807509884
victim,0.419,0.6994143422601211,0.6817493619414284,0.7259118127381601,0.9724018727583055
victim,0.42,0.6994686150178118,0.6818398165375795,0.7259118127381601,0.9723525361692625
victim,0.421,0.6995040214732986,0.6818988272967241,0.7259118127381601,0.9723577329721893
victim,0.422,0.6995063950082623,0.6819027831883304,0.7259118127381601,0.972243469385323
victim,0.423,0.6996506901588129,0.6819618198346392,0.7261839956450735,0.9722486661882499
victim,0.424,0.6998127078048972,0.6820503939735042,0.726456178551987,0.9722564613926401
victim,0.425,0.6998304257005713,0.6820799237996276,0.726456178551987,0.9722590597941035
victim,0.426,0.7000810972796492,0.6823162544934817,0.7267283614589004,0.9722798470058109
victim,0.427,0.7000988289910445,0.6823458073458072,0.7267283614589004,0.9722824454072743
victim,0.428,0.7001177871411759,0.6823774042626928,0.7267283614589004,0.9722279120153046
victim,0.429,0.7000278786998243,0.6824090121317159,0.726456178551987,0.9721733786233347
victim,0.43,0.6999037174346274,0.6823835319609968,0.7261839956450735,0.972056516635005
victim,0.431,0.7000493114728104,0.682444733420026,0.726456178551987,0.9720045816444987
victim,0.432,0.7001203193354744,0.6825630798577993,0.726456178551987,0.9720149752503524
victim,0.433,0.7001570778992648,0.6826243441307834,0.726456178551987,0.971963040259846
victim,0.434,0.70019260195551,0.6826835508911921,0.726456178551987,0.9719682370627729
victim,0.435,0.7002281321745788,0.6827427679229734,0.726456178551987,0.9719734338656998
victim,0.436,0.7002814390619849,0.6828316127353169,0.726456178551987,0.97198122907009
victim,0.437,0.7004614096594821,0.6829501084598698,0.7267283614589004,0.9719916226759437
victim,0.438,0.7006058407938786,0.6830093717459217,0.7270005443658138,0.9719968194788705
victim,0.439,0.7006947627274477,0.6831575749685369,0.7270005443658138,0.9720098114861876
victim,0.44,0.7007481344129922,0.6832465277777777,0.7270005443658138,0.9720176066905779
victim,0.441,0.7006583527446992,0.6832783469352318,0.7267283614589004,0.9719630732986081
victim,0.442,0.7005520762840166,0.6832826747720364,0.726456178551987,0.9718488097117417
victim,0.443,0.7006054878797343,0.6833716940982325,0.726456178551987,0.971856604916132
victim,0.444,0.7004801129160099,0.6833441910966341,0.7261839956450735,0.9717968747212354
victim,0.445,0.7005704831691821,0.6834948081852544,0.7261839956450735,0.9717527349351194
victim,0.446,0.7005883010734621,0.6835245046923879,0.7261839956450735,0.9717553333365828
victim,0.447,0.7006774138244977,0.6836730259441137,0.7261839956450735,0.9717683253438999
victim,0.448,0.7007309000660962,0.6837621696801114,0.7261839956450735,0.9717761205482902
victim,0.449,0.7007144050040957,0.6837346779101104,0.7261839956450735,0.9717163903533936
victim,0.45,0.7007500719147848,0.6837941227612588,0.7261839956450735,0.9717215871563204
victim,0.451,0.7007692504319425,0.6838260869565218,0.7261839956450735,0.9716670537643506
victim,0.452,0.7006974061128767,0.683887801696021,0.7259118127381601,0.9716151187738443
victim,0.453,0.7006809082814511,0.6838603053103117,0.7259118127381601,0.9715553885789477
victim,0.454,0.7008254750793943,0.6839197947022747,0.7261839956450735,0.9715605853818745
victim,0.455,0.7008433242258414,0.6839495432796867,0.7261839956450735,0.9715631837833381
victim,0.456,0.700717952866275,0.6839220462850182,0.7259118127381601,0.9715034535884414
victim,0.457,0.7006282849293659,0.6839540549947789,0.7256396298312466,0.9714489201964716
victim,0.458,0.7006653562625391,0.6840158405500675,0.7256396298312466,0.9713969852059654
victim,0.459,0.7006293050800241,0.6841372105171514,0.7253674469243332,0.9713502470183859
victim,0.46,0.7005039305960841,0.6841097083151937,0.7250952640174197,0.9712905168234893
victim,0.461,0.7005052976651382,0.6841119867636173,0.7250952640174197,0.9712333850300561
victim,0.462,0.7003799182704599,0.6840844763770956,0.7248230811105063,0.9711736548351595
victim,0.463,0.7003977919286128,0.6841142658073506,0.7248230811105063,0.9711762532366228
victim,0.464,0.7001291508545282,0.6840294412264274,0.7242787152966794,0.9710541944453663
victim,0.465,0.7001470261883581,0.6840592334494773,0.7242787152966794,0.9710567928468297
victim,0.466,0.7002006615335779,0.6841486256915102,0.7242787152966794,0.9710645880512199
victim,0.467,0.7001110432264592,0.6841807171175881,0.724006532389766,0.9710100546592502
victim,0.468,0.7000035437147096,0.6841830065359478,0.7237343494828524,0.9709529228658171
victim,0.46900000000000003,0.6999691417714407,0.6841256699638327,0.7237343494828524,0.970890594269457
victim,0.47000000000000003,0.6999870289686683,0.6841554819592122,0.7237343494828524,0.9708931926709204
victim,0.47100000000000003,0.6998630081114373,0.6841302358017696,0.723462166575939,0.9707763306825907
victim,0.47200000000000003,0.6999166887751009,0.6842197035745423,0.723462166575939,0.9707841258869809
victim,0.47300000000000003,0.699810570950823,0.6842242958053546,0.7231899836690255,0.9706698623001146
victim,0.47400000000000003,0.699810570950823,0.6842242958053546,0.7231899836690255,0.9706698623001146
victim,0.47500000000000003,0.6998284724280602,0.68425413160075,0.7231899836690255,0.970672460701578
victim,0.47600000000000003,0.6999731532293028,0.684313810998212,0.723462166575939,0.9706776575045049
victim,0.47700000000000004,0.6999910593909513,0.6843436546009595,0.723462166575939,0.9706802559059683
victim,0.47800000000000004,0.7001894867942314,0.6844929116684841,0.7237343494828524,0.9706932479132854
victim,0.47900000000000004,0.7003190803614392,0.6845274456758881,0.724006532389766,0.9705815827278825
victim,0.48,0.7002130135361577,0.6845321229050279,0.7237343494828524,0.9704673191410161
victim,0.481,0.7002309402645304,0.6845620007856489,0.7237343494828524,0.9704699175424796
victim,0.482,0.700284729840286,0.6846516500785751,0.7237343494828524,0.9704777127468698
victim,0.483,0.7003564711937698,0.6847712190010479,0.7237343494828524,0.9704881063527235
victim,0.484,0.7006639294568088,0.6849207388968951,0.7242787152966794,0.9705010983600406
victim,0.485,0.7006639294568088,0.6849207388968951,0.7242787152966794,0.9705010983600406
victim,0.486,0.700395207298382,0.6848357791754017,0.7237343494828524,0.9703790395687839
victim,0.487,0.7003057123406673,0.6848680761838196,0.723462166575939,0.9703245061768142
victim,0.488,0.7004134430526425,0.6850476273704449,0.723462166575939,0.9703400965855947
victim,0.489,0.7004852949146164,0.6851673804737347,0.723462166575939,0.9703504901914484
victim,0.49,0.7005392002988051,0.6852572227807159,0.723462166575939,0.9703582853958387
victim,0.491,0.7005226906457622,0.6852297066923111,0.723462166575939,0.9702985552009421
victim,0.492,0.7006675102849442,0.6852896174863389,0.7237343494828524,0.9703037520038689
victim,0.493,0.7004167393903945,0.6852345765379738,0.7231899836690255,0.9701842916140757
victim,0.494,0.7004541619273321,0.6852969474328697,0.7231899836690255,0.9701323566235694
victim,0.495,0.7002213633662167,0.685271860373562,0.7226456178551987,0.9700154946352397
victim,0.496,0.7003127870274336,0.685424233142257,0.7226456178551987,0.9699713548491236
victim,0.497,0.7002977429403987,0.6853991596638656,0.7226456178551987,0.9698544928607938
victim,0.498,0.7003337439467717,0.6854591613411538,0.7226456178551987,0.9698596896637206
victim,0.499,0.7001738191047354,0.6853740752090356,0.7223734349482852,0.9697376308724641
victim,0.5,0.7002278328234471,0.6854640980735551,0.7223734349482852,0.9697454260768543
victim,0.501,0.699995039083606,0.6854390190497046,0.7218290691344583,0.9696285640885246
victim,0.502,0.7000851099139673,0.6855891371003067,0.7218290691344583,0.9696415560958417
victim,0.503,0.6999957501976684,0.685621659511084,0.7215568862275449,0.9695870227038719
victim,0.504,0.7000317976035311,0.6856817385208551,0.7215568862275449,0.9695922195067987
victim,0.505,0.7001601990823547,0.6857142857142856,0.7218290691344583,0.969537686114829
victim,0.506,0.7002705748841298,0.6857167901126352,0.7221012520413718,0.9694805543213958
victim,0.507,0.7003066415134587,0.6857769011615166,0.7221012520413718,0.9694857511243227
victim,0.508,0.7004696264779989,0.6858670874978081,0.7223734349482852,0.9694935463287129
victim,0.509,0.7005237525141029,0.6859572975579814,0.7223734349482852,0.9695013415331032
victim,0.51,0.7006139942213768,0.6861077004034379,0.7223734349482852,0.9695143335404203
victim,0.511,0.7004886018603168,0.6860801684062802,0.7221012520413718,0.9694546033455237
victim,0.512,0.7005427684598664,0.6861704460721961,0.7221012520413718,0.969462398549914
victim,0.513,0.7009050287664048,0.686411302707209,0.7226456178551987,0.9694831857616213
victim,0.514,0.7010681208314378,0.6865016675443214,0.7229178007621121,0.9694909809660115
victim,0.515,0.7012493080743518,0.6866221910112359,0.7231899836690255,0.9695013745718652
victim,0.516,0.7012854746369545,0.6866824686155737,0.7231899836690255,0.9695065713747921
victim,0.517,0.7013051444027232,0.6867152515585215,0.7231899836690255,0.9694520379828224
victim,0.518,0.7013594182755136,0.6868057080131724,0.7231899836690255,0.9694598331872126
victim,0.519,0.7014499065110885,0.6869565217391305,0.7231899836690255,0.9694728251945297
victim,0.52,0.701360742372841,0.6869893701133268,0.7229178007621121,0.96941829180256
victim,0.521,0.7012550836974398,0.6869947275922672,0.7226456178551987,0.9693040282156936
victim,0.522,0.7012913080437404,0.6870551015027682,0.7226456178551987,0.9693092250186204
victim,0.523,0.7013275387574776,0.6871154860256635,0.7226456178551987,0.9693144218215473
victim,0.524,0.7013818967706998,0.6872060827143673,0.7226456178551987,0.9693222170259376
victim,0.525,0.7011311509550163,0.6871510835641127,0.7221012520413718,0.9692027566361443
victim,0.526,0.701330661351808,0.6873021456208231,0.7223734349482852,0.9692157486434614
victim,0.527,0.7011871569305178,0.6872444268566151,0.7221012520413718,0.9691534200471015
victim,0.528,0.7009182690028913,0.6871591908531223,0.7215568862275449,0.9690313612558449
victim,0.529,0.7009017046609993,0.6873130388879113,0.7212847033206314,0.9689872214697288
victim,0.53,0.7009379904351597,0.6873735151781786,0.7212847033206314,0.9689924182726557
victim,0.531,0.7009396304372418,0.6873762485149821,0.7212847033206314,0.9689352864792224
victim,0.532,0.701104599480235,0.687469741648695,0.7215568862275449,0.9688859498901796
victim,0.533,0.7009990233049199,0.687475236627779,0.7212847033206314,0.9687716863033131
victim,0.534,0.7006228600609261,0.6873926637016161,0.7204681545998911,0.9685924957186234
victim,0.535,0.7003720700178391,0.6873375908390222,0.7199237887860642,0.9684730353288302
victim,0.536,0.7003555437926268,0.6873100471303351,0.7199237887860642,0.9684133051339336
victim,0.537,0.7004645589122315,0.687491738996343,0.7199237887860642,0.9684288955427142
victim,0.538,0.7005372676846984,0.6876129202837878,0.7199237887860642,0.9684392891485678
victim,0.539,0.7005554488830137,0.68764322228098,0.7199237887860642,0.9684418875500314
victim,0.54,0.7007734428956518,0.6878250903641012,0.7201959716929777,0.9684574779588118
victim,0.541,0.7008462222015717,0.687946389207301,0.7201959716929777,0.9684678715646655
victim,0.542,0.700757239299592,0.6879795396419438,0.7199237887860642,0.9684133381726957
victim,0.543,0.700851290366425,0.6879548361487231,0.7201959716929777,0.968296476184366
victim,0.544,0.7006911740940462,0.6878694309660344,0.7199237887860642,0.9681744173931094
victim,0.545,0.7005856688253631,0.687875044122838,0.7196516058791508,0.968060153806243
victim,0.546,0.7005691411602386,0.6878474980142971,0.7196516058791508,0.9680004236113464
victim,0.547,0.7005873534411974,0.6878778518158951,0.7196516058791508,0.9680030220128099
victim,0.548,0.7006072548775903,0.6879110208765502,0.7196516058791508,0.96794848862084
victim,0.549,0.7006983608754109,0.6880628642062512,0.7196516058791508,0.9679614806281571
victim,0.55,0.7008619169449524,0.6881540023842112,0.7199237887860642,0.9679692758325474
victim,0.551,0.7008453931141077,0.6881264626661368,0.7199237887860642,0.9679095456376509
victim,0.552,0.7007416389061263,0.6881349942574434,0.7196516058791508,0.9677381502573514
victim,0.553,0.7004908239222152,0.6880798798268093,0.7191072400653239,0.9676186898675582
victim,0.554,0.7006726706471362,0.6882015024304021,0.7193794229722373,0.9676290834734118
victim,0.555,0.700674383764402,0.6882043576258453,0.7193794229722373,0.9675719516799787
victim,0.556,0.7008049394338884,0.6882404951370469,0.7196516058791508,0.9674602864945757
victim,0.557,0.7010233759548608,0.6884231007340585,0.7199237887860642,0.9674758769033562
victim,0.558,0.7010251079251992,0.6884259873512892,0.7199237887860642,0.9674187451099232
victim,0.559,0.7009545112360274,0.688489781473945,0.7196516058791508,0.9673668101194168
victim,0.56,0.7009745260787641,0.688523139545173,0.7196516058791508,0.967312276727447
victim,0.561,0.7010311150016868,0.6886174544167109,0.7196516058791508,0.9672629401384041
victim,0.562,0.7011983639670755,0.688714747421083,0.7199237887860642,0.967156471755928
victim,0.5630000000000001,0.7012550210279105,0.6888091758558079,0.7199237887860642,0.9671071351668852
victim,0.5640000000000001,0.7015276817177135,0.6889006997962618,0.7204681545998911,0.9671149303712754
victim,0.5650000000000001,0.701420581368221,0.6889036544850499,0.7201959716929777,0.9670577985778422
victim,0.5660000000000001,0.701457204076119,0.6889646923315466,0.7201959716929777,0.967062995380769
victim,0.5670000000000001,0.7014589823856536,0.6889676561807709,0.7201959716929777,0.967005863587336
victim,0.5680000000000001,0.7014241284086811,0.68890956621915,0.7201959716929777,0.9669435349909759
victim,0.5690000000000001,0.7015530938807275,0.6889430534012851,0.7204681545998911,0.9668890015990061
victim,0.5700000000000001,0.7015365504983795,0.6889154810973718,0.7204681545998911,0.9668292714041096
victim,0.5710000000000001,0.7014129041484207,0.6888908591187162,0.7201959716929777,0.9667124094157797
victim,0.5720000000000001,0.7013442383525631,0.6889578713968957,0.7199237887860642,0.9666033426318403
victim,0.5730000000000001,0.7014542564654548,0.6891412349183819,0.7199237887860642,0.9666189330406207
victim,0.5740000000000001,0.7014560511605816,0.6891442260769265,0.7199237887860642,0.9665618012471877
victim,0.5750000000000001,0.7016016150847513,0.6892053773459336,0.7201959716929777,0.9665669980501145
victim,0.5760000000000001,0.7016217656463501,0.6892389616152652,0.7201959716929777,0.9665124646581447
victim,0.577,0.7019147429572673,0.6893643465909092,0.7207403375068046,0.9664657264705652
victim,0.578,0.7017727706305799,0.6893091813177056,0.7204681545998911,0.966346266080772
victim,0.579,0.7019551048073399,0.6894316163410301,0.7207403375068046,0.9663566596866258
victim,0.58,0.7020285919222458,0.6895540948658732,0.7207403375068046,0.9663670532924793
victim,0.581,0.702122330133342,0.6897103252177004,0.7207403375068046,0.9663229135063633
victim,0.582,0.7023047593208374,0.6898329185922503,0.721012520413718,0.966333307112217
victim,0.583,0.7021977393758607,0.6898360072885649,0.7207403375068046,0.9662761753187838
victim,0.584,0.7019653019062095,0.689811522048364,0.7201959716929777,0.966159313330454
victim,0.585,0.7018582809081038,0.6898146089894635,0.7199237887860642,0.9661021815370209
victim,0.586,0.7017902198900927,0.6897011739594451,0.7199237887860642,0.9659203925508677
victim,0.587,0.7019006604303584,0.6898852415265545,0.7199237887860642,0.9659359829596482
victim,0.588,0.7021568793775559,0.6901308178339414,0.7201959716929777,0.9659567701713556
victim,0.589,0.7023210342577393,0.6902229540296382,0.7204681545998911,0.9659645653757458
victim,0.59,0.7026125125051854,0.6903458405661638,0.721012520413718,0.9659749589815996
victim,0.591,0.702614409874889,0.6903490028490029,0.721012520413718,0.9659178271881663
victim,0.592,0.7025978672163287,0.6903214317514025,0.721012520413718,0.9658580969932697
victim,0.593,0.702743623091387,0.6903829029385575,0.7212847033206314,0.9658632937961966
victim,0.594,0.7028728435540746,0.6904168151050945,0.7215568862275449,0.9658087604042269
victim,0.595,0.7028212309941768,0.6905122494432071,0.7212847033206314,0.9657594238151839
victim,0.596,0.7030223980641969,0.6906660726219648,0.7215568862275449,0.9657724158225011
victim,0.597,0.703024322978675,0.6906692808127618,0.7215568862275449,0.9657152840290679
victim,0.598,0.7030835934336471,0.6907680649043819,0.7215568862275449,0.9656088156465918
victim,0.599,0.7029951332788522,0.6908020865843327,0.7212847033206314,0.965554282254622
victim,0.6,0.7031779384375063,0.6909253065774805,0.7215568862275449,0.9655646758604757
victim,0.601,0.7029640875178222,0.6909317989205586,0.721012520413718,0.9654504122736094
victim,0.602,0.7029845308065756,0.6909658710684808,0.721012520413718,0.9653958788816397
victim,0.603,0.702861061374877,0.690941543953592,0.7207403375068046,0.9652790168933099
victim,0.604,0.702700583569773,0.6908555362163609,0.7204681545998911,0.9651569581020533
victim,0.605,0.7026840259551093,0.6908279401919214,0.7204681545998911,0.9650972279071566
victim,0.606,0.7025770941499168,0.6908311757878762,0.7201959716929777,0.9650400961137235
victim,0.607,0.7027249231338797,0.6908961021565387,0.7204681545998911,0.9649881611232172
victim,0.608,0.7026199455527214,0.6909025947925506,0.7201959716929777,0.9648738975363509
victim,0.609,0.7026238432226457,0.6909090909090909,0.7201959716929777,0.9647596339494845
victim,0.61,0.7026979320398649,0.6910325722711229,0.7201959716929777,0.9647700275553381
victim,0.611,0.7027905803110845,0.6911869860564892,0.7201959716929777,0.9647830195626552
victim,0.612,0.7028461891509765,0.6912796674563091,0.7201959716929777,0.9647908147670454
victim,0.613,0.7028316075613112,0.691255364806867,0.7201959716929777,0.9646739527787157
victim,0.614,0.7028335865309805,0.691258663089649,0.7201959716929777,0.9646168209852826
victim,0.615,0.7028892284947388,0.6913513996959127,0.7201959716929777,0.9646246161896729
victim,0.616,0.7030557535200423,0.6914474861334764,0.7204681545998911,0.9645752796006299
victim,0.617,0.7033126185632321,0.6915126839962417,0.721012520413718,0.9645233446101236
victim,0.618,0.7033497484223219,0.6915745670947246,0.721012520413718,0.9645285414130504
victim,0.619,0.7033517547868064,0.691577911035532,0.721012520413718,0.9644714096196172
victim,0.62,0.7032448885273156,0.691581255874323,0.7207403375068046,0.9644142778261842
victim,0.621,0.7032117534278974,0.6915260307086261,0.7207403375068046,0.9642948174363909
victim,0.622,0.7032509124720511,0.6915912957822155,0.7207403375068046,0.9642428824458846
victim,0.623,0.7032529215326577,0.6915946442165599,0.7207403375068046,0.9641857506524514
victim,0.624,0.7032735166482631,0.6916289694092356,0.7207403375068046,0.9641312172604817
victim,0.625,0.7031872618399565,0.6916666666666668,0.7204681545998911,0.9640195520750787
victim,0.626,0.7034263281636592,0.6918836552682291,0.7207403375068046,0.9640377408853227
victim,0.627,0.7034821502425246,0.691976692066338,0.7207403375068046,0.9640455360897129
victim,0.628,0.7033235602617642,0.6918938307030129,0.7204681545998911,0.9638663455050231
victim,0.629,0.7033442125126022,0.6919282511210761,0.7204681545998911,0.9638118121130534
victim,0.63,0.7032559990108833,0.691962683889487,0.7201959716929777,0.9637572787210837
victim,0.631,0.7032228351153753,0.6919074107303069,0.7201959716929777,0.9636378183312905
victim,0.632,0.7033689576676818,0.691969493046209,0.7204681545998911,0.9636430151342174
victim,0.633,0.7033875848692535,0.6920005383821616,0.7204681545998911,0.9636456135356808
victim,0.634,0.7034268956579424,0.69206605636331,0.7204681545998911,0.9635936785451744
victim,0.635,0.7035594446539998,0.6922869713567389,0.7204681545998911,0.9635547355619851
victim,0.636,0.7037429244055059,0.6924113156713068,0.7207403375068046,0.9635651291678389
victim,0.637,0.7037802377510602,0.692473504580564,0.7207403375068046,0.9635703259707658
victim,0.638,0.7038383145014191,0.6925702991644955,0.7207403375068046,0.9635209893817227
victim,0.639,0.7038756498275197,0.6926325247079965,0.7207403375068046,0.9635261861846496
victim,0.64,0.7038964225656261,0.6926671459381739,0.7207403375068046,0.9634716527926799
victim,0.641,0.7042262408788142,0.6928539325842695,0.7212847033206314,0.9634872432014604
victim,0.642,0.7042470468411537,0.6928886091881686,0.7212847033206314,0.9634327098094907
victim,0.643,0.7041985054897666,0.6929891622071322,0.721012520413718,0.9633262414270145
victim,0.644,0.7042754535096167,0.6931174089068827,0.721012520413718,0.963279503239435
victim,0.645,0.704335884363678,0.6932181269969847,0.721012520413718,0.9631730348569589
victim,0.646,0.7042521928119155,0.6932600963486562,0.7207403375068046,0.963004237878123
victim,0.647,0.7045635976211464,0.6934161938214897,0.7212847033206314,0.96301722988544
victim,0.648,0.7048397357618914,0.6935135135135135,0.7218290691344583,0.9629678932963971
victim,0.649,0.7047705355227818,0.6935796350529397,0.7215568862275449,0.9629159583058908
victim,0.65,0.7048455475152169,0.6937046550403316,0.7215568862275449,0.9629263519117444
victim,0.651,0.7047410618556359,0.6937119675456389,0.7212847033206314,0.9628120883248781
victim,0.652,0.7045089393309454,0.693688007213706,0.7207403375068046,0.9626952263365482
victim,0.653,0.7043834923386489,0.6936603841644874,0.7204681545998911,0.9626354961416518
victim,0.654,0.70455087070541,0.6937578928378135,0.7207403375068046,0.9625861595526088
victim,0.655,0.7045177156595244,0.6937026344280043,0.7207403375068046,0.9624666991628157
victim,0.656,0.7043944540070819,0.6936786536118756,0.7204681545998911,0.9623498371744859
victim,0.657,0.7041666986130173,0.693661971830986,0.7199237887860642,0.9621187115992897
victim,0.658,0.7040622137415276,0.6936692856497787,0.7196516058791508,0.9620044480124235
victim,0.659,0.703974332642964,0.6937042724234486,0.7193794229722373,0.9619499146204538
victim,0.66,0.7038676577588185,0.6937079362211482,0.7191072400653239,0.9618927828270205
victim,0.661,0.7040539560676226,0.6938369781312127,0.7193794229722373,0.961846044639441
victim,0.662,0.703970533671912,0.6938793960763041,0.7191072400653239,0.961677247660605
victim,0.663,0.7039037434023894,0.6939495342317086,0.7188350571584105,0.9615681808766654
victim,0.664,0.7038347566479958,0.694016011578995,0.718562874251497,0.961516245886159
victim,0.665,0.7039123454294921,0.6941453262148222,0.718562874251497,0.9614695076985795
victim,0.666,0.7038267992805354,0.69418420457117,0.7182906913445836,0.9613578425131768
victim,0.667,0.7039044692216436,0.694313654473017,0.7182906913445836,0.9613111043255972
victim,0.668,0.7040199315946748,0.6945060917614023,0.7182906913445836,0.9612695629409446
victim,0.669,0.7041711059327587,0.6945765937202664,0.718562874251497,0.961160496157005
victim,0.67,0.7041045646219561,0.6946471468068712,0.7182906913445836,0.9610514293730655
victim,0.671,0.7040358340679811,0.6945325958835795,0.7182906913445836,0.9608696403869124
victim,0.672,0.704111415741606,0.6946585653396209,0.7182906913445836,0.9608800339927661
victim,0.673,0.7039337855239183,0.6945439702480837,0.7180185084376701,0.9606982450066128
victim,0.674,0.7040472164676599,0.6947330218209863,0.7180185084376701,0.9607138354153933
victim,0.675,0.7040684224775682,0.6947683651708335,0.7180185084376701,0.9606593020234235
victim,0.676,0.7039852870738288,0.6946298061646011,0.7180185084376701,0.9603606510489406
victim,0.677,0.7041532197335831,0.694728238659583,0.7182906913445836,0.9603113144598978
victim,0.678,0.7039210013403692,0.6945226632755018,0.7180185084376701,0.9600645984759211
victim,0.679,0.7039232789144729,0.6945264592323416,0.7180185084376701,0.960007466682488
victim,0.68,0.7039634233659813,0.694593366651522,0.7180185084376701,0.9599555316919817
victim,0.681,0.7039159476024213,0.6946956956501977,0.7177463255307567,0.9598490633095056
victim,0.682,0.7040460631923159,0.694731099695413,0.7180185084376701,0.9597945299175358
victim,0.683,0.7043442382529251,0.6948651475872106,0.718562874251497,0.9596906599365231
victim,0.684,0.704382165847972,0.694928360245622,0.718562874251497,0.95969585673945
victim,0.685,0.7044626923627149,0.6950625711035268,0.718562874251497,0.9595919867584373
victim,0.686,0.704175996911709,0.6949476558944016,0.7180185084376701,0.9594101977722841
victim,0.687,0.7040930657314284,0.6949908925318762,0.7177463255307567,0.959241400793448
victim,0.6880000000000001,0.7039888371533909,0.6949986335064227,0.7174741426238432,0.9591271372065817
victim,0.6890000000000001,0.7042497194950877,0.6952519821379751,0.7177463255307567,0.959147924418289
victim,0.6900000000000001,0.7044369945141354,0.6953826518984456,0.7180185084376701,0.9591011862307095
victim,0.6910000000000001,0.7046409779146914,0.6955411689614298,0.7182906913445836,0.9591141782380266
victim,0.6920000000000001,0.7046980648739786,0.6956363138935753,0.7182906913445836,0.9591219734424169
victim,0.6930000000000001,0.7047956361145337,0.6957989326278338,0.7182906913445836,0.9590778336563008
victim,0.6940000000000001,0.7050396131522338,0.6958426504814493,0.7188350571584105,0.9589090366774647
victim,0.6950000000000001,0.7050093732010096,0.6959737058340181,0.718562874251497,0.9588622984898852
victim,0.6960000000000001,0.7047249848893615,0.6958626358571559,0.7180185084376701,0.9586233777102988
victim,0.6970000000000001,0.7045827724704556,0.6958070704302548,0.7177463255307567,0.9585039173205057
victim,0.6980000000000001,0.7043888937236614,0.6958468497281493,0.7172019597169298,0.9583922521351028
victim,0.6990000000000001,0.7043221660340364,0.6957356369121076,0.7172019597169298,0.9581533313555164
victim,0.7000000000000001,0.7041822984343211,0.695683979517191,0.7169297768100164,0.9579767391722901
victim,0.7010000000000001,0.7043532259121115,0.695787403375566,0.7172019597169298,0.957870270789814
victim,0.7020000000000001,0.7043723217149669,0.6958192297136584,0.7172019597169298,0.9578728691912775
victim,0.7030000000000001,0.7045600070838545,0.6959505833905286,0.7174741426238432,0.957826131003698
victim,0.704,0.7045324204168704,0.6960860608834973,0.7172019597169298,0.9577222610226852
victim,0.705,0.7044833443977094,0.696185722789505,0.7169297768100164,0.9576729244336424
victim,0.706,0.7045073449489974,0.696225723708318,0.7169297768100164,0.9575612592482394
victim,0.707,0.7043817732460784,0.6961978928080622,0.7166575939031029,0.9575015290533428
victim,0.708,0.7047873933827637,0.6963295605553773,0.7174741426238432,0.9574547908657633
victim,0.709,0.7048448357846426,0.6964252978918423,0.7174741426238432,0.9574625860701536
victim,0.71,0.7046369143923852,0.696441672780631,0.7169297768100164,0.957234058896421
victim,0.711,0.7044587537470871,0.6963261936430766,0.7166575939031029,0.9570522699102677
victim,0.712,0.7043380597873266,0.6963064923147512,0.7163854109961895,0.9568782761285048
victim,0.713,0.7046949664580988,0.6965384262234873,0.7169297768100164,0.9567822013518824
victim,0.714,0.7044295146028574,0.6964589170073026,0.7163854109961895,0.9565458789737594
victim,0.715,0.7045087725028589,0.6965910135073051,0.7163854109961895,0.9564991407861799
victim,0.716,0.7045738389410886,0.6966994575710214,0.7163854109961895,0.9563355406102707
victim,0.717,0.7045571066566589,0.6966715704303053,0.7163854109961895,0.9562758104153741
victim,0.718,0.7044364612136353,0.6966519499632082,0.716113228089276,0.9561018166336112
victim,0.719,0.7045133685126195,0.6967801287948483,0.716113228089276,0.9561122102394648
victim,0.72,0.7043583258222408,0.6968846348534352,0.7155688622754491,0.9560057418569887
victim,0.721,0.7045299545797123,0.6969892275112789,0.7158410451823626,0.9558992734745126
victim,0.722,0.7046271094175285,0.6969696969696968,0.716113228089276,0.9557252796927498
victim,0.723,0.7045400108873163,0.6970059880239522,0.7158410451823626,0.9556707463007801
victim,0.724,0.7043272968856377,0.6970143752303724,0.7152966793685357,0.9555564827139137
victim,0.725,0.7044069143616005,0.6971470710236438,0.7152966793685357,0.9555097445263342
victim,0.726,0.7044873318793317,0.6970996449485868,0.7155688622754491,0.9552760205496746
victim,0.727,0.7046012582555934,0.6971080669710806,0.7158410451823626,0.9551617569628084
victim,0.728,0.7047487185155665,0.6971723787997601,0.716113228089276,0.9551669537657351
victim,0.729,0.7044999701593491,0.6971207087486156,0.7155688622754491,0.9549903615825088
victim,0.73,0.7045024999150252,0.697124925008076,0.7155688622754491,0.9549332297890756
victim,0.731,0.7045075615283766,0.6971333610303282,0.7155688622754491,0.9548189662022093
victim,0.732,0.7045512576785935,0.6972061879473563,0.7155688622754491,0.9547098994182699
victim,0.733,0.7043945656770088,0.6971264898826574,0.7152966793685357,0.9544735770401469
victim,0.734,0.7045085060931741,0.6971349353049907,0.7155688622754491,0.9543593134532805
victim,0.735,0.7047527264906401,0.697360514029492,0.7158410451823626,0.9543775022635245
victim,0.736,0.7047410423504017,0.6973410404624277,0.7158410451823626,0.9542035084817615
victim,0.737,0.7041466693152959,0.6970762398223539,0.7147523135547088,0.9538373321079917
victim,0.738,0.7043040728414625,0.6973385790326314,0.7147523135547088,0.9538009875262659
victim,0.739,0.7041422050227512,0.697250254606055,0.7144801306477954,0.9536789287350094
victim,0.74,0.7044593679094614,0.6974159488746875,0.7150244964616222,0.9536347889488932
victim,0.741,0.7044619314177738,0.6974202213885415,0.7150244964616222,0.9535776571554601
victim,0.742,0.7044137815719878,0.6975214269168403,0.7147523135547088,0.9535283205664171
victim,0.743,0.7045159249583626,0.6976916658941318,0.7147523135547088,0.9534270489868679
victim,0.744,0.7043421793745684,0.6977650004636928,0.7142079477408819,0.9533179822029284
victim,0.745,0.7042410963033049,0.6977779839495292,0.7139357648339685,0.9531465868226289
victim,0.746,0.7041542463930556,0.6978146893703893,0.713663581927055,0.9530920534306591
victim,0.747,0.7041983174308359,0.6978881411000233,0.713663581927055,0.9529829866467197
victim,0.748,0.7040272907919058,0.6979660072443578,0.713119216113228,0.952816788069347
victim,0.749,0.7037590371097271,0.6978818283166109,0.7125748502994012,0.9526375974846573
victim,0.75,0.7034739038314044,0.6977695167286244,0.7120304844855743,0.9523986767050708
victim,0.751,0.7035348859946573,0.6978711536673793,0.7120304844855743,0.9523493401160279
victim,0.752,0.7037463471504565,0.698042133655769,0.7123026673924877,0.9522480685364787
victim,0.753,0.7038799587278735,0.6980833643468551,0.7125748502994012,0.9521364033510757
victim,0.754,0.7039410615715984,0.69818520241973,0.7125748502994012,0.9520870667620329
victim,0.755,0.7034099049229301,0.6982072176949942,0.7112139357648339,0.951801407794867
victim,0.756,0.703429413367124,0.6982397317686505,0.7112139357648339,0.9518040061963304
victim,0.757,0.7031302556003434,0.6982855013045098,0.7103973870440936,0.9516352092174943
victim,0.758,0.7032110124212168,0.6984200960059654,0.7103973870440936,0.9515884710299148
victim,0.759,0.703263811077061,0.6986895490369818,0.7101252041371802,0.9514949946547558
victim,0.76,0.7032887455847097,0.6987311065497295,0.7101252041371802,0.9513833294693529
victim,0.761,0.7033109999079515,0.6987681970884658,0.7101252041371802,0.9513287960773832
victim,0.762,0.7034252667750723,0.6987771865957247,0.7103973870440936,0.9512145324905168
victim,0.763,0.7029973675512522,0.6986083870365181,0.7095808383233533,0.9508561513211373
victim,0.764,0.7027316177354153,0.6985283812193412,0.7090364725095264,0.9506198289430143
victim,0.765,0.7026450083974677,0.6985654875940376,0.708764289602613,0.9505652955510446
victim,0.766,0.7026835738607932,0.6984483080949709,0.7090364725095264,0.9503835065648915
victim,0.767,0.7023759002699028,0.6982984293193717,0.7084921066956995,0.9501991191772747
victim,0.768,0.7027138734821345,0.6984988074638733,0.7090364725095264,0.9501575777926221
victim,0.769,0.7023587597648945,0.6984513170823001,0.7082199237887861,0.9499238538159627
victim,0.77,0.702184807428491,0.6983428517929032,0.7079477408818726,0.9496278012429431
victim,0.771,0.7023998301113548,0.6985197676597339,0.7082199237887861,0.9494693978699607
victim,0.772,0.7021312296561069,0.6984350107768719,0.7076755579749592,0.9492902072852709
victim,0.773,0.7023909361931167,0.6985049444626704,0.7082199237887861,0.9492382722947645
victim,0.774,0.7025142297734277,0.6987104337631888,0.7082199237887861,0.9491395991166788
victim,0.775,0.7024321136596586,0.6985735735735736,0.7082199237887861,0.9487838163487626
victim,0.776,0.7026803249776244,0.6986243485609654,0.708764289602613,0.9485578875764934
victim,0.777,0.7024668285871571,0.6984499765147957,0.7084921066956995,0.9482566382005471
victim,0.778,0.7023660203589898,0.6984634180724589,0.7082199237887861,0.9480852428202475
victim,0.779,0.7019740439623381,0.6983544898918664,0.7074033750680457,0.947789190247228
victim,0.78,0.7019991151591376,0.6983962752198655,0.7074033750680457,0.947677525061825
victim,0.781,0.7016397595385107,0.6981602597280385,0.7068590092542189,0.9473139470895187
victim,0.782,0.701687205999023,0.6982393371622257,0.7068590092542189,0.947147748512146
victim,0.783,0.7017149676805874,0.6982856066314996,0.7068590092542189,0.9469789515333098
victim,0.784,0.7011008163896769,0.6979878422317515,0.7057702776265651,0.9465530449646435
victim,0.785,0.700995646407971,0.6978125589289081,0.7057702776265651,0.9462517955886971
victim,0.786,0.7006230009962922,0.6977358490566038,0.7049537289058248,0.9459583414171411
victim,0.787,0.7005220450429508,0.6977490444056439,0.7046815459989113,0.9457869460368415
victim,0.788,0.700364443943248,0.6976678311774148,0.7044093630919979,0.9455506236587186
victim,0.789,0.6999845763447923,0.697397629055873,0.703864997278171,0.9451844472849488
victim,0.79,0.6997918262416007,0.6974392894264386,0.7033206314643441,0.9450727820995459
victim,0.791,0.6999257121656306,0.6974809773618792,0.7035928143712575,0.944961116914143
victim,0.792,0.6996960471928175,0.6974611129497423,0.7030484485574305,0.94478712313238
victim,0.793,0.6994841284750704,0.6972893703581058,0.7027762656505171,0.9444287419630004
victim,0.794,0.6995091433981966,0.6973310618966497,0.7027762656505171,0.9443170767775975
victim,0.795,0.6995195971692978,0.697348484848485,0.7027762656505171,0.9440885496038649
victim,0.796,0.6991563889783933,0.6971060484061953,0.7022318998366902,0.9437821034249917
victim,0.797,0.6989838014598106,0.6969998578131665,0.7019597169297768,0.943428919058539
victim,0.798,0.6990163289868303,0.6972355256294751,0.7016875340228633,0.9433899760753497
victim,0.799,0.6988557576735298,0.6971493620452498,0.7014153511159499,0.94321078549066
victim,0.8,0.6988513447323618,0.6973234624145787,0.7011431682090364,0.9431095139111108
victim,0.801,0.6991045325827587,0.6975639868939646,0.7014153511159499,0.9430134391344882
victim,0.802,0.6989690985104511,0.6975197187113942,0.7011431682090364,0.9427225833643955
victim,0.803,0.6990633601602718,0.6974953661898199,0.7014153511159499,0.9426057213760658
victim,0.804,0.6991880435325943,0.6977031718103572,0.7014153511159499,0.94250704819798
victim,0.805,0.6992305240080237,0.6977739726027397,0.7014153511159499,0.9424551132074737
victim,0.806,0.6989145637907509,0.697791738054445,0.7005988023952096,0.942226586033741
victim,0.807,0.6987964256154222,0.6977762963668396,0.7003266194882961,0.941995460458545
victim,0.808,0.6990820164944735,0.6978893706227072,0.700870985302123,0.9418318602826357
victim,0.809,0.6987461525522785,0.6978739631995424,0.7000544365813827,0.9416007347074395
victim,0.81,0.6983703423253338,0.697791978635128,0.6992378878606423,0.9413644123293166
victim,0.811,0.6983756875108076,0.6978008872775843,0.6992378878606423,0.9412501487424503
victim,0.812,0.6983237756529175,0.6977143675144343,0.6992378878606423,0.9410709581577605
victim,0.8130000000000001,0.6981829406927087,0.6976610978520286,0.6989657049537289,0.9408943659745341
victim,0.8140000000000001,0.6980047701022711,0.6975456021392415,0.6986935220468155,0.9406554451949478
victim,0.8150000000000001,0.697786571574952,0.6973633931983187,0.698421339139902,0.9404113276124346
victim,0.8160000000000001,0.6975761865599226,0.6971942067778786,0.6981491562329886,0.9399958146496219
victim,0.8170000000000001,0.6965776192302906,0.6968001147940881,0.6962438758845945,0.9394478492896989
victim,0.8180000000000001,0.6965191515126155,0.6968841238692385,0.695971692977681,0.939224518918893
victim,0.8190000000000001,0.6963518782289211,0.6969682456056324,0.6954273271638541,0.9390011885480872
victim,0.8200000000000001,0.6960722527022196,0.6968651136036813,0.6948829613500273,0.9385908723882013
victim,0.8210000000000001,0.6958849897517242,0.6969159192287401,0.6943385955362004,0.938364943615932
victim,0.8220000000000001,0.6959504094236932,0.6970249520153552,0.6943385955362004,0.938258475233456
victim,0.8230000000000001,0.6959471757387377,0.6972010178117048,0.6940664126292869,0.9381572036539068
victim,0.8240000000000001,0.6955359178923963,0.6970599538816294,0.6932498639085466,0.9378014208859906
victim,0.8250000000000001,0.6951245542633645,0.69691871364707,0.6924333151878062,0.9374456381180745
victim,0.8260000000000001,0.694827173283079,0.6967859892224788,0.6918889493739793,0.936975591763292
victim,0.8270000000000001,0.6947261289694978,0.6967990373044525,0.6916167664670658,0.9368041963829925
victim,0.8280000000000001,0.6943655752309518,0.696561024949427,0.6910724006532389,0.936383486617253
victim,0.8290000000000001,0.6941539907954503,0.6963898394948668,0.6908002177463255,0.9359679736544402
victim,0.8300000000000001,0.6938351109702494,0.696402738933359,0.6899836690255852,0.9357965782741408
victim,0.8310000000000001,0.6937743035225881,0.6964828484585323,0.6897114861186717,0.935630379696768
victim,0.8320000000000001,0.6933114171386878,0.6964371922371344,0.688622754491018,0.9353395239266753
victim,0.833,0.6930258780038427,0.6963242042216105,0.6880783886771911,0.9350434713536558
victim,0.834,0.6931371855008484,0.6965097167166199,0.6880783886771911,0.9348279361872402
victim,0.835,0.6928998302140981,0.6962955798433118,0.6878062057702776,0.9345240884098305
victim,0.836,0.6928214968782274,0.6963464795548028,0.6875340228633642,0.9342981596375612
victim,0.837,0.6927836706072776,0.6964648910411623,0.6872618399564507,0.9340774276682188
victim,0.838,0.6919868972193642,0.696044211751018,0.6859009254218835,0.9333554685265328
victim,0.839,0.6914275871279215,0.6956563940791071,0.6850843767011432,0.9326361077863103
victim,0.84,0.6914808072182462,0.6957450942296483,0.6850843767011432,0.9323556456220714
victim,0.841,0.6908855696482582,0.695478852698104,0.6839956450734894,0.931818073868002
victim,0.842,0.6906959547096969,0.6957071936143289,0.6831790963527491,0.9314908735161835
victim,0.843,0.6898795970621328,0.6952538738914336,0.6818181818181818,0.9307091841796009
victim,0.844,0.6891868685998419,0.6948251475393845,0.680729450190528,0.9300443568313483
victim,0.845,0.6890221934695129,0.6949135995313873,0.6801850843767011,0.9297638946671092
victim,0.846,0.6884436217053835,0.694675134342941,0.6790963527490473,0.9292860531079365
victim,0.847,0.6886055768791153,0.6947636043612184,0.6793685356559608,0.9290055909436975
victim,0.848,0.6882946060798019,0.6944267749669717,0.6790963527490473,0.9284628223867013
victim,0.849,0.688488070880183,0.6947492163009403,0.6790963527490473,0.9282576808261395
victim,0.85,0.6881904329029497,0.6946160635481025,0.6785519869352205,0.9277305026779239
victim,0.851,0.688116829586783,0.694674846625767,0.678279804028307,0.9273903103187882
victim,0.852,0.6879303211758301,0.6945454545454546,0.6780076211213936,0.9268060003771394
victim,0.853,0.6878592284144815,0.6946084218811491,0.6777354382144801,0.9264086762245707
victim,0.854,0.6878808862317255,0.694825973514498,0.6774632553075667,0.9262528712530517
victim,0.855,0.6875948025085477,0.6948935331230285,0.6766467065868264,0.9257984153070498
victim,0.856,0.6870694558238251,0.6945623211289845,0.675830157866086,0.9251413831631872
victim,0.857,0.6864856520801621,0.6944965912459242,0.6744692433315188,0.9246194018178984
victim,0.858,0.6856923218574991,0.6942631058358062,0.6728361458900382,0.9240272966718595
victim,0.859,0.6848598894789427,0.6939644501658663,0.6712030484485574,0.9233728629294603
victim,0.86,0.6845848127710129,0.6936874442572589,0.6709308655416439,0.9228924229688241
victim,0.861,0.6841330066688525,0.6934787999008183,0.6701143168209036,0.9224171798111148
victim,0.862,0.6839161675024881,0.6934803118327624,0.6695699510070767,0.9219003952687528
victim,0.863,0.6834299657522569,0.6935772519387553,0.6682090364725095,0.9215056695176476
victim,0.864,0.6827155794147307,0.693475339670532,0.6665759390310289,0.9209810897708952
victim,0.865,0.6819951007076757,0.6931818181818182,0.6652150244964616,0.9202123924416299
victim,0.866,0.6816205305167826,0.6931019003441568,0.6643984757757213,0.9198618064766406
victim,0.867,0.6809592802407174,0.6929070929070928,0.6630375612411541,0.9191580361451986
victim,0.868,0.6798348827848519,0.6924847393175223,0.6608600979858464,0.91820754982978
victim,0.869,0.6788162041785089,0.6920571285392132,0.6589548176374523,0.9173141953077946
victim,0.87,0.6785543081499379,0.6919835457008128,0.6584104518236255,0.916849345755939
victim,0.871,0.6768600432757145,0.6911557788944724,0.6554164398475776,0.9156391514492266
victim,0.872,0.6763744305322649,0.6908907901358833,0.6545998911268373,0.9148730525214246
victim,0.873,0.675551778568551,0.6904269798860716,0.65323897659227,0.9139199678045427
victim,0.874,0.6745292373585016,0.6899929314349187,0.6513336962438759,0.9130266132825572
victim,0.875,0.6737046322833696,0.6898887765419616,0.6494284158954817,0.9124449017423718
victim,0.876,0.6736567213357747,0.6899903802339122,0.6491562329885683,0.9119359124044002
victim,0.877,0.6733012248396406,0.6901237071587913,0.6480675013609145,0.911486653261325
victim,0.878,0.672956136908403,0.6900929264205554,0.6472509526401742,0.9108530067306333
victim,0.879,0.6720155707785493,0.6897955031030623,0.6453456722917801,0.9099700458145015
victim,0.88,0.6711908860811748,0.6893283049638161,0.6439847577572129,0.9089598293041863
victim,0.881,0.6698738265203864,0.6885848478660405,0.6418072945019053,0.9078145619952975
victim,0.882,0.6692895717305042,0.6883369109680059,0.6407185628742516,0.9072224568492584
victim,0.883,0.6679598569796461,0.6879352724293322,0.637996733805117,0.90621743714187
victim,0.884,0.666743058107057,0.6873589164785553,0.6358192705498095,0.9051422936337314
victim,0.885,0.6651597147805225,0.6867160189183631,0.6328252585737616,0.9039476897357996
victim,0.886,0.6642464790586866,0.6868270568234506,0.6303756124115406,0.9032101732240951
victim,0.887,0.6630927310602795,0.6861743303917016,0.6284703320631464,0.9021298329130298
victim,0.888,0.6622113206476737,0.6857940446650124,0.6268372346216657,0.9012416751939711
victim,0.889,0.6616079570228903,0.6858771702513605,0.6252041371801851,0.9003301649005039
victim,0.89,0.6603254908732807,0.6853728241101584,0.6227544910179641,0.8990316910215594
victim,0.891,0.6592326808832928,0.6848216610257746,0.62084921066957,0.897902014121451
victim,0.892,0.6574921238198367,0.6839167405707132,0.617855198693522,0.8966320896198421
victim,0.893,0.6552987529803901,0.6829829515741032,0.6137724550898204,0.8951310395430371
victim,0.894,0.6534692371400317,0.6821112217621468,0.610506260206859,0.8937494498560252
victim,0.895,0.652879374418683,0.682035393582944,0.6091453456722917,0.8929989413370037
victim,0.896,0.6503206229182998,0.6808555473606575,0.6045182362547632,0.8910797798959227
victim,0.897,0.6476926215946801,0.6793788294950348,0.6001633097441481,0.8891969630365673
victim,0.898,0.6466615450104135,0.6785676448776353,0.5988023952095808,0.8876491747721829
victim,0.899,0.6454355494914262,0.6776130506403103,0.5971692977681001,0.8859195975216451
victim,0.9,0.6442007632262874,0.6770067157019507,0.5949918345127926,0.8844445314594742
victim,0.901,0.64304720848059,0.6763543113580511,0.5930865541643985,0.8831953941695727
victim,0.902,0.6415702322525317,0.6758886922953192,0.5900925421883506,0.8816164581263892
victim,0.903,0.6401958382642468,0.6752311330896581,0.5876428960261295,0.8803101890430545
victim,0.904,0.6382207561892559,0.673935337615372,0.5846488840500816,0.8780430400384475
victim,0.905,0.6364987233378236,0.6730612908470168,0.5816548720740338,0.8760927308185673
victim,0.906,0.6347081811992408,0.6726174277472378,0.5778443113772455,0.8742878660031146
victim,0.907,0.6326934478475433,0.6717999126256007,0.5740337506804573,0.8726284125533272
victim,0.908,0.6286459609897925,0.6695904829779069,0.5672291780076211,0.8699561111529991
victim,0.909,0.6263153769319773,0.6684280052840158,0.5631464344039194,0.8678733495360087
victim,0.91,0.6232972388614698,0.6664825147781891,0.5585193249863909,0.8654503625211206
victim,0.911,0.6218088791542604,0.6658164679789298,0.5557974959172564,0.8638039010786502
victim,0.912,0.6199187879309179,0.6646623239240576,0.5528034839412085,0.8617237378631233
victim,0.913,0.6160682583425224,0.6624182458494046,0.5465432770821992,0.8590540348642586
victim,0.914,0.6138319865100397,0.6608685893839076,0.5432770821992379,0.8568907558406642
victim,0.915,0.6098806724345496,0.6580936266215455,0.5375612411540556,0.8535588238950103
victim,0.916,0.6048767071971684,0.655015887426237,0.5296679368535656,0.84980878058508
victim,0.917,0.6030048992923245,0.6538922155688622,0.5266739248775177,0.8475078854002107
victim,0.918,0.6005002801355441,0.652076768834145,0.5231355470876429,0.8449888236087002
victim,0.919,0.5964998932321194,0.6494014732965009,0.5171475231355471,0.8420126744309623
victim,0.92,0.5943572499733294,0.6480078644538253,0.5138813282525857,0.8396961888373125
victim,0.921,0.5908560334299443,0.6454386984311447,0.5089820359281437,0.8367304332654282
victim,0.922,0.5877854232062637,0.6432242990654206,0.5046271094175285,0.8338477935016113
victim,0.923,0.582581381154301,0.6394501879699247,0.4972781709308655,0.8300068391792236
victim,0.924,0.5805412749095604,0.6382274741506647,0.4940119760479042,0.8275371470155181
victim,0.925,0.5765183763020343,0.6346073827498068,0.4893848666303756,0.8237117831019108
victim,0.926,0.5739538422801362,0.6326920779065599,0.4858464888405008,0.821140786319894
victim,0.927,0.570733104708635,0.6293201899380898,0.48285247686445293,0.8175076049982937
victim,0.928,0.5654146252948649,0.6248109840924213,0.4763200870985302,0.8132329489028491
victim,0.929,0.5619182498332592,0.6217055207255463,0.47223734349482854,0.8097374167812859
victim,0.93,0.5575089468208889,0.6179857877971086,0.46679368535655963,0.805919848072069
victim,0.931,0.552870772997776,0.6138846035174328,0.4613500272182907,0.8016841679985758
victim,0.932,0.5474558742310871,0.6092146987502332,0.454817637452368,0.7971316481403558
victim,0.933,0.5424546637356584,0.6045084533500313,0.44937397931409906,0.7927505236624353
victim,0.934,0.5371980200691708,0.5995579412693401,0.4436581382689167,0.7879071480341225
victim,0.935,0.5330007276917581,0.595647193585338,0.4390310288513881,0.7838714457570266
victim,0.936,0.5279975330280264,0.5911190965092402,0.43331518780620576,0.7794046401083372
victim,0.937,0.5231257713553552,0.5868100544182432,0.4275993467610234,0.7747898246925193
victim,0.9380000000000001,0.5175371190439648,0.5820320156811498,0.4207947740881873,0.77026069044747
victim,0.9390000000000001,0.5088501490429612,0.5749933984684447,0.409635274904736,0.7642408666927074
victim,0.9400000000000001,0.503270901069363,0.5698681230851206,0.4033750680457267,0.7595896736564016
victim,0.9410000000000001,0.4974292225586247,0.5637610976594026,0.3979314099074578,0.7543203914594225
victim,0.9420000000000001,0.4922101340652193,0.5583288117200217,0.39303211758301576,0.7497730684041293
victim,0.9430000000000001,0.4844521264900067,0.5515682783180387,0.38377789874795865,0.7443635386056497
victim,0.9440000000000001,0.4768561916975696,0.5441705898643036,0.3758845944474687,0.7384761672479973
victim,0.9450000000000001,0.470630993979679,0.5376058210312742,0.37016875340228633,0.7331549500605119
victim,0.9460000000000001,0.46476239155380594,0.5310910118711136,0.3652694610778443,0.728067456849686
victim,0.9470000000000001,0.45821322414099164,0.5239862935465448,0.35955362003266195,0.7227280508519566
victim,0.9480000000000001,0.44997788943617967,0.5146156622158066,0.35302123026673926,0.7163082715043997
victim,0.9490000000000001,0.44214099730440537,0.5050018254837532,0.3478497550353838,0.7097768269714398
victim,0.9500000000000001,0.43557186658688896,0.49804529025595634,0.341861731083288,0.7048113925518705
victim,0.9510000000000001,0.4286845739575232,0.48946975354742345,0.33750680457267285,0.6988175528117421
victim,0.9520000000000001,0.42128275062352416,0.4803995762070531,0.3326075122482308,0.6925873906934907
victim,0.9530000000000001,0.4132171652402691,0.4709489498696918,0.326619488296135,0.6864013683613553
victim,0.9540000000000001,0.40527050923562247,0.46242236024844724,0.3195427327163854,0.6807295652088806
victim,0.9550000000000001,0.3972130699231458,0.4524409448818898,0.3143712574850299,0.6743799427008361
victim,0.9560000000000001,0.3869345597878312,0.4407537527946343,0.3062057702776266,0.6675005106043504
victim,0.9570000000000001,0.37852191468783525,0.4309061488673139,0.29994556341861733,0.6616287296554786
victim,0.9580000000000001,0.37280367651083796,0.42319030461840806,0.29722373434948285,0.6568840602440137
victim,0.9590000000000001,0.36227744515504245,0.4109087885590754,0.28933043004899295,0.6500280137606989
victim,0.96,0.35392076750538476,0.4024246506145816,0.28116494284158955,0.6451560887550505
victim,0.961,0.3435314611857299,0.3905527982200924,0.27299945563418615,0.6386428660710968
victim,0.962,0.3336148538099743,0.3785615010423905,0.26619488296135,0.6324075071499184
victim,0.963,0.32302978513538516,0.36690774387017105,0.2572128470332063,0.626431856220034
victim,0.964,0.3108419833904447,0.35349004127041095,0.24686989657049538,0.6197887795404333
victim,0.965,0.2998541813541323,0.34098360655737703,0.2381600435492651,0.6138572683966649
victim,0.966,0.2884485937014971,0.3277808624838053,0.22945019052803484,0.6077517634711336
victim,0.967,0.27605057435657465,0.31328697613230594,0.2201959716929777,0.6014254935374976
victim,0.968,0.2643251891714044,0.299914146713727,0.21094175285792052,0.5956705745769556
victim,0.969,0.2521109346352419,0.28590799031477,0.2014153511159499,0.5898481302171266
victim,0.97,0.23866205789562384,0.2700255855146625,0.19161676646706588,0.5835192618820273
victim,0.971,0.22474797364969035,0.25354929014197164,0.18154599891126838,0.5771825983425378
victim,0.972,0.21020293906638302,0.2362028661449334,0.17120304844855744,0.5707238760117916
victim,0.973,0.19726043096346468,0.22062004325883203,0.1622210125204137,0.5651533114001042
victim,0.974,0.18205721059118493,0.2021766429468397,0.15187806205770277,0.5587335320525473
victim,0.975,0.17018807631094507,0.18638676844783714,0.14589003810560697,0.5534070850233729
victim,0.976,0.15703545795367319,0.1702723065332042,0.1371801850843767,0.5480598838212533
victim,0.977,0.1427927237188488,0.15361117172157976,0.12656505171475232,0.5427360351935424
victim,0.978,0.12880383066795675,0.1380989266349452,0.11486118671747414,0.5378770691564491
victim,0.979,0.11534615606391266,0.1236535008976661,0.10288513881328253,0.5334621984982663
victim,0.98,0.10028705967704762,0.10726485994078797,0.08982035928143713,0.5286058308626363
victim,0.981,0.08563132218001657,0.09154848380029978,0.07675557974959173,0.5240844587832153
victim,0.982,0.07135563902030968,0.07628407628407628,0.06396298312465977,0.5198020405221427
victim,0.983,0.05656837441685803,0.06161867519848323,0.04899292324442025,0.5157974860238457
victim,0.984,0.04236211809284875,0.04628852380381341,0.03647250952640174,0.5117072173160179
victim,0.985,0.029736806226567762,0.032504548211036995,0.02558519324986391,0.508120774181997
victim,0.986,0.02004524166310752,0.022521419828641368,0.01633097441480675,0.5055887203831694
victim,0.987,0.012243155248584221,0.014780145338095824,0.008437670114316821,0.503643574927454
victim,0.988,0.00800624471896475,0.009896091044037603,0.005171475231355471,0.5024359790222052
victim,0.989,0.0050680923229833585,0.006450812554273662,0.0029940119760479044,0.5015867642863358
victim,0.99,0.004257732813038393,0.005463123913583313,0.0024496461622210124,0.501345245105286
victim,0.991,0.0015897920739389017,0.0017423771001866834,0.0013609145345672292,0.5004207097657396
victim,0.992,0.0005168117460915044,0.0004984423676012461,0.0005443658138268917,0.5001220587912566
victim,0.993,0.0002584431490547963,0.0002492833104823632,0.00027218290691344586,0.50006232859636
victim,0.994,0.0,0.0,0.0,0.5
victim,0.995,0.0,0.0,0.0,0.5
victim,0.996,0.0,0.0,0.0,0.5
victim,0.997,0.0,0.0,0.0,0.5
victim,0.998,0.0,0.0,0.0,0.5
victim,0.999,0.0,0.0,0.0,0.5
victim,1.0,0.0,0.0,0.0,0.5
path,0.0,0.13233433795102376,0.22055722991837295,0.0,0.5
path,0.001,0.5154232251948901,0.635667269717849,0.3350571584104518,0.9178714838259059
path,0.002,0.5314736730474574,0.6448168548250583,0.36145890038105605,0.9208647488794861
path,0.003,0.5377906611417527,0.6499015101772816,0.36962438758845945,0.9223623909512761
path,0.004,0.5429621774488778,0.6532585011554968,0.37751769188894935,0.9233198137925935
path,0.005,0.5472051759807313,0.656156694135913,0.38377789874795865,0.924114938723283
path,0.006,0.551085701493991,0.6582693101473975,0.39031028851388133,0.9247462725702486
path,0.007,0.5548180127165693,0.6603163576123551,0.3965704953728906,0.9253231202111944
path,0.008,0.5574003641806639,0.6618984476500449,0.4006532389765923,0.9257750721569395
path,0.009000000000000001,0.559636159137452,0.6632658540514419,0.4041916167664671,0.926141410698484
path,0.01,0.5623274689485485,0.6646666307915837,0.4088187261839956,0.9265740116755867
path,0.011,0.5641321353157667,0.6656784000862488,0.41181273816004355,0.9268236096147497
path,0.012,0.565901102656923,0.666630671004144,0.4148067501360915,0.9270532762315551
path,0.013000000000000001,0.5674655532407005,0.6674235359310168,0.4175285792052259,0.9272749812067794
path,0.014,0.5688135434035722,0.6682185440322645,0.4197060424605335,0.9274678259618729
path,0.015,0.5697108446903556,0.668988225091801,0.4207947740881873,0.9276954190518667
path,0.016,0.5706418134745199,0.6696325633756969,0.4221556886227545,0.9278831494971448
path,0.017,0.5718679468621546,0.6704059321228253,0.4240609689711486,0.9280818823670075
path,0.018000000000000002,0.5724084671023331,0.670943888647238,0.42460533478497553,0.9282210147210352
path,0.019,0.5736035792324504,0.6716655552985044,0.42651061513336963,0.9284170937103711
path,0.02,0.5745424697081832,0.6721416411304052,0.4281437125748503,0.928536294742041
path,0.021,0.5754873126170603,0.6726276476842133,0.429776810016331,0.9286583431054765
path,0.022,0.5761612663261654,0.6732065380522281,0.43059335873707133,0.9287944346765004
path,0.023,0.5769708486780998,0.6736485656157407,0.43195427327163854,0.9288878162710432
path,0.024,0.5775737857274282,0.6741090948841277,0.4327708219923789,0.9290157527492477
path,0.025,0.578395064154592,0.6745706159063559,0.4341317365269461,0.929129259117387
path,0.026000000000000002,0.5791558059605029,0.6749312425598293,0.43549265106151336,0.9292114448361066
path,0.027,0.5796454622252083,0.675384425791787,0.43603701687534024,0.9293365339825459
path,0.028,0.5802837336144704,0.6759038456267303,0.4368535655960806,0.929452694231212
path,0.029,0.580866180669131,0.6763302249040043,0.4376701143168209,0.9295836714924205
path,0.03,0.5811711552007329,0.676657060518732,0.43794229722373434,0.9296111775538821
path,0.031,0.5818580342489144,0.6770760378472651,0.4390310288513881,0.9297104472631943
path,0.032,0.5829757074950703,0.6774871844206534,0.4412084921066957,0.9297780094206101
path,0.033,0.5836515627610666,0.6778877887788779,0.4422972237343495,0.9299004446865223
path,0.034,0.5842717126165501,0.6781955507862479,0.44338595536200326,0.9299944066347806
path,0.035,0.5845438758253991,0.678467700863054,0.4436581382689167,0.9300336889257808
path,0.036000000000000004,0.5848215190753202,0.6787489843416469,0.44393032117583014,0.9300902486586119
path,0.037,0.5852025893925725,0.6790211909945162,0.44447468698965703,0.9301439610596776
path,0.038,0.5855554150870178,0.6792463232760404,0.4450190528034839,0.9301978669119818
path,0.039,0.5859258432105595,0.6795007929393919,0.44556341861731086,0.9302314545394512
path,0.04,0.5865363533511109,0.6797924887552084,0.44665215024496463,0.9302908616040477
path,0.041,0.5873231848250002,0.6801965981886459,0.44801306477953184,0.9303988667598945
path,0.042,0.5879052270290235,0.680440847443582,0.4491017964071856,0.930472897385795
path,0.043000000000000003,0.588111017533874,0.6806023763470572,0.44937397931409906,0.9304780116956104
path,0.044,0.5885741447840908,0.6808298892835917,0.4501905280348394,0.9305030573277835
path,0.045,0.5890815280679237,0.6811311622761529,0.45100707675557977,0.9305941719442764
path,0.046,0.5897913175000917,0.6814068683067216,0.452367991290147,0.9306190241252111
path,0.047,0.5904135719068389,0.6817181378995308,0.45345672291780076,0.9307129860734694
path,0.048,0.5910946333277365,0.6819459639113155,0.454817637452368,0.9307524618157081
path,0.049,0.5916329148726476,0.6821172787343981,0.4559063690800218,0.9307748535673543
path,0.05,0.5921069966958374,0.6823630492925542,0.45672291780076213,0.9308488841932548
path,0.051000000000000004,0.5925531945961802,0.6825623466459653,0.45753946652150246,0.9308942480502628
path,0.052000000000000005,0.5926614913856931,0.6827428412951535,0.45753946652150246,0.9309339172437399
path,0.053,0.5928450326075847,0.6828672880603639,0.4578116494284159,0.9309420723365592
path,0.054,0.5931529067979415,0.6831989564396831,0.45808383233532934,0.9310417289483484
path,0.055,0.5939829858305041,0.6834936898663002,0.45971692977681,0.9311155661230103
path,0.056,0.5941566150600174,0.6836016166442133,0.45998911268372344,0.9310747362221022
path,0.057,0.5944712264734812,0.683763058457435,0.46053347849755033,0.9311231408621141
path,0.058,0.5951532876906522,0.683992550796342,0.4618943930321176,0.9311626166043527
path,0.059000000000000004,0.5957151751760349,0.6842032088535439,0.4629831246597714,0.9311963976830606
path,0.06,0.5960528152562635,0.6844030317780404,0.46352749047359826,0.9312561916501341
path,0.061,0.5964774392775241,0.6845663726663143,0.4643440391943386,0.931275736070015
path,0.062,0.597508481292715,0.684833133854761,0.4665215024496462,0.9313554613594462
path,0.063,0.5982015829322387,0.6850810268975888,0.4678824169842134,0.9314294919853467
path,0.064,0.5987687393695431,0.6853004665413271,0.4689711486118672,0.9314949806159509
path,0.065,0.5989520685112342,0.6854245598395365,0.4692433315187806,0.9315319959289012
path,0.066,0.5995026367370673,0.6856163524641558,0.4703320631464344,0.9315745124541437
path,0.067,0.6000762212298661,0.6858465055337181,0.4714207947740882,0.9316284183064479
path,0.068,0.5999512408534854,0.6860011154489681,0.4708764289602613,0.9316451153945634
path,0.069,0.6001701637649325,0.6861845316967711,0.4711486118671747,0.931670354477975
path,0.07,0.6006121608977399,0.6863768277709565,0.4719651605879151,0.9317128710032176
path,0.07100000000000001,0.6012547308361308,0.6865405013118965,0.4733260751224823,0.931746845533164
path,0.07200000000000001,0.6016733541885817,0.6866938410854878,0.47414262384322264,0.9317924028414104
path,0.073,0.6017093805575205,0.6867538850337191,0.47414262384322264,0.9317661965018063
path,0.074,0.6019160819090371,0.6869169320149712,0.4744148067501361,0.9318146011418182
path,0.075,0.602467240081142,0.6871097078833769,0.47550353837778986,0.9318571176670608
path,0.076,0.6029954222974738,0.6872641904921607,0.4765922700054437,0.9318882448652417
path,0.077,0.6032938559825414,0.6873986694247218,0.47713663581927057,0.9319281075099574
path,0.078,0.6035755460106913,0.6875052422624206,0.47768100163309746,0.9319449980493113
path,0.079,0.6037546839619857,0.6876223502433023,0.4779531845400109,0.9319503058103651
path,0.08,0.6039795011812791,0.6878155903375155,0.47822536744692434,0.9319928223356078
path,0.081,0.6041755154196045,0.6879608254634488,0.4784975503538378,0.9320211022020233
path,0.082,0.6044631140741188,0.6880772460117549,0.47904191616766467,0.9320408400731426
path,0.083,0.6051178219978501,0.6882611495282623,0.4804028307022319,0.9320805092666198
path,0.084,0.6051993143281897,0.6883969700788284,0.4804028307022319,0.9321059418012698
path,0.085,0.6053555572803129,0.6884759197277579,0.48067501360914533,0.9320998602352621
path,0.08600000000000001,0.6060740982171602,0.688584756328183,0.48230811105062604,0.9320878905544852
path,0.08700000000000001,0.6061394367780628,0.6886936539296874,0.48230811105062604,0.932075920873708
path,0.088,0.6066675904861204,0.6888480890246808,0.4833968426782798,0.9321214781819545
path,0.089,0.6069780394352531,0.6890025933973506,0.4839412084921067,0.932167035490201
path,0.09,0.6071286138995593,0.6890720955665854,0.48421339139902014,0.9321581065924278
path,0.091,0.6075253758543748,0.6891889996774511,0.48502994011976047,0.9321778444635471
path,0.092,0.6076933899240836,0.6892875678556901,0.4853021230266739,0.9321774575610702
path,0.093,0.6078718890704986,0.6894036111617727,0.48557430593358736,0.932211625542255
path,0.094,0.6085207378273174,0.6895777494000925,0.4869352204681546,0.9322628775140323
path,0.095,0.6088081687771332,0.6896938904405676,0.4874795862819815,0.9322970454952171
path,0.096,0.6090497313113589,0.6897335841217258,0.4880239520958084,0.9322940047122131
path,0.097,0.6089821092928087,0.6898023360287512,0.48775176918889496,0.9322995059245055
path,0.098,0.6091671184703161,0.6899292293866547,0.4880239520958084,0.9323220911273902
path,0.099,0.6092543274008716,0.6900745776042471,0.4880239520958084,0.9323648011038712
path,0.1,0.6090732550168243,0.6901357008400527,0.4874795862819815,0.9323385947642672
path,0.101,0.6095739359401471,0.6902443479604884,0.4885683179096353,0.9323410551935556
path,0.10200000000000001,0.6099483110678624,0.6903239406928535,0.4893848666303756,0.9323349736275479
path,0.10300000000000001,0.6106161619767184,0.6905297491845688,0.49074578116494283,0.9323659073744903
path,0.10400000000000001,0.6110016457277387,0.6906278562891092,0.49156232988568316,0.9323799505820789
path,0.105,0.6113068133009011,0.6907735583684951,0.49210669569951004,0.9324226605585599
path,0.106,0.6115951365698842,0.6908911866075824,0.492651061513337,0.9324423984296792
path,0.107,0.6118782722422856,0.6910001688523668,0.49319542732716387,0.9324448588589678
path,0.108,0.6125568600609004,0.69122387219368,0.4945563418617311,0.932510347489572
path,0.109,0.6126333886502522,0.6913514198425995,0.4945563418617311,0.9325329326924567
path,0.11,0.6130132028697093,0.691440077727868,0.4953728905824714,0.9325441285682798
path,0.111,0.6131421171679294,0.6914734796202925,0.49564507348938486,0.9324949501233142
path,0.112,0.6132808389475101,0.6915232273149845,0.4959172563962983,0.9324947566720756
path,0.113,0.6135511911112812,0.6916109037120518,0.4964616222101252,0.9325203826579642
path,0.114,0.6139544562431067,0.6917386464512675,0.4972781709308655,0.932542967860849
path,0.115,0.6142196316825721,0.6918176949744919,0.49782253674469246,0.9325513164049066
path,0.116,0.6143080392256469,0.6919650408796165,0.49782253674469246,0.9325795962713223
path,0.117,0.6142127989812902,0.6919877624102976,0.497550353837779,0.9325420006046565
path,0.11800000000000001,0.6141052110989652,0.6919899045443649,0.4972781709308655,0.9325131403845256
path,0.11900000000000001,0.6141709078950947,0.6920993992045807,0.4972781709308655,0.932515600813814
path,0.12,0.6143324960776169,0.6921872575708422,0.497550353837779,0.9325412267997026
path,0.121,0.6146212009725749,0.6923055218532208,0.4980947196516059,0.932560964670822
path,0.122,0.6151218198637386,0.6924140655867246,0.49918345127925967,0.932577855210176
path,0.123,0.6154105826118667,0.6925324262910534,0.49972781709308656,0.9325975930812953
path,0.124,0.6154353584479795,0.6925737193512415,0.49972781709308656,0.932580122188226
path,0.125,0.6155983509346585,0.6926639182244309,0.5,0.9325768879539835
path,0.126,0.6157717789622204,0.6927715096657582,0.5002721829069134,0.932608208603403
path,0.127,0.6157841824323806,0.6927921821160256,0.5002721829069134,0.9325994731568683
path,0.128,0.6160332778684764,0.6928444306336338,0.5008165487207403,0.9325704194854989
path,0.129,0.6162302456284714,0.6929912549623498,0.5010887316276538,0.9326131294619799
path,0.13,0.6163861178449113,0.6930695867184739,0.5013609145345672,0.9326359081161031
path,0.131,0.6165655095134548,0.6931871175614375,0.5016330974414807,0.9326700760972879
path,0.132,0.6169803107744942,0.6933340871826764,0.502449646162221,0.932712786073769
path,0.133,0.6169316084995442,0.693434371995702,0.5021774632553075,0.932712399171292
path,0.134,0.6170934283077967,0.693522616404847,0.502449646162221,0.9327380251571806
path,0.135,0.617370706190504,0.6936218356668082,0.5029940119760479,0.9327520683647692
path,0.136,0.617774542551836,0.6937505304552012,0.5038105606967882,0.932774653567654
path,0.137,0.6179540843971412,0.6938683115927676,0.5040827436037016,0.9328088215488388
path,0.138,0.618133650241999,0.6939861327295883,0.5043549265106151,0.9328429895300236
path,0.139,0.6185611590946652,0.6941542816702051,0.5051714752313554,0.9328769640599699
path,0.14,0.6187134091170738,0.694226576436277,0.505443658138269,0.9328536050521312
path,0.14100000000000001,0.6191049068377373,0.694334706823556,0.5062602068590093,0.9328849257015508
path,0.14200000000000002,0.6191587116257892,0.6944243814703092,0.5062602068590093,0.9328961215773739
path,0.14300000000000002,0.6194177669763352,0.6944932298453346,0.5068045726728362,0.9329160528997317
path,0.14400000000000002,0.6193457301584089,0.6945546237533997,0.5065323897659227,0.9329042766701932
path,0.145,0.6197505370938986,0.694684936165389,0.5073489384866631,0.9329124317630124
path,0.146,0.6197637800286906,0.6947070077233756,0.5073489384866631,0.9328892662064121
path,0.147,0.6199095317147733,0.6947684719289045,0.5076211213935765,0.9328774899768737
path,0.148,0.6200375666737001,0.6948004082558403,0.50789330430049,0.9328571717520389
path,0.149,0.6201217593584467,0.6949407293970846,0.50789330430049,0.9328681741766234
path,0.15,0.6205429983367612,0.6950984285471151,0.5087098530212303,0.9329137314848699
path,0.151,0.6206021573280983,0.6951970268660104,0.5087098530212303,0.932942204802524
path,0.152,0.6207827750710008,0.6953166011662387,0.5089820359281437,0.9329619426736433
path,0.153,0.6211567520574962,0.6953955303299043,0.5097985846488841,0.9329847213277666
path,0.154,0.6213137293656432,0.6954757039055405,0.5100707675557975,0.9329930698718243
path,0.155,0.6215055265300099,0.6956139105748759,0.5103429504627109,0.9330329325165398
path,0.156,0.621668467385727,0.6957040233964621,0.5106151333696244,0.933044128392363
path,0.157,0.6217062581104984,0.6957670079377477,0.5106151333696244,0.933017922052759
path,0.158,0.6220980946392476,0.6958757030051697,0.5114316820903647,0.9330492427021784
path,0.159,0.6223603479898271,0.6959498813802508,0.5119760479041916,0.9330114535842742
path,0.16,0.6226381740123565,0.696050014208582,0.5125204137180185,0.9330254967918628
path,0.161,0.6227945240134696,0.6961291422724948,0.5127925966249319,0.933048275445986
path,0.162,0.6228079032966671,0.6961514410778239,0.5127925966249319,0.9330251098893858
path,0.163,0.6229412777322629,0.6961922765325412,0.5130647795318454,0.933022069106382
path,0.164,0.6230073541737406,0.6963024039350042,0.5130647795318454,0.9330389596457358
path,0.165,0.6230199918263867,0.6963234666894141,0.5130647795318454,0.9330302241992012
path,0.166,0.6230801599464033,0.6964237468894419,0.5130647795318454,0.9330442674067897
path,0.167,0.6231455295275603,0.6965326961913703,0.5130647795318454,0.9330755880562092
path,0.168,0.6234286658904273,0.6966416795869308,0.5136091453456723,0.9331069087056285
path,0.169,0.6239355164691472,0.6967606094663613,0.514697876973326,0.9331410766868133
path,0.17,0.6241897231585138,0.6968213767394211,0.5152422427871529,0.9331437305673403
path,0.171,0.6245595367542909,0.6968933669185559,0.5160587915078934,0.9331348016695672
path,0.17200000000000001,0.6247056678734422,0.6969554635125325,0.5163309744148068,0.9331230254400287
path,0.17300000000000001,0.624868894788607,0.6970460530998647,0.5166031573217202,0.9331342213158518
path,0.17400000000000002,0.6251759678189348,0.6971949309411932,0.5171475231355471,0.9331769312923328
path,0.17500000000000002,0.6253102350230794,0.6972372543434918,0.5174197060424606,0.9331594603992635
path,0.176,0.6253527278805934,0.697308075772682,0.5174197060424606,0.9331649616115557
path,0.177,0.6255787911356774,0.6973219373219373,0.5179640718562875,0.9331245186131246
path,0.178,0.625581149535779,0.6973258679887735,0.5179640718562875,0.9330812282829282
path,0.179,0.6258704378646087,0.6974451046609385,0.5185084376701143,0.933115396264113
path,0.18,0.6258942906362681,0.6974848592803706,0.5185084376701143,0.9331267855911747
path,0.181,0.6261836115949647,0.697604150335647,0.5190528034839412,0.9331609535723595
path,0.182,0.6263521489902222,0.6977035907231338,0.5193249863908547,0.9331894268900135
path,0.183,0.626599733811108,0.6977533215487256,0.5198693522046816,0.9332036635488405
path,0.184,0.6267750672912802,0.6978640887444036,0.520141535111595,0.9332205540881944
path,0.185,0.626967540829765,0.6980034227039361,0.5204137180185084,0.93326041673291
path,0.186,0.6272629459724908,0.6981328540659278,0.5209580838323353,0.9332974320458602
path,0.187,0.6272816800600879,0.6981640775452562,0.5209580838323353,0.9332915439310909
path,0.188,0.627209474220537,0.6982251897506135,0.5206859009254219,0.9332941978116179
path,0.189,0.6272401728237958,0.6982763540893785,0.5206859009254219,0.9332940043603795
path,0.19,0.6275065630483603,0.6983574272544346,0.5212302667392488,0.9333023529044372
path,0.191,0.6276820401076835,0.6984684337486976,0.5215024496461622,0.9333192434437911
path,0.192,0.6278515598995674,0.6985695114638952,0.5217746325530757,0.9333332866513797
path,0.193,0.6281000485886011,0.6986207487364002,0.5223189983669025,0.9333330932001411
path,0.194,0.6283569994854881,0.6986860896886604,0.5228633641807294,0.9332924567504717
path,0.195,0.6284966344209566,0.6987373593098325,0.5231355470876429,0.9332922632992331
path,0.196,0.6286474288309059,0.698807228055139,0.5234077299945563,0.933312194621591
path,0.197,0.6290227971791781,0.698888476155099,0.5242242787152966,0.9333205431656487
path,0.198,0.6291453111370389,0.6989112108135913,0.5244964616222101,0.9332973776090485
path,0.199,0.6295326898816815,0.6990124762408357,0.5253130103429504,0.9333114208166371
path,0.2,0.6294486266608912,0.6990538261441273,0.525040827436037,0.9333083800336333
path,0.201,0.6294606166070259,0.6990738093876852,0.525040827436037,0.933314074697164
path,0.202,0.6294982614410205,0.6991365507776761,0.525040827436037,0.9333022984676254
path,0.203,0.6295470783186049,0.6992179122403168,0.525040827436037,0.9333106470116832
path,0.20400000000000001,0.6295727508740301,0.6992606998326921,0.525040827436037,0.9332931761186138
path,0.20500000000000002,0.6298033362308153,0.6992820982181163,0.5255851932498639,0.933284440672079
path,0.20600000000000002,0.6299490548436197,0.6993435073015146,0.5258573761567773,0.933287094552606
path,0.20700000000000002,0.6301916508720637,0.6993849234730367,0.5264017419706043,0.9332840537696021
path,0.20800000000000002,0.630113635876914,0.6994363537523961,0.5261295590636909,0.9332838603183636
path,0.209,0.6304771253852446,0.6994978037857867,0.5269461077844312,0.9332865141988906
path,0.21,0.6305268653865583,0.6995807037879763,0.5269461077844312,0.9332804326328827
path,0.211,0.6305946522117084,0.6996936818298932,0.5269461077844312,0.9332828930621713
path,0.212,0.6307455941378219,0.6997637964354735,0.5272182906913446,0.933302824384529
path,0.213,0.6309094234069164,0.6998553899460218,0.5274904735982581,0.9333140202603523
path,0.214,0.6309755685205267,0.6999656318020392,0.5274904735982581,0.9333453409097716
path,0.215,0.6311334208324004,0.7000472637172198,0.5277626565051715,0.9333536894538293
path,0.216,0.6311420195286275,0.7000615948775982,0.5277626565051715,0.9333132464553984
path,0.217,0.6312887219365557,0.7001246436195362,0.528034839412085,0.9333014702258597
path,0.218,0.6315606403938466,0.7002149305058032,0.5285792052259118,0.9333270962117484
path,0.219,0.631712524298702,0.700286615075953,0.5288513881328253,0.9333325974240407
path,0.22,0.6318695740330487,0.7003669093619218,0.5291235710397387,0.9333553760781639
path,0.221,0.6318885133569843,0.7003984749018146,0.5291235710397387,0.9333494879633946
path,0.222,0.6320275064352426,0.7004486747609696,0.5293957539466522,0.9333637246222216
path,0.223,0.6319496305577388,0.7005003369030722,0.5291235710397387,0.9333635311709831
path,0.224,0.6319926886714049,0.700572100425849,0.5291235710397387,0.9333690323832755
path,0.225,0.6319841336487121,0.7005578420546943,0.5291235710397387,0.9333056172794827
path,0.226,0.632032361366774,0.7006382215847975,0.5291235710397387,0.933328395933606
path,0.227,0.6322871644138113,0.7006999827873085,0.5296679368535656,0.9333310498141328
path,0.228,0.632319079195913,0.7007531740908113,0.5296679368535656,0.9333164262528288
path,0.229,0.6324762129041198,0.7008336083332137,0.5299401197604791,0.9333392049069521
path,0.23,0.632524484529771,0.7009140610426322,0.5299401197604791,0.9333619835610754
path,0.231,0.6325503959861102,0.7009572468031976,0.5299401197604791,0.933344512668006
path,0.232,0.6324338787290242,0.7009445066459966,0.5296679368535656,0.9332666674541477
path,0.233,0.632454649976158,0.7009791253912195,0.5296679368535656,0.9332319191192474
path,0.234,0.6324978105463772,0.7010510596749182,0.5296679368535656,0.9332374203315397
path,0.23500000000000001,0.6326619394483093,0.7011431525735294,0.5299401197604791,0.9332486162073629
path,0.23600000000000002,0.6327051277927326,0.7012151331475683,0.5299401197604791,0.9332541174196551
path,0.23700000000000002,0.6329721194944076,0.7012972087744754,0.5304844855743059,0.933262465963713
path,0.23800000000000002,0.6333359075256677,0.701359156346082,0.5313010342950463,0.9332651198442399
path,0.23900000000000002,0.6333903287956842,0.7014498584627763,0.5313010342950463,0.9332907458301285
path,0.24,0.6335484901230016,0.7015320054036963,0.5315732172019597,0.9332990943741861
path,0.241,0.6334535209132351,0.7015551786586943,0.5313010342950463,0.933275928817586
path,0.242,0.633577204595661,0.7015798628581286,0.5315732172019597,0.9332383331509203
path,0.243,0.6333733693238535,0.7016030479476673,0.5310288513881328,0.9332151675943201
path,0.244,0.6336343914893107,0.7016751743475447,0.5315732172019597,0.9332206688066125
path,0.245,0.6336586077130986,0.7017155347205245,0.5315732172019597,0.9332320581336742
path,0.246,0.6338721137401389,0.7017084675563736,0.5321175830157866,0.9332003505817776
path,0.247,0.6342783707613541,0.7018411967779056,0.5329341317365269,0.9332229357846624
path,0.248,0.6342732240286537,0.7018326188900715,0.5329341317365269,0.9332056583428316
path,0.249,0.6344011816290416,0.701864426286109,0.5332063146434404,0.9331997702280623
path,0.25,0.6345473203472785,0.7019265355452282,0.5334784975503538,0.9332024241085892
path,0.251,0.6348256707511087,0.7020275423423942,0.5340228633641807,0.9332308974262432
path,0.252,0.6347246914903932,0.7020406988458107,0.5337506804572673,0.9332048845378778
path,0.253,0.6347083374650622,0.7020134421369255,0.5337506804572673,0.9331674823224505
path,0.254,0.6347274408862189,0.7020452811721866,0.5337506804572673,0.9331615942076812
path,0.255,0.6347171478036517,0.7020281260345747,0.5337506804572673,0.9331270393240194
path,0.256,0.6347189803464954,0.7020311802726474,0.5337506804572673,0.9330981791038884
path,0.257,0.6347371718719544,0.7020614994817459,0.5337506804572673,0.9331067210991846
path,0.258,0.634906694802867,0.7021625824286578,0.5340228633641807,0.9331351944168387
path,0.259,0.6350458993994512,0.7022131348183559,0.5342950462710941,0.9331494310756656
path,0.26,0.6351981671792029,0.7022854591799996,0.5345672291780076,0.933154932287958
path,0.261,0.6353443778254707,0.7023476883191705,0.534839412084921,0.9331575861684849
path,0.262,0.6353592944152071,0.7023725493020644,0.534839412084921,0.9331199905018193
path,0.263,0.6352938484059204,0.7024449278911956,0.5345672291780076,0.9331254917141115
path,0.264,0.6351807584081552,0.7024378998328626,0.5342950462710941,0.9330937841622151
path,0.265,0.6356657674389511,0.7025204271324198,0.5353837778987479,0.933102132706273
path,0.266,0.635668557856144,0.7025250778277413,0.5353837778987479,0.9330588423760764
path,0.267,0.6354596786921862,0.702539856430363,0.534839412084921,0.9330183993776453
path,0.268,0.6356232439219123,0.7026310098752974,0.5351115949918345,0.9330440253635339
path,0.269,0.6355466308258363,0.7026847766531131,0.534839412084921,0.93302940180223
path,0.27,0.635589188918644,0.7027557068077928,0.534839412084921,0.9330493331245879
path,0.271,0.6357364242518719,0.7028196437585635,0.5351115949918345,0.9330375568950493
path,0.272,0.6356467371543539,0.7028516205339758,0.534839412084921,0.93303166878028
path,0.273,0.6359140928265986,0.7029343027784991,0.5353837778987479,0.9330400173243376
path,0.274,0.6359566881443933,0.7030052949748236,0.5353837778987479,0.9330599486466955
path,0.275,0.6361020784280288,0.7030661568429405,0.5356559608056614,0.9330770326372879
path,0.276,0.6361386018723013,0.7031270292500613,0.5356559608056614,0.9330941166278803
path,0.277,0.6361751316416185,0.7031879121989234,0.5356559608056614,0.9331112006184727
path,0.278,0.6361952981263175,0.7032215230067549,0.5356559608056614,0.933090882393638
path,0.279,0.6361962478634952,0.7032231059020511,0.5356559608056614,0.9330764522835725
path,0.28,0.6361075474223471,0.7032567271047465,0.5353837778987479,0.9330561340587378
path,0.281,0.6362487835945823,0.7033106654538629,0.5356559608056614,0.9330415104974338
path,0.28200000000000003,0.6363586091267175,0.703312252736146,0.5359281437125748,0.9330270803873683
path,0.28300000000000003,0.6361610491744885,0.7033458966916488,0.5353837778987479,0.9330067621625335
path,0.28400000000000003,0.636355256424525,0.703488120170434,0.5356559608056614,0.9330466248072491
path,0.28500000000000003,0.6364721415203913,0.703501473392269,0.5359281437125748,0.9330206119188835
path,0.28600000000000003,0.6366236997958861,0.703572615246818,0.5362003266194882,0.9330405432412414
path,0.28700000000000003,0.636609241206658,0.7035485175981044,0.5362003266194882,0.9329742808056832
path,0.28800000000000003,0.6365093459795821,0.7035634808242535,0.5359281437125748,0.932933837807252
path,0.289,0.6365234672141972,0.7035870162152787,0.5359281437125748,0.9329106722506519
path,0.29,0.6366455037562374,0.7036089551807369,0.5362003266194882,0.9329019368041173
path,0.291,0.6365803093649358,0.7036817531331764,0.5359281437125748,0.9329074380164095
path,0.292,0.636605687601262,0.7037240501937201,0.5359281437125748,0.9329043972334057
path,0.293,0.6366249659545091,0.7037561807824654,0.5359281437125748,0.9328985091186364
path,0.294,0.6363876229373894,0.7037235196298169,0.5353837778987479,0.9328149692412474
path,0.295,0.6365209199905846,0.7037642261138668,0.5356559608056614,0.932826358568309
path,0.296,0.636552420913098,0.7038167276513891,0.5356559608056614,0.9328261651170705
path,0.297,0.636697942183527,0.7038778078308285,0.5359281437125748,0.9328432491076629
path,0.298,0.6366328039846252,0.7039506994372677,0.5356559608056614,0.9328487503199552
path,0.299,0.6369055480499193,0.7040423623368732,0.5362003266194882,0.9328743763058438
path,0.3,0.6370510943302968,0.7041034841995601,0.5364725095264018,0.9328914602964362
path,0.301,0.6374388498335446,0.704205377557813,0.5372890582471421,0.9329199336140903
path,0.302,0.6375384265578665,0.7041898834937405,0.5375612411540556,0.932870948620363
path,0.303,0.6378366636675943,0.7043240348007355,0.5381056069678825,0.9328935338232478
path,0.304,0.6378550171226675,0.7043546238925241,0.5381056069678825,0.932902075818544
path,0.305,0.6378865932823171,0.7044072508252736,0.5381056069678825,0.9329018823673054
path,0.306,0.6379171917467985,0.704458248266076,0.5381056069678825,0.9329161190261325
path,0.307,0.6379793897820842,0.7045619116582188,0.5381056069678825,0.9329301622337209
path,0.308,0.6381014961367529,0.7045839669780577,0.5383777898747959,0.9329214267871864
path,0.309,0.6379823537357198,0.7045668515809447,0.5381056069678825,0.9328868719035246
path,0.31,0.6381279682712047,0.7046280872021439,0.5383777898747959,0.932903955894117
path,0.311,0.6382745807158478,0.7046909860052734,0.5386499727817093,0.9329066097746439
path,0.312,0.6381503045908921,0.7046653144016228,0.5383777898747959,0.9328547774491512
path,0.313,0.6381358893918334,0.7046412890698583,0.5383777898747959,0.9327885150135931
path,0.314,0.6380309788557916,0.7046478934477312,0.5381056069678825,0.9327307945733311
path,0.315,0.6381653552820148,0.7046903988868274,0.5383777898747959,0.9327277537903271
path,0.316,0.6383110023617488,0.7047516887484417,0.5386499727817093,0.9327448377809195
path,0.317,0.6384627865132606,0.7048232070630193,0.5389221556886228,0.9327647691032774
path,0.318,0.6386023157148404,0.7048743004610433,0.5391943385955362,0.9327790057621044
path,0.319,0.6387183180398663,0.704886182398144,0.5394665215024497,0.9327674229838043
path,0.32,0.6386104423850152,0.7048878449113345,0.5391943385955362,0.9327529928737388
path,0.321,0.6386737761047747,0.7049934011109338,0.5391943385955362,0.9327526059712619
path,0.322,0.6387907859042985,0.7050069621721977,0.5394665215024497,0.9327265930828963
path,0.323,0.6388163313913536,0.7050495379839563,0.5394665215024497,0.9327235522998925
path,0.324,0.6385616371354439,0.7049879580999913,0.5389221556886228,0.9326170403171417
path,0.325,0.6387032015921723,0.7050424435899297,0.5391943385955362,0.9326024167558378
path,0.326,0.638604478077603,0.7050593596702563,0.5389221556886228,0.9325475436473412
path,0.327,0.6386474601417673,0.7051309964438638,0.5389221556886228,0.9325674749696989
path,0.328,0.6388177514068578,0.705233359947739,0.5391943385955362,0.9325959482873529
path,0.329,0.6387221723799787,0.7052555168408827,0.5389221556886228,0.9325872128408184
path,0.33,0.6386183424126184,0.7052639221665578,0.5386499727817093,0.9325150622904909
path,0.331,0.6385412055559133,0.7053168160099916,0.5383777898747959,0.9325148688392524
path,0.332,0.6385616667284449,0.7053509179642109,0.5383777898747959,0.9324945506144175
path,0.333,0.6386118623508366,0.7054345773348636,0.5383777898747959,0.9325028991584753
path,0.334,0.6387760814007061,0.7055268204800372,0.5386499727817093,0.9325285251443639
path,0.335,0.6387904163140786,0.7055507120023248,0.5386499727817093,0.9325053595877637
path,0.336,0.63858700823504,0.7055746090798116,0.5381056069678825,0.9324821940311636
path,0.337,0.6386187906622764,0.7056275797918725,0.5381056069678825,0.932482000579925
path,0.338,0.6387184139425633,0.705612163321075,0.5383777898747959,0.9324330155861978
path,0.339,0.6386197724452132,0.7056292160967669,0.5381056069678825,0.9323781424777013
path,0.34,0.6387655798773371,0.7056907732123645,0.5383777898747959,0.9323952264682938
path,0.341,0.6387973861258671,0.7057437836265813,0.5383777898747959,0.9323950330170552
path,0.342,0.638813795570606,0.7057711327011461,0.5383777898747959,0.932343007240324
path,0.343,0.6388220027991817,0.7057848114154388,0.5383777898747959,0.9323169943519585
path,0.34400000000000003,0.6387151782133056,0.7057882257102542,0.5381056069678825,0.9322881341318274
path,0.34500000000000003,0.6387593306488788,0.7058618131028763,0.5381056069678825,0.9322936353441198
path,0.34600000000000003,0.6386473747171486,0.7058566751546016,0.537833424060969,0.9322474976821579
path,0.34700000000000003,0.6386668901936625,0.7058892009487916,0.537833424060969,0.9322416095673887
path,0.34800000000000003,0.6386278540089381,0.7058241406409175,0.537833424060969,0.9321639578047688
path,0.34900000000000003,0.6386350433254501,0.7058361228351041,0.537833424060969,0.9321523750264687
path,0.35000000000000003,0.6387880943155372,0.705909752547307,0.5381056069678825,0.932157876238761
path,0.35100000000000003,0.6388035116948383,0.7059354481794755,0.5381056069678825,0.9321202805720954
path,0.352,0.6384563405277848,0.7059011953815465,0.5372890582471421,0.9320511708047718
path,0.353,0.6384470908120351,0.7058857791886304,0.5372890582471421,0.9320021858110445
path,0.354,0.6384429791654052,0.7058789264442471,0.5372890582471421,0.9319704782591481
path,0.355,0.6383474701640537,0.7059012000466037,0.5370168753402287,0.9319617428126135
path,0.356,0.638219063228843,0.7058686437591949,0.5367446924333152,0.9318782029352244
path,0.357,0.6383587836986133,0.7059200559375365,0.5370168753402287,0.9318924395940514
path,0.358,0.6383145661644127,0.705846360047202,0.5370168753402287,0.9317975103896008
path,0.359,0.6384429781469665,0.7058789247468493,0.5372890582471421,0.9317916222748315
path,0.36,0.6386926101565397,0.7059320675535867,0.537833424060969,0.931791428823593
path,0.361,0.6386946701009181,0.7059355007942174,0.537833424060969,0.931762568603462
path,0.362,0.6388652769944958,0.7060383903455715,0.5381056069678825,0.931791041921116
path,0.363,0.6387409783992581,0.706012681291451,0.537833424060969,0.9317392095956234
path,0.364,0.6384009944467354,0.7059904071844064,0.5370168753402287,0.9316585170499997
path,0.365,0.6385119316371717,0.7059938472305247,0.5372890582471421,0.9316296568298686
path,0.366,0.6386166926647077,0.705986993671809,0.5375612411540556,0.9315979492779722
path,0.367,0.6387152763583257,0.7059698445565634,0.537833424060969,0.9315633943943105
path,0.368,0.6387399843763344,0.706011024586578,0.537833424060969,0.9315747837213721
path,0.369,0.6390758808342869,0.7060264862026719,0.5386499727817093,0.9315343407229411
path,0.37,0.6390810485008587,0.7060350989802915,0.5386499727817093,0.9314621901726137
path,0.371,0.6391315289883732,0.7061192331261491,0.5386499727817093,0.9314705387166713
path,0.372,0.6393585666313034,0.7061347186551482,0.5391943385955362,0.9314300957182402
path,0.373,0.6394952855330385,0.7061811282200978,0.5394665215024497,0.9313981947151053
path,0.374,0.6396247901454928,0.7062155139695793,0.5397387044093631,0.9313778764902707
path,0.375,0.6397594462417123,0.7062584855253361,0.5400108873162766,0.9313748357072668
path,0.376,0.6397790472308338,0.7062911538405385,0.5400108873162766,0.9313689475924974
path,0.377,0.6399322780724835,0.7063650833053459,0.54028307022319,0.9313744488047897
path,0.378,0.6399477882014386,0.706390933520271,0.54028307022319,0.9313368531381241
path,0.379,0.6402888777248028,0.7064150502453844,0.5410996189439303,0.9313136875815239
path,0.38,0.6403157350348427,0.7064598124287843,0.5410996189439303,0.9312962166884546
path,0.381,0.6403808134576043,0.7065682764667203,0.5410996189439303,0.9312813996759121
path,0.382,0.6404990312993437,0.7065838509316771,0.5413718018508438,0.9312409566774811
path,0.383,0.6404835926326482,0.7065581198205177,0.5413718018508438,0.9311891243519883
path,0.384,0.6407323220078393,0.7066097582366183,0.5419161676646707,0.9312033610108154
path,0.385,0.6406152571976471,0.7065961054909069,0.5416439847577572,0.9311399459070225
path,0.386,0.6407799183415464,0.7066890854594634,0.5419161676646707,0.9311655718929113
path,0.387,0.6405653323275045,0.7066943526452782,0.5413718018508438,0.9311222815627147
path,0.388,0.6405849886549324,0.7067271131909915,0.5413718018508438,0.9311163934479454
path,0.389,0.6407280382760369,0.70678407395489,0.5416439847577572,0.931087339776576
path,0.39,0.6407352978906984,0.7067961733126591,0.5416439847577572,0.9310757569982759
path,0.391,0.6407663172233188,0.7068478722003598,0.5416439847577572,0.9310899936571029
path,0.392,0.6407859899763133,0.7068806601220172,0.5416439847577572,0.9310841055423336
path,0.393,0.6407984006449718,0.7069013445697815,0.5416439847577572,0.9310898002058644
path,0.394,0.6408118722596521,0.7069237972609153,0.5416439847577572,0.9310810647593297
path,0.395,0.6406586465491966,0.7068498763480985,0.5413718018508438,0.9309861355548791
path,0.396,0.6407934054061031,0.7068930191716669,0.5416439847577572,0.9309830947718751
path,0.397,0.640916813952669,0.7069172448113346,0.5419161676646707,0.930959929215275
path,0.398,0.6411677270275631,0.7069725227269401,0.5424605334784975,0.930945305653971
path,0.399,0.6410620404716719,0.7069778337383972,0.5421883505715841,0.9309020153237746
path,0.4,0.6410073634820639,0.7068867054223836,0.5421883505715841,0.9307725312356621
path,0.401,0.6410208458959739,0.7069091761122338,0.5421883505715841,0.9307637957891275
path,0.402,0.6410767550535381,0.7070023580415075,0.5421883505715841,0.9307894217750161
path,0.403,0.6413028419372023,0.7070162589717299,0.542732716385411,0.9307634088866504
path,0.404,0.6414397668282883,0.7070630118522642,0.5430048992923244,0.9307315078835157
path,0.405,0.641454329715025,0.7070872833301587,0.5430048992923244,0.9307083423269153
path,0.406,0.6414564620102052,0.7070908371554592,0.5430048992923244,0.9306794821067845
path,0.40700000000000003,0.6410927162398894,0.7070289600187596,0.5421883505715841,0.9305729701240337
path,0.40800000000000003,0.6410035614287212,0.7070618239380881,0.5419161676646707,0.9305670820092644
path,0.40900000000000003,0.6411508140841242,0.707125789759151,0.5421883505715841,0.9305697358897913
path,0.41000000000000003,0.6410502964164034,0.7071397155842253,0.5419161676646707,0.9305437230014257
path,0.41100000000000003,0.6410586536265768,0.7071536442678475,0.5419161676646707,0.9305177101130602
path,0.41200000000000003,0.6410597221978331,0.7071554252199413,0.5419161676646707,0.9305032800029946
path,0.41300000000000003,0.6410680816010845,0.7071693575586938,0.5419161676646707,0.9304772671146291
path,0.41400000000000003,0.6410723587365683,0.7071764861178335,0.5419161676646707,0.930419546674367
path,0.41500000000000004,0.6411004654228686,0.7072233305950005,0.5419161676646707,0.9303876456712322
path,0.41600000000000004,0.6411077615908374,0.7072354908749486,0.5419161676646707,0.9303760628929321
path,0.417,0.641333876668832,0.7072494387957217,0.5424605334784975,0.9303500500045665
path,0.418,0.6413660825310783,0.7073031152327988,0.5424605334784975,0.9303498565533281
path,0.419,0.6414957868770291,0.7073378338714412,0.542732716385411,0.9303295383284933
path,0.42,0.6419697293424615,0.7074019168953927,0.5438214480130648,0.9303321922090202
path,0.421,0.641978112409383,0.7074158886735952,0.5438214480130648,0.9303061793206546
path,0.422,0.6420051919426955,0.7074610212291159,0.5438214480130648,0.9302887084275853
path,0.423,0.642012502270855,0.7074732051093819,0.5438214480130648,0.9302771256492852
path,0.424,0.6417803707719434,0.7074492298204138,0.5432770821992379,0.9302108632137269
path,0.425,0.641812617204075,0.7075029738739665,0.5432770821992379,0.9302106697624886
path,0.426,0.6416996685643037,0.70749618141229,0.5430048992923244,0.9301789622105922
path,0.427,0.6415577027522784,0.7074410269968567,0.542732716385411,0.9301041577797378
path,0.428,0.6416708887605613,0.7074482150727194,0.5430048992923244,0.9300464373394759
path,0.429,0.6417933128620649,0.7074707999706162,0.5432770821992379,0.9300377018929411
path,0.43,0.6417001523286792,0.707496987686249,0.5430048992923244,0.9300001062262755
path,0.431,0.641599677586833,0.7075109850544476,0.542732716385411,0.9299740933379099
path,0.432,0.6416205564974314,0.7075457832387784,0.542732716385411,0.9299537751130751
path,0.433,0.6416164796134151,0.7075389884320844,0.542732716385411,0.9299220675611788
path,0.434,0.6412754638905184,0.7075149947077501,0.5419161676646707,0.9298558051256205
path,0.435,0.6411709150817184,0.7075222019643592,0.5416439847577572,0.9297980846853585
path,0.436,0.6412995964956245,0.7075552157162603,0.5419161676646707,0.9297921965705893
path,0.437,0.6414179603827603,0.7075710335902111,0.5421883505715841,0.9297517535721582
path,0.438,0.6415466490437008,0.707604059420503,0.5424605334784975,0.9297458654573889
path,0.439,0.6415550619859005,0.7076180809908359,0.5424605334784975,0.9297198525690233
path,0.44,0.6413052613107266,0.7075646570747639,0.5419161676646707,0.9296306180281035
path,0.441,0.6413199202630551,0.707589088661978,0.5419161676646707,0.9296074524715032
path,0.442,0.6414611137946598,0.7076429559433768,0.5421883505715841,0.9296072590202649
path,0.443,0.6414456251356268,0.7076171415116552,0.5421883505715841,0.9295554266947721
path,0.444,0.6413400066505202,0.7076225659744197,0.5419161676646707,0.9295121363645757
path,0.445,0.641337012440123,0.7076175756237579,0.5419161676646707,0.9294659987026137
path,0.446,0.6412604764093228,0.7076714708436997,0.5416439847577572,0.9294658052513753
path,0.447,0.6412773279746355,0.7076995567858878,0.5416439847577572,0.9294137794746441
path,0.448,0.6412669976640182,0.7076823396015256,0.5416439847577572,0.9293792245909824
path,0.449,0.6411665523211452,0.7076963859680128,0.5413718018508438,0.9293532117026168
path,0.45,0.6411448000958317,0.7076601322591571,0.5413718018508438,0.9292985320453586
path,0.451,0.6412381715938129,0.7076342961511835,0.5416439847577572,0.929246699719866
path,0.452,0.6410225978169476,0.7076379170656257,0.5410996189439303,0.929217839499735
path,0.453,0.6411513224286358,0.7076710028138306,0.5413718018508438,0.9292119513849657
path,0.454,0.6410884197639394,0.7077476203106121,0.5410996189439303,0.9292030224871926
path,0.455,0.6411156315907766,0.7077929733553406,0.5410996189439303,0.9291855515941232
path,0.456,0.6410225508021603,0.7078192939789225,0.5408274360370169,0.9291479559274576
path,0.457,0.6410475912099602,0.7078610279919224,0.5408274360370169,0.929159345254519
path,0.458,0.6409368292485031,0.7078578799941029,0.5405552531301034,0.9290987774824917
path,0.459,0.6409150610751155,0.7078215997051235,0.5405552531301034,0.9290440978252337
path,0.46,0.6409172456805939,0.7078252407142542,0.5405552531301034,0.9290152376051026
path,0.461,0.6409256935365928,0.7078393204742522,0.5405552531301034,0.9289892247167371
path,0.462,0.6409507468395828,0.7078810759792357,0.5405552531301034,0.9290006140437987
path,0.463,0.6410264111275881,0.7078257278546356,0.5408274360370169,0.9289258096129442
path,0.464,0.6410296896213914,0.7078311920109746,0.5408274360370169,0.9288825192827479
path,0.465,0.641062109621711,0.7078852253448403,0.5408274360370169,0.9288823258315093
path,0.466,0.6409554257330754,0.7078888741350566,0.5405552531301034,0.9288534656113785
path,0.467,0.6411155334987402,0.707974265139889,0.5408274360370169,0.9288618141554361
path,0.468,0.6410885783462718,0.707929339885775,0.5408274360370169,0.9287898570563471
path,0.46900000000000003,0.6409538395289671,0.707886230461543,0.5405552531301034,0.9287034698471928
path,0.47000000000000003,0.6408858748354671,0.7079544112436518,0.54028307022319,0.9286772635075886
path,0.47100000000000003,0.640539654005188,0.7079217423403469,0.5394665215024497,0.9285937236301995
path,0.47200000000000003,0.6405658401199261,0.7079653858649104,0.5394665215024497,0.9285906828471957
path,0.47300000000000003,0.6405743092699996,0.7079795011150329,0.5394665215024497,0.9285646699588301
path,0.47400000000000003,0.6406750271175804,0.7079659089230587,0.5397387044093631,0.9285012548550373
path,0.47500000000000003,0.6410466717266983,0.7080409507910947,0.5405552531301034,0.9285067560673297
path,0.47600000000000003,0.6410185909768039,0.7079941495412709,0.5405552531301034,0.9284492290783062
path,0.47700000000000004,0.6407915889690639,0.7079787234042554,0.5400108873162766,0.9284002440845789
path,0.47800000000000004,0.6406819328617857,0.707977418496734,0.5397387044093631,0.928325246202486
path,0.47900000000000004,0.6406841308917383,0.7079810818799883,0.5397387044093631,0.928296385982355
path,0.48,0.6405493580466561,0.7079379157427939,0.5394665215024497,0.9282099987732007
path,0.481,0.6406855468140112,0.7079834417504434,0.5397387044093631,0.9281925278801312
path,0.482,0.6407977189163969,0.7079889399831438,0.5400108873162766,0.9281492375499347
path,0.483,0.6407614426411387,0.70792847952438,0.5400108873162766,0.9280282954571184
path,0.484,0.6406935646607009,0.7079968048282594,0.5397387044093631,0.9280020891175145
path,0.485,0.6407072337645737,0.7080195866680474,0.5397387044093631,0.9279933536709797
path,0.486,0.6405994618128033,0.7080214220197057,0.5394665215024497,0.9279789235609142
path,0.487,0.6407471500333317,0.7080861137826441,0.5397387044093631,0.927981577441441
path,0.488,0.6407567470245665,0.7081021087680355,0.5397387044093631,0.9279411344430101
path,0.489,0.6406260343816517,0.708065709634453,0.5394665215024497,0.9278864547857519
path,0.49,0.6406964053598495,0.7080015393268405,0.5397387044093631,0.9277943729130667
path,0.491,0.640721557136018,0.7080434589537878,0.5397387044093631,0.9278057622401283
path,0.492,0.6407415262924047,0.7080767408810991,0.5397387044093631,0.927799874125359
path,0.493,0.6407626034491901,0.7081118694757415,0.5397387044093631,0.9277795559005242
path,0.494,0.6405566727521778,0.7081315621899388,0.5391943385955362,0.9277102526819622
path,0.495,0.6405348190554059,0.7080951393619858,0.5391943385955362,0.9276555730247041
path,0.496,0.640516273093011,0.7080642294246609,0.5391943385955362,0.9275576030372495
path,0.497,0.6404347842286922,0.7081098699220718,0.5389221556886228,0.9275401321441801
path,0.498,0.6404558809007066,0.7081450310420958,0.5389221556886228,0.9275198139193455
path,0.499,0.6402184801278726,0.7081122736299238,0.5383777898747959,0.9274362740419564
path,0.5,0.6400877365402097,0.7080758229217612,0.5381056069678825,0.9273815943846981
path,0.501,0.6400858584522682,0.7080726927751919,0.5381056069678825,0.9273210266126708
path,0.502,0.6401184547241767,0.7081270198950395,0.5381056069678825,0.9273208331614324
path,0.503,0.6403699130484517,0.7081832065596132,0.5386499727817093,0.9273062096001284
path,0.504,0.6401250946763516,0.7081380864819977,0.5381056069678825,0.9272342525010395
path,0.505,0.6400069403432177,0.7081226178647169,0.537833424060969,0.9271852675073121
path,0.506,0.6398950857438934,0.7081176488037852,0.5375612411540556,0.9271391298453503
path,0.507,0.6399265968532206,0.7081701673193307,0.5375612411540556,0.9271533665041773
path,0.508,0.6399970492048643,0.7082875879054034,0.5375612411540556,0.9271702570435312
path,0.509,0.6398770384715982,0.7082690252879021,0.5372890582471421,0.9270607042777765
path,0.51,0.6396585419577405,0.7082677749740242,0.5367446924333152,0.9269857063956837
path,0.511,0.6393070473806606,0.7082263164927178,0.5359281437125748,0.9268848890764638
path,0.512,0.6394875556552202,0.7083457083457082,0.5362003266194882,0.9268873495057521
path,0.513,0.6392909744219215,0.7083809834994282,0.5356559608056614,0.9268670312809175
path,0.514,0.6392943203907118,0.7083865601140786,0.5356559608056614,0.926823740950721
path,0.515,0.6392140528404037,0.7084342361348408,0.5353837778987479,0.9267918399475861
path,0.516,0.6393262773386091,0.7084398216939077,0.5356559608056614,0.9267485496173895
path,0.517,0.6392081230805015,0.7084243532016704,0.5353837778987479,0.9266995646236623
path,0.518,0.6391226724210627,0.7084633907072149,0.5351115949918345,0.9266503861786966
path,0.519,0.6391795441199108,0.7085581768719618,0.5351115949918345,0.9266760121645852
path,0.52,0.6392750598458813,0.7085359144773036,0.5353837778987479,0.9265953196189616
path,0.521,0.6394189061907118,0.7085942031140788,0.5356559608056614,0.9265662659475921
path,0.522,0.6396284952901583,0.7085806077372717,0.5362003266194882,0.9265028508437994
path,0.523,0.6398496084977816,0.7085862192074259,0.5367446924333152,0.9264595605136028
path,0.524,0.6398857294291715,0.7086464207597424,0.5367446924333152,0.9264160767321679
path,0.525,0.6401195044822606,0.708673135305673,0.5372890582471421,0.9263784810655022
path,0.526,0.6401303353539899,0.708691186758555,0.5372890582471421,0.9263236079570056
path,0.527,0.6400144321369847,0.7086794700014888,0.5370168753402287,0.9262457627431473
path,0.528,0.6398063951149086,0.7086956521739131,0.5364725095264018,0.9262053197447163
path,0.529,0.639730309346866,0.7087502978317847,0.5362003266194882,0.9262051262934778
path,0.53,0.6397284885810999,0.7087472632221743,0.5362003266194882,0.9261445585214505
path,0.531,0.6397486195135136,0.7087808147761971,0.5362003266194882,0.9261386704066812
path,0.532,0.6396442637570976,0.7087883437867796,0.5359281437125748,0.9260809499664192
path,0.533,0.6396182290106658,0.7087449525427264,0.5359281437125748,0.9259945627572648
path,0.534,0.6395190792539367,0.7087611582194535,0.5356559608056614,0.9259541197588337
path,0.535,0.6394083850639884,0.7087581231741488,0.5353837778987479,0.9258935519868063
path,0.536,0.6394244522605561,0.7087849018350949,0.5353837778987479,0.9258559563201406
path,0.537,0.6394088223782841,0.7087588520313082,0.5353837778987479,0.925804123994648
path,0.538,0.6392082779190701,0.7087875218085028,0.534839412084921,0.9257520982179168
path,0.539,0.6392549391568415,0.7088652905381219,0.534839412084921,0.9257431693201437
path,0.54,0.6394104916552703,0.7089430894308943,0.5351115949918345,0.9257342404223704
path,0.541,0.6395354638928483,0.7089699212222487,0.5353837778987479,0.9256966447557048
path,0.542,0.6395567790845906,0.7090054465418191,0.5353837778987479,0.92567632653087
path,0.543,0.6394449693054031,0.7090005521811155,0.5351115949918345,0.9256301888689081
path,0.544,0.6393186578030683,0.7089714882818331,0.534839412084921,0.9255177887713881
path,0.545,0.6393064255282572,0.708951101157148,0.534839412084921,0.9254226661156989
path,0.546,0.639285563988776,0.7089163319246793,0.534839412084921,0.9253535563483752
path,0.547,0.6391442547943549,0.7088622718719196,0.5345672291780076,0.9252643218074554
path,0.548,0.6389913649863012,0.7087889107964391,0.5342950462710941,0.9251549624929393
path,0.549,0.6387318505012001,0.7087192971971554,0.5337506804572673,0.9250167429582921
path,0.55,0.6388336705178954,0.7087075419537052,0.5340228633641807,0.9249388977444338
path,0.551,0.6386998058570168,0.7086658894568498,0.5337506804572673,0.9248380804252139
path,0.552,0.6382202447315585,0.7085924419995218,0.5326619488296135,0.9247287211106978
path,0.553,0.6382438288881648,0.708631748927199,0.5326619488296135,0.9246795426657319
path,0.554,0.6380051687767242,0.7085968926173493,0.5321175830157866,0.9246104328984084
path,0.555,0.6380437422564269,0.708661181750187,0.5321175830157866,0.9245380888968424
path,0.556,0.6378136962471339,0.70864068227725,0.5315732172019597,0.9244429662411533
path,0.557,0.6378043631961008,0.7086251271921948,0.5315732172019597,0.924393981247426
path,0.558,0.6376049967226507,0.7086557602789959,0.5310288513881328,0.9243275253606293
path,0.559,0.6376008948048715,0.7086489237493638,0.5310288513881328,0.924295817808733
path,0.56,0.637495415569801,0.7086545802955222,0.5307566684812194,0.9242525274785365
path,0.561,0.6374969708203146,0.7086571723797116,0.5307566684812194,0.9241486693763127
path,0.562,0.6374614451036922,0.7085979628520073,0.5307566684812194,0.924013297173431
path,0.5630000000000001,0.6373031608025037,0.7085156109546354,0.5304844855743059,0.9238866604170839
path,0.5640000000000001,0.6373436383917939,0.7085830736034524,0.5304844855743059,0.9238748841875453
path,0.5650000000000001,0.6373829980003101,0.7086486729509793,0.5304844855743059,0.9238775380680722
path,0.5660000000000001,0.6374310114802507,0.7087286954175472,0.5304844855743059,0.9238541790602335
path,0.5670000000000001,0.6374854246612454,0.7088193840525384,0.5304844855743059,0.9238336673841603
path,0.5680000000000001,0.6371464980666111,0.7087988722086415,0.5296679368535656,0.9237385447284712
path,0.5690000000000001,0.6371214272839516,0.7087570875708757,0.5296679368535656,0.9236377274092511
path,0.5700000000000001,0.6373216087892034,0.7087278128704106,0.5302123026673925,0.9235253273117312
path,0.5710000000000001,0.6369826615150298,0.7087072665606148,0.5293957539466522,0.923430204656042
path,0.5720000000000001,0.6370623230541439,0.7086585805211961,0.5296679368535656,0.9232976797849255
path,0.5730000000000001,0.6369591243891293,0.7086680380174473,0.5293957539466522,0.9232255292345981
path,0.5740000000000001,0.6369753011281427,0.7086949992491365,0.5293957539466522,0.9231879335679325
path,0.5750000000000001,0.6369903462754258,0.7087200744946082,0.5293957539466522,0.9231647680113322
path,0.5760000000000001,0.6370129207764976,0.7087576986630614,0.5293957539466522,0.923130019676432
path,0.577,0.6368917092362696,0.7087371347006236,0.5291235710397387,0.9230348970207428
path,0.578,0.6366109218432618,0.7086320662548286,0.5285792052259118,0.9228275677187721
path,0.579,0.6363330818221142,0.7085319100954671,0.528034839412085,0.9226663760787632
path,0.58,0.6359527317777559,0.7084423591686968,0.5272182906913446,0.9225080317705199
path,0.581,0.6358780866531111,0.7084994058988976,0.5269461077844312,0.9224934082092159
path,0.582,0.6358942743912259,0.7085263854624224,0.5269461077844312,0.9224558125425502
path,0.583,0.6361048965394943,0.7085145118336518,0.5274904735982581,0.9223779673286918
path,0.584,0.6358619645584678,0.7084725357411588,0.5269461077844312,0.922277150009472
path,0.585,0.6357459581082087,0.7084606469286693,0.5266739248775177,0.9221993047956136
path,0.586,0.6356054841424006,0.7084079789235981,0.5264017419706043,0.9220956401446283
path,0.587,0.6355900633735856,0.7083822776422397,0.5264017419706043,0.9219543798269774
path,0.588,0.6356281430581747,0.708264288511946,0.5266739248775177,0.9217586333033067
path,0.589,0.6356028972574302,0.7082222121773719,0.5266739248775177,0.9216578159840867
path,0.59,0.635554279237561,0.7081411821442565,0.5266739248775177,0.9215167491176741
path,0.591,0.6354487817984158,0.7081468083502902,0.5264017419706043,0.9214734587874776
path,0.592,0.6346093677505336,0.7080179718360825,0.5244964616222101,0.9212748649320417
path,0.593,0.6342608165119392,0.7079814189189189,0.5236799129014698,0.9211307572826252
path,0.594,0.634042271331663,0.707980087494343,0.5231355470876429,0.9210557594005323
path,0.595,0.6338535282000373,0.7080284261508516,0.522591181273816,0.9210238583973974
path,0.596,0.6335987693453377,0.7079667386022367,0.5220468154599891,0.9209029163045812
path,0.597,0.6336277827877692,0.7080150943396227,0.5220468154599891,0.9208710153014463
path,0.598,0.6334754674059397,0.7079426906411825,0.5217746325530757,0.9207472258768646
path,0.599,0.6331469215104656,0.7079394799625525,0.5209580838323353,0.9206866581048372
path,0.6,0.6329838653735136,0.7080306302768504,0.5204137180185084,0.920666146428764
path,0.601,0.6325339472330112,0.7080065877944487,0.5193249863908547,0.9205104560010475
path,0.602,0.6324787439707202,0.7079145823572972,0.5193249863908547,0.9203665418028695
path,0.603,0.632494951175345,0.7079415943650051,0.5193249863908547,0.9203289461362039
path,0.604,0.6327012807823065,0.7081040217719987,0.5195971692977681,0.9203572260026194
path,0.605,0.6327209003869838,0.7081367211131276,0.5195971692977681,0.9202763400057572
path,0.606,0.6328535725133679,0.7081763860524923,0.5198693522046816,0.9202271615607915
path,0.607,0.6328433283160473,0.7081593123902911,0.5198693522046816,0.9201031786849714
path,0.608,0.6327037816727012,0.7081081899226566,0.5195971692977681,0.9199850839239205
path,0.609,0.63257821330303,0.7080803645778134,0.5193249863908547,0.9198582537163349
path,0.61,0.6325164746581046,0.7079774668362712,0.5193249863908547,0.9197114921863916
path,0.611,0.6323278427963414,0.7080259909425504,0.5187806205770278,0.9196795911832567
path,0.612,0.6321092998873736,0.7080246633034889,0.5182362547632009,0.9196045933011638
path,0.613,0.6323326864524677,0.7080340637027609,0.5187806205770278,0.9195324427508365
path,0.614,0.6322445931790339,0.708068696851647,0.5185084376701143,0.9194371266439088
path,0.615,0.6317302203746826,0.7079372299294974,0.5174197060424606,0.9192529628985382
path,0.616,0.631738107187209,0.7079503746170414,0.5174197060424606,0.9191519521280798
path,0.617,0.6315696214062327,0.7078510202533566,0.5171475231355471,0.9189763303780054
path,0.618,0.6316169832155554,0.7079299566022276,0.5171475231355471,0.9189674014802323
path,0.619,0.6317538958935823,0.7079766891276635,0.5174197060424606,0.9189499305871629
path,0.62,0.6317842039908503,0.7080272026231101,0.5174197060424606,0.9189035994739625
path,0.621,0.6318080761583486,0.7080669895689405,0.5174197060424606,0.9188544210289968
path,0.622,0.6317890587803721,0.7080352939389798,0.5174197060424606,0.9187564510415422
path,0.623,0.6315363180532625,0.7079769699363483,0.5168753402286337,0.918606648728595
path,0.624,0.6315560078072284,0.7080097861929583,0.5168753402286337,0.9185257627317328
path,0.625,0.631475221923779,0.7080565983251516,0.5166031573217202,0.9185082918386634
path,0.626,0.6312883872118774,0.7079266624099244,0.5163309744148068,0.9183096979832275
path,0.627,0.6311691710581964,0.7079094240917316,0.5160587915078934,0.9181857151074073
path,0.628,0.6310594831951948,0.7079080662580047,0.5157866086009799,0.9181107172253145
path,0.629,0.6310597975650916,0.7079085902078326,0.5157866086009799,0.9180212892331561
path,0.63,0.6310795050968616,0.7079414360941161,0.5157866086009799,0.9179404032362939
path,0.631,0.6310444184304964,0.7078829583168409,0.5157866086009799,0.9177906009233467
path,0.632,0.630788480775649,0.7078193061013129,0.5152422427871529,0.9175946609484376
path,0.633,0.6305226608441751,0.7077391834247412,0.514697876973326,0.9174391639719595
path,0.634,0.6303161754688178,0.7075764964037546,0.5144256940664126,0.9172320281212272
path,0.635,0.6303057409437914,0.7075591055287106,0.5144256940664126,0.917108045245407
path,0.636,0.6302078292236717,0.7075773745997868,0.5141535111594991,0.9170531721369105
path,0.637,0.6300421481863128,0.7076641500800732,0.5136091453456723,0.9169865227988754
path,0.638,0.6301287636980867,0.7076270539950873,0.5138813282525857,0.916842415149459
path,0.639,0.6301948029102415,0.7075556640774032,0.5141535111594991,0.9167041956148119
path,0.64,0.6301874599633874,0.7075434258326464,0.5141535111594991,0.9166263504009535
path,0.641,0.6300971669332007,0.7075743927202773,0.5138813282525857,0.9165598945141569
path,0.642,0.6300726210980747,0.7075334829950674,0.5138813282525857,0.9164446470848715
path,0.643,0.6296782993115925,0.7074206458314239,0.5130647795318454,0.9162806081130972
path,0.644,0.6291482376546703,0.7072630308216562,0.5119760479041916,0.9160301819321685
path,0.645,0.6294525419966385,0.7074072941823851,0.5125204137180185,0.9160383370249876
path,0.646,0.629307212208243,0.7073465331396682,0.512248230811105,0.915902964822106
path,0.647,0.6292902076719987,0.7073181922459278,0.512248230811105,0.9157761346145203
path,0.648,0.6293087893260331,0.7073491616693184,0.512248230811105,0.9157096787277237
path,0.649,0.6292261239377184,0.7073928412934029,0.5119760479041916,0.915631640062627
path,0.65,0.6288004960923832,0.7072278273650046,0.5111594991834513,0.9153495063298018
path,0.651,0.6286313208871658,0.7071273239609177,0.5108873162765378,0.9151738845797275
path,0.652,0.6283792330383973,0.7070700880888549,0.5103429504627109,0.9150096521567148
path,0.653,0.628454090766649,0.7071948509692744,0.5103429504627109,0.9149976824759378
path,0.654,0.6284933244087783,0.7072602403728231,0.5103429504627109,0.9149253384743719
path,0.655,0.6282791553575753,0.7072662024967027,0.5097985846488841,0.914792620152017
path,0.656,0.6279105464343989,0.7071962201052358,0.5089820359281437,0.9146399705073044
path,0.657,0.6279195028294317,0.7072111474302902,0.5089820359281437,0.9145245296267803
path,0.658,0.6284138329139013,0.7073092098193038,0.5100707675557975,0.9144607276205107
path,0.659,0.6284151798819408,0.7073114547660365,0.5100707675557975,0.9143568695182869
path,0.66,0.6281727056715198,0.7072702416245527,0.5095264017419706,0.9142416220890013
path,0.661,0.6277844712845464,0.7071675501267572,0.5087098530212303,0.9140804304489925
path,0.662,0.627689962840003,0.7071914913237938,0.5084376701143168,0.9139822670102995
path,0.663,0.6278316603395018,0.7072461985516829,0.5087098530212303,0.9139070756769682
path,0.664,0.6277852777820037,0.707168894289186,0.5087098530212303,0.9137227184803591
path,0.665,0.627416529695826,0.7070986799593834,0.50789330430049,0.9135700688356465
path,0.666,0.6271099872643937,0.7069506864495474,0.5073489384866631,0.9133224899864831
path,0.667,0.627213614138697,0.7069419426354441,0.5076211213935765,0.9132157845524939
path,0.668,0.6271420878612962,0.7068227321731094,0.5076211213935765,0.9130056079187578
path,0.669,0.626394470004246,0.7066654340390127,0.5059880239520959,0.9127407516277635
path,0.67,0.6262412013829268,0.7065914416080898,0.5057158410451824,0.9125275342110235
path,0.671,0.6259681551624086,0.7064992751164441,0.5051714752313554,0.9122797619106218
path,0.672,0.6258757624893079,0.7063452873279428,0.5051714752313554,0.9119860453994966
path,0.673,0.6253510263679681,0.7061965482108125,0.5040827436037016,0.9117384665503332
path,0.674,0.6249754460269531,0.7061149467896143,0.5032661948829613,0.9114935415816967
path,0.675,0.6245997889399753,0.7060332174584781,0.502449646162221,0.9113380446052187
path,0.676,0.6240923241458722,0.7059132638867424,0.5013609145345672,0.9111278679714826
path,0.677,0.6238407514692473,0.7058568866349186,0.5008165487207403,0.9109492054384043
path,0.678,0.6237144055682924,0.7058277654046028,0.5005443658138269,0.9108223752308189
path,0.679,0.6235039434872327,0.7056584505407789,0.5002721829069134,0.9105546716080593
path,0.68,0.6234044332593658,0.7054926001610006,0.5002721829069134,0.9102581077651686
path,0.681,0.6234043101070981,0.705492394907221,0.5002721829069134,0.9100792517808518
path,0.682,0.6231980167338085,0.7053300278896808,0.5,0.9098432557099887
path,0.683,0.6230824084035763,0.7053188026105695,0.49972781709308656,0.9096615523939066
path,0.684,0.6228606084111155,0.7051305912277437,0.4994556341861731,0.909359293887485
path,0.685,0.6225943965447547,0.7050498153263604,0.49891126837234623,0.9090999388087833
path,0.686,0.6222952898643362,0.7049142147348808,0.49836690255851934,0.9088263470712543
path,0.687,0.6221905410233116,0.7049210886044488,0.4980947196516059,0.9086791986388341
path,0.6880000000000001,0.622054001877165,0.7048749786321467,0.49782253674469246,0.9085033834375211
path,0.6890000000000001,0.6219130003438247,0.7048214313478551,0.497550353837779,0.9082958606843119
path,0.6900000000000001,0.621671980713897,0.7047826425071935,0.49700598802395207,0.9081517530348955
path,0.6910000000000001,0.6214362782531558,0.7047527156151763,0.4964616222101252,0.9079354948351517
path,0.6920000000000001,0.6208751550496672,0.704543331361131,0.4953728905824714,0.9076131115551339
path,0.6930000000000001,0.6207944280821862,0.7044087864153294,0.4953728905824714,0.9073250897075396
path,0.6940000000000001,0.620356167284184,0.7042227175658192,0.4945563418617311,0.9069939709809871
path,0.6950000000000001,0.620110482338196,0.7041761531983907,0.4940119760479042,0.9068181557796743
path,0.6960000000000001,0.6196217158648241,0.7040873634945398,0.49292324442025043,0.9066165211412344
path,0.6970000000000001,0.6191977881348169,0.7041066383629637,0.4918345127925966,0.906457789930514
path,0.6980000000000001,0.6187748053604686,0.70394603288621,0.49101796407185627,0.9061929336395198
path,0.6990000000000001,0.6185498430153638,0.70393400618692,0.4904735982580294,0.9060112303234376
path,0.7000000000000001,0.6178634741772611,0.7036973344797935,0.48911268372346217,0.9056225846078618
path,0.7010000000000001,0.617466640383708,0.7035803106376988,0.48829613500272184,0.9053691176439291
path,0.7020000000000001,0.6172332133604299,0.7033727208701777,0.4880239520958084,0.9050178741437804
path,0.7030000000000001,0.6169913333852556,0.7033324981207716,0.4874795862819815,0.9047843385022056
path,0.704,0.616557695555983,0.7031541342191443,0.48666303756124113,0.9044704972174842
path,0.705,0.6163951430617478,0.7028832133954189,0.48666303756124113,0.904073309506612
path,0.706,0.6162934503186142,0.7027137254901962,0.48666303756124113,0.9037767456637213
path,0.707,0.6162227027045868,0.7025958128001506,0.48666303756124113,0.9035232786997889
path,0.708,0.6159244845241353,0.7024616930419493,0.48611867174741424,0.9033102547342873
path,0.709,0.6156837595332094,0.7024233952662907,0.48557430593358736,0.9031517169748053
path,0.71,0.6155890476736345,0.702446997438275,0.4853021230266739,0.9029496954338885
path,0.711,0.6156600909732588,0.7023839476663731,0.48557430593358736,0.902710465128783
path,0.712,0.6156676226425101,0.7023965004484586,0.48557430593358736,0.9025055962561006
path,0.713,0.6152376455546047,0.7024056930537187,0.4844855743059336,0.9023295876035493
path,0.714,0.6151051504909816,0.7023663232189559,0.48421339139902014,0.902081621851909
path,0.715,0.6145948839293555,0.7022417000346816,0.48312465977136637,0.9017820172260145
path,0.716,0.6145661223658146,0.7021937640954469,0.48312465977136637,0.9016062020247017
path,0.717,0.614383336557283,0.702070576352503,0.48285247686445293,0.9012921672887417
path,0.718,0.6141472465128899,0.7018585482164569,0.4825802939575395,0.9009553538986586
path,0.719,0.6137359312094476,0.7015359332532709,0.4820359281437126,0.9004862090886974
path,0.72,0.6135224454593684,0.7015430342123569,0.48149156232988566,0.9003246305462116
path,0.721,0.613070182628009,0.7013336286405849,0.48067501360914533,0.8999589569359974
path,0.722,0.612879171918707,0.7011967327296904,0.4804028307022319,0.8996565049783376
path,0.723,0.6125819264342673,0.701064234131509,0.479858464888405,0.8994146207927051
path,0.724,0.6122233648887689,0.7010109973695052,0.47904191616766467,0.8991782378193649
path,0.725,0.6121323513356329,0.7008593081142784,0.47904191616766467,0.8989017987500705
path,0.726,0.6118473994075639,0.7007472987767147,0.4784975503538378,0.8985761812358104
path,0.727,0.6116940334333326,0.7006731440909381,0.47822536744692434,0.8983196734888739
path,0.728,0.6109848307919145,0.7005798713162283,0.4765922700054437,0.8980286108582757
path,0.729,0.6105105746369142,0.7003338102050548,0.4757757212847033,0.8976688253628308
path,0.73,0.6104973352119345,0.7003117444967554,0.4757757212847033,0.8974554144948523
path,0.731,0.6100820281158432,0.7001639318170967,0.474959172563963,0.8971356850953616
path,0.732,0.6096885132102243,0.6998709841836166,0.4744148067501361,0.8966750822806966
path,0.733,0.6093884721938444,0.6997338263655345,0.4738704409363092,0.8963582002129713
path,0.734,0.6094264385617376,0.699615648374081,0.47414262384322264,0.8960758730289076
path,0.735,0.6091003417997382,0.6994350643132998,0.47359825802939576,0.8957331715240551
path,0.736,0.6087434119735042,0.6992030918121278,0.47305389221556887,0.8953329430301792
path,0.737,0.6088811725976867,0.6990697823098806,0.47359825802939576,0.8949727706322573
path,0.738,0.6085971308424406,0.6987778346557462,0.4733260751224823,0.8944833075974614
path,0.739,0.6079696723670693,0.6986393468865054,0.4719651605879151,0.8941664255297361
path,0.74,0.6077736345200135,0.6984940724126882,0.47169297768100166,0.8938034058000488
path,0.741,0.6073163376387826,0.6982762767577968,0.4708764289602613,0.8933627343077417
path,0.742,0.6070478601671672,0.69801026957638,0.47060424605334783,0.8929395337085042
path,0.743,0.6067289880670313,0.697841726618705,0.47005988023952094,0.892570819315286
path,0.744,0.6064602887855,0.6979382602966461,0.4692433315187806,0.892417589316858
path,0.745,0.6065091588681353,0.697838255163096,0.46951551442569406,0.8920515288041668
path,0.746,0.6059397094817778,0.6977964492088785,0.46815459989112684,0.891789132942461
path,0.747,0.6057658023300092,0.6975066039559308,0.46815459989112684,0.8913602376796925
path,0.748,0.6054242412013955,0.6974817012220682,0.4673380511703865,0.8910429687094903
path,0.749,0.6051413892679458,0.6971917366042609,0.46706586826347307,0.8904957852344324
path,0.75,0.6047448978026144,0.6968938280379265,0.4665215024496462,0.8900207523097021
path,0.751,0.6041127060782634,0.6965659962491109,0.46543277082199236,0.8894938870594791
path,0.752,0.6033527197288489,0.6962066286897981,0.46407185628742514,0.8889296195938288
path,0.753,0.6031816011867311,0.6961028863908775,0.4637996733805117,0.8885779891912031
path,0.754,0.6029562208539014,0.6959087077741035,0.46352749047359826,0.8882035801344543
path,0.755,0.6025523893697409,0.6955985658430538,0.4629831246597714,0.887711269767893
path,0.756,0.6021884677763626,0.695536395667917,0.46216657593903104,0.8873998889124599
path,0.757,0.6014006678903513,0.6951306722142763,0.4608056614044638,0.8868098020096826
path,0.758,0.6011311127120956,0.6948628688551258,0.46053347849755033,0.8863433110802486
path,0.759,0.6007762662885705,0.6946343686918018,0.45998911268372344,0.8859459299181379
path,0.76,0.5999908304078612,0.6940511299757222,0.4589003810560697,0.8852525652668521
path,0.761,0.599639540859897,0.6940100132096088,0.45808383233532934,0.88494687907495
path,0.762,0.5985912915224207,0.6935331178794111,0.45617855198693524,0.8843397081815801
path,0.763,0.5980527781699791,0.6931799614391686,0.45536200326619486,0.8837638579376299
path,0.764,0.5970587008129051,0.6927933527429748,0.45345672291780076,0.8831650355883178
path,0.765,0.5966901688646319,0.6923605881004616,0.4531845400108873,0.8825548239119443
path,0.766,0.5964179580487212,0.6920883586785527,0.4529123571039739,0.88208833298251
path,0.767,0.595667692448798,0.6919266476396679,0.4512792596624932,0.8816791755908608
path,0.768,0.5948922070685931,0.6917229036336469,0.4496461622210125,0.8812153385419537
path,0.769,0.594290595573707,0.6916274941652149,0.4482852476864453,0.8808376952509624
path,0.77,0.5934137718568857,0.6912548529314997,0.44665215024496463,0.8803022880054432
path,0.771,0.5929925201711641,0.6909156773311818,0.44610778443113774,0.8797754227552201
path,0.772,0.5921550246438132,0.6904271278086416,0.4447468698965705,0.879078823869692
path,0.773,0.5913830997549681,0.6900478626836112,0.44338595536200326,0.8784539886320144
path,0.774,0.5910008353897315,0.6897736659507683,0.4428415895481764,0.8779586374824493
path,0.775,0.5902909673407615,0.6893163736209206,0.4417528579205226,0.8772705805922174
path,0.776,0.5900428238225599,0.6890842563618603,0.44148067501360916,0.8768154789898449
path,0.777,0.5898106989083273,0.6886973815048061,0.44148067501360916,0.8762483641924292
path,0.778,0.5894798139040299,0.6885088170401951,0.4409363091997823,0.8758190820271838
path,0.779,0.5887181683625069,0.6881466841607015,0.439575394665215,0.8752143715631026
path,0.78,0.5880044018471074,0.687682894386805,0.43848666303756123,0.8745551748930016
path,0.781,0.5871829890196301,0.6872211493640541,0.437125748502994,0.8738526878927042
path,0.782,0.5867832537571859,0.6869178344691983,0.43658138268916713,0.8733660721896738
path,0.783,0.5862178454992826,0.6865198531865199,0.4357648339684268,0.8727239595101652
path,0.784,0.5850656267878682,0.6862325861089766,0.43331518780620576,0.8721536104785073
path,0.785,0.5841020386327685,0.6858967927494064,0.43140990745781166,0.8716007323399186
path,0.786,0.5838308619031835,0.6856262868047069,0.4311377245508982,0.871108228522119
path,0.787,0.5832829674914873,0.6852574952657069,0.4303211758301579,0.8705035180580376
path,0.788,0.5826242672686123,0.6847040273747421,0.4295046271094175,0.8698532502857099
path,0.789,0.5820551094349711,0.684299796799167,0.4286880783886772,0.8692255677162669
path,0.79,0.5811534255625541,0.6838857219727925,0.4270549809471965,0.8685517474848621
path,0.791,0.5809437156982382,0.683536205532266,0.4270549809471965,0.8679527316843115
path,0.792,0.5812291678778365,0.6832861380798274,0.4281437125748503,0.8674370623099116
path,0.793,0.5804951111665324,0.6827885313127562,0.4270549809471965,0.8667433107561489
path,0.794,0.5799388690797227,0.6824058269819004,0.4262384322264562,0.8660636024099747
path,0.795,0.579498240934181,0.6820343572818821,0.4256940664126293,0.8653723112855005
path,0.796,0.5788521506933668,0.6816833612989611,0.42460533478497553,0.864715575044688
path,0.797,0.5780645751081763,0.6812780116800218,0.42324442025040826,0.8639580214846556
path,0.798,0.5771026000018653,0.6805819961925482,0.42188350571584105,0.8631292846304881
path,0.799,0.5766108244771806,0.680125280860625,0.42133913990201416,0.8624036320735906
path,0.8,0.575437221282532,0.6796209177064158,0.41916167664670656,0.8616665901896313
path,0.801,0.5745901761363787,0.6791164521525384,0.41780076211213935,0.8609006880855412
path,0.802,0.5737693473526808,0.6786556805360867,0.41643984757757213,0.8601750355286436
path,0.803,0.5728315295248054,0.6781813824506147,0.4148067501360915,0.859460965750046
path,0.804,0.5711109755475177,0.6774912557437761,0.4115405552531301,0.8585340654571856
path,0.805,0.5702493746328785,0.6771439858470312,0.40990745781164944,0.8577935958877456
path,0.806,0.569436245267153,0.6765145913225912,0.4088187261839956,0.8570280806861323
path,0.807,0.5687347946957186,0.6758898728506944,0.4080021774632553,0.8560749740536677
path,0.808,0.5681868031221327,0.6753394641039355,0.4074578116494284,0.8553005299542815
path,0.809,0.5672373522899424,0.6748457776779389,0.40582471420794775,0.854540322513722
path,0.81,0.5661416277563766,0.6741083017496495,0.4041916167664671,0.8536193103356309
path,0.811,0.5651099508149322,0.673659027079505,0.40228633641807293,0.8528272018919366
path,0.812,0.5641008898872081,0.6728845352230096,0.4009254218835057,0.8517966369480907
path,0.8130000000000001,0.5630339869404105,0.6720136400013919,0.3995645073489385,0.8507432933501216
path,0.8140000000000001,0.5620632819280911,0.671303074670571,0.39820359281437123,0.849758672616999
path,0.8150000000000001,0.5610345573454412,0.6704958100558659,0.396842678279804,0.8487801334498843
path,0.8160000000000001,0.5603620808042665,0.6699193816344018,0.3960261295590637,0.847930691468405
path,0.8170000000000001,0.5590886043316805,0.6692485630169634,0.39384866630375615,0.8469141697321477
path,0.8180000000000001,0.5584834460047934,0.6687843316193117,0.39303211758301576,0.8462086419488464
path,0.8190000000000001,0.5566517718436377,0.6679090046060264,0.38976592270005445,0.8451581456826427
path,0.8200000000000001,0.5550040081493027,0.6667958292236156,0.3873162765378334,0.8439208317905416
path,0.8210000000000001,0.5534918498323587,0.6660901180747985,0.384594447468699,0.8428986153907534
path,0.8220000000000001,0.5526736244567535,0.665452230200559,0.3835057158410452,0.8419223432016887
path,0.8230000000000001,0.5518040656446619,0.6652731524126692,0.38160043549265105,0.8413745793729154
path,0.8240000000000001,0.5503728078685519,0.6641579096847486,0.37969515514425695,0.840096822482383
path,0.8250000000000001,0.5494287645251212,0.6633103251974667,0.3786064235166032,0.8389567047727825
path,0.8260000000000001,0.5486940798980771,0.662448761361611,0.3780620577027763,0.837914750501875
path,0.8270000000000001,0.547483394684117,0.6617011395706069,0.37615677735438213,0.8368435491083596
path,0.8280000000000001,0.5462949863434152,0.6608091906304243,0.3745236799129015,0.8357814700638557
path,0.8290000000000001,0.5451293790927961,0.6601366987783219,0.3726183995645074,0.8346869096625016
path,0.8300000000000001,0.543420729097541,0.6592849567702621,0.36962438758845945,0.833621789834994
path,0.8310000000000001,0.541628817332044,0.6582944451451325,0.3666303756124115,0.8323666181473464
path,0.8320000000000001,0.5403998071250353,0.6573348264277716,0.36499727817093086,0.8311199884549951
path,0.833,0.539205903068042,0.6562522626891608,0.36363636363636365,0.8298593155550553
path,0.834,0.5379862174789873,0.6553081850017237,0.362003266194883,0.8286472407463658
path,0.835,0.5366166011160614,0.6546585885049943,0.35955362003266195,0.8275352094519421
path,0.836,0.5352252092803487,0.6536097890110693,0.35764833968426785,0.826285925879064
path,0.837,0.5335160656877569,0.6522128585269547,0.35547087642896025,0.8247837556959686
path,0.838,0.5315119685654183,0.6508687046404222,0.3524768644529124,0.8232958221717002
path,0.839,0.5295103457462629,0.6495286745925286,0.34948285247686445,0.8217963058691317
path,0.84,0.5280707274329179,0.6485809529071587,0.3473053892215569,0.8206332160541694
path,0.841,0.5269383974939504,0.6474195574273154,0.3462166575939031,0.8191792570598474
path,0.842,0.5254208268371238,0.6463419151694759,0.34403919433859553,0.817831810048276
path,0.843,0.5232297757228017,0.6448676265675801,0.34077299945563416,0.8161652139909295
path,0.844,0.5204741521769674,0.6435411155408175,0.33587370713119213,0.8146770870154225
path,0.845,0.5189630613588816,0.6424742730142129,0.3336962438758846,0.8134074852177096
path,0.846,0.5171226696575684,0.6410400509535049,0.3312465977136636,0.8117984161493863
path,0.847,0.515509239699072,0.639621187921607,0.32934131736526945,0.810195041744594
path,0.848,0.5138331960208226,0.6382794239613964,0.3271638541099619,0.8086260287722251
path,0.849,0.5118317558637389,0.6365767878077375,0.32471420794774086,0.8068474195198353
path,0.85,0.5100836341025436,0.6352963489805595,0.3222645617855199,0.8053532109783206
path,0.851,0.5077313026748808,0.6339161703989802,0.3184540010887316,0.8037813506741862
path,0.852,0.5062519528468985,0.6325393189799969,0.31682090364725096,0.8022123377018172
path,0.853,0.5042086278073661,0.6307668746889237,0.3143712574850299,0.8004684767843278
path,0.854,0.5023548567608703,0.6291288984483023,0.3121937942297224,0.798758783848023
path,0.855,0.5004485061946828,0.6275847449461371,0.30974414806750133,0.7970458566774761
path,0.856,0.49810608691917996,0.625676720804331,0.30675013609145346,0.7951666235571049
path,0.857,0.4963049756480182,0.6239450555846574,0.30484485574305936,0.7933733907434112
path,0.858,0.49418513904637024,0.6222265472946672,0.3021230266739249,0.7916551558118103
path,0.859,0.49190052185243105,0.6204148599554671,0.29912901469787695,0.7898072433408585
path,0.86,0.4900742046450629,0.6184597295708406,0.2974959172563963,0.7879424403305528
path,0.861,0.48788639789213184,0.615902116610276,0.29586281981491563,0.7856233095228284
path,0.862,0.4851245967300295,0.6134765779287463,0.29259662493195426,0.7833672069164199
path,0.863,0.48190754646023387,0.6108366565482214,0.28851388132825256,0.7808604846778442
path,0.864,0.47892798579400836,0.6089554617161979,0.28388677191072403,0.7789461163200958
path,0.865,0.47572925307809927,0.6065275248634262,0.2795318454001089,0.7765945041555211
path,0.866,0.4730847482156084,0.6037531142007555,0.27708219923788785,0.7741804441433461
path,0.867,0.47072210116415536,0.6009041007426541,0.2754491017964072,0.7716596786971819
path,0.868,0.4685388103454947,0.5990798354243094,0.2727272727272727,0.7697622008787873
path,0.869,0.4659474917129041,0.5965755237494147,0.2700054436581383,0.7674538790444091
path,0.87,0.46319601123202825,0.5939857309319868,0.26701143168209035,0.7651977764380007
path,0.871,0.4610775893390991,0.5917252146760343,0.26510615133369625,0.7629838034543577
path,0.872,0.4586139755342736,0.5894337443807481,0.26238432226456176,0.7609807809094048
path,0.873,0.4553675647866093,0.5869263441417176,0.2580293957539467,0.7586923903973845
path,0.874,0.4522911791308221,0.5837950426994377,0.25503538377789875,0.7559726441933072
path,0.875,0.4496529121018756,0.5806681178834562,0.25313010342950465,0.7533539087596883
path,0.876,0.4468014800597868,0.5784561049445005,0.2493195427327164,0.75135030586102
path,0.877,0.443433035897275,0.575382405138173,0.24550898203592814,0.7487832093016554
path,0.878,0.44120859959978587,0.5729451982079538,0.24360370168753404,0.7465808190963126
path,0.879,0.43876609053737897,0.570325991940814,0.24142623843222646,0.7444454651314818
path,0.88,0.4361713893586779,0.5678160426890685,0.238704409363092,0.7422113673742425
path,0.881,0.43351523045362966,0.5648407533508598,0.23652694610778444,0.7396810926765898
path,0.882,0.430839466166694,0.5618327883761721,0.23434948285247686,0.7372664523106992
path,0.883,0.4285663782153562,0.5589515848136539,0.23298856831790962,0.7348628143693934
path,0.884,0.42568548689585395,0.5556017414513552,0.23081110506260208,0.7322930639295018
path,0.885,0.4225961363693556,0.5522673766199476,0.22808927599346762,0.729633498594975
path,0.886,0.41971364688927854,0.5485519591141396,0.22645617855198694,0.7268305994159856
path,0.887,0.4164966787726076,0.5448234430278354,0.22400653238976592,0.7240218121222269
path,0.888,0.4133539618471521,0.5414001341981659,0.22128470332063147,0.7214691456729277
path,0.889,0.41002374974563816,0.537119967594572,0.21937942297223734,0.7183641814387555
path,0.89,0.4063185083513997,0.5331220285261489,0.216113228089276,0.715448882162246
path,0.891,0.40237745326163915,0.5285496113605799,0.2131192161132281,0.7121652553949954
path,0.892,0.3988662394426318,0.5248750515842084,0.20985302123026675,0.7095087308434724
path,0.893,0.39517593297079456,0.5205390935105695,0.2071311921611323,0.7064407819222505
path,0.894,0.3923061397440214,0.5172077469694858,0.20495372890582472,0.7039475225375478
path,0.895,0.3879965696325122,0.5129284144573807,0.20059880239520958,0.7009541845959415
path,0.896,0.38280255913996253,0.5075379251860925,0.19569951007076755,0.6973455206681464
path,0.897,0.3783442911548466,0.5030107628846427,0.1913445835601524,0.6943468749654864
path,0.898,0.37350428458477236,0.49821028015081376,0.1864452912357104,0.6912274806212485
path,0.899,0.36940817122521974,0.4937423430781426,0.1829069134458356,0.6882947104516697
path,0.9,0.36383437088836545,0.48844469181811584,0.1769188894937398,0.6849161544799685
path,0.901,0.35973051635749453,0.48341948697942067,0.17419706042460534,0.6816896677992645
path,0.902,0.35478885563034057,0.4780866701079075,0.1698421339139902,0.6783076841420824
path,0.903,0.3504508839905023,0.4730341806301513,0.16657593903102885,0.6752226512302679
path,0.904,0.34662570104730644,0.46756615208120306,0.1652150244964616,0.6719130115746517
path,0.905,0.34172611090373084,0.46194054230643583,0.16140446379967338,0.6685747051501432
path,0.906,0.33610175193398106,0.45583280557314754,0.15650517147523135,0.6650235682113714
path,0.907,0.3302224407442193,0.44966305901572384,0.15106151333696244,0.6615331924958655
path,0.908,0.32526925152859243,0.44340375164037776,0.14806750136091454,0.6580137631089902
path,0.909,0.3187520553494488,0.43635231870525987,0.14235166031573218,0.6542015844671821
path,0.91,0.3131488839433013,0.429554073492873,0.13854109961894392,0.6505211568915364
path,0.911,0.3073557548933753,0.4233465085638999,0.13336962438758845,0.647220639584932
path,0.912,0.3012630311201722,0.4160952532823048,0.12901469787697334,0.6434338934777739
path,0.913,0.29563684195747403,0.40998446622743584,0.1241154055525313,0.6402567786932742
path,0.914,0.2896294078901644,0.40305681572693886,0.11948829613500273,0.6367403900894028
path,0.915,0.2826207593674104,0.39573066136629725,0.11295590636908003,0.6331062936269574
path,0.916,0.27600153671645056,0.38869063958276145,0.10696788241698421,0.6296561674586442
path,0.917,0.269646168849699,0.38063873360270106,0.10315732172019597,0.6258356402727783
path,0.918,0.26337413849249547,0.37327008928571426,0.0985302123026674,0.6223540000038071
path,0.919,0.25595836203244887,0.3658097541767452,0.09118127381600435,0.6188955252914361
path,0.92,0.2499648739950523,0.3579980707030585,0.08791507893304301,0.6153159150350105
path,0.921,0.243738295987001,0.35052372503004975,0.08356015242242787,0.6119316643997784
path,0.922,0.23802561256149277,0.34336150451411923,0.08002177463255307,0.608757783849521
path,0.923,0.23058328903031797,0.33476819265894947,0.07430593358737071,0.6050494633099367
path,0.924,0.22401850042172342,0.3261857968378751,0.07076755579749591,0.6013984763081374
path,0.925,0.21817109709394736,0.31861758788022254,0.06750136091453457,0.598195348635272
path,0.926,0.2122820852143094,0.31116148660740917,0.06396298312465977,0.5951048145111653
path,0.927,0.20520343718296735,0.30281139004274277,0.0587915078933043,0.5916975917705715
path,0.928,0.19918644578701514,0.29496053430479663,0.05552531301034295,0.5885493372062027
path,0.929,0.19109336090652426,0.2851011649294911,0.050081654872074034,0.584682285455898
path,0.93,0.18379643902382736,0.275661457527464,0.04599891126837235,0.5810481889934527
path,0.931,0.1769062730274752,0.26526657916119756,0.04436581382689167,0.5771266510371283
path,0.932,0.17108091335412656,0.25664637799993695,0.042732716385411,0.5739294114790323
path,0.933,0.16441324082326297,0.24716668788997834,0.040283070223189985,0.570479285310719
path,0.934,0.1579269978891788,0.23835229098386992,0.03728905824714208,0.5673308372951117
path,0.935,0.14984794641812382,0.2276090342679128,0.03320631464344039,0.5635617555322616
path,0.936,0.14350789473074219,0.21794955781198821,0.03184540010887316,0.5602411134520608
path,0.937,0.13644879848296843,0.20818040538306387,0.02885138813282526,0.5569462908089872
path,0.9380000000000001,0.12923905646314107,0.19743435558228103,0.02694610778443114,0.5533924999896885
path,0.9390000000000001,0.12301235913373784,0.18778234778504485,0.025857376156777353,0.550261716318389
path,0.9400000000000001,0.11546898220934261,0.17738751616636037,0.022591181273816003,0.5469469623529576
path,0.9410000000000001,0.1095990012927123,0.16814858045247005,0.021774632553075667,0.5440607167478175
path,0.9420000000000001,0.10316402874133869,0.15887526837038574,0.0195971692977681,0.5412147206898702
path,0.9430000000000001,0.09600139275408077,0.14820772862388532,0.017691888949373978,0.5380003971411818
path,0.9440000000000001,0.09119932984608072,0.14056720098643646,0.01714752313554709,0.5357497957470655
path,0.9450000000000001,0.08676717005291412,0.13336172326910112,0.016875340228633642,0.5336715818687813
path,0.9460000000000001,0.08144230350600219,0.12503131150474145,0.016058791507893303,0.5313055395941412
path,0.9470000000000001,0.07537722028739993,0.11583011583011583,0.014697876973326075,0.5287040816023533
path,0.9480000000000001,0.06925316430442306,0.10689354275741712,0.012792596624931955,0.5261979397174928
path,0.9490000000000001,0.06426216306775949,0.09893811790552912,0.012248230811105062,0.5240166415419388
path,0.9500000000000001,0.05891668833271793,0.09075481443222903,0.01115949918345128,0.5218178724733152
path,0.9510000000000001,0.0536101850819512,0.08354373978909849,0.008709853021230268,0.5199012371375168
path,0.9520000000000001,0.048458610455720245,0.07532069262126483,0.008165487207403375,0.517740063735559
path,0.9530000000000001,0.044130066788709746,0.06828790844752296,0.007893304300489928,0.5159411362583345
path,0.9540000000000001,0.04046561118889746,0.06218048244783581,0.007893304300489928,0.5144125662843965
path,0.9550000000000001,0.03661560920777922,0.05612672302185667,0.007348938486663037,0.5128957725399971
path,0.9560000000000001,0.0322816555973949,0.0490849222758251,0.007076755579749592,0.511100466199492
path,0.9570000000000001,0.029426277958518918,0.044688870086916396,0.0065323897659227,0.5100524303625766
path,0.9580000000000001,0.025465822941394087,0.0388139328101442,0.005443658138268917,0.5086220238273318
path,0.9590000000000001,0.022251149812876233,0.033637599533890075,0.005171475231355471,0.5073843230327536
path,0.96,0.019175644765918876,0.02887466833151241,0.004627109417528579,0.5062702182115186
path,0.961,0.01724281219034227,0.025834735976827027,0.004354926510615134,0.5055819678700483
path,0.962,0.014944578017269844,0.022548711502199874,0.003538377789874796,0.5048532745301468
path,0.963,0.012604988823237085,0.019012306721363205,0.0029940119760479044,0.5040926801871105
path,0.964,0.0113984588154073,0.01700142337498023,0.0029940119760479044,0.5036662453536305
path,0.965,0.009578705671685658,0.014512867282604387,0.002177463255307567,0.5031389932009305
path,0.966,0.008034228261151372,0.012483104078874136,0.0013609145345672292,0.5027267950262774
path,0.967,0.006889675917993786,0.010756972111553787,0.0010887316276537834,0.5023751646236518
path,0.968,0.005642711442319123,0.008860153256704981,0.0008165487207403375,0.5019491166926487
path,0.969,0.005408724246776299,0.008470174597466941,0.0008165487207403375,0.5019111341235061
path,0.97,0.004333718131759177,0.007041408281656332,0.00027218290691344586,0.5015944455070191
path,0.971,0.0038915802538335266,0.006485967089722545,0.0,0.5014848927412645
path,0.972,0.0036054803301017544,0.006009133883502924,0.0,0.5013897700855754
path,0.973,0.0031266284523189156,0.005211047420531526,0.0,0.5012027590084394
path,0.974,0.002791481169534352,0.004652468615890587,0.0,0.5010818169156231
path,0.975,0.0026481563214701275,0.0044135938691168795,0.0,0.5010413739171921
path,0.976,0.0025041133271800635,0.004173522211966773,0.0,0.5009838469281686
path,0.977,0.001975427607805348,0.0032923793463422468,0.0,0.5007681690821402
path,0.978,0.0018314724074222828,0.0030524540123704714,0.0,0.5007220314201782
path,0.979,0.0014946962391513981,0.0024911603985856637,0.0,0.5005897000003003
path,0.98,0.001254120106117855,0.002090200176863092,0.0,0.5005033127911459
path,0.981,0.0010614772224679344,0.0017691287041132241,0.0,0.5004313556920569
path,0.982,0.0009168777898419592,0.0015281296497365988,0.0,0.5003738287030335
path,0.983,0.0008204303237482406,0.0013673838729137344,0.0,0.5003335791558409
path,0.984,0.0006757572100880899,0.0011262620168134832,0.0,0.5002760521668174
path,0.985,0.0002897267715584886,0.00048287795259748103,0.0,0.5001207486415777
path,0.986,9.659113776311024e-05,0.00016098522960518373,0.0,0.5000402495471926
path,0.987,9.659113776311024e-05,0.00016098522960518373,0.0,0.5000402495471926
path,0.988,4.829751267809708e-05,8.049585446349514e-05,0.0,0.5000201247735963
path,0.989,4.829751267809708e-05,8.049585446349514e-05,0.0,0.5000201247735963
path,0.99,0.0,0.0,0.0,0.5
path,0.991,0.0,0.0,0.0,0.5
path,0.992,0.0,0.0,0.0,0.5
path,0.993,0.0,0.0,0.0,0.5
path,0.994,0.0,0.0,0.0,0.5
path,0.995,0.0,0.0,0.0,0.5
path,0.996,0.0,0.0,0.0,0.5
path,0.997,0.0,0.0,0.0,0.5
path,0.998,0.0,0.0,0.0,0.5
path,0.999,0.0,0.0,0.0,0.5
path,1.0,0.0,0.0,0.0,0.5
