/home/zira/research/projects/GNN-2d/reports/v5/p0_a1/tensor_handover_audit/feature_inventory.csv	14921	2026-07-25T08:05:56.8014889800
/home/zira/research/projects/GNN-2d/reports/v5/p0_a1/tensor_handover_audit/internal_checksum_inventory.csv	9214	2026-07-25T08:05:56.8004889040
/home/zira/research/projects/GNN-2d/reports/v5/p0_a1/tensor_handover_audit/normalization_inventory.csv	204	2026-07-25T08:05:56.8014889800
/home/zira/research/projects/GNN-2d/reports/v5/p0_a1/tensor_handover_audit/pair_inventory.csv	1767	2026-07-25T08:05:56.8014889800
/home/zira/research/projects/GNN-2d/reports/v5/p0_a1/tensor_handover_audit/tensor_handover_audit.json	4984	2026-07-25T08:05:56.8014889800
/home/zira/research/projects/GNN-2d/reports/v5/p0_a1/tensor_handover_audit/tensor_inventory.csv	23861	2026-07-25T08:05:56.8014889800
/home/zira/research/projects/GNN-2d/reports/v5/p0_a1/tensor_handover_audit/top_level_inventory.csv	333	2026-07-25T08:05:56.8004889040
/home/zira/research/projects/GNN-2d/reports/v5/p0_a1/tensor_handover_audit/V5_P0_A1_TENSOR_HANDOVER_AUDIT_PASS	36	2026-07-25T08:05:56.8014889800
/home/zira/research/projects/GNN-2d/reports/v5/p0_a1/tensor_handover_audit/V5_P0_A1_TENSOR_HANDOVER_LOCK.json	735	2026-07-25T08:05:56.8014889800
/home/zira/research/projects/GNN-2d/reports/v5/p0_a2_0_feature_normalization_preflight/feature_normalization_evidence.json	1494	2026-07-25T08:10:47.1688073890
/home/zira/research/projects/GNN-2d/reports/v5/p0_a2_0_feature_normalization_preflight/feature_statistics_train.csv	25318	2026-07-25T08:10:47.1678073300
/home/zira/research/projects/GNN-2d/reports/v5/p0_a2_0_feature_normalization_preflight/normalization_inventory.csv	4642	2026-07-25T08:10:47.1688073890
/home/zira/research/projects/GNN-2d/reports/v5/p0_a2_0_feature_normalization_preflight/training_run_inventory.csv	3792	2026-07-25T08:10:47.1688073890
/home/zira/research/projects/GNN-2d/reports/v5/p0_a2_0_feature_normalization_preflight/V5_P0_A2_0_FEATURE_NORMALIZATION_PREFLIGHT.json	3040	2026-07-25T08:10:47.1688073890
/home/zira/research/projects/GNN-2d/reports/v5/p0_a2_0_feature_normalization_preflight/V5_P0_A2_0_FEATURE_NORMALIZATION_PREFLIGHT_LOCK.json	773	2026-07-25T08:10:47.1688073890
/home/zira/research/projects/GNN-2d/reports/v5/p0_a2_0_feature_normalization_preflight/V5_P0_A2_0_FEATURE_NORMALIZATION_PREFLIGHT_PASS	48	2026-07-25T08:10:47.1688073890
/home/zira/research/projects/GNN-2d/reports/v5/p0_a2_1_mask_recoverability_audit/coordinate_mapping_candidates.json	1292	2026-07-25T08:24:15.4261196000
/home/zira/research/projects/GNN-2d/reports/v5/p0_a2_1_mask_recoverability_audit/feature_contract_recommendation.json	5389	2026-07-25T08:24:15.4261196000
/home/zira/research/projects/GNN-2d/reports/v5/p0_a2_1_mask_recoverability_audit/per_run_mask_reconstruction.json	15667	2026-07-25T08:24:15.4271196420
/home/zira/research/projects/GNN-2d/reports/v5/p0_a2_1_mask_recoverability_audit/topology_derived_raw_physical_port_mask.pt	2889	2026-07-25T08:24:15.4261196000
/home/zira/research/projects/GNN-2d/reports/v5/p0_a2_1_mask_recoverability_audit/V5_P0_A2_1_MASK_RECOVERABILITY_AUDIT.json	8766	2026-07-25T08:24:15.4271196420
/home/zira/research/projects/GNN-2d/reports/v5/p0_a2_1_mask_recoverability_audit/V5_P0_A2_1_MASK_RECOVERABILITY_AUDIT_LOCK.json	690	2026-07-25T08:24:15.4271196420
/home/zira/research/projects/GNN-2d/reports/v5/p0_a2_1_mask_recoverability_audit/V5_P0_A2_1_MASK_RECOVERABILITY_AUDIT_PASS	42	2026-07-25T08:24:15.4271196420
/home/zira/research/projects/GNN-2d/reports/v5/p0_a2_feature_contract/V5_P0_A2_FEATURE_AND_NORMALIZATION_CONTRACT.json	13161	2026-07-25T08:28:45.0412748850
/home/zira/research/projects/GNN-2d/reports/v5/p0_a2_feature_contract/V5_P0_A2_FEATURE_AND_NORMALIZATION_CONTRACT_LOCK.json	820	2026-07-25T08:28:45.0422749250
/home/zira/research/projects/GNN-2d/reports/v5/p0_a2_feature_contract/V5_P0_A2_FEATURE_AND_NORMALIZATION_CONTRACT.md	1628	2026-07-25T08:28:45.0422749250
/home/zira/research/projects/GNN-2d/reports/v5/p0_a2_feature_contract/V5_P0_A2_FEATURE_AND_NORMALIZATION_CONTRACT_PASS	49	2026-07-25T08:28:45.0422749250
/home/zira/research/projects/GNN-2d/reports/v5/p0_a2_feature_contract/V5_P0_A2_FEATURE_INDEX_CONTRACT.csv	7341	2026-07-25T08:28:45.0422749250
/home/zira/research/projects/GNN-2d/reports/v5/p0_a3_0_loader_interface/dataset_loader_source.py	2699	2026-07-25T08:42:39.1162965850
/home/zira/research/projects/GNN-2d/reports/v5/p0_a3_0_loader_interface/V5_P0_A3_0_LOADER_INTERFACE_INSPECTION_COMPLETE	48	2026-07-25T08:42:39.1162965850
/home/zira/research/projects/GNN-2d/reports/v5/p0_a3_0_loader_interface/V5_P0_A3_0_LOADER_INTERFACE_INSPECTION.json	4235	2026-07-25T08:42:39.1162965850
/home/zira/research/projects/GNN-2d/reports/v5/p0_a3_loader_contract_smoke/V5_P0_A3_LOADER_CONTRACT_AND_SMOKE.json	12847	2026-07-25T08:49:07.2261957610
/home/zira/research/projects/GNN-2d/reports/v5/p0_a3_loader_contract_smoke/V5_P0_A3_LOADER_CONTRACT_AND_SMOKE_LOCK.json	636	2026-07-25T08:49:07.2261957610
/home/zira/research/projects/GNN-2d/reports/v5/p0_a3_loader_contract_smoke/V5_P0_A3_LOADER_CONTRACT_AND_SMOKE_PASS	40	2026-07-25T08:49:07.2261957610
/home/zira/research/projects/GNN-2d/reports/v5/p0_a4_tiny_subset_overfit/selected_pairs.json	2151	2026-07-25T08:55:23.2832521220
/home/zira/research/projects/GNN-2d/reports/v5/p0_a4_tiny_subset_overfit/training_history.csv	2203	2026-07-25T08:55:23.2292505780
/home/zira/research/projects/GNN-2d/reports/v5/p0_a4_tiny_subset_overfit/V5_P0_A4_TINY_SUBSET_OVERFIT.json	5941	2026-07-25T08:55:23.2822520940
/home/zira/research/projects/GNN-2d/reports/v5/p0_a4_tiny_subset_overfit/V5_P0_A4_TINY_SUBSET_OVERFIT_LOCK.json	766	2026-07-25T08:55:23.3272533810
/home/zira/research/projects/GNN-2d/reports/v5/p0_a4_tiny_subset_overfit/V5_P0_A4_TINY_SUBSET_OVERFIT_PASS	34	2026-07-25T08:55:23.3272533810
/home/zira/research/projects/GNN-2d/reports/v5/p0_b0_r1a_identifier_inventory/V5_P0_B0_R1A_IDENTIFIER_INVENTORY.json	81723	2026-07-25T16:22:03.3307615600
/home/zira/research/projects/GNN-2d/reports/v5/p0_b0_r1b_numeric_provenance_audit/V5_P0_B0_R1B_DECISION.json	688	2026-07-25T16:30:52.2905312510
/home/zira/research/projects/GNN-2d/reports/v5/p0_b0_r1b_numeric_provenance_audit/V5_P0_B0_R1B_NUMERIC_PROVENANCE_AUDIT.json	14253	2026-07-25T16:30:52.2905312510
/home/zira/research/projects/GNN-2d/reports/v5/p0_b0_r1b_numeric_provenance_audit/V5_P0_B0_R1B_NUMERIC_PROVENANCE_AUDIT_LOCK.json	505	2026-07-25T16:30:52.2905312510
/home/zira/research/projects/GNN-2d/reports/v5/p0_b0_r1b_numeric_provenance_audit/V5_P0_B0_R1B_NUMERIC_PROVENANCE_AUDIT_PASS	43	2026-07-25T16:30:52.2905312510
/home/zira/research/projects/GNN-2d/reports/v5/p0_b0_r1b_numeric_provenance_audit/V5_P0_B0_R1B_NUMERIC_PROVENANCE_SUMMARY.csv	792	2026-07-25T16:30:52.2895312430
/home/zira/research/projects/GNN-2d/reports/v5/p0_b0_r1c_final_quarantine_release/V5_P0_B0_R1C_FINAL_QUARANTINE_RELEASE.json	4480	2026-07-25T16:34:05.0360432430
/home/zira/research/projects/GNN-2d/reports/v5/p0_b0_r1c_final_quarantine_release/V5_P0_B0_R1C_FINAL_QUARANTINE_RELEASE_LOCK.json	486	2026-07-25T16:34:05.0370432510
/home/zira/research/projects/GNN-2d/reports/v5/p0_b0_r1c_final_quarantine_release/V5_P0_B0_R1C_FINAL_QUARANTINE_RELEASE.md	709	2026-07-25T16:34:05.0370432510
/home/zira/research/projects/GNN-2d/reports/v5/p0_b0_r1c_final_quarantine_release/V5_P0_B0_R1C_FINAL_QUARANTINE_RELEASE_PASS	43	2026-07-25T16:34:05.0370432510
/home/zira/research/projects/GNN-2d/reports/v5/p0_b0_r1_identifier_quarantine/V5_P0_B0_R1_IDENTIFIER_QUARANTINE_HOLD	39	2026-07-25T16:26:20.1024995640
/home/zira/research/projects/GNN-2d/reports/v5/p0_b0_r1_identifier_quarantine/V5_P0_B0_R1_IDENTIFIER_QUARANTINE.json	3765	2026-07-25T16:26:20.1024995640
/home/zira/research/projects/GNN-2d/reports/v5/p0_b0_r1_identifier_quarantine/V5_P0_B0_R1_IDENTIFIER_QUARANTINE_LOCK.json	430	2026-07-25T16:26:20.1024995640
/home/zira/research/projects/GNN-2d/reports/v5/p0_b0_r1_identifier_quarantine/V5_P0_B0_R1_IDENTIFIER_QUARANTINE.md	952	2026-07-25T16:26:20.1024995640
/home/zira/research/projects/GNN-2d/reports/v5/p0_b0_shortcut_audit_suite/V5_P0_B0_BASELINE_SUMMARY.csv	1979	2026-07-25T14:30:14.8125384160
/home/zira/research/projects/GNN-2d/reports/v5/p0_b0_shortcut_audit_suite/V5_P0_B0_DECISION_REPORT.json	1725	2026-07-25T14:30:14.8155385140
/home/zira/research/projects/GNN-2d/reports/v5/p0_b0_shortcut_audit_suite/V5_P0_B0_METRIC_CONTRACT.json	759	2026-07-25T14:29:29.0750567030
/home/zira/research/projects/GNN-2d/reports/v5/p0_b0_shortcut_audit_suite/V5_P0_B0_SHORTCUT_AUDIT_SUITE_HOLD	35	2026-07-25T14:30:14.8155385140
/home/zira/research/projects/GNN-2d/reports/v5/p0_b0_shortcut_audit_suite/V5_P0_B0_SHORTCUT_AUDIT_SUITE.json	48171	2026-07-25T14:30:14.8155385140
/home/zira/research/projects/GNN-2d/reports/v5/p0_b0_shortcut_audit_suite/V5_P0_B0_SHORTCUT_AUDIT_SUITE_LOCK.json	671	2026-07-25T14:30:14.8155385140
/home/zira/research/projects/GNN-2d/reports/v5/p0_b1_static_final_epoch_mlp/V5_P0_B1_STATIC_FINAL_EPOCH_MLP_COMPLETE	41	2026-07-25T16:46:58.8984035150
/home/zira/research/projects/GNN-2d/reports/v5/p0_b1_static_final_epoch_mlp/V5_P0_B1_STATIC_FINAL_EPOCH_MLP_HISTORY.csv	14097	2026-07-25T16:46:58.8964034990
/home/zira/research/projects/GNN-2d/reports/v5/p0_b1_static_final_epoch_mlp/V5_P0_B1_STATIC_FINAL_EPOCH_MLP.json	13202	2026-07-25T16:46:58.8974035070
/home/zira/research/projects/GNN-2d/reports/v5/p0_b1_static_final_epoch_mlp/V5_P0_B1_STATIC_FINAL_EPOCH_MLP_LOCK.json	693	2026-07-25T16:46:58.8984035150
/home/zira/research/projects/GNN-2d/reports/v5/p0_b1_static_final_epoch_mlp/V5_P0_B1_STATIC_FINAL_EPOCH_MLP_METRICS.csv	3406	2026-07-25T16:46:58.8964034990
/home/zira/research/projects/GNN-2d/reports/v5/p0_b2_temporal_mean_pooling/V5_P0_B2_TEMPORAL_MEAN_POOLING_COMPLETE	40	2026-07-25T16:57:51.4978363290
/home/zira/research/projects/GNN-2d/reports/v5/p0_b2_temporal_mean_pooling/V5_P0_B2_TEMPORAL_MEAN_POOLING_HISTORY.csv	14743	2026-07-25T16:57:51.4958361010
/home/zira/research/projects/GNN-2d/reports/v5/p0_b2_temporal_mean_pooling/V5_P0_B2_TEMPORAL_MEAN_POOLING.json	16664	2026-07-25T16:57:51.4968362150
/home/zira/research/projects/GNN-2d/reports/v5/p0_b2_temporal_mean_pooling/V5_P0_B2_TEMPORAL_MEAN_POOLING_LOCK.json	778	2026-07-25T16:57:51.4978363290
/home/zira/research/projects/GNN-2d/reports/v5/p0_b2_temporal_mean_pooling/V5_P0_B2_TEMPORAL_MEAN_POOLING_METRICS.csv	3387	2026-07-25T16:57:51.4958361010
/home/zira/research/projects/GNN-2d/reports/v5/p0_b2_temporal_mean_pooling/V5_P0_B2_VS_B1_COMPARISON.json	2721	2026-07-25T16:57:51.4958361010
/home/zira/research/projects/GNN-2d/reports/v5/p0_b3_conv1d_only/V5_P0_B3_CONV1D_ONLY_COMPLETE	30	2026-07-25T21:46:52.8434280750
/home/zira/research/projects/GNN-2d/reports/v5/p0_b3_conv1d_only/V5_P0_B3_CONV1D_ONLY_HISTORY.csv	14809	2026-07-25T21:46:52.8394279600
/home/zira/research/projects/GNN-2d/reports/v5/p0_b3_conv1d_only/V5_P0_B3_CONV1D_ONLY.json	18628	2026-07-25T21:46:52.8424280460
/home/zira/research/projects/GNN-2d/reports/v5/p0_b3_conv1d_only/V5_P0_B3_CONV1D_ONLY_LOCK.json	765	2026-07-25T21:46:52.8434280750
/home/zira/research/projects/GNN-2d/reports/v5/p0_b3_conv1d_only/V5_P0_B3_CONV1D_ONLY_METRICS.csv	3221	2026-07-25T21:46:52.8394279600
/home/zira/research/projects/GNN-2d/reports/v5/p0_b3_conv1d_only/V5_P0_B3_VS_B1_B2_COMPARISON.json	4438	2026-07-25T21:46:52.8404279880
/home/zira/research/projects/GNN-2d/reports/v5/p0_b4_gcn_only/V5_P0_B4_GCN_ONLY_COMPLETE	27	2026-07-25T22:15:20.1445197280
/home/zira/research/projects/GNN-2d/reports/v5/p0_b4_gcn_only/V5_P0_B4_GCN_ONLY_HISTORY.csv	14777	2026-07-25T22:15:20.1405204390
/home/zira/research/projects/GNN-2d/reports/v5/p0_b4_gcn_only/V5_P0_B4_GCN_ONLY.json	16247	2026-07-25T22:15:20.1425200830
/home/zira/research/projects/GNN-2d/reports/v5/p0_b4_gcn_only/V5_P0_B4_GCN_ONLY_LOCK.json	764	2026-07-25T22:15:20.1445197280
/home/zira/research/projects/GNN-2d/reports/v5/p0_b4_gcn_only/V5_P0_B4_GCN_ONLY_METRICS.csv	3310	2026-07-25T22:15:20.1405204390
/home/zira/research/projects/GNN-2d/reports/v5/p0_b4_gcn_only/V5_P0_B4_VS_B1_B2_B3_COMPARISON.json	2730	2026-07-25T22:15:20.1405204390
/home/zira/research/projects/GNN-2d/reports/v5/p0_b5_conv1d_gcn/V5_P0_B5_CONV1D_GCN_COMPLETE	29	2026-07-25T22:31:16.9890578200
/home/zira/research/projects/GNN-2d/reports/v5/p0_b5_conv1d_gcn/V5_P0_B5_CONV1D_GCN_HISTORY.csv	15076	2026-07-25T22:31:16.9850583160
/home/zira/research/projects/GNN-2d/reports/v5/p0_b5_conv1d_gcn/V5_P0_B5_CONV1D_GCN.json	21767	2026-07-25T22:31:16.9880579440
/home/zira/research/projects/GNN-2d/reports/v5/p0_b5_conv1d_gcn/V5_P0_B5_CONV1D_GCN_LOCK.json	777	2026-07-25T22:31:16.9880579440
/home/zira/research/projects/GNN-2d/reports/v5/p0_b5_conv1d_gcn/V5_P0_B5_CONV1D_GCN_METRICS.csv	2955	2026-07-25T22:31:16.9860581920
/home/zira/research/projects/GNN-2d/reports/v5/p0_b5_conv1d_gcn/V5_P0_B5_VS_B1_B2_B3_B4_COMPARISON.json	7083	2026-07-25T22:31:16.9860581920
/home/zira/research/projects/GNN-2d/reports/v5/p0_b6_dual_temporal_fusion_no_gcn/V5_P0_B6_DUAL_TEMPORAL_FUSION_NO_GCN_COMPLETE	46	2026-07-25T22:52:24.2529709590
/home/zira/research/projects/GNN-2d/reports/v5/p0_b6_dual_temporal_fusion_no_gcn/V5_P0_B6_DUAL_TEMPORAL_FUSION_NO_GCN_HISTORY.csv	15054	2026-07-25T22:52:24.2489707360
/home/zira/research/projects/GNN-2d/reports/v5/p0_b6_dual_temporal_fusion_no_gcn/V5_P0_B6_DUAL_TEMPORAL_FUSION_NO_GCN.json	27364	2026-07-25T22:52:24.2509708480
/home/zira/research/projects/GNN-2d/reports/v5/p0_b6_dual_temporal_fusion_no_gcn/V5_P0_B6_DUAL_TEMPORAL_FUSION_NO_GCN_LOCK.json	792	2026-07-25T22:52:24.2529709590
/home/zira/research/projects/GNN-2d/reports/v5/p0_b6_dual_temporal_fusion_no_gcn/V5_P0_B6_DUAL_TEMPORAL_FUSION_NO_GCN_METRICS.csv	2915	2026-07-25T22:52:24.2489707360
/home/zira/research/projects/GNN-2d/reports/v5/p0_b6_dual_temporal_fusion_no_gcn/V5_P0_B6_VS_B1_B2_B3_B4_B5_COMPARISON.json	11569	2026-07-25T22:52:24.2499707920
/home/zira/research/projects/GNN-2d/reports/v5/p0_b7a_directional_gated_graph_diagnostic/V5_P0_B7A_DIRECTIONAL_GATED_GRAPH_DIAGNOSTIC_COMPLETE	54	2026-07-25T23:12:45.7317580730
/home/zira/research/projects/GNN-2d/reports/v5/p0_b7a_directional_gated_graph_diagnostic/V5_P0_B7A_DIRECTIONAL_GATED_GRAPH_DIAGNOSTIC_HISTORY.csv	16920	2026-07-25T23:12:45.7277578780
/home/zira/research/projects/GNN-2d/reports/v5/p0_b7a_directional_gated_graph_diagnostic/V5_P0_B7A_DIRECTIONAL_GATED_GRAPH_DIAGNOSTIC.json	33116	2026-07-25T23:12:45.7307580240
/home/zira/research/projects/GNN-2d/reports/v5/p0_b7a_directional_gated_graph_diagnostic/V5_P0_B7A_DIRECTIONAL_GATED_GRAPH_DIAGNOSTIC_LOCK.json	922	2026-07-25T23:12:45.7317580730
/home/zira/research/projects/GNN-2d/reports/v5/p0_b7a_directional_gated_graph_diagnostic/V5_P0_B7A_DIRECTIONAL_GATED_GRAPH_DIAGNOSTIC_METRICS.csv	2983	2026-07-25T23:12:45.7287579270
/home/zira/research/projects/GNN-2d/reports/v5/p0_b7a_directional_gated_graph_diagnostic/V5_P0_B7A_VS_B1_B2_B3_B4_B5_B6_COMPARISON.json	14558	2026-07-25T23:12:45.7287579270
/home/zira/research/projects/GNN-2d/reports/v5/p0_b7b_directional_gated_graph_multi_seed/seed_007/b3/HISTORY.csv	14867	2026-07-25T23:29:35.5992733370
/home/zira/research/projects/GNN-2d/reports/v5/p0_b7b_directional_gated_graph_multi_seed/seed_007/b3/METRICS.csv	2941	2026-07-25T23:29:35.5992733370
/home/zira/research/projects/GNN-2d/reports/v5/p0_b7b_directional_gated_graph_multi_seed/seed_007/b3/REPORT.json	11298	2026-07-25T23:29:35.6082730870
/home/zira/research/projects/GNN-2d/reports/v5/p0_b7b_directional_gated_graph_multi_seed/seed_007/b7a/HISTORY.csv	17022	2026-07-25T23:36:19.6325455840
/home/zira/research/projects/GNN-2d/reports/v5/p0_b7b_directional_gated_graph_multi_seed/seed_007/b7a/METRICS.csv	2971	2026-07-25T23:36:19.6335455930
/home/zira/research/projects/GNN-2d/reports/v5/p0_b7b_directional_gated_graph_multi_seed/seed_007/b7a/REPORT.json	11521	2026-07-25T23:36:19.6465457160
/home/zira/research/projects/GNN-2d/reports/v5/p0_b7b_directional_gated_graph_multi_seed/seed_017/b3/HISTORY.csv	14862	2026-07-25T23:42:48.1468024570
/home/zira/research/projects/GNN-2d/reports/v5/p0_b7b_directional_gated_graph_multi_seed/seed_017/b3/METRICS.csv	3123	2026-07-25T23:42:48.1478024830
/home/zira/research/projects/GNN-2d/reports/v5/p0_b7b_directional_gated_graph_multi_seed/seed_017/b3/REPORT.json	11512	2026-07-25T23:42:48.1558026900
/home/zira/research/projects/GNN-2d/reports/v5/p0_b7b_directional_gated_graph_multi_seed/seed_017/b7a/HISTORY.csv	16980	2026-07-25T23:50:27.2679381000
/home/zira/research/projects/GNN-2d/reports/v5/p0_b7b_directional_gated_graph_multi_seed/seed_017/b7a/METRICS.csv	3101	2026-07-25T23:50:27.2679381000
/home/zira/research/projects/GNN-2d/reports/v5/p0_b7b_directional_gated_graph_multi_seed/seed_017/b7a/REPORT.json	11623	2026-07-25T23:50:27.2839386510
/home/zira/research/projects/GNN-2d/reports/v5/p0_b7b_directional_gated_graph_multi_seed/seed_027/b3/HISTORY.csv	14940	2026-07-25T23:57:55.1072426460
/home/zira/research/projects/GNN-2d/reports/v5/p0_b7b_directional_gated_graph_multi_seed/seed_027/b3/METRICS.csv	2954	2026-07-25T23:57:55.1082426830
/home/zira/research/projects/GNN-2d/reports/v5/p0_b7b_directional_gated_graph_multi_seed/seed_027/b3/REPORT.json	11343	2026-07-25T23:57:55.1182430620
/home/zira/research/projects/GNN-2d/reports/v5/p0_b7b_directional_gated_graph_multi_seed/seed_027/b7a/HISTORY.csv	16969	2026-07-26T00:05:24.6414283610
/home/zira/research/projects/GNN-2d/reports/v5/p0_b7b_directional_gated_graph_multi_seed/seed_027/b7a/METRICS.csv	2949	2026-07-26T00:05:24.6424283400
/home/zira/research/projects/GNN-2d/reports/v5/p0_b7b_directional_gated_graph_multi_seed/seed_027/b7a/REPORT.json	11498	2026-07-26T00:05:24.6624279280
/home/zira/research/projects/GNN-2d/reports/v5/p0_b7b_directional_gated_graph_multi_seed/V5_P0_B7B_DIRECTIONAL_GATED_GRAPH_MULTI_SEED_CONFIRMATION_COMPLETE	67	2026-07-26T00:05:24.6704277630
/home/zira/research/projects/GNN-2d/reports/v5/p0_b7b_directional_gated_graph_multi_seed/V5_P0_B7B_DIRECTIONAL_GATED_GRAPH_MULTI_SEED_CONFIRMATION.json	86834	2026-07-26T00:05:24.6704277630
/home/zira/research/projects/GNN-2d/reports/v5/p0_b7b_directional_gated_graph_multi_seed/V5_P0_B7B_DIRECTIONAL_GATED_GRAPH_MULTI_SEED_CONFIRMATION_LOCK.json	734	2026-07-26T00:05:24.6704277630
/home/zira/research/projects/GNN-2d/reports/v5/p0_b7b_directional_gated_graph_multi_seed/V5_P0_B7B_PAIRED_DELTAS_BY_SEED.csv	3491	2026-07-26T00:05:24.6664278450
/home/zira/research/projects/GNN-2d/reports/v5/p0_b7b_directional_gated_graph_multi_seed/V5_P0_B7B_VALIDATION_METRICS_BY_SEED.csv	1929	2026-07-26T00:05:24.6664278450
/home/zira/research/projects/GNN-2d/reports/v5/p0_b8_freeze_b3_conv1d_only_architecture/V5_P0_B8_ARCHITECTURE_SPEC.md	904	2026-07-26T00:36:12.3522124740
/home/zira/research/projects/GNN-2d/reports/v5/p0_b8_freeze_b3_conv1d_only_architecture/V5_P0_B8_B3_CONV1D_ONLY_ARCHITECTURE_CONTRACT.json	3214	2026-07-26T00:36:12.3522124740
/home/zira/research/projects/GNN-2d/reports/v5/p0_b8_freeze_b3_conv1d_only_architecture/V5_P0_B8_FREEZE_B3_CONV1D_ONLY_ARCHITECTURE_COMPLETE	53	2026-07-26T00:36:12.3552125660
/home/zira/research/projects/GNN-2d/reports/v5/p0_b8_freeze_b3_conv1d_only_architecture/V5_P0_B8_FREEZE_B3_CONV1D_ONLY_ARCHITECTURE.json	8525	2026-07-26T00:36:12.3542125350
/home/zira/research/projects/GNN-2d/reports/v5/p0_b8_freeze_b3_conv1d_only_architecture/V5_P0_B8_FREEZE_B3_CONV1D_ONLY_ARCHITECTURE_LOCK.json	893	2026-07-26T00:36:12.3542125350
/home/zira/research/projects/GNN-2d/reports/v5/p0_b8_freeze_b3_conv1d_only_architecture/V5_P0_B8_P1_PROTOCOL_BOUNDARY.json	1130	2026-07-26T00:36:12.3522124740
/home/zira/research/projects/GNN-2d/reports/v5/p0_b8_freeze_b3_conv1d_only_architecture/V5_P0_B8_P1_PROTOCOL_BOUNDARY.md	483	2026-07-26T00:36:12.3522124740
/home/zira/research/projects/GNN-2d/reports/v5/p0_c0_final_b3_training_protocol_lock/V5_P0_C0_FINAL_B3_PROTOCOL.json	5892	2026-07-26T00:50:43.2182849020
/home/zira/research/projects/GNN-2d/reports/v5/p0_c0_final_b3_training_protocol_lock/V5_P0_C0_FINAL_B3_PROTOCOL.md	1529	2026-07-26T00:50:43.2182849020
/home/zira/research/projects/GNN-2d/reports/v5/p0_c0_final_b3_training_protocol_lock/V5_P0_C0_FINAL_B3_TRAINING_PROTOCOL_LOCK_COMPLETE	50	2026-07-26T00:50:43.2192849300
/home/zira/research/projects/GNN-2d/reports/v5/p0_c0_final_b3_training_protocol_lock/V5_P0_C0_FINAL_B3_TRAINING_PROTOCOL_LOCK.json	7904	2026-07-26T00:50:43.2192849300
/home/zira/research/projects/GNN-2d/reports/v5/p0_c0_final_b3_training_protocol_lock/V5_P0_C0_FINAL_B3_TRAINING_PROTOCOL_LOCK_LOCK.json	840	2026-07-26T00:50:43.2192849300
/home/zira/research/projects/GNN-2d/reports/v5/p0_c1_b3_multi_seed_validation_training/seed_107/best_metrics.json	6143	2026-07-26T01:07:48.7153294370
/home/zira/research/projects/GNN-2d/reports/v5/p0_c1_b3_multi_seed_validation_training/seed_107/history.csv	52402	2026-07-26T01:07:48.7133293820
/home/zira/research/projects/GNN-2d/reports/v5/p0_c1_b3_multi_seed_validation_training/seed_117/best_metrics.json	6216	2026-07-26T01:16:09.6435853220
/home/zira/research/projects/GNN-2d/reports/v5/p0_c1_b3_multi_seed_validation_training/seed_117/history.csv	46286	2026-07-26T01:16:09.6425852520
/home/zira/research/projects/GNN-2d/reports/v5/p0_c1_b3_multi_seed_validation_training/seed_127/best_metrics.json	6204	2026-07-26T01:21:31.9140801390
/home/zira/research/projects/GNN-2d/reports/v5/p0_c1_b3_multi_seed_validation_training/seed_127/history.csv	31064	2026-07-26T01:21:31.9120800320
/home/zira/research/projects/GNN-2d/reports/v5/p0_c1_b3_multi_seed_validation_training/V5_P0_C1_B3_MULTI_SEED_VALIDATION_TRAINING_COMPLETE	52	2026-07-26T01:21:31.9180803530
/home/zira/research/projects/GNN-2d/reports/v5/p0_c1_b3_multi_seed_validation_training/V5_P0_C1_B3_MULTI_SEED_VALIDATION_TRAINING.json	30932	2026-07-26T01:21:31.9180803530
/home/zira/research/projects/GNN-2d/reports/v5/p0_c1_b3_multi_seed_validation_training/V5_P0_C1_B3_MULTI_SEED_VALIDATION_TRAINING_LOCK.json	1035	2026-07-26T01:21:31.9180803530
/home/zira/research/projects/GNN-2d/reports/v5/p0_c1_b3_multi_seed_validation_training/V5_P0_C1_SEED_SUMMARY.csv	955	2026-07-26T01:21:31.9150801930
/home/zira/research/projects/GNN-2d/reports/v5/p0_c2_final_checkpoint_threshold_freeze/V5_P0_C2_ATTACK_THRESHOLD_SWEEP.csv	3185	2026-07-26T01:33:24.1353624130
/home/zira/research/projects/GNN-2d/reports/v5/p0_c2_final_checkpoint_threshold_freeze/V5_P0_C2_FINAL_CHECKPOINT_THRESHOLD_FREEZE_COMPLETE	52	2026-07-26T01:33:24.1403626140
/home/zira/research/projects/GNN-2d/reports/v5/p0_c2_final_checkpoint_threshold_freeze/V5_P0_C2_FINAL_CHECKPOINT_THRESHOLD_FREEZE.json	13505	2026-07-26T01:33:24.1393625740
/home/zira/research/projects/GNN-2d/reports/v5/p0_c2_final_checkpoint_threshold_freeze/V5_P0_C2_FINAL_CHECKPOINT_THRESHOLD_FREEZE_LOCK.json	1226	2026-07-26T01:33:24.1403626140
/home/zira/research/projects/GNN-2d/reports/v5/p0_c2_final_checkpoint_threshold_freeze/V5_P0_C2_FROZEN_CHECKPOINT_THRESHOLDS.json	14372	2026-07-26T01:33:24.1373624940
/home/zira/research/projects/GNN-2d/reports/v5/p0_c2_final_checkpoint_threshold_freeze/V5_P0_C2_ROLE_THRESHOLD_SWEEP.csv	11762	2026-07-26T01:33:24.1353624130
/home/zira/research/projects/GNN-2d/reports/v5/p0_c3_one_shot_locked_test_evaluation/V5_P0_C3_ONE_SHOT_LOCKED_TEST_EVALUATION_COMPLETE	50	2026-07-26T01:41:44.9346681380
/home/zira/research/projects/GNN-2d/reports/v5/p0_c3_one_shot_locked_test_evaluation/V5_P0_C3_ONE_SHOT_LOCKED_TEST_EVALUATION.json	7665	2026-07-26T01:41:44.9336681010
/home/zira/research/projects/GNN-2d/reports/v5/p0_c3_one_shot_locked_test_evaluation/V5_P0_C3_ONE_SHOT_LOCKED_TEST_EVALUATION_LOCK.json	951	2026-07-26T01:41:44.9346681380
/home/zira/research/projects/GNN-2d/reports/v5/p0_c3_one_shot_locked_test_evaluation/V5_P0_C3_ONE_SHOT_LOCKED_TEST_EVALUATION_TEST_ACCESS_STARTED	61	2026-07-26T01:41:42.4665758400
/home/zira/research/projects/GNN-2d/reports/v5/p0_c3_one_shot_locked_test_evaluation/V5_P0_C3_ONE_SHOT_LOCKED_TEST_EVALUATION_TEST_ACCESS_STARTED.json	588	2026-07-26T01:41:42.4665758400
/home/zira/research/projects/GNN-2d/reports/v5/p0_final_results_archive_and_p2_handoff/archive/V5_P0_B8_ARCHITECTURE_SPEC.md	904	2026-07-26T00:36:12.3522124740
/home/zira/research/projects/GNN-2d/reports/v5/p0_final_results_archive_and_p2_handoff/archive/V5_P0_B8_B3_CONV1D_ONLY_ARCHITECTURE_CONTRACT.json	3214	2026-07-26T00:36:12.3522124740
/home/zira/research/projects/GNN-2d/reports/v5/p0_final_results_archive_and_p2_handoff/archive/V5_P0_B8_FREEZE_B3_CONV1D_ONLY_ARCHITECTURE.json	8525	2026-07-26T00:36:12.3542125350
/home/zira/research/projects/GNN-2d/reports/v5/p0_final_results_archive_and_p2_handoff/archive/V5_P0_B8_FREEZE_B3_CONV1D_ONLY_ARCHITECTURE_LOCK.json	893	2026-07-26T00:36:12.3542125350
/home/zira/research/projects/GNN-2d/reports/v5/p0_final_results_archive_and_p2_handoff/archive/V5_P0_C0_FINAL_B3_PROTOCOL.json	5892	2026-07-26T00:50:43.2182849020
/home/zira/research/projects/GNN-2d/reports/v5/p0_final_results_archive_and_p2_handoff/archive/V5_P0_C0_FINAL_B3_PROTOCOL.md	1529	2026-07-26T00:50:43.2182849020
/home/zira/research/projects/GNN-2d/reports/v5/p0_final_results_archive_and_p2_handoff/archive/V5_P0_C0_FINAL_B3_TRAINING_PROTOCOL_LOCK.json	7904	2026-07-26T00:50:43.2192849300
/home/zira/research/projects/GNN-2d/reports/v5/p0_final_results_archive_and_p2_handoff/archive/V5_P0_C0_FINAL_B3_TRAINING_PROTOCOL_LOCK_LOCK.json	840	2026-07-26T00:50:43.2192849300
/home/zira/research/projects/GNN-2d/reports/v5/p0_final_results_archive_and_p2_handoff/archive/V5_P0_C1_B3_MULTI_SEED_VALIDATION_TRAINING.json	30932	2026-07-26T01:21:31.9180803530
/home/zira/research/projects/GNN-2d/reports/v5/p0_final_results_archive_and_p2_handoff/archive/V5_P0_C1_B3_MULTI_SEED_VALIDATION_TRAINING_LOCK.json	1035	2026-07-26T01:21:31.9180803530
/home/zira/research/projects/GNN-2d/reports/v5/p0_final_results_archive_and_p2_handoff/archive/V5_P0_C1_SEED_SUMMARY.csv	955	2026-07-26T01:21:31.9150801930
/home/zira/research/projects/GNN-2d/reports/v5/p0_final_results_archive_and_p2_handoff/archive/V5_P0_C2_ATTACK_THRESHOLD_SWEEP.csv	3185	2026-07-26T01:33:24.1353624130
/home/zira/research/projects/GNN-2d/reports/v5/p0_final_results_archive_and_p2_handoff/archive/V5_P0_C2_FINAL_CHECKPOINT_THRESHOLD_FREEZE.json	13505	2026-07-26T01:33:24.1393625740
/home/zira/research/projects/GNN-2d/reports/v5/p0_final_results_archive_and_p2_handoff/archive/V5_P0_C2_FINAL_CHECKPOINT_THRESHOLD_FREEZE_LOCK.json	1226	2026-07-26T01:33:24.1403626140
/home/zira/research/projects/GNN-2d/reports/v5/p0_final_results_archive_and_p2_handoff/archive/V5_P0_C2_FROZEN_CHECKPOINT_THRESHOLDS.json	14372	2026-07-26T01:33:24.1373624940
/home/zira/research/projects/GNN-2d/reports/v5/p0_final_results_archive_and_p2_handoff/archive/V5_P0_C2_ROLE_THRESHOLD_SWEEP.csv	11762	2026-07-26T01:33:24.1353624130
/home/zira/research/projects/GNN-2d/reports/v5/p0_final_results_archive_and_p2_handoff/archive/V5_P0_C3_ONE_SHOT_LOCKED_TEST_EVALUATION.json	7665	2026-07-26T01:41:44.9336681010
/home/zira/research/projects/GNN-2d/reports/v5/p0_final_results_archive_and_p2_handoff/archive/V5_P0_C3_ONE_SHOT_LOCKED_TEST_EVALUATION_LOCK.json	951	2026-07-26T01:41:44.9346681380
/home/zira/research/projects/GNN-2d/reports/v5/p0_final_results_archive_and_p2_handoff/V5_P0_FINAL_ARCHIVE_MANIFEST.json	10739	2026-07-26T01:55:52.1419465450
/home/zira/research/projects/GNN-2d/reports/v5/p0_final_results_archive_and_p2_handoff/V5_P0_FINAL_OFFICIAL_RESULT_SUMMARY.json	2586	2026-07-26T01:55:52.1409465140
/home/zira/research/projects/GNN-2d/reports/v5/p0_final_results_archive_and_p2_handoff/V5_P0_FINAL_RESULT_AND_P2_HANDOFF.md	1408	2026-07-26T01:55:52.1409465140
/home/zira/research/projects/GNN-2d/reports/v5/p0_final_results_archive_and_p2_handoff/V5_P0_FINAL_RESULTS_ARCHIVE_AND_P2_HANDOFF_COMPLETE	52	2026-07-26T01:55:52.1419465450
/home/zira/research/projects/GNN-2d/reports/v5/p0_final_results_archive_and_p2_handoff/V5_P0_FINAL_RESULTS_ARCHIVE_AND_P2_HANDOFF.json	17192	2026-07-26T01:55:52.1419465450
/home/zira/research/projects/GNN-2d/reports/v5/p0_final_results_archive_and_p2_handoff/V5_P0_FINAL_RESULTS_ARCHIVE_AND_P2_HANDOFF_LOCK.json	1114	2026-07-26T01:55:52.1419465450
/home/zira/research/projects/GNN-2d/reports/v5/p0_final_results_archive_and_p2_handoff/V5_P0_TO_P2_HANDOFF.json	1865	2026-07-26T01:55:52.1409465140
/home/zira/research/projects/GNN-2d/reports/v5/p2_a0_independent_dataset_metadata_audit/V5_P2_A0_INDEPENDENT_DATASET_METADATA_AUDIT_COMPLETE	53	2026-07-26T02:23:27.3659034590
/home/zira/research/projects/GNN-2d/reports/v5/p2_a0_independent_dataset_metadata_audit/V5_P2_A0_INDEPENDENT_DATASET_METADATA_AUDIT.json	8947	2026-07-26T02:23:27.3659034590
/home/zira/research/projects/GNN-2d/reports/v5/p2_a0_independent_dataset_metadata_audit/V5_P2_A0_INDEPENDENT_DATASET_METADATA_AUDIT_LOCK.json	920	2026-07-26T02:23:27.3659034590
/home/zira/research/projects/GNN-2d/reports/v5/p2_a1_r1_pair_length_window_shortcut_audit/V5_P2_A1_R1_PAIR_LENGTH_AND_WINDOW_SHORTCUT_AUDIT_COMPLETE	59	2026-07-26T02:41:08.7881289080
/home/zira/research/projects/GNN-2d/reports/v5/p2_a1_r1_pair_length_window_shortcut_audit/V5_P2_A1_R1_PAIR_LENGTH_AND_WINDOW_SHORTCUT_AUDIT.json	29465	2026-07-26T02:41:08.7881289080
/home/zira/research/projects/GNN-2d/reports/v5/p2_a1_r1_pair_length_window_shortcut_audit/V5_P2_A1_R1_PAIR_LENGTH_AND_WINDOW_SHORTCUT_AUDIT_LOCK.json	735	2026-07-26T02:41:08.7881289080
/home/zira/research/projects/GNN-2d/reports/v5/p2_a1_r1_pair_length_window_shortcut_audit/V5_P2_A1_R1_PAIR_LENGTH_WINDOW_AUDIT.csv	61780	2026-07-26T02:41:08.7861288430
/home/zira/research/projects/GNN-2d/reports/v5/p2_a1_r2_pair_aligned_window_contract/V5_P2_A1_R2_PAIR_ALIGNED_WINDOW_CONTRACT_COMPLETE	50	2026-07-26T02:46:07.7597636920
/home/zira/research/projects/GNN-2d/reports/v5/p2_a1_r2_pair_aligned_window_contract/V5_P2_A1_R2_PAIR_ALIGNED_WINDOW_CONTRACT.json	5234	2026-07-26T02:46:07.7597636920
/home/zira/research/projects/GNN-2d/reports/v5/p2_a1_r2_pair_aligned_window_contract/V5_P2_A1_R2_PAIR_ALIGNED_WINDOW_CONTRACT_LOCK.json	984	2026-07-26T02:46:07.7597636920
/home/zira/research/projects/GNN-2d/reports/v5/p2_a1_r2_pair_aligned_window_contract/V5_P2_A1_R2_PAIR_ALIGNED_WINDOW_CONTRACT.md	1334	2026-07-26T02:46:07.7597636920
/home/zira/research/projects/GNN-2d/reports/v5/p2_a1_r2_pair_aligned_window_contract/V5_P2_A1_R2_PAIR_ALIGNED_WINDOW_MANIFEST.csv	65038	2026-07-26T02:46:07.7587636590
/home/zira/research/projects/GNN-2d/reports/v5/p2_a1_tensor_schema_nontest_sample_audit/V5_P2_A1_TENSOR_SCHEMA_AND_NONTEST_SAMPLE_AUDIT_HOLD	53	2026-07-26T02:30:39.2423886320
/home/zira/research/projects/GNN-2d/reports/v5/p2_a1_tensor_schema_nontest_sample_audit/V5_P2_A1_TENSOR_SCHEMA_AND_NONTEST_SAMPLE_AUDIT.json	85826	2026-07-26T02:30:39.2423886320
/home/zira/research/projects/GNN-2d/reports/v5/p2_a2_feature_normalization_mask_contract/V5_P2_A2_FEATURE_NORMALIZATION_AND_MASK_CONTRACT_HOLD	54	2026-07-26T02:55:27.1912217560
/home/zira/research/projects/GNN-2d/reports/v5/p2_a2_feature_normalization_mask_contract/V5_P2_A2_FEATURE_NORMALIZATION_AND_MASK_CONTRACT.json	18705	2026-07-26T02:55:27.1912217560
/home/zira/research/projects/GNN-2d/reports/v5/p2_a2_feature_normalization_mask_contract/V5_P2_A2_FEATURE_NORMALIZATION_AND_MASK_CONTRACT.md	1400	2026-07-26T02:55:27.1902217400
/home/zira/research/projects/GNN-2d/reports/v5/p2_a2_feature_normalization_mask_contract/V5_P2_A2_TOPOLOGY_DERIVED_BOOLEAN_PORT_MASK.pt	2533	2026-07-26T02:55:27.1902217400
/home/zira/research/projects/GNN-2d/reports/v5/p2_a2_r1_port_valid_coordinate_semantics_audit/V5_P2_A2_R1_PORT_VALID_COORDINATE_SEMANTICS_AUDIT_COMPLETE	59	2026-07-26T03:02:02.6419767110
/home/zira/research/projects/GNN-2d/reports/v5/p2_a2_r1_port_valid_coordinate_semantics_audit/V5_P2_A2_R1_PORT_VALID_COORDINATE_SEMANTICS_AUDIT.json	37864	2026-07-26T03:02:02.6419767110
/home/zira/research/projects/GNN-2d/reports/v5/p2_a2_r1_port_valid_coordinate_semantics_audit/V5_P2_A2_R1_PORT_VALID_COORDINATE_SEMANTICS_AUDIT_LOCK.json	2486	2026-07-26T03:02:02.6419767110
/home/zira/research/projects/GNN-2d/reports/v5/p2_a2_r2_feature_normalization_mask_contract/V5_P2_A2_R2_FEATURE_NORMALIZATION_AND_MASK_CONTRACT_COMPLETE	61	2026-07-26T03:06:55.7031007390
/home/zira/research/projects/GNN-2d/reports/v5/p2_a2_r2_feature_normalization_mask_contract/V5_P2_A2_R2_FEATURE_NORMALIZATION_AND_MASK_CONTRACT.json	17068	2026-07-26T03:06:55.7031007390
/home/zira/research/projects/GNN-2d/reports/v5/p2_a2_r2_feature_normalization_mask_contract/V5_P2_A2_R2_FEATURE_NORMALIZATION_AND_MASK_CONTRACT_LOCK.json	1879	2026-07-26T03:06:55.7031007390
/home/zira/research/projects/GNN-2d/reports/v5/p2_a2_r2_feature_normalization_mask_contract/V5_P2_A2_R2_FEATURE_NORMALIZATION_AND_MASK_CONTRACT.md	1821	2026-07-26T03:06:55.7021007130
/home/zira/research/projects/GNN-2d/reports/v5/p2_a2_r2_feature_normalization_mask_contract/V5_P2_A2_R2_TOPOLOGY_DERIVED_BOOLEAN_PORT_MASK.pt	3002	2026-07-26T03:06:55.7021007130
/home/zira/research/projects/GNN-2d/reports/v5/p2_a3_pair_aligned_primary58_loader_contract/V5_P2_A3_PAIR_ALIGNED_PRIMARY58_LOADER_CONTRACT_COMPLETE	57	2026-07-26T03:13:22.2463852070
/home/zira/research/projects/GNN-2d/reports/v5/p2_a3_pair_aligned_primary58_loader_contract/V5_P2_A3_PAIR_ALIGNED_PRIMARY58_LOADER_CONTRACT.json	12789	2026-07-26T03:13:22.2463852070
/home/zira/research/projects/GNN-2d/reports/v5/p2_a3_pair_aligned_primary58_loader_contract/V5_P2_A3_PAIR_ALIGNED_PRIMARY58_LOADER_CONTRACT_LOCK.json	1168	2026-07-26T03:13:22.2463852070
/home/zira/research/projects/GNN-2d/reports/v5/p2_a3_pair_aligned_primary58_loader_contract/V5_P2_A3_PAIR_ALIGNED_PRIMARY58_LOADER_CONTRACT.md	1375	2026-07-26T03:13:22.2463852070
/home/zira/research/projects/GNN-2d/reports/v5/p2_a4_loader_integration_tiny_overfit/V5_P2_A4_LOADER_INTEGRATION_AND_TINY_OVERFIT_COMPLETE	54	2026-07-26T03:20:22.0291213250
/home/zira/research/projects/GNN-2d/reports/v5/p2_a4_loader_integration_tiny_overfit/V5_P2_A4_LOADER_INTEGRATION_AND_TINY_OVERFIT.json	6366	2026-07-26T03:20:22.0291213250
/home/zira/research/projects/GNN-2d/reports/v5/p2_a4_loader_integration_tiny_overfit/V5_P2_A4_LOADER_INTEGRATION_AND_TINY_OVERFIT_LOCK.json	1264	2026-07-26T03:20:22.0291213250
/home/zira/research/projects/GNN-2d/reports/v5/p2_a4_loader_integration_tiny_overfit/V5_P2_A4_TINY_OVERFIT_HISTORY.csv	2674	2026-07-26T03:20:22.0141209000
/home/zira/research/projects/GNN-2d/reports/v5/p2_a4_loader_integration_tiny_overfit/V5_P2_A4_TINY_OVERFIT_SELECTION.json	2327	2026-07-26T03:20:22.0141209000
/home/zira/research/projects/GNN-2d/reports/v5/p2_b0_nontest_label_shortcut_audit/V5_P2_B0_NONTEST_LABEL_AND_SHORTCUT_AUDIT_HOLD	47	2026-07-26T03:31:43.0158146370
/home/zira/research/projects/GNN-2d/reports/v5/p2_b0_nontest_label_shortcut_audit/V5_P2_B0_NONTEST_LABEL_AND_SHORTCUT_AUDIT.json	7189	2026-07-26T03:31:43.0158146370
/home/zira/research/projects/GNN-2d/reports/v5/p2_b0_nontest_label_shortcut_audit/V5_P2_B0_PAIR_LABEL_AUDIT.csv	19864	2026-07-26T03:31:43.0158146370
/home/zira/research/projects/GNN-2d/reports/v5/p2_b0_r1a_k3_count_role_mask_semantics_audit/V5_P2_B0_R1A_K3_COUNT_AND_ROLE_MASK_SEMANTICS_AUDIT_HOLD	57	2026-07-26T03:49:52.4946738320
/home/zira/research/projects/GNN-2d/reports/v5/p2_b0_r1a_k3_count_role_mask_semantics_audit/V5_P2_B0_R1A_K3_COUNT_AND_ROLE_MASK_SEMANTICS_AUDIT.json	263	2026-07-26T03:49:52.4946738320
/home/zira/research/projects/GNN-2d/reports/v5/p2_b0_r1b_k3_count_role_mask_semantics_audit/V5_P2_B0_R1B_K3_COUNT_AND_ROLE_MASK_DIAGNOSIS.json	14362	2026-07-26T03:54:55.5635311590
/home/zira/research/projects/GNN-2d/reports/v5/p2_b0_r1b_k3_count_role_mask_semantics_audit/V5_P2_B0_R1B_K3_COUNT_AND_ROLE_MASK_SEMANTICS_AUDIT_COMPLETE	61	2026-07-26T03:54:55.5645311720
/home/zira/research/projects/GNN-2d/reports/v5/p2_b0_r1b_k3_count_role_mask_semantics_audit/V5_P2_B0_R1B_K3_COUNT_AND_ROLE_MASK_SEMANTICS_AUDIT.json	18023	2026-07-26T03:54:55.5635311590
/home/zira/research/projects/GNN-2d/reports/v5/p2_b0_r1b_k3_count_role_mask_semantics_audit/V5_P2_B0_R1B_K3_COUNT_AND_ROLE_MASK_SEMANTICS_AUDIT_LOCK.json	1255	2026-07-26T03:54:55.5645311720
/home/zira/research/projects/GNN-2d/reports/v5/p2_b0_r1_k3_count_semantics_head_compatibility/V5_P2_B0_R1_K3_COUNT_SEMANTICS_AND_HEAD_COMPATIBILITY_AUDIT_HOLD	65	2026-07-26T03:38:39.7274857730
/home/zira/research/projects/GNN-2d/reports/v5/p2_b0_r1_k3_count_semantics_head_compatibility/V5_P2_B0_R1_K3_COUNT_SEMANTICS_AND_HEAD_COMPATIBILITY_AUDIT.json	275	2026-07-26T03:38:39.7274857730
/home/zira/research/projects/GNN-2d/reports/v5/p2_b0_r2_count_head_expansion_a4_repeat/V5_P2_B0_R2_A4_REPEAT_HISTORY.csv	5324	2026-07-26T04:01:11.2681393880
/home/zira/research/projects/GNN-2d/reports/v5/p2_b0_r2_count_head_expansion_a4_repeat/V5_P2_B0_R2_A4_REPEAT_SELECTION.json	2631	2026-07-26T04:01:11.2691394030
/home/zira/research/projects/GNN-2d/reports/v5/p2_b0_r2_count_head_expansion_a4_repeat/V5_P2_B0_R2_COUNT_HEAD_EXPANSION_AND_A4_REPEAT_COMPLETE	56	2026-07-26T04:01:11.2891397170
/home/zira/research/projects/GNN-2d/reports/v5/p2_b0_r2_count_head_expansion_a4_repeat/V5_P2_B0_R2_COUNT_HEAD_EXPANSION_AND_A4_REPEAT.json	7583	2026-07-26T04:01:11.2881397010
/home/zira/research/projects/GNN-2d/reports/v5/p2_b0_r2_count_head_expansion_a4_repeat/V5_P2_B0_R2_COUNT_HEAD_EXPANSION_AND_A4_REPEAT_LOCK.json	1673	2026-07-26T04:01:11.2891397170
/home/zira/research/projects/GNN-2d/reports/v5/p2_b0_r2_count_head_expansion_a4_repeat/V5_P2_B0_R2_P2_B3_COUNT4_ARCHITECTURE_CONTRACT.json	1687	2026-07-26T04:01:11.2691394030
/home/zira/research/projects/GNN-2d/reports/v5/p2_b0_r3_corrected_nontest_label_shortcut_audit/V5_P2_B0_R3_CORRECTED_NONTEST_LABEL_AND_SHORTCUT_AUDIT_COMPLETE	64	2026-07-26T04:06:27.6982346220
/home/zira/research/projects/GNN-2d/reports/v5/p2_b0_r3_corrected_nontest_label_shortcut_audit/V5_P2_B0_R3_CORRECTED_NONTEST_LABEL_AND_SHORTCUT_AUDIT.json	19860	2026-07-26T04:06:27.6982346220
/home/zira/research/projects/GNN-2d/reports/v5/p2_b0_r3_corrected_nontest_label_shortcut_audit/V5_P2_B0_R3_CORRECTED_NONTEST_LABEL_AND_SHORTCUT_AUDIT_LOCK.json	2078	2026-07-26T04:06:27.6982346220
/home/zira/research/projects/GNN-2d/reports/v5/p2_b0_r3_corrected_nontest_label_shortcut_audit/V5_P2_B0_R3_LABEL_SUMMARY.json	4024	2026-07-26T04:06:27.6972346060
/home/zira/research/projects/GNN-2d/reports/v5/p2_b0_r3_corrected_nontest_label_shortcut_audit/V5_P2_B0_R3_PAIR_LABEL_AUDIT.csv	25904	2026-07-26T04:06:27.6972346060
/home/zira/research/projects/GNN-2d/reports/v5/p2_b0_r3_corrected_nontest_label_shortcut_audit/V5_P2_B0_R3_TRIVIAL_AND_SHORTCUT_BASELINES.csv	3094	2026-07-26T04:06:27.6972346060
/home/zira/research/projects/GNN-2d/reports/v5/p2_b1_training_protocol_lock/V5_P2_B1_TRAINING_PROTOCOL.json	8316	2026-07-26T04:12:26.0942121550
/home/zira/research/projects/GNN-2d/reports/v5/p2_b1_training_protocol_lock/V5_P2_B1_TRAINING_PROTOCOL_LOCK_COMPLETE	41	2026-07-26T04:12:26.0952121710
/home/zira/research/projects/GNN-2d/reports/v5/p2_b1_training_protocol_lock/V5_P2_B1_TRAINING_PROTOCOL_LOCK.json	11434	2026-07-26T04:12:26.0952121710
/home/zira/research/projects/GNN-2d/reports/v5/p2_b1_training_protocol_lock/V5_P2_B1_TRAINING_PROTOCOL_LOCK_LOCK.json	1154	2026-07-26T04:12:26.0952121710
/home/zira/research/projects/GNN-2d/reports/v5/p2_b1_training_protocol_lock/V5_P2_B1_TRAINING_PROTOCOL.md	1972	2026-07-26T04:12:26.0942121550
/home/zira/research/projects/GNN-2d/reports/v5/p2_b2_multi_seed_training/finalization/V5_P2_B2_MULTI_SEED_COMPARISON.csv	1375	2026-07-26T07:55:51.7926716710
/home/zira/research/projects/GNN-2d/reports/v5/p2_b2_multi_seed_training/finalization/V5_P2_B2_MULTI_SEED_TRAINING_COMPLETE	38	2026-07-26T07:55:51.7936716940
/home/zira/research/projects/GNN-2d/reports/v5/p2_b2_multi_seed_training/finalization/V5_P2_B2_MULTI_SEED_TRAINING.json	18011	2026-07-26T07:55:51.7936716940
/home/zira/research/projects/GNN-2d/reports/v5/p2_b2_multi_seed_training/finalization/V5_P2_B2_MULTI_SEED_TRAINING_LOCK.json	1001	2026-07-26T07:55:51.7936716940
/home/zira/research/projects/GNN-2d/reports/v5/p2_b2_multi_seed_training/seed_107/V5_P2_B2_SEED_107_HISTORY.csv	33200	2026-07-26T04:52:07.3957908410
/home/zira/research/projects/GNN-2d/reports/v5/p2_b2_multi_seed_training/seed_107/V5_P2_B2_SEED_107_LOCK.json	1239	2026-07-26T04:52:07.3977909290
/home/zira/research/projects/GNN-2d/reports/v5/p2_b2_multi_seed_training/seed_107/V5_P2_B2_SEED_107_PROGRESS.json	7046	2026-07-26T04:52:07.3957908410
/home/zira/research/projects/GNN-2d/reports/v5/p2_b2_multi_seed_training/seed_107/V5_P2_B2_SEED_107_TRAINING_REPORT.json	7616	2026-07-26T04:52:07.3977909290
/home/zira/research/projects/GNN-2d/reports/v5/p2_b2_multi_seed_training/seed_107/V5_P2_B2_SINGLE_SEED_TRAINING_COMPLETE	39	2026-07-26T04:52:07.3977909290
/home/zira/research/projects/GNN-2d/reports/v5/p2_b2_multi_seed_training/seed_117/V5_P2_B2_SEED_117_HISTORY.csv	28223	2026-07-26T05:21:29.3607268140
/home/zira/research/projects/GNN-2d/reports/v5/p2_b2_multi_seed_training/seed_117/V5_P2_B2_SEED_117_LOCK.json	1239	2026-07-26T05:21:29.3627268780
/home/zira/research/projects/GNN-2d/reports/v5/p2_b2_multi_seed_training/seed_117/V5_P2_B2_SEED_117_PROGRESS.json	7012	2026-07-26T05:21:29.3607268140
/home/zira/research/projects/GNN-2d/reports/v5/p2_b2_multi_seed_training/seed_117/V5_P2_B2_SEED_117_TRAINING_REPORT.json	7615	2026-07-26T05:21:29.3617268460
/home/zira/research/projects/GNN-2d/reports/v5/p2_b2_multi_seed_training/seed_117/V5_P2_B2_SINGLE_SEED_TRAINING_COMPLETE	39	2026-07-26T05:21:29.3627268780
/home/zira/research/projects/GNN-2d/reports/v5/p2_b2_multi_seed_training/seed_127/V5_P2_B2_SEED_127_HISTORY.csv	33818	2026-07-26T05:56:48.6979358460
/home/zira/research/projects/GNN-2d/reports/v5/p2_b2_multi_seed_training/seed_127/V5_P2_B2_SEED_127_LOCK.json	1238	2026-07-26T05:56:48.6999358680
/home/zira/research/projects/GNN-2d/reports/v5/p2_b2_multi_seed_training/seed_127/V5_P2_B2_SEED_127_PROGRESS.json	7043	2026-07-26T05:56:48.6979358460
/home/zira/research/projects/GNN-2d/reports/v5/p2_b2_multi_seed_training/seed_127/V5_P2_B2_SEED_127_TRAINING_REPORT.json	7614	2026-07-26T05:56:48.6989358570
/home/zira/research/projects/GNN-2d/reports/v5/p2_b2_multi_seed_training/seed_127/V5_P2_B2_SINGLE_SEED_TRAINING_COMPLETE	39	2026-07-26T05:56:48.6999358680
/home/zira/research/projects/GNN-2d/reports/v5/p2_b3_seed_checkpoint_selection/V5_P2_B3_SEED_AND_CHECKPOINT_SELECTION_COMPLETE	48	2026-07-26T08:03:50.6738742370
/home/zira/research/projects/GNN-2d/reports/v5/p2_b3_seed_checkpoint_selection/V5_P2_B3_SEED_AND_CHECKPOINT_SELECTION.json	8349	2026-07-26T08:03:50.6728741690
/home/zira/research/projects/GNN-2d/reports/v5/p2_b3_seed_checkpoint_selection/V5_P2_B3_SEED_AND_CHECKPOINT_SELECTION_LOCK.json	1388	2026-07-26T08:03:50.6738742370
/home/zira/research/projects/GNN-2d/reports/v5/p2_b3_seed_checkpoint_selection/V5_P2_B3_SELECTED_CHECKPOINT_MANIFEST.json	6201	2026-07-26T08:03:50.6728741690
/home/zira/research/projects/GNN-2d/reports/v5/p2_b4_validation_threshold_tuning/V5_P2_B4_ATTACK_THRESHOLD_SWEEP.csv	20999	2026-07-26T08:12:30.5459750960
/home/zira/research/projects/GNN-2d/reports/v5/p2_b4_validation_threshold_tuning/V5_P2_B4_FROZEN_THRESHOLD_MANIFEST.json	6900	2026-07-26T08:12:30.6199785890
/home/zira/research/projects/GNN-2d/reports/v5/p2_b4_validation_threshold_tuning/V5_P2_B4_PATH_THRESHOLD_SWEEP.csv	34564	2026-07-26T08:12:30.5509753320
/home/zira/research/projects/GNN-2d/reports/v5/p2_b4_validation_threshold_tuning/V5_P2_B4_SOURCE_THRESHOLD_SWEEP.csv	34587	2026-07-26T08:12:30.5469751430
/home/zira/research/projects/GNN-2d/reports/v5/p2_b4_validation_threshold_tuning/V5_P2_B4_TRANSIT_THRESHOLD_SWEEP.csv	34881	2026-07-26T08:12:30.5489752370
/home/zira/research/projects/GNN-2d/reports/v5/p2_b4_validation_threshold_tuning/V5_P2_B4_VALIDATION_PREDICTION_CACHE.npz	3137623	2026-07-26T08:12:30.5449750480
/home/zira/research/projects/GNN-2d/reports/v5/p2_b4_validation_threshold_tuning/V5_P2_B4_VALIDATION_THRESHOLD_TUNING_COMPLETE	46	2026-07-26T08:12:30.6239787780
/home/zira/research/projects/GNN-2d/reports/v5/p2_b4_validation_threshold_tuning/V5_P2_B4_VALIDATION_THRESHOLD_TUNING.json	10764	2026-07-26T08:12:30.6219786840
/home/zira/research/projects/GNN-2d/reports/v5/p2_b4_validation_threshold_tuning/V5_P2_B4_VALIDATION_THRESHOLD_TUNING_LOCK.json	1270	2026-07-26T08:12:30.6239787780
/home/zira/research/projects/GNN-2d/reports/v5/p2_b4_validation_threshold_tuning/V5_P2_B4_VICTIM_THRESHOLD_SWEEP.csv	34518	2026-07-26T08:12:30.5499752840
/home/zira/research/projects/GNN-2d/reports/v5/p2_b5_one_shot_test_authorization/V5_P2_B5_ONE_SHOT_TEST_AUTHORIZATION_COMPLETE	46	2026-07-26T08:17:23.5249726780
/home/zira/research/projects/GNN-2d/reports/v5/p2_b5_one_shot_test_authorization/V5_P2_B5_ONE_SHOT_TEST_AUTHORIZATION_CONSUMED.json	605	2026-07-26T08:28:38.3663035430
/home/zira/research/projects/GNN-2d/reports/v5/p2_b5_one_shot_test_authorization/V5_P2_B5_ONE_SHOT_TEST_AUTHORIZATION.json	3965	2026-07-26T08:17:23.5239726370
/home/zira/research/projects/GNN-2d/reports/v5/p2_b5_one_shot_test_authorization/V5_P2_B5_ONE_SHOT_TEST_AUTHORIZATION_LOCK.json	1301	2026-07-26T08:17:23.5239726370
/home/zira/research/projects/GNN-2d/reports/v5/p2_b5_one_shot_test_authorization/V5_P2_B5_ONE_SHOT_TEST_AUTHORIZATION_TOKEN.json	2009	2026-07-26T08:17:23.5239726370
/home/zira/research/projects/GNN-2d/reports/v5/p2_b5_one_shot_test_authorization/V5_P2_B5_ONE_SHOT_TEST_CONSUMPTION_COMPLETE.json	644	2026-07-26T08:28:44.9635480920
/home/zira/research/projects/GNN-2d/reports/v5/p2_b6_one_shot_test_evaluation/V5_P2_B6_LOCKED_TEST_PREDICTIONS_AND_TARGETS.npz	2954211	2026-07-26T08:28:44.9575478700
/home/zira/research/projects/GNN-2d/reports/v5/p2_b6_one_shot_test_evaluation/V5_P2_B6_ONE_SHOT_TEST_EVALUATION_COMPLETE	43	2026-07-26T08:28:44.9615480180
/home/zira/research/projects/GNN-2d/reports/v5/p2_b6_one_shot_test_evaluation/V5_P2_B6_ONE_SHOT_TEST_EVALUATION.json	12562	2026-07-26T08:28:44.9605479810
/home/zira/research/projects/GNN-2d/reports/v5/p2_b6_one_shot_test_evaluation/V5_P2_B6_ONE_SHOT_TEST_EVALUATION_LOCK.json	1479	2026-07-26T08:28:44.9615480180
/home/zira/research/projects/GNN-2d/reports/v5/p2_b6_one_shot_test_evaluation/V5_P2_B6_ONE_SHOT_TEST_EVALUATION_TEST_ACCESS_STARTED	54	2026-07-26T08:28:38.3723037660
/home/zira/research/projects/GNN-2d/reports/v5/p2_b6_one_shot_test_evaluation/V5_P2_B6_ONE_SHOT_TEST_EVALUATION_TEST_ACCESS_STARTED.json	739	2026-07-26T08:28:38.3723037660
/home/zira/research/projects/GNN-2d/reports/v5/p2_b6_one_shot_test_evaluation/V5_P2_B6_TEST_PAIR_WINDOW_MANIFEST.csv	2873	2026-07-26T08:28:44.9585479070
/home/zira/research/projects/GNN-2d/reports/v5/p2_c0_frozen_test_cache_failure_analysis/V5_P2_C0_CONSECUTIVE_GRAPH_ERROR_EPISODES.csv	10998	2026-07-26T13:07:17.0036494830
/home/zira/research/projects/GNN-2d/reports/v5/p2_c0_frozen_test_cache_failure_analysis/V5_P2_C0_FROZEN_CACHE_FAILURE_ANALYSIS.md	1765	2026-07-26T13:07:17.0276503370
/home/zira/research/projects/GNN-2d/reports/v5/p2_c0_frozen_test_cache_failure_analysis/V5_P2_C0_FROZEN_TEST_CACHE_FAILURE_ANALYSIS_COMPLETE	53	2026-07-26T13:07:17.0316504800
/home/zira/research/projects/GNN-2d/reports/v5/p2_c0_frozen_test_cache_failure_analysis/V5_P2_C0_FROZEN_TEST_CACHE_FAILURE_ANALYSIS.json	88713	2026-07-26T13:07:17.0266503020
/home/zira/research/projects/GNN-2d/reports/v5/p2_c0_frozen_test_cache_failure_analysis/V5_P2_C0_FROZEN_TEST_CACHE_FAILURE_ANALYSIS_LOCK.json	1460	2026-07-26T13:07:17.0316504800
/home/zira/research/projects/GNN-2d/reports/v5/p2_c0_frozen_test_cache_failure_analysis/V5_P2_C0_GRAPH_ERROR_WINDOWS.csv	342490	2026-07-26T13:07:16.9986493050
/home/zira/research/projects/GNN-2d/reports/v5/p2_c0_frozen_test_cache_failure_analysis/V5_P2_C0_GRAPH_SCORE_DISTRIBUTIONS.json	2739	2026-07-26T13:07:17.0166499460
/home/zira/research/projects/GNN-2d/reports/v5/p2_c0_frozen_test_cache_failure_analysis/V5_P2_C0_K1_K2_K3_K4_ATTACK_SUMMARY.csv	1277	2026-07-26T13:07:17.0046495190
/home/zira/research/projects/GNN-2d/reports/v5/p2_c0_frozen_test_cache_failure_analysis/V5_P2_C0_PER_NODE_ROLE_METRICS.csv	10875	2026-07-26T13:07:17.0116497680
/home/zira/research/projects/GNN-2d/reports/v5/p2_c0_frozen_test_cache_failure_analysis/V5_P2_C0_PER_PAIR_FAILURE_SUMMARY.csv	32496	2026-07-26T13:07:16.8986457440
/home/zira/research/projects/GNN-2d/reports/v5/p2_c0_frozen_test_cache_failure_analysis/V5_P2_FINAL_B6_ARTIFACT_HASH_ARCHIVE.csv	1035	2026-07-26T13:07:16.8026423260
/home/zira/research/projects/GNN-2d/reports/v5/p2_c1_scenario_root_cause_interpretation/V5_P2_C1_PAIR_KEY_TOKEN_ENRICHMENT.csv	1787	2026-07-26T13:14:37.4332841190
/home/zira/research/projects/GNN-2d/reports/v5/p2_c1_scenario_root_cause_interpretation/V5_P2_C1_RANKED_HARD_PAIR_CATEGORIES.csv	7445	2026-07-26T13:14:37.4352841900
/home/zira/research/projects/GNN-2d/reports/v5/p2_c1_scenario_root_cause_interpretation/V5_P2_C1_RANKED_NODE_ROLE_BOTTLENECKS.csv	6947	2026-07-26T13:14:37.4342841550
/home/zira/research/projects/GNN-2d/reports/v5/p2_c1_scenario_root_cause_interpretation/V5_P2_C1_SCENARIO_AND_ROOT_CAUSE_INTERPRETATION_COMPLETE	57	2026-07-26T13:14:37.4372842610
/home/zira/research/projects/GNN-2d/reports/v5/p2_c1_scenario_root_cause_interpretation/V5_P2_C1_SCENARIO_AND_ROOT_CAUSE_INTERPRETATION.json	21570	2026-07-26T13:14:37.4372842610
/home/zira/research/projects/GNN-2d/reports/v5/p2_c1_scenario_root_cause_interpretation/V5_P2_C1_SCENARIO_AND_ROOT_CAUSE_INTERPRETATION_LOCK.json	1350	2026-07-26T13:14:37.4372842610
/home/zira/research/projects/GNN-2d/reports/v5/p2_c1_scenario_root_cause_interpretation/V5_P2_C1_SCENARIO_ROOT_CAUSE_INTERPRETATION.md	2105	2026-07-26T13:14:37.4372842610
/home/zira/research/projects/GNN-2d/reports/v5/p2_c2a_legal_noc_decoder_amendment/V5_P2_C2A_DECODER_STAGE_PLAN.json	1930	2026-07-26T14:11:44.6825336270
/home/zira/research/projects/GNN-2d/reports/v5/p2_c2a_legal_noc_decoder_amendment/V5_P2_C2A_LEGAL_NOC_DECODER_AMENDMENT_COMPLETE	47	2026-07-26T14:11:44.6825336270
/home/zira/research/projects/GNN-2d/reports/v5/p2_c2a_legal_noc_decoder_amendment/V5_P2_C2A_LEGAL_NOC_DECODER_AMENDMENT.json	3148	2026-07-26T14:11:44.6815336380
/home/zira/research/projects/GNN-2d/reports/v5/p2_c2a_legal_noc_decoder_amendment/V5_P2_C2A_LEGAL_NOC_DECODER_AMENDMENT_LOCK.json	1494	2026-07-26T14:11:44.6825336270
/home/zira/research/projects/GNN-2d/reports/v5/p2_c2a_legal_noc_decoder_amendment/V5_P2_C2A_LEGAL_NOC_DECODER_AMENDMENT.md	1449	2026-07-26T14:11:44.6825336270
/home/zira/research/projects/GNN-2d/reports/v5/p2_c2a_legal_noc_decoder_amendment/V5_P2_C2A_P2_VS_V6_EVALUATION_POLICY.json	1165	2026-07-26T14:11:44.6825336270
/home/zira/research/projects/GNN-2d/reports/v5/p2_c2_next_dataset_model_revision_contract/V5_P2_C2_NEXT_DATASET_AND_MODEL_REVISION_CONTRACT_COMPLETE	59	2026-07-26T13:20:07.3009556010
/home/zira/research/projects/GNN-2d/reports/v5/p2_c2_next_dataset_model_revision_contract/V5_P2_C2_NEXT_DATASET_AND_MODEL_REVISION_CONTRACT.json	13216	2026-07-26T13:20:07.3009556010
/home/zira/research/projects/GNN-2d/reports/v5/p2_c2_next_dataset_model_revision_contract/V5_P2_C2_NEXT_DATASET_AND_MODEL_REVISION_CONTRACT_LOCK.json	1593	2026-07-26T13:20:07.3009556010
/home/zira/research/projects/GNN-2d/reports/v5/p2_c2_next_dataset_model_revision_contract/V5_P2_C2_NEXT_DATASET_AND_MODEL_REVISION_CONTRACT.md	2268	2026-07-26T13:20:07.2999555660
/home/zira/research/projects/GNN-2d/reports/v5/p2_e0a_r1_markdown_rendering_correction/V5_P2_E0A_R1_CORRECTED_HUMAN_READABLE_BOUNDARY.md	1778	2026-07-28T01:42:20.7594229170
/home/zira/research/projects/GNN-2d/reports/v5/p2_e0a_r1_markdown_rendering_correction/V5_P2_E0A_R1_MARKDOWN_RENDERING_CORRECTION_COMPLETE	420	2026-07-28T01:42:20.7594229170
/home/zira/research/projects/GNN-2d/reports/v5/p2_e0a_r1_markdown_rendering_correction/V5_P2_E0A_R1_MARKDOWN_RENDERING_CORRECTION.json	2387	2026-07-28T01:42:20.7594229170
/home/zira/research/projects/GNN-2d/reports/v5/p2_e0a_r1_markdown_rendering_correction/V5_P2_E0A_R1_MARKDOWN_RENDERING_CORRECTION_SHA256SUMS.txt	1452	2026-07-28T01:42:20.7594229170
/home/zira/research/projects/GNN-2d/reports/v5/p2_e0a_raw_head_structured_decoder_boundary/V5_P2_E0A_PRETEST_SYSTEM_AND_STAGE_ORDER.json	1569	2026-07-28T01:30:03.7046331460
/home/zira/research/projects/GNN-2d/reports/v5/p2_e0a_raw_head_structured_decoder_boundary/V5_P2_E0A_RAW_HEAD_STRUCTURED_DECODER_BOUNDARY_COMPLETE	811	2026-07-28T01:30:03.7046331460
/home/zira/research/projects/GNN-2d/reports/v5/p2_e0a_raw_head_structured_decoder_boundary/V5_P2_E0A_RAW_HEAD_STRUCTURED_DECODER_BOUNDARY.json	7237	2026-07-28T01:30:03.7046331460
/home/zira/research/projects/GNN-2d/reports/v5/p2_e0a_raw_head_structured_decoder_boundary/V5_P2_E0A_RAW_HEAD_STRUCTURED_DECODER_BOUNDARY_LOCK.json	1109	2026-07-28T01:30:03.7046331460
/home/zira/research/projects/GNN-2d/reports/v5/p2_e0a_raw_head_structured_decoder_boundary/V5_P2_E0A_RAW_HEAD_STRUCTURED_DECODER_BOUNDARY.md	2213	2026-07-28T01:30:03.7046331460
/home/zira/research/projects/GNN-2d/reports/v5/p2_e0a_raw_head_structured_decoder_boundary/V5_P2_E0A_RAW_HEAD_STRUCTURED_DECODER_BOUNDARY_SHA256SUMS.txt	2239	2026-07-28T01:30:03.7066329120
/home/zira/research/projects/GNN-2d/reports/v5/p2_e0_validation_threshold_protocol_lock/V5_P2_E0_VALIDATION_THRESHOLD_PROTOCOL_LOCK_COMPLETE	447	2026-07-28T01:04:37.5839837290
/home/zira/research/projects/GNN-2d/reports/v5/p2_e0_validation_threshold_protocol_lock/V5_P2_E0_VALIDATION_THRESHOLD_PROTOCOL_LOCK.json	5966	2026-07-28T01:04:37.5839837290
/home/zira/research/projects/GNN-2d/reports/v5/p2_e0_validation_threshold_protocol_lock/V5_P2_E0_VALIDATION_THRESHOLD_PROTOCOL_LOCK.md	1959	2026-07-28T01:04:37.5839837290
/home/zira/research/projects/GNN-2d/reports/v5/p2_e0_validation_threshold_protocol_lock/V5_P2_E0_VALIDATION_THRESHOLD_PROTOCOL_LOCK_SHA256SUMS.txt	1193	2026-07-28T01:04:37.5849837480
/home/zira/research/projects/GNN-2d/reports/v5/p2_e1_immutable_validation_logit_export/V5_P2_E1_IMMUTABLE_VALIDATION_LOGIT_EXPORT_COMPLETE	688	2026-07-28T04:26:25.9244155680
/home/zira/research/projects/GNN-2d/reports/v5/p2_e1_immutable_validation_logit_export/V5_P2_E1_IMMUTABLE_VALIDATION_LOGIT_EXPORT.json	7899	2026-07-28T04:26:25.9244155680
/home/zira/research/projects/GNN-2d/reports/v5/p2_e1_immutable_validation_logit_export/V5_P2_E1_IMMUTABLE_VALIDATION_LOGIT_EXPORT_LOCK.json	771	2026-07-28T04:26:25.9244155680
/home/zira/research/projects/GNN-2d/reports/v5/p2_e1_immutable_validation_logit_export/V5_P2_E1_IMMUTABLE_VALIDATION_LOGIT_EXPORT.md	1726	2026-07-28T04:26:25.9244155680
/home/zira/research/projects/GNN-2d/reports/v5/p2_e1_immutable_validation_logit_export/V5_P2_E1_IMMUTABLE_VALIDATION_LOGIT_EXPORT_SHA256SUMS.txt	6351	2026-07-28T04:26:25.9304158140
/home/zira/research/projects/GNN-2d/reports/v5/p2_e1_p0_validation_export_interface_preflight/V5_P2_E1_P0_VALIDATION_EXPORT_INTERFACE_PREFLIGHT_COMPLETE	483	2026-07-28T04:10:34.5278886640
/home/zira/research/projects/GNN-2d/reports/v5/p2_e1_p0_validation_export_interface_preflight/V5_P2_E1_P0_VALIDATION_EXPORT_INTERFACE_PREFLIGHT.json	223318	2026-07-28T04:10:34.5258886060
/home/zira/research/projects/GNN-2d/reports/v5/p2_e1_p0_validation_export_interface_preflight/V5_P2_E1_P0_VALIDATION_EXPORT_INTERFACE_PREFLIGHT.md	126965	2026-07-28T04:10:34.5278886640
/home/zira/research/projects/GNN-2d/reports/v5/p2_e1_p0_validation_export_interface_preflight/V5_P2_E1_P0_VALIDATION_EXPORT_INTERFACE_PREFLIGHT_SHA256SUMS.txt	3084	2026-07-28T04:10:34.5288886940
/home/zira/research/projects/GNN-2d/reports/v5/p2_e1_p1_compact_interface_resolution/V5_P2_E1_P1_COMPACT_INTERFACE_RESOLUTION_COMPLETE	579	2026-07-28T04:14:48.0571267280
/home/zira/research/projects/GNN-2d/reports/v5/p2_e1_p1_compact_interface_resolution/V5_P2_E1_P1_COMPACT_INTERFACE_RESOLUTION.json	269161	2026-07-28T04:14:48.0561267000
/home/zira/research/projects/GNN-2d/reports/v5/p2_e1_p1_compact_interface_resolution/V5_P2_E1_P1_COMPACT_INTERFACE_RESOLUTION.md	169280	2026-07-28T04:14:48.0571267280
/home/zira/research/projects/GNN-2d/reports/v5/p2_e1_p1_compact_interface_resolution/V5_P2_E1_P1_COMPACT_INTERFACE_RESOLUTION_SHA256SUMS.txt	2295	2026-07-28T04:14:48.0581267560
/home/zira/research/projects/GNN-2d/reports/v5/p2_e1_p2_exact_source_interface_resolution/V5_P2_E1_P2_EXACT_SOURCE_INTERFACE_RESOLUTION_COMPLETE	665	2026-07-28T04:20:02.8517670050
/home/zira/research/projects/GNN-2d/reports/v5/p2_e1_p2_exact_source_interface_resolution/V5_P2_E1_P2_EXACT_SOURCE_INTERFACE_RESOLUTION.json	54812	2026-07-28T04:20:02.8517670050
/home/zira/research/projects/GNN-2d/reports/v5/p2_e1_p2_exact_source_interface_resolution/V5_P2_E1_P2_EXACT_SOURCE_INTERFACE_RESOLUTION.md	30383	2026-07-28T04:20:02.8517670050
/home/zira/research/projects/GNN-2d/reports/v5/p2_e1_p2_exact_source_interface_resolution/V5_P2_E1_P2_EXACT_SOURCE_INTERFACE_RESOLUTION_SHA256SUMS.txt	2795	2026-07-28T04:20:02.8527670320
/home/zira/research/projects/GNN-2d/reports/v5/p2_e1_p2_r1_alias_and_identity_resolution/V5_P2_E1_P2_R1_ALIAS_AND_IDENTITY_RESOLUTION_COMPLETE	534	2026-07-28T04:25:56.8312165310
/home/zira/research/projects/GNN-2d/reports/v5/p2_e1_p2_r1_alias_and_identity_resolution/V5_P2_E1_P2_R1_ALIAS_AND_IDENTITY_RESOLUTION.json	2091	2026-07-28T04:25:56.8312165310
/home/zira/research/projects/GNN-2d/reports/v5/p2_e1_p2_r1_alias_and_identity_resolution/V5_P2_E1_P2_R1_ALIAS_AND_IDENTITY_RESOLUTION.md	910	2026-07-28T04:25:56.8312165310
/home/zira/research/projects/GNN-2d/reports/v5/p2_e1_p2_r1_alias_and_identity_resolution/V5_P2_E1_P2_R1_ALIAS_AND_IDENTITY_RESOLUTION_SHA256SUMS.txt	1382	2026-07-28T04:25:56.8312165310
/home/zira/research/projects/GNN-2d/reports/v5/p2_e2_raw_threshold_freeze/V5_P2_E2_RAW_THRESHOLD_FREEZE_COMPLETE	556	2026-07-28T04:36:00.9584731520
/home/zira/research/projects/GNN-2d/reports/v5/p2_e2_raw_threshold_freeze/V5_P2_E2_RAW_THRESHOLD_FREEZE.json	17665	2026-07-28T04:36:00.9584731520
/home/zira/research/projects/GNN-2d/reports/v5/p2_e2_raw_threshold_freeze/V5_P2_E2_RAW_THRESHOLD_FREEZE_LOCK.json	859	2026-07-28T04:36:00.9584731520
/home/zira/research/projects/GNN-2d/reports/v5/p2_e2_raw_threshold_freeze/V5_P2_E2_RAW_THRESHOLD_FREEZE.md	1420	2026-07-28T04:36:00.9584731520
/home/zira/research/projects/GNN-2d/reports/v5/p2_e2_raw_threshold_freeze/V5_P2_E2_RAW_THRESHOLD_FREEZE_SHA256SUMS.txt	7168	2026-07-28T04:36:00.9654733880
/home/zira/research/projects/GNN-2d/reports/v5/p2_final_f0_irreversible_failure_disposition/V5_P2_FINAL_F0_IRREVERSIBLE_FAILURE_DISPOSITION_COMPLETE	577	2026-07-30T04:29:20.8237160360
/home/zira/research/projects/GNN-2d/reports/v5/p2_final_f0_irreversible_failure_disposition/V5_P2_FINAL_F0_IRREVERSIBLE_FAILURE_DISPOSITION.json	6999	2026-07-30T04:29:20.8237160360
/home/zira/research/projects/GNN-2d/reports/v5/p2_final_f0_irreversible_failure_disposition/V5_P2_FINAL_F0_IRREVERSIBLE_FAILURE_DISPOSITION_LOCK.json	635	2026-07-30T04:29:20.8237160360
/home/zira/research/projects/GNN-2d/reports/v5/p2_final_f0_irreversible_failure_disposition/V5_P2_FINAL_F0_IRREVERSIBLE_FAILURE_DISPOSITION.md	1521	2026-07-30T04:29:20.8237160360
/home/zira/research/projects/GNN-2d/reports/v5/p2_final_f0_irreversible_failure_disposition/V5_P2_FINAL_F0_IRREVERSIBLE_FAILURE_DISPOSITION_SHA256SUMS.txt	3103	2026-07-30T04:29:20.8247160620
/home/zira/research/projects/GNN-2d/reports/v5/p2_final_no_data_preflight_and_authorization/V5_P2_FINAL_NO_DATA_PREFLIGHT_AND_AUTHORIZATION_COMPLETE	650	2026-07-30T04:11:31.1963451010
/home/zira/research/projects/GNN-2d/reports/v5/p2_final_no_data_preflight_and_authorization/V5_P2_FINAL_NO_DATA_PREFLIGHT_AND_AUTHORIZATION.json	4945	2026-07-30T04:11:31.1963451010
/home/zira/research/projects/GNN-2d/reports/v5/p2_final_no_data_preflight_and_authorization/V5_P2_FINAL_NO_DATA_PREFLIGHT_AND_AUTHORIZATION_LOCK.json	1375	2026-07-30T04:11:31.1963451010
/home/zira/research/projects/GNN-2d/reports/v5/p2_final_no_data_preflight_and_authorization/V5_P2_FINAL_NO_DATA_PREFLIGHT_AND_AUTHORIZATION.md	2044	2026-07-30T04:11:31.1963451010
/home/zira/research/projects/GNN-2d/reports/v5/p2_final_no_data_preflight_and_authorization/V5_P2_FINAL_NO_DATA_PREFLIGHT_AND_AUTHORIZATION_SHA256SUMS.txt	6446	2026-07-30T04:11:31.1973451180
/home/zira/research/projects/GNN-2d/reports/v5/p2_final_raw_a0_a1_one_shot_blind_evaluation/V5_P2_FINAL_RAW_A0_A1_ONE_SHOT_BLIND_EVALUATION_IRREVERSIBLE_FAILURE	69	2026-07-30T04:13:00.7969083510
/home/zira/research/projects/GNN-2d/reports/v5/p2_final_raw_a0_a1_one_shot_blind_evaluation/V5_P2_FINAL_RAW_A0_A1_ONE_SHOT_BLIND_EVALUATION_IRREVERSIBLE_FAILURE.json	925	2026-07-30T04:13:00.7969083510
/home/zira/research/projects/GNN-2d/reports/v5/p2_final_raw_a0_a1_one_shot_blind_evaluation/V5_P2_FINAL_RAW_A0_A1_ONE_SHOT_BLIND_EVALUATION_TEST_ACCESS_STARTED	735	2026-07-30T04:13:00.7929082780
/home/zira/research/projects/GNN-2d/reports/v5/p2_g0_graph_baseline_rtl_handoff_protocol/V5_P2_G0_GRAPH_BASELINE_AND_RTL_HANDOFF_PROTOCOL_COMPLETE	58	2026-07-26T14:40:19.1542731950
/home/zira/research/projects/GNN-2d/reports/v5/p2_g0_graph_baseline_rtl_handoff_protocol/V5_P2_G0_GRAPH_BASELINE_AND_RTL_HANDOFF_PROTOCOL.json	2753	2026-07-26T14:40:19.1532731670
/home/zira/research/projects/GNN-2d/reports/v5/p2_g0_graph_baseline_rtl_handoff_protocol/V5_P2_G0_GRAPH_BASELINE_AND_RTL_HANDOFF_PROTOCOL_LOCK.json	2764	2026-07-26T14:40:19.1532731670
/home/zira/research/projects/GNN-2d/reports/v5/p2_g0_graph_baseline_rtl_handoff_protocol/V5_P2_G0_GRAPH_BASELINE_AND_RTL_HANDOFF_PROTOCOL.md	1667	2026-07-26T14:40:19.1532731670
/home/zira/research/projects/GNN-2d/reports/v5/p2_g0_graph_baseline_rtl_handoff_protocol/V5_P2_G0_GRAPH_OPERATOR_CONTRACTS.json	1985	2026-07-26T14:40:19.1532731670
/home/zira/research/projects/GNN-2d/reports/v5/p2_g0_graph_baseline_rtl_handoff_protocol/V5_P2_G0_P2_TEST_ACCESS_POLICY.json	1108	2026-07-26T14:40:19.1532731670
/home/zira/research/projects/GNN-2d/reports/v5/p2_g0_graph_baseline_rtl_handoff_protocol/V5_P2_G0_RTL_HANDOFF_REQUIREMENTS.json	2822	2026-07-26T14:40:19.1532731670
/home/zira/research/projects/GNN-2d/reports/v5/p2_g0_graph_baseline_rtl_handoff_protocol/V5_P2_G0_STAGE_PLAN.json	1759	2026-07-26T14:40:19.1532731670
/home/zira/research/projects/GNN-2d/reports/v5/p2_g0_graph_baseline_rtl_handoff_protocol/V5_P2_G0_STOP_GO_CRITERIA.json	1701	2026-07-26T14:40:19.1532731670
/home/zira/research/projects/GNN-2d/reports/v5/p2_g0_graph_baseline_rtl_handoff_protocol/V5_P2_G0_TASK_AND_MODEL_MATRIX.json	3072	2026-07-26T14:40:19.1532731670
/home/zira/research/projects/GNN-2d/reports/v5/p2_g0_graph_baseline_rtl_handoff_protocol/V5_P2_G0_TRAINING_SELECTION_AND_SEED_POLICY.json	3189	2026-07-26T14:40:19.1532731670
/home/zira/research/projects/GNN-2d/reports/v5/p2_g123_graph_operator_promotion/V5_P2_G123_GRAPH_OPERATOR_PROMOTION_COMPLETE	45	2026-07-27T15:57:40.0056921640
/home/zira/research/projects/GNN-2d/reports/v5/p2_g123_graph_operator_promotion/V5_P2_G123_GRAPH_OPERATOR_PROMOTION.json	3605	2026-07-27T15:57:40.0046921400
/home/zira/research/projects/GNN-2d/reports/v5/p2_g123_graph_operator_promotion/V5_P2_G123_GRAPH_OPERATOR_PROMOTION_LOCK.json	633	2026-07-27T15:57:40.0056921640
/home/zira/research/projects/GNN-2d/reports/v5/p2_g1a_r1_source_only_graph_baseline_preflight/V5_P2_G1A_R1_SOURCE_ONLY_GRAPH_BASELINE_PREFLIGHT_HOLD	55	2026-07-26T14:58:52.3979367920
/home/zira/research/projects/GNN-2d/reports/v5/p2_g1a_r1_source_only_graph_baseline_preflight/V5_P2_G1A_R1_SOURCE_ONLY_GRAPH_BASELINE_PREFLIGHT.json	9275	2026-07-26T14:58:52.3979367920
/home/zira/research/projects/GNN-2d/reports/v5/p2_g1a_r1_source_only_graph_baseline_preflight/V5_P2_G1A_R1_SOURCE_ONLY_GRAPH_BASELINE_PREFLIGHT_LOCK.json	1196	2026-07-26T14:58:52.3979367920
/home/zira/research/projects/GNN-2d/reports/v5/p2_g1a_r1_source_only_graph_baseline_preflight/V5_P2_G1A_R1_SOURCE_ONLY_GRAPH_BASELINE_PREFLIGHT.md	735	2026-07-26T14:58:52.3979367920
/home/zira/research/projects/GNN-2d/reports/v5/p2_g1a_r2a_canonical_static_topology_contract/V5_P2_G1A_R2A_CANONICAL_ADJACENCY_MATRIX.npy	384	2026-07-26T15:15:41.5581913660
/home/zira/research/projects/GNN-2d/reports/v5/p2_g1a_r2a_canonical_static_topology_contract/V5_P2_G1A_R2A_CANONICAL_NEIGHBOR_TABLE.json	570	2026-07-26T15:15:41.5581913660
/home/zira/research/projects/GNN-2d/reports/v5/p2_g1a_r2a_canonical_static_topology_contract/V5_P2_G1A_R2A_CANONICAL_STATIC_EDGE_INDEX.npy	896	2026-07-26T15:15:41.5581913660
/home/zira/research/projects/GNN-2d/reports/v5/p2_g1a_r2a_canonical_static_topology_contract/V5_P2_G1A_R2A_CANONICAL_STATIC_TOPOLOGY_CONTRACT_COMPLETE	58	2026-07-26T15:15:41.5591914770
/home/zira/research/projects/GNN-2d/reports/v5/p2_g1a_r2a_canonical_static_topology_contract/V5_P2_G1A_R2A_CANONICAL_STATIC_TOPOLOGY_CONTRACT.json	68695	2026-07-26T15:15:41.5591914770
/home/zira/research/projects/GNN-2d/reports/v5/p2_g1a_r2a_canonical_static_topology_contract/V5_P2_G1A_R2A_CANONICAL_STATIC_TOPOLOGY_CONTRACT_LOCK.json	1301	2026-07-26T15:15:41.5591914770
/home/zira/research/projects/GNN-2d/reports/v5/p2_g1a_r2a_canonical_static_topology_contract/V5_P2_G1A_R2A_CANONICAL_STATIC_TOPOLOGY_CONTRACT.md	803	2026-07-26T15:15:41.5591914770
/home/zira/research/projects/GNN-2d/reports/v5/p2_g1a_r2a_canonical_static_topology_contract/V5_P2_G1A_R2A_ROUTER_COORDINATES_ROW_MAJOR.npy	384	2026-07-26T15:15:41.5581913660
/home/zira/research/projects/GNN-2d/reports/v5/p2_g1a_r2_static_edge_index_resolution/V5_P2_G1A_R2_STATIC_EDGE_INDEX_RESOLUTION_HOLD	47	2026-07-26T15:06:14.1746822760
/home/zira/research/projects/GNN-2d/reports/v5/p2_g1a_r2_static_edge_index_resolution/V5_P2_G1A_R2_STATIC_EDGE_INDEX_RESOLUTION.json	2114	2026-07-26T15:06:14.1746822760
/home/zira/research/projects/GNN-2d/reports/v5/p2_g1a_r2_static_edge_index_resolution/V5_P2_G1A_R2_STATIC_EDGE_INDEX_RESOLUTION_LOCK.json	995	2026-07-26T15:06:14.1746822760
/home/zira/research/projects/GNN-2d/reports/v5/p2_g1a_r2_static_edge_index_resolution/V5_P2_G1A_R2_STATIC_EDGE_INDEX_RESOLUTION.md	807	2026-07-26T15:06:14.1746822760
/home/zira/research/projects/GNN-2d/reports/v5/p2_g1a_source_only_graph_baseline_preflight_HOLD_20260726_145231/V5_P2_G1A_SOURCE_ONLY_GRAPH_BASELINE_PREFLIGHT_HOLD	52	2026-07-26T14:47:35.4601354380
/home/zira/research/projects/GNN-2d/reports/v5/p2_g1a_source_only_graph_baseline_preflight_HOLD_20260726_145231/V5_P2_G1A_SOURCE_ONLY_GRAPH_BASELINE_PREFLIGHT.json	6001	2026-07-26T14:47:35.4601354380
/home/zira/research/projects/GNN-2d/reports/v5/p2_g1a_source_only_graph_baseline_preflight_HOLD_20260726_145231/V5_P2_G1A_SOURCE_ONLY_GRAPH_BASELINE_PREFLIGHT_LOCK.json	935	2026-07-26T14:47:35.4601354380
/home/zira/research/projects/GNN-2d/reports/v5/p2_g1a_source_only_graph_baseline_preflight_HOLD_20260726_145231/V5_P2_G1A_SOURCE_ONLY_GRAPH_BASELINE_PREFLIGHT.md	610	2026-07-26T14:47:35.4601354380
/home/zira/research/projects/GNN-2d/reports/v5/p2_g1a_source_only_graph_baseline_preflight/V5_P2_G1A_SOURCE_ONLY_GRAPH_BASELINE_PREFLIGHT_HOLD	52	2026-07-26T14:52:38.5033786920
/home/zira/research/projects/GNN-2d/reports/v5/p2_g1a_source_only_graph_baseline_preflight/V5_P2_G1A_SOURCE_ONLY_GRAPH_BASELINE_PREFLIGHT.json	7727	2026-07-26T14:52:38.5033786920
/home/zira/research/projects/GNN-2d/reports/v5/p2_g1a_source_only_graph_baseline_preflight/V5_P2_G1A_SOURCE_ONLY_GRAPH_BASELINE_PREFLIGHT_LOCK.json	935	2026-07-26T14:52:38.5033786920
/home/zira/research/projects/GNN-2d/reports/v5/p2_g1a_source_only_graph_baseline_preflight/V5_P2_G1A_SOURCE_ONLY_GRAPH_BASELINE_PREFLIGHT.md	617	2026-07-26T14:52:38.5033786920
/home/zira/research/projects/GNN-2d/reports/v5/p2_g1b_r1_source_only_graph_implementation_smoke/V5_P2_G1B_R1_SOURCE_ONLY_GRAPH_IMPLEMENTATION_SMOKE_HOLD	57	2026-07-26T15:38:44.4859756720
/home/zira/research/projects/GNN-2d/reports/v5/p2_g1b_r1_source_only_graph_implementation_smoke/V5_P2_G1B_R1_SOURCE_ONLY_GRAPH_IMPLEMENTATION_SMOKE.json	1371	2026-07-26T15:38:44.4849756240
/home/zira/research/projects/GNN-2d/reports/v5/p2_g1b_r1_source_only_graph_implementation_smoke/V5_P2_G1B_R1_SOURCE_ONLY_GRAPH_IMPLEMENTATION_SMOKE_LOCK.json	1252	2026-07-26T15:38:44.4859756720
/home/zira/research/projects/GNN-2d/reports/v5/p2_g1b_r1_source_only_graph_implementation_smoke/V5_P2_G1B_R1_SOURCE_ONLY_GRAPH_IMPLEMENTATION_SMOKE.md	526	2026-07-26T15:38:44.4849756240
/home/zira/research/projects/GNN-2d/reports/v5/p2_g1b_r2_source_only_graph_implementation_smoke/V5_P2_G1B_R2_SOURCE_ONLY_GRAPH_IMPLEMENTATION_SMOKE_HOLD	57	2026-07-26T15:42:48.1915281260
/home/zira/research/projects/GNN-2d/reports/v5/p2_g1b_r2_source_only_graph_implementation_smoke/V5_P2_G1B_R2_SOURCE_ONLY_GRAPH_IMPLEMENTATION_SMOKE.json	1418	2026-07-26T15:42:48.1915281260
/home/zira/research/projects/GNN-2d/reports/v5/p2_g1b_r2_source_only_graph_implementation_smoke/V5_P2_G1B_R2_SOURCE_ONLY_GRAPH_IMPLEMENTATION_SMOKE_LOCK.json	1406	2026-07-26T15:42:48.1915281260
/home/zira/research/projects/GNN-2d/reports/v5/p2_g1b_r2_source_only_graph_implementation_smoke/V5_P2_G1B_R2_SOURCE_ONLY_GRAPH_IMPLEMENTATION_SMOKE.md	529	2026-07-26T15:42:48.1915281260
/home/zira/research/projects/GNN-2d/reports/v5/p2_g1b_r3_source_only_graph_implementation_smoke/V5_P2_G1B_R3_SOURCE_ONLY_GRAPH_IMPLEMENTATION_SMOKE_HOLD	57	2026-07-26T15:50:42.8839255200
/home/zira/research/projects/GNN-2d/reports/v5/p2_g1b_r3_source_only_graph_implementation_smoke/V5_P2_G1B_R3_SOURCE_ONLY_GRAPH_IMPLEMENTATION_SMOKE.json	1674	2026-07-26T15:50:42.8829254840
/home/zira/research/projects/GNN-2d/reports/v5/p2_g1b_r3_source_only_graph_implementation_smoke/V5_P2_G1B_R3_SOURCE_ONLY_GRAPH_IMPLEMENTATION_SMOKE_LOCK.json	1560	2026-07-26T15:50:42.8839255200
/home/zira/research/projects/GNN-2d/reports/v5/p2_g1b_r3_source_only_graph_implementation_smoke/V5_P2_G1B_R3_SOURCE_ONLY_GRAPH_IMPLEMENTATION_SMOKE.md	529	2026-07-26T15:50:42.8829254840
/home/zira/research/projects/GNN-2d/reports/v5/p2_g1b_r4_source_only_graph_implementation_smoke/V5_P2_G1B_R4_SOURCE_ONLY_GRAPH_IMPLEMENTATION_SMOKE_HOLD	57	2026-07-26T16:03:43.6534131910
/home/zira/research/projects/GNN-2d/reports/v5/p2_g1b_r4_source_only_graph_implementation_smoke/V5_P2_G1B_R4_SOURCE_ONLY_GRAPH_IMPLEMENTATION_SMOKE.json	1853	2026-07-26T16:03:43.6524131490
/home/zira/research/projects/GNN-2d/reports/v5/p2_g1b_r4_source_only_graph_implementation_smoke/V5_P2_G1B_R4_SOURCE_ONLY_GRAPH_IMPLEMENTATION_SMOKE_LOCK.json	1560	2026-07-26T16:03:43.6534131910
/home/zira/research/projects/GNN-2d/reports/v5/p2_g1b_r4_source_only_graph_implementation_smoke/V5_P2_G1B_R4_SOURCE_ONLY_GRAPH_IMPLEMENTATION_SMOKE.md	642	2026-07-26T16:03:43.6534131910
/home/zira/research/projects/GNN-2d/reports/v5/p2_g1b_source_only_graph_implementation_smoke/V5_P2_G1B_SOURCE_ONLY_GRAPH_IMPLEMENTATION_SMOKE_HOLD	54	2026-07-26T15:34:15.6055980220
/home/zira/research/projects/GNN-2d/reports/v5/p2_g1b_source_only_graph_implementation_smoke/V5_P2_G1B_SOURCE_ONLY_GRAPH_IMPLEMENTATION_SMOKE.json	1190	2026-07-26T15:34:15.6045979710
/home/zira/research/projects/GNN-2d/reports/v5/p2_g1b_source_only_graph_implementation_smoke/V5_P2_G1B_SOURCE_ONLY_GRAPH_IMPLEMENTATION_SMOKE_LOCK.json	1060	2026-07-26T15:34:15.6045979710
/home/zira/research/projects/GNN-2d/reports/v5/p2_g1b_source_only_graph_implementation_smoke/V5_P2_G1B_SOURCE_ONLY_GRAPH_IMPLEMENTATION_SMOKE.md	526	2026-07-26T15:34:15.6045979710
/home/zira/research/projects/GNN-2d/reports/v5/p2_g1c_clean_training_implementation_preflight/V5_P2_G1C_CLEAN_TRAINING_IMPLEMENTATION_PREFLIGHT_COMPLETE	59	2026-07-26T22:19:18.9412772210
/home/zira/research/projects/GNN-2d/reports/v5/p2_g1c_clean_training_implementation_preflight/V5_P2_G1C_CLEAN_TRAINING_IMPLEMENTATION_PREFLIGHT.json	4565	2026-07-26T22:19:18.9402772050
/home/zira/research/projects/GNN-2d/reports/v5/p2_g1c_clean_training_implementation_preflight/V5_P2_G1C_CLEAN_TRAINING_IMPLEMENTATION_PREFLIGHT_LOCK.json	943	2026-07-26T22:19:18.9412772210
/home/zira/research/projects/GNN-2d/reports/v5/p2_g1c_frozen_training_contract_extract_20260726_215903.txt	118813	2026-07-26T21:59:03.1399564400
/home/zira/research/projects/GNN-2d/reports/v5/p2_g1c_frozen_validation_result/g1_artifact_sha256.txt	18771	2026-07-27T02:28:23.0168711260
/home/zira/research/projects/GNN-2d/reports/v5/p2_g1c_frozen_validation_result/g1_decision.txt	695	2026-07-27T02:28:23.0178711600
/home/zira/research/projects/GNN-2d/reports/v5/p2_g1c_frozen_validation_result/V5_P2_G1C_VALIDATION_RESULT_FROZEN	0	2026-07-27T02:28:23.0188711930
/home/zira/research/projects/GNN-2d/reports/v5/p2_g1c_source_only_graph_matrix_aggregation/V5_P2_G1C_PER_SEED_RESULTS.csv	4990	2026-07-27T02:24:21.7873761230
/home/zira/research/projects/GNN-2d/reports/v5/p2_g1c_source_only_graph_matrix_aggregation/V5_P2_G1C_SOURCE_ONLY_GRAPH_MATRIX_AGGREGATION_COMPLETE	56	2026-07-27T02:24:21.7873761230
/home/zira/research/projects/GNN-2d/reports/v5/p2_g1c_source_only_graph_matrix_aggregation/V5_P2_G1C_SOURCE_ONLY_GRAPH_MATRIX_AGGREGATION.json	30527	2026-07-27T02:24:21.7873761230
/home/zira/research/projects/GNN-2d/reports/v5/p2_g1c_source_only_graph_matrix_aggregation/V5_P2_G1C_SOURCE_ONLY_GRAPH_MATRIX_AGGREGATION_LOCK.json	537	2026-07-27T02:24:21.7873761230
/home/zira/research/projects/GNN-2d/reports/v5/p2_g1c_source_only_graph_matrix_aggregation/V5_P2_G1C_THREE_SEED_SUMMARY.csv	1060	2026-07-27T02:24:21.7873761230
/home/zira/research/projects/GNN-2d/reports/v5/p2_g1c_source_only_graph_training/conv1d/seed_107/V5_P2_G1C_CONV1D_SEED_107_HISTORY.csv	13383	2026-07-26T22:44:17.7179837670
/home/zira/research/projects/GNN-2d/reports/v5/p2_g1c_source_only_graph_training/conv1d/seed_107/V5_P2_G1C_CONV1D_SEED_107_PROGRESS.json	1838	2026-07-26T22:44:17.7179837670
/home/zira/research/projects/GNN-2d/reports/v5/p2_g1c_source_only_graph_training/conv1d/seed_107/V5_P2_G1C_CONV1D_SEED_107_THRESHOLD_SWEEP.csv	83976	2026-07-26T22:44:21.1961631710
/home/zira/research/projects/GNN-2d/reports/v5/p2_g1c_source_only_graph_training/conv1d/seed_107/V5_P2_G1C_CONV1D_SEED_107_VALIDATION_PREDICTIONS.npz	767467	2026-07-26T22:44:21.2141640980
/home/zira/research/projects/GNN-2d/reports/v5/p2_g1c_source_only_graph_training/conv1d/seed_107/V5_P2_G1C_SOURCE_ONLY_GRAPH_SINGLE_RUN_COMPLETE	48	2026-07-26T22:44:22.0202056050
/home/zira/research/projects/GNN-2d/reports/v5/p2_g1c_source_only_graph_training/conv1d/seed_107/V5_P2_G1C_SOURCE_ONLY_GRAPH_SINGLE_RUN.json	11369	2026-07-26T22:44:22.0202056050
/home/zira/research/projects/GNN-2d/reports/v5/p2_g1c_source_only_graph_training/conv1d/seed_107/V5_P2_G1C_SOURCE_ONLY_GRAPH_SINGLE_RUN_TRAINING_STARTED	56	2026-07-26T22:21:09.0401772850
/home/zira/research/projects/GNN-2d/reports/v5/p2_g1c_source_only_graph_training/conv1d/seed_117/V5_P2_G1C_CONV1D_SEED_117_HISTORY.csv	11118	2026-07-26T23:53:33.3199271840
/home/zira/research/projects/GNN-2d/reports/v5/p2_g1c_source_only_graph_training/conv1d/seed_117/V5_P2_G1C_CONV1D_SEED_117_PROGRESS.json	1836	2026-07-26T23:53:33.3199271840
/home/zira/research/projects/GNN-2d/reports/v5/p2_g1c_source_only_graph_training/conv1d/seed_117/V5_P2_G1C_CONV1D_SEED_117_THRESHOLD_SWEEP.csv	84078	2026-07-26T23:53:36.8332141890
/home/zira/research/projects/GNN-2d/reports/v5/p2_g1c_source_only_graph_training/conv1d/seed_117/V5_P2_G1C_CONV1D_SEED_117_VALIDATION_PREDICTIONS.npz	781045	2026-07-26T23:53:36.8512156570
/home/zira/research/projects/GNN-2d/reports/v5/p2_g1c_source_only_graph_training/conv1d/seed_117/V5_P2_G1C_SOURCE_ONLY_GRAPH_SINGLE_RUN_COMPLETE	48	2026-07-26T23:53:37.6562812500
/home/zira/research/projects/GNN-2d/reports/v5/p2_g1c_source_only_graph_training/conv1d/seed_117/V5_P2_G1C_SOURCE_ONLY_GRAPH_SINGLE_RUN.json	11359	2026-07-26T23:53:37.6562812500
/home/zira/research/projects/GNN-2d/reports/v5/p2_g1c_source_only_graph_training/conv1d/seed_117/V5_P2_G1C_SOURCE_ONLY_GRAPH_SINGLE_RUN_TRAINING_STARTED	56	2026-07-26T23:36:43.5984655970
/home/zira/research/projects/GNN-2d/reports/v5/p2_g1c_source_only_graph_training/conv1d/seed_127/V5_P2_G1C_CONV1D_SEED_127_HISTORY.csv	10921	2026-07-27T01:18:22.4355814000
/home/zira/research/projects/GNN-2d/reports/v5/p2_g1c_source_only_graph_training/conv1d/seed_127/V5_P2_G1C_CONV1D_SEED_127_PROGRESS.json	1837	2026-07-27T01:18:22.4355814000
/home/zira/research/projects/GNN-2d/reports/v5/p2_g1c_source_only_graph_training/conv1d/seed_127/V5_P2_G1C_CONV1D_SEED_127_THRESHOLD_SWEEP.csv	83765	2026-07-27T01:18:25.6316535950
/home/zira/research/projects/GNN-2d/reports/v5/p2_g1c_source_only_graph_training/conv1d/seed_127/V5_P2_G1C_CONV1D_SEED_127_VALIDATION_PREDICTIONS.npz	779758	2026-07-27T01:18:25.6476539570
/home/zira/research/projects/GNN-2d/reports/v5/p2_g1c_source_only_graph_training/conv1d/seed_127/V5_P2_G1C_SOURCE_ONLY_GRAPH_SINGLE_RUN_COMPLETE	48	2026-07-27T01:18:26.5706748330
/home/zira/research/projects/GNN-2d/reports/v5/p2_g1c_source_only_graph_training/conv1d/seed_127/V5_P2_G1C_SOURCE_ONLY_GRAPH_SINGLE_RUN.json	11361	2026-07-27T01:18:26.5696748110
/home/zira/research/projects/GNN-2d/reports/v5/p2_g1c_source_only_graph_training/conv1d/seed_127/V5_P2_G1C_SOURCE_ONLY_GRAPH_SINGLE_RUN_TRAINING_STARTED	56	2026-07-27T01:02:02.6113458530
/home/zira/research/projects/GNN-2d/reports/v5/p2_g1c_source_only_graph_training/gatconv/seed_107/V5_P2_G1C_GATCONV_SEED_107_HISTORY.csv	9653	2026-07-26T23:36:35.8133046250
/home/zira/research/projects/GNN-2d/reports/v5/p2_g1c_source_only_graph_training/gatconv/seed_107/V5_P2_G1C_GATCONV_SEED_107_PROGRESS.json	1834	2026-07-26T23:36:35.8133046250
/home/zira/research/projects/GNN-2d/reports/v5/p2_g1c_source_only_graph_training/gatconv/seed_107/V5_P2_G1C_GATCONV_SEED_107_THRESHOLD_SWEEP.csv	84095	2026-07-26T23:36:39.6893847200
/home/zira/research/projects/GNN-2d/reports/v5/p2_g1c_source_only_graph_training/gatconv/seed_107/V5_P2_G1C_GATCONV_SEED_107_VALIDATION_PREDICTIONS.npz	633253	2026-07-26T23:36:39.7063850720
/home/zira/research/projects/GNN-2d/reports/v5/p2_g1c_source_only_graph_training/gatconv/seed_107/V5_P2_G1C_SOURCE_ONLY_GRAPH_SINGLE_RUN_COMPLETE	48	2026-07-26T23:36:40.7874074280
/home/zira/research/projects/GNN-2d/reports/v5/p2_g1c_source_only_graph_training/gatconv/seed_107/V5_P2_G1C_SOURCE_ONLY_GRAPH_SINGLE_RUN.json	11609	2026-07-26T23:36:40.7874074280
/home/zira/research/projects/GNN-2d/reports/v5/p2_g1c_source_only_graph_training/gatconv/seed_107/V5_P2_G1C_SOURCE_ONLY_GRAPH_SINGLE_RUN_TRAINING_STARTED	56	2026-07-26T23:20:43.8737978810
/home/zira/research/projects/GNN-2d/reports/v5/p2_g1c_source_only_graph_training/gatconv/seed_117/V5_P2_G1C_GATCONV_SEED_117_HISTORY.csv	15033	2026-07-27T01:01:55.1294829220
/home/zira/research/projects/GNN-2d/reports/v5/p2_g1c_source_only_graph_training/gatconv/seed_117/V5_P2_G1C_GATCONV_SEED_117_PROGRESS.json	1841	2026-07-27T01:01:55.1294829220
/home/zira/research/projects/GNN-2d/reports/v5/p2_g1c_source_only_graph_training/gatconv/seed_117/V5_P2_G1C_GATCONV_SEED_117_THRESHOLD_SWEEP.csv	84834	2026-07-27T01:01:58.7904151980
/home/zira/research/projects/GNN-2d/reports/v5/p2_g1c_source_only_graph_training/gatconv/seed_117/V5_P2_G1C_GATCONV_SEED_117_VALIDATION_PREDICTIONS.npz	547573	2026-07-27T01:01:58.8074148860
/home/zira/research/projects/GNN-2d/reports/v5/p2_g1c_source_only_graph_training/gatconv/seed_117/V5_P2_G1C_SOURCE_ONLY_GRAPH_SINGLE_RUN_COMPLETE	48	2026-07-27T01:01:59.8913950730
/home/zira/research/projects/GNN-2d/reports/v5/p2_g1c_source_only_graph_training/gatconv/seed_117/V5_P2_G1C_SOURCE_ONLY_GRAPH_SINGLE_RUN.json	11603	2026-07-27T01:01:59.8913950730
/home/zira/research/projects/GNN-2d/reports/v5/p2_g1c_source_only_graph_training/gatconv/seed_117/V5_P2_G1C_SOURCE_ONLY_GRAPH_SINGLE_RUN_TRAINING_STARTED	56	2026-07-27T00:29:56.1216239740
/home/zira/research/projects/GNN-2d/reports/v5/p2_g1c_source_only_graph_training/gatconv/seed_127/V5_P2_G1C_GATCONV_SEED_127_HISTORY.csv	14355	2026-07-27T02:24:16.5521807020
/home/zira/research/projects/GNN-2d/reports/v5/p2_g1c_source_only_graph_training/gatconv/seed_127/V5_P2_G1C_GATCONV_SEED_127_PROGRESS.json	1840	2026-07-27T02:24:16.5521807020
/home/zira/research/projects/GNN-2d/reports/v5/p2_g1c_source_only_graph_training/gatconv/seed_127/V5_P2_G1C_GATCONV_SEED_127_THRESHOLD_SWEEP.csv	84006	2026-07-27T02:24:20.0323106720
/home/zira/research/projects/GNN-2d/reports/v5/p2_g1c_source_only_graph_training/gatconv/seed_127/V5_P2_G1C_GATCONV_SEED_127_VALIDATION_PREDICTIONS.npz	755371	2026-07-27T02:24:20.0483112680
/home/zira/research/projects/GNN-2d/reports/v5/p2_g1c_source_only_graph_training/gatconv/seed_127/V5_P2_G1C_SOURCE_ONLY_GRAPH_SINGLE_RUN_COMPLETE	48	2026-07-27T02:24:21.1403520010
/home/zira/research/projects/GNN-2d/reports/v5/p2_g1c_source_only_graph_training/gatconv/seed_127/V5_P2_G1C_SOURCE_ONLY_GRAPH_SINGLE_RUN.json	11607	2026-07-27T02:24:21.1403520010
/home/zira/research/projects/GNN-2d/reports/v5/p2_g1c_source_only_graph_training/gatconv/seed_127/V5_P2_G1C_SOURCE_ONLY_GRAPH_SINGLE_RUN_TRAINING_STARTED	56	2026-07-27T02:00:20.1114454360
/home/zira/research/projects/GNN-2d/reports/v5/p2_g1c_source_only_graph_training/gcnconv/seed_107/V5_P2_G1C_GCNCONV_SEED_107_HISTORY.csv	10915	2026-07-26T23:01:13.0843698210
/home/zira/research/projects/GNN-2d/reports/v5/p2_g1c_source_only_graph_training/gcnconv/seed_107/V5_P2_G1C_GCNCONV_SEED_107_PROGRESS.json	1840	2026-07-26T23:01:13.0853698540
/home/zira/research/projects/GNN-2d/reports/v5/p2_g1c_source_only_graph_training/gcnconv/seed_107/V5_P2_G1C_GCNCONV_SEED_107_THRESHOLD_SWEEP.csv	83791	2026-07-26T23:01:16.9594997230
/home/zira/research/projects/GNN-2d/reports/v5/p2_g1c_source_only_graph_training/gcnconv/seed_107/V5_P2_G1C_GCNCONV_SEED_107_VALIDATION_PREDICTIONS.npz	749125	2026-07-26T23:01:16.9775003270
/home/zira/research/projects/GNN-2d/reports/v5/p2_g1c_source_only_graph_training/gcnconv/seed_107/V5_P2_G1C_SOURCE_ONLY_GRAPH_SINGLE_RUN_COMPLETE	48	2026-07-26T23:01:17.9235320270
/home/zira/research/projects/GNN-2d/reports/v5/p2_g1c_source_only_graph_training/gcnconv/seed_107/V5_P2_G1C_SOURCE_ONLY_GRAPH_SINGLE_RUN.json	11539	2026-07-26T23:01:17.9235320270
/home/zira/research/projects/GNN-2d/reports/v5/p2_g1c_source_only_graph_training/gcnconv/seed_107/V5_P2_G1C_SOURCE_ONLY_GRAPH_SINGLE_RUN_TRAINING_STARTED	56	2026-07-26T22:44:24.7533461380
/home/zira/research/projects/GNN-2d/reports/v5/p2_g1c_source_only_graph_training/gcnconv/seed_117/V5_P2_G1C_GCNCONV_SEED_117_HISTORY.csv	11377	2026-07-27T00:11:32.2402593240
/home/zira/research/projects/GNN-2d/reports/v5/p2_g1c_source_only_graph_training/gcnconv/seed_117/V5_P2_G1C_GCNCONV_SEED_117_PROGRESS.json	1826	2026-07-27T00:11:32.2402593240
/home/zira/research/projects/GNN-2d/reports/v5/p2_g1c_source_only_graph_training/gcnconv/seed_117/V5_P2_G1C_GCNCONV_SEED_117_THRESHOLD_SWEEP.csv	84101	2026-07-27T00:11:35.7723956050
/home/zira/research/projects/GNN-2d/reports/v5/p2_g1c_source_only_graph_training/gcnconv/seed_117/V5_P2_G1C_GCNCONV_SEED_117_VALIDATION_PREDICTIONS.npz	780511	2026-07-27T00:11:35.7893962610
/home/zira/research/projects/GNN-2d/reports/v5/p2_g1c_source_only_graph_training/gcnconv/seed_117/V5_P2_G1C_SOURCE_ONLY_GRAPH_SINGLE_RUN_COMPLETE	48	2026-07-27T00:11:36.7104317730
/home/zira/research/projects/GNN-2d/reports/v5/p2_g1c_source_only_graph_training/gcnconv/seed_117/V5_P2_G1C_SOURCE_ONLY_GRAPH_SINGLE_RUN.json	11524	2026-07-27T00:11:36.7104317730
/home/zira/research/projects/GNN-2d/reports/v5/p2_g1c_source_only_graph_training/gcnconv/seed_117/V5_P2_G1C_SOURCE_ONLY_GRAPH_SINGLE_RUN_TRAINING_STARTED	56	2026-07-26T23:53:40.3675017110
/home/zira/research/projects/GNN-2d/reports/v5/p2_g1c_source_only_graph_training/gcnconv/seed_127/V5_P2_G1C_GCNCONV_SEED_127_HISTORY.csv	16030	2026-07-27T01:43:35.8008812050
/home/zira/research/projects/GNN-2d/reports/v5/p2_g1c_source_only_graph_training/gcnconv/seed_127/V5_P2_G1C_GCNCONV_SEED_127_PROGRESS.json	1837	2026-07-27T01:43:35.8008812050
/home/zira/research/projects/GNN-2d/reports/v5/p2_g1c_source_only_graph_training/gcnconv/seed_127/V5_P2_G1C_GCNCONV_SEED_127_THRESHOLD_SWEEP.csv	84033	2026-07-27T01:43:39.0208783990
/home/zira/research/projects/GNN-2d/reports/v5/p2_g1c_source_only_graph_training/gcnconv/seed_127/V5_P2_G1C_GCNCONV_SEED_127_VALIDATION_PREDICTIONS.npz	718086	2026-07-27T01:43:39.0378783850
/home/zira/research/projects/GNN-2d/reports/v5/p2_g1c_source_only_graph_training/gcnconv/seed_127/V5_P2_G1C_SOURCE_ONLY_GRAPH_SINGLE_RUN_COMPLETE	48	2026-07-27T01:43:39.9648776480
/home/zira/research/projects/GNN-2d/reports/v5/p2_g1c_source_only_graph_training/gcnconv/seed_127/V5_P2_G1C_SOURCE_ONLY_GRAPH_SINGLE_RUN.json	11578	2026-07-27T01:43:39.9648776480
/home/zira/research/projects/GNN-2d/reports/v5/p2_g1c_source_only_graph_training/gcnconv/seed_127/V5_P2_G1C_SOURCE_ONLY_GRAPH_SINGLE_RUN_TRAINING_STARTED	56	2026-07-27T01:18:29.3457376670
/home/zira/research/projects/GNN-2d/reports/v5/p2_g1c_source_only_graph_training/graphconv/seed_107/V5_P2_G1C_GRAPHCONV_SEED_107_HISTORY.csv	12129	2026-07-26T23:20:37.0967829120
/home/zira/research/projects/GNN-2d/reports/v5/p2_g1c_source_only_graph_training/graphconv/seed_107/V5_P2_G1C_GRAPHCONV_SEED_107_PROGRESS.json	1839	2026-07-26T23:20:37.0967829120
/home/zira/research/projects/GNN-2d/reports/v5/p2_g1c_source_only_graph_training/graphconv/seed_107/V5_P2_G1C_GRAPHCONV_SEED_107_THRESHOLD_SWEEP.csv	84150	2026-07-26T23:20:40.2367896060
/home/zira/research/projects/GNN-2d/reports/v5/p2_g1c_source_only_graph_training/graphconv/seed_107/V5_P2_G1C_GRAPHCONV_SEED_107_VALIDATION_PREDICTIONS.npz	784050	2026-07-26T23:20:40.2537896430
/home/zira/research/projects/GNN-2d/reports/v5/p2_g1c_source_only_graph_training/graphconv/seed_107/V5_P2_G1C_SOURCE_ONLY_GRAPH_SINGLE_RUN_COMPLETE	48	2026-07-26T23:20:41.1327915910
/home/zira/research/projects/GNN-2d/reports/v5/p2_g1c_source_only_graph_training/graphconv/seed_107/V5_P2_G1C_SOURCE_ONLY_GRAPH_SINGLE_RUN.json	11582	2026-07-26T23:20:41.1327915910
/home/zira/research/projects/GNN-2d/reports/v5/p2_g1c_source_only_graph_training/graphconv/seed_107/V5_P2_G1C_SOURCE_ONLY_GRAPH_SINGLE_RUN_TRAINING_STARTED	56	2026-07-26T23:01:20.6746241830
/home/zira/research/projects/GNN-2d/reports/v5/p2_g1c_source_only_graph_training/graphconv/seed_117/V5_P2_G1C_GRAPHCONV_SEED_117_HISTORY.csv	11433	2026-07-27T00:29:48.2269504340
/home/zira/research/projects/GNN-2d/reports/v5/p2_g1c_source_only_graph_training/graphconv/seed_117/V5_P2_G1C_GRAPHCONV_SEED_117_PROGRESS.json	1840	2026-07-27T00:29:48.2269504340
/home/zira/research/projects/GNN-2d/reports/v5/p2_g1c_source_only_graph_training/graphconv/seed_117/V5_P2_G1C_GRAPHCONV_SEED_117_THRESHOLD_SWEEP.csv	84070	2026-07-27T00:29:52.3593036380
/home/zira/research/projects/GNN-2d/reports/v5/p2_g1c_source_only_graph_training/graphconv/seed_117/V5_P2_G1C_GRAPHCONV_SEED_117_VALIDATION_PREDICTIONS.npz	779331	2026-07-27T00:29:52.3783052580
/home/zira/research/projects/GNN-2d/reports/v5/p2_g1c_source_only_graph_training/graphconv/seed_117/V5_P2_G1C_SOURCE_ONLY_GRAPH_SINGLE_RUN_COMPLETE	48	2026-07-27T00:29:53.3163852380
/home/zira/research/projects/GNN-2d/reports/v5/p2_g1c_source_only_graph_training/graphconv/seed_117/V5_P2_G1C_SOURCE_ONLY_GRAPH_SINGLE_RUN.json	11630	2026-07-27T00:29:53.3163852380
/home/zira/research/projects/GNN-2d/reports/v5/p2_g1c_source_only_graph_training/graphconv/seed_117/V5_P2_G1C_SOURCE_ONLY_GRAPH_SINGLE_RUN_TRAINING_STARTED	56	2026-07-27T00:11:39.3825347460
/home/zira/research/projects/GNN-2d/reports/v5/p2_g1c_source_only_graph_training/graphconv/seed_127/V5_P2_G1C_GRAPHCONV_SEED_127_HISTORY.csv	9148	2026-07-27T02:00:13.1523408040
/home/zira/research/projects/GNN-2d/reports/v5/p2_g1c_source_only_graph_training/graphconv/seed_127/V5_P2_G1C_GRAPHCONV_SEED_127_PROGRESS.json	1838	2026-07-27T02:00:13.1523408040
/home/zira/research/projects/GNN-2d/reports/v5/p2_g1c_source_only_graph_training/graphconv/seed_127/V5_P2_G1C_GRAPHCONV_SEED_127_THRESHOLD_SWEEP.csv	83968	2026-07-27T02:00:16.3683891280
/home/zira/research/projects/GNN-2d/reports/v5/p2_g1c_source_only_graph_training/graphconv/seed_127/V5_P2_G1C_GRAPHCONV_SEED_127_VALIDATION_PREDICTIONS.npz	777661	2026-07-27T02:00:16.3853893830
/home/zira/research/projects/GNN-2d/reports/v5/p2_g1c_source_only_graph_training/graphconv/seed_127/V5_P2_G1C_SOURCE_ONLY_GRAPH_SINGLE_RUN_COMPLETE	48	2026-07-27T02:00:17.2774027960
/home/zira/research/projects/GNN-2d/reports/v5/p2_g1c_source_only_graph_training/graphconv/seed_127/V5_P2_G1C_SOURCE_ONLY_GRAPH_SINGLE_RUN.json	11633	2026-07-27T02:00:17.2774027960
/home/zira/research/projects/GNN-2d/reports/v5/p2_g1c_source_only_graph_training/graphconv/seed_127/V5_P2_G1C_SOURCE_ONLY_GRAPH_SINGLE_RUN_TRAINING_STARTED	56	2026-07-27T01:43:42.7508756230
/home/zira/research/projects/GNN-2d/reports/v5/p2_g1c_source_only_graph_training_matrix.pid	5	2026-07-26T22:21:02.9480660860
/home/zira/research/projects/GNN-2d/reports/v5/p2_g1c_training_matrix_inventory_20260726_215633.txt	20675	2026-07-26T21:56:35.4932543110
/home/zira/research/projects/GNN-2d/reports/v5/p2_g1_source_only_graph_smoke_check/G1_SOURCE_ONLY_GRAPH_SMOKE_CHECK_LOCK.json	1211	2026-07-26T21:51:05.0403878080
/home/zira/research/projects/GNN-2d/reports/v5/p2_g1_source_only_graph_smoke_check/G1_SOURCE_ONLY_GRAPH_SMOKE_CHECK.md	302	2026-07-26T21:51:05.0403878080
/home/zira/research/projects/GNN-2d/reports/v5/p2_g1_source_only_graph_smoke_check/G1_SOURCE_ONLY_GRAPH_SMOKE_CONTRACT.json	1602	2026-07-26T21:51:05.0403878080
/home/zira/research/projects/GNN-2d/reports/v5/p2_g1_source_only_graph_smoke_check_HOLD_AXIS_CONTRACT_20260726_215054/G1_SOURCE_ONLY_GRAPH_SMOKE_CHECK_LOCK.json	1076	2026-07-26T21:22:35.9381129790
/home/zira/research/projects/GNN-2d/reports/v5/p2_g1_source_only_graph_smoke_check_HOLD_AXIS_CONTRACT_20260726_215054/G1_SOURCE_ONLY_GRAPH_SMOKE_CHECK.md	298	2026-07-26T21:22:35.9381129790
/home/zira/research/projects/GNN-2d/reports/v5/p2_g1_source_only_graph_smoke_check_HOLD_AXIS_CONTRACT_20260726_215054/V5_P2_G1_SOURCE_ONLY_GRAPH_SMOKE_CHECK_HOLD	44	2026-07-26T21:22:35.9381129790
/home/zira/research/projects/GNN-2d/reports/v5/p2_g1_source_only_graph_smoke_check_HOLD_AXIS_CONTRACT_20260726_215054/V5_P2_G1_SOURCE_ONLY_GRAPH_SMOKE_CHECK.json	2078	2026-07-26T21:22:35.9381129790
/home/zira/research/projects/GNN-2d/reports/v5/p2_g1_source_only_graph_smoke_check/V5_P2_G1_SOURCE_ONLY_GRAPH_SMOKE_CHECK_COMPLETE	48	2026-07-26T21:51:05.0403878080
/home/zira/research/projects/GNN-2d/reports/v5/p2_g1_source_only_graph_smoke_check/V5_P2_G1_SOURCE_ONLY_GRAPH_SMOKE_CHECK.json	26116	2026-07-26T21:51:05.0403878080
/home/zira/research/projects/GNN-2d/reports/v5/p2_g1_source_only_graph_smoke_fix/after_patch_component_hashes.sha256	483	2026-07-26T21:50:48.8629367510
/home/zira/research/projects/GNN-2d/reports/v5/p2_g1_source_only_graph_smoke_fix/before_patch.sha256	333	2026-07-26T21:50:42.4987603240
/home/zira/research/projects/GNN-2d/reports/v5/p2_g2_clean_training_implementation_preflight/V5_P2_G2_CLEAN_TRAINING_IMPLEMENTATION_PREFLIGHT_COMPLETE	58	2026-07-27T03:03:26.1366542540
/home/zira/research/projects/GNN-2d/reports/v5/p2_g2_clean_training_implementation_preflight/V5_P2_G2_CLEAN_TRAINING_IMPLEMENTATION_PREFLIGHT.json	5261	2026-07-27T03:03:26.1356542130
/home/zira/research/projects/GNN-2d/reports/v5/p2_g2_clean_training_implementation_preflight/V5_P2_G2_CLEAN_TRAINING_IMPLEMENTATION_PREFLIGHT_LOCK.json	528	2026-07-27T03:03:26.1366542540
/home/zira/research/projects/GNN-2d/reports/v5/p2_g2_direct_graph_matrix_aggregation/V5_P2_G2_DIRECT_GRAPH_MATRIX_AGGREGATION_COMPLETE	50	2026-07-27T05:49:59.5391681120
/home/zira/research/projects/GNN-2d/reports/v5/p2_g2_direct_graph_matrix_aggregation/V5_P2_G2_DIRECT_GRAPH_MATRIX_AGGREGATION.json	29871	2026-07-27T05:49:59.5391681120
/home/zira/research/projects/GNN-2d/reports/v5/p2_g2_direct_graph_matrix_aggregation/V5_P2_G2_DIRECT_GRAPH_MATRIX_AGGREGATION_LOCK.json	645	2026-07-27T05:49:59.5391681120
/home/zira/research/projects/GNN-2d/reports/v5/p2_g2_direct_graph_matrix_aggregation/V5_P2_G2_PER_SEED_RESULTS.csv	4765	2026-07-27T05:49:59.5391681120
/home/zira/research/projects/GNN-2d/reports/v5/p2_g2_direct_graph_matrix_aggregation/V5_P2_G2_THREE_SEED_SUMMARY.csv	1221	2026-07-27T05:49:59.5391681120
/home/zira/research/projects/GNN-2d/reports/v5/p2_g2_direct_graph_training/conv1d/seed_107/progress.json	1108	2026-07-27T03:21:13.0442062850
/home/zira/research/projects/GNN-2d/reports/v5/p2_g2_direct_graph_training/conv1d/seed_107/training_history.csv	4787	2026-07-27T03:21:13.0442062850
/home/zira/research/projects/GNN-2d/reports/v5/p2_g2_direct_graph_training/conv1d/seed_107/V5_P2_G2_DIRECT_GRAPH_SINGLE_RUN_COMPLETE	42	2026-07-27T03:21:16.5181445910
/home/zira/research/projects/GNN-2d/reports/v5/p2_g2_direct_graph_training/conv1d/seed_107/V5_P2_G2_DIRECT_GRAPH_SINGLE_RUN.json	9128	2026-07-27T03:21:16.5181445910
/home/zira/research/projects/GNN-2d/reports/v5/p2_g2_direct_graph_training/conv1d/seed_107/V5_P2_G2_DIRECT_GRAPH_SINGLE_RUN_TRAINING_STARTED	25	2026-07-27T03:12:12.4434754460
/home/zira/research/projects/GNN-2d/reports/v5/p2_g2_direct_graph_training/conv1d/seed_107/validation_graph_threshold_sweep.csv	142874	2026-07-27T03:21:15.7131588050
/home/zira/research/projects/GNN-2d/reports/v5/p2_g2_direct_graph_training/conv1d/seed_107/validation_predictions.npz	46353	2026-07-27T03:21:15.7141587870
/home/zira/research/projects/GNN-2d/reports/v5/p2_g2_direct_graph_training/conv1d/seed_117/progress.json	1110	2026-07-27T04:24:40.8498540530
/home/zira/research/projects/GNN-2d/reports/v5/p2_g2_direct_graph_training/conv1d/seed_117/training_history.csv	5593	2026-07-27T04:24:40.8498540530
/home/zira/research/projects/GNN-2d/reports/v5/p2_g2_direct_graph_training/conv1d/seed_117/V5_P2_G2_DIRECT_GRAPH_SINGLE_RUN_COMPLETE	42	2026-07-27T04:24:45.4138506840
/home/zira/research/projects/GNN-2d/reports/v5/p2_g2_direct_graph_training/conv1d/seed_117/V5_P2_G2_DIRECT_GRAPH_SINGLE_RUN.json	9132	2026-07-27T04:24:45.4138506840
/home/zira/research/projects/GNN-2d/reports/v5/p2_g2_direct_graph_training/conv1d/seed_117/V5_P2_G2_DIRECT_GRAPH_SINGLE_RUN_TRAINING_STARTED	25	2026-07-27T04:12:47.3706872940
/home/zira/research/projects/GNN-2d/reports/v5/p2_g2_direct_graph_training/conv1d/seed_117/validation_graph_threshold_sweep.csv	140999	2026-07-27T04:24:44.5848512160
/home/zira/research/projects/GNN-2d/reports/v5/p2_g2_direct_graph_training/conv1d/seed_117/validation_predictions.npz	47242	2026-07-27T04:24:44.5878512140
/home/zira/research/projects/GNN-2d/reports/v5/p2_g2_direct_graph_training/conv1d/seed_127/progress.json	1110	2026-07-27T05:23:28.2115617180
/home/zira/research/projects/GNN-2d/reports/v5/p2_g2_direct_graph_training/conv1d/seed_127/training_history.csv	6959	2026-07-27T05:23:28.2115617180
/home/zira/research/projects/GNN-2d/reports/v5/p2_g2_direct_graph_training/conv1d/seed_127/V5_P2_G2_DIRECT_GRAPH_SINGLE_RUN_COMPLETE	42	2026-07-27T05:23:31.4016798110
/home/zira/research/projects/GNN-2d/reports/v5/p2_g2_direct_graph_training/conv1d/seed_127/V5_P2_G2_DIRECT_GRAPH_SINGLE_RUN.json	9130	2026-07-27T05:23:31.4016798110
/home/zira/research/projects/GNN-2d/reports/v5/p2_g2_direct_graph_training/conv1d/seed_127/V5_P2_G2_DIRECT_GRAPH_SINGLE_RUN_TRAINING_STARTED	25	2026-07-27T05:10:30.9492947390
/home/zira/research/projects/GNN-2d/reports/v5/p2_g2_direct_graph_training/conv1d/seed_127/validation_graph_threshold_sweep.csv	151345	2026-07-27T05:23:30.6076504220
/home/zira/research/projects/GNN-2d/reports/v5/p2_g2_direct_graph_training/conv1d/seed_127/validation_predictions.npz	46668	2026-07-27T05:23:30.6096504960
/home/zira/research/projects/GNN-2d/reports/v5/p2_g2_direct_graph_training/gatconv/seed_107/progress.json	1108	2026-07-27T04:12:39.2883907340
/home/zira/research/projects/GNN-2d/reports/v5/p2_g2_direct_graph_training/gatconv/seed_107/training_history.csv	7129	2026-07-27T04:12:39.2873906970
/home/zira/research/projects/GNN-2d/reports/v5/p2_g2_direct_graph_training/gatconv/seed_107/V5_P2_G2_DIRECT_GRAPH_SINGLE_RUN_COMPLETE	42	2026-07-27T04:12:43.4955451880
/home/zira/research/projects/GNN-2d/reports/v5/p2_g2_direct_graph_training/gatconv/seed_107/V5_P2_G2_DIRECT_GRAPH_SINGLE_RUN.json	9361	2026-07-27T04:12:43.4955451880
/home/zira/research/projects/GNN-2d/reports/v5/p2_g2_direct_graph_training/gatconv/seed_107/V5_P2_G2_DIRECT_GRAPH_SINGLE_RUN_TRAINING_STARTED	26	2026-07-27T03:56:15.8607115730
/home/zira/research/projects/GNN-2d/reports/v5/p2_g2_direct_graph_training/gatconv/seed_107/validation_graph_threshold_sweep.csv	144628	2026-07-27T04:12:42.3935047470
/home/zira/research/projects/GNN-2d/reports/v5/p2_g2_direct_graph_training/gatconv/seed_107/validation_predictions.npz	47761	2026-07-27T04:12:42.3945047840
/home/zira/research/projects/GNN-2d/reports/v5/p2_g2_direct_graph_training/gatconv/seed_117/progress.json	1113	2026-07-27T05:10:24.0689812160
/home/zira/research/projects/GNN-2d/reports/v5/p2_g2_direct_graph_training/gatconv/seed_117/training_history.csv	6935	2026-07-27T05:10:24.0689812160
/home/zira/research/projects/GNN-2d/reports/v5/p2_g2_direct_graph_training/gatconv/seed_117/V5_P2_G2_DIRECT_GRAPH_SINGLE_RUN_COMPLETE	42	2026-07-27T05:10:27.7521491760
/home/zira/research/projects/GNN-2d/reports/v5/p2_g2_direct_graph_training/gatconv/seed_117/V5_P2_G2_DIRECT_GRAPH_SINGLE_RUN.json	9353	2026-07-27T05:10:27.7521491760
/home/zira/research/projects/GNN-2d/reports/v5/p2_g2_direct_graph_training/gatconv/seed_117/V5_P2_G2_DIRECT_GRAPH_SINGLE_RUN_TRAINING_STARTED	26	2026-07-27T04:55:38.3258565660
/home/zira/research/projects/GNN-2d/reports/v5/p2_g2_direct_graph_training/gatconv/seed_117/validation_graph_threshold_sweep.csv	136608	2026-07-27T05:10:26.6841005000
/home/zira/research/projects/GNN-2d/reports/v5/p2_g2_direct_graph_training/gatconv/seed_117/validation_predictions.npz	47493	2026-07-27T05:10:26.6861005910
/home/zira/research/projects/GNN-2d/reports/v5/p2_g2_direct_graph_training/gatconv/seed_127/progress.json	1109	2026-07-27T05:49:55.0430324760
/home/zira/research/projects/GNN-2d/reports/v5/p2_g2_direct_graph_training/gatconv/seed_127/training_history.csv	4609	2026-07-27T05:49:55.0430324760
/home/zira/research/projects/GNN-2d/reports/v5/p2_g2_direct_graph_training/gatconv/seed_127/V5_P2_G2_DIRECT_GRAPH_SINGLE_RUN_COMPLETE	42	2026-07-27T05:49:58.9151492810
/home/zira/research/projects/GNN-2d/reports/v5/p2_g2_direct_graph_training/gatconv/seed_127/V5_P2_G2_DIRECT_GRAPH_SINGLE_RUN.json	9359	2026-07-27T05:49:58.9151492810
/home/zira/research/projects/GNN-2d/reports/v5/p2_g2_direct_graph_training/gatconv/seed_127/V5_P2_G2_DIRECT_GRAPH_SINGLE_RUN_TRAINING_STARTED	26	2026-07-27T05:40:51.0695951840
/home/zira/research/projects/GNN-2d/reports/v5/p2_g2_direct_graph_training/gatconv/seed_127/validation_graph_threshold_sweep.csv	133681	2026-07-27T05:49:57.8351166950
/home/zira/research/projects/GNN-2d/reports/v5/p2_g2_direct_graph_training/gatconv/seed_127/validation_predictions.npz	47100	2026-07-27T05:49:57.8361167250
/home/zira/research/projects/GNN-2d/reports/v5/p2_g2_direct_graph_training/gcnconv/seed_107/progress.json	1109	2026-07-27T03:37:37.8162815260
/home/zira/research/projects/GNN-2d/reports/v5/p2_g2_direct_graph_training/gcnconv/seed_107/training_history.csv	7882	2026-07-27T03:37:37.8152815100
/home/zira/research/projects/GNN-2d/reports/v5/p2_g2_direct_graph_training/gcnconv/seed_107/V5_P2_G2_DIRECT_GRAPH_SINGLE_RUN_COMPLETE	42	2026-07-27T03:37:43.4533715230
/home/zira/research/projects/GNN-2d/reports/v5/p2_g2_direct_graph_training/gcnconv/seed_107/V5_P2_G2_DIRECT_GRAPH_SINGLE_RUN.json	9300	2026-07-27T03:37:43.4533715230
/home/zira/research/projects/GNN-2d/reports/v5/p2_g2_direct_graph_training/gcnconv/seed_107/V5_P2_G2_DIRECT_GRAPH_SINGLE_RUN_TRAINING_STARTED	26	2026-07-27T03:21:19.7440881230
/home/zira/research/projects/GNN-2d/reports/v5/p2_g2_direct_graph_training/gcnconv/seed_107/validation_graph_threshold_sweep.csv	134655	2026-07-27T03:37:42.3233534530
/home/zira/research/projects/GNN-2d/reports/v5/p2_g2_direct_graph_training/gcnconv/seed_107/validation_predictions.npz	47502	2026-07-27T03:37:42.3263535010
/home/zira/research/projects/GNN-2d/reports/v5/p2_g2_direct_graph_training/gcnconv/seed_117/progress.json	1113	2026-07-27T04:47:09.6332207880
/home/zira/research/projects/GNN-2d/reports/v5/p2_g2_direct_graph_training/gcnconv/seed_117/training_history.csv	10857	2026-07-27T04:47:09.6322207640
/home/zira/research/projects/GNN-2d/reports/v5/p2_g2_direct_graph_training/gcnconv/seed_117/V5_P2_G2_DIRECT_GRAPH_SINGLE_RUN_COMPLETE	42	2026-07-27T04:47:13.2593083230
/home/zira/research/projects/GNN-2d/reports/v5/p2_g2_direct_graph_training/gcnconv/seed_117/V5_P2_G2_DIRECT_GRAPH_SINGLE_RUN.json	9292	2026-07-27T04:47:13.2593083230
/home/zira/research/projects/GNN-2d/reports/v5/p2_g2_direct_graph_training/gcnconv/seed_117/V5_P2_G2_DIRECT_GRAPH_SINGLE_RUN_TRAINING_STARTED	26	2026-07-27T04:24:49.4678486020
/home/zira/research/projects/GNN-2d/reports/v5/p2_g2_direct_graph_training/gcnconv/seed_117/validation_graph_threshold_sweep.csv	144504	2026-07-27T04:47:12.3342859880
/home/zira/research/projects/GNN-2d/reports/v5/p2_g2_direct_graph_training/gcnconv/seed_117/validation_predictions.npz	47562	2026-07-27T04:47:12.3352860120
/home/zira/research/projects/GNN-2d/reports/v5/p2_g2_direct_graph_training/gcnconv/seed_127/progress.json	1108	2026-07-27T05:30:25.3756945800
/home/zira/research/projects/GNN-2d/reports/v5/p2_g2_direct_graph_training/gcnconv/seed_127/training_history.csv	3648	2026-07-27T05:30:25.3746945440
/home/zira/research/projects/GNN-2d/reports/v5/p2_g2_direct_graph_training/gcnconv/seed_127/V5_P2_G2_DIRECT_GRAPH_SINGLE_RUN_COMPLETE	42	2026-07-27T05:30:28.7748159270
/home/zira/research/projects/GNN-2d/reports/v5/p2_g2_direct_graph_training/gcnconv/seed_127/V5_P2_G2_DIRECT_GRAPH_SINGLE_RUN.json	9295	2026-07-27T05:30:28.7748159270
/home/zira/research/projects/GNN-2d/reports/v5/p2_g2_direct_graph_training/gcnconv/seed_127/V5_P2_G2_DIRECT_GRAPH_SINGLE_RUN_TRAINING_STARTED	26	2026-07-27T05:23:34.5477962300
/home/zira/research/projects/GNN-2d/reports/v5/p2_g2_direct_graph_training/gcnconv/seed_127/validation_graph_threshold_sweep.csv	129368	2026-07-27T05:30:27.8537830490
/home/zira/research/projects/GNN-2d/reports/v5/p2_g2_direct_graph_training/gcnconv/seed_127/validation_predictions.npz	47528	2026-07-27T05:30:27.8547830850
/home/zira/research/projects/GNN-2d/reports/v5/p2_g2_direct_graph_training/graphconv/seed_107/progress.json	1112	2026-07-27T03:56:04.8619649060
/home/zira/research/projects/GNN-2d/reports/v5/p2_g2_direct_graph_training/graphconv/seed_107/training_history.csv	5004	2026-07-27T03:56:04.8609648380
/home/zira/research/projects/GNN-2d/reports/v5/p2_g2_direct_graph_training/graphconv/seed_107/V5_P2_G2_DIRECT_GRAPH_SINGLE_RUN_COMPLETE	42	2026-07-27T03:56:10.7553660570
/home/zira/research/projects/GNN-2d/reports/v5/p2_g2_direct_graph_training/graphconv/seed_107/V5_P2_G2_DIRECT_GRAPH_SINGLE_RUN.json	9316	2026-07-27T03:56:10.7553660570
/home/zira/research/projects/GNN-2d/reports/v5/p2_g2_direct_graph_training/graphconv/seed_107/V5_P2_G2_DIRECT_GRAPH_SINGLE_RUN_TRAINING_STARTED	28	2026-07-27T03:37:48.7294560770
/home/zira/research/projects/GNN-2d/reports/v5/p2_g2_direct_graph_training/graphconv/seed_107/validation_graph_threshold_sweep.csv	129353	2026-07-27T03:56:09.7612985670
/home/zira/research/projects/GNN-2d/reports/v5/p2_g2_direct_graph_training/graphconv/seed_107/validation_predictions.npz	46945	2026-07-27T03:56:09.7642987700
/home/zira/research/projects/GNN-2d/reports/v5/p2_g2_direct_graph_training/graphconv/seed_117/progress.json	1109	2026-07-27T04:55:31.3136788580
/home/zira/research/projects/GNN-2d/reports/v5/p2_g2_direct_graph_training/graphconv/seed_117/training_history.csv	4249	2026-07-27T04:55:31.3136788580
/home/zira/research/projects/GNN-2d/reports/v5/p2_g2_direct_graph_training/graphconv/seed_117/V5_P2_G2_DIRECT_GRAPH_SINGLE_RUN_COMPLETE	42	2026-07-27T04:55:34.9297704910
/home/zira/research/projects/GNN-2d/reports/v5/p2_g2_direct_graph_training/graphconv/seed_117/V5_P2_G2_DIRECT_GRAPH_SINGLE_RUN.json	9368	2026-07-27T04:55:34.9297704910
/home/zira/research/projects/GNN-2d/reports/v5/p2_g2_direct_graph_training/graphconv/seed_117/V5_P2_G2_DIRECT_GRAPH_SINGLE_RUN_TRAINING_STARTED	28	2026-07-27T04:47:16.6583904230
/home/zira/research/projects/GNN-2d/reports/v5/p2_g2_direct_graph_training/graphconv/seed_117/validation_graph_threshold_sweep.csv	135941	2026-07-27T04:55:34.0487481640
/home/zira/research/projects/GNN-2d/reports/v5/p2_g2_direct_graph_training/graphconv/seed_117/validation_predictions.npz	47084	2026-07-27T04:55:34.0507482150
/home/zira/research/projects/GNN-2d/reports/v5/p2_g2_direct_graph_training/graphconv/seed_127/progress.json	1113	2026-07-27T05:40:44.4344239420
/home/zira/research/projects/GNN-2d/reports/v5/p2_g2_direct_graph_training/graphconv/seed_127/training_history.csv	5423	2026-07-27T05:40:44.4344239420
/home/zira/research/projects/GNN-2d/reports/v5/p2_g2_direct_graph_training/graphconv/seed_127/V5_P2_G2_DIRECT_GRAPH_SINGLE_RUN_COMPLETE	42	2026-07-27T05:40:47.7645098140
/home/zira/research/projects/GNN-2d/reports/v5/p2_g2_direct_graph_training/graphconv/seed_127/V5_P2_G2_DIRECT_GRAPH_SINGLE_RUN.json	9343	2026-07-27T05:40:47.7645098140
/home/zira/research/projects/GNN-2d/reports/v5/p2_g2_direct_graph_training/graphconv/seed_127/V5_P2_G2_DIRECT_GRAPH_SINGLE_RUN_TRAINING_STARTED	28	2026-07-27T05:30:31.9609296490
/home/zira/research/projects/GNN-2d/reports/v5/p2_g2_direct_graph_training/graphconv/seed_127/validation_graph_threshold_sweep.csv	121227	2026-07-27T05:40:46.8514862560
/home/zira/research/projects/GNN-2d/reports/v5/p2_g2_direct_graph_training/graphconv/seed_127/validation_predictions.npz	37584	2026-07-27T05:40:46.8534863070
/home/zira/research/projects/GNN-2d/reports/v5/p2_g2_direct_graph_training_matrix.pid	6	2026-07-27T03:12:07.8443001560
/home/zira/research/projects/GNN-2d/reports/v5/p2_g3_clean_training_implementation_preflight/V5_P2_G3_CLEAN_TRAINING_IMPLEMENTATION_PREFLIGHT_COMPLETE	58	2026-07-27T08:09:54.8592554680
/home/zira/research/projects/GNN-2d/reports/v5/p2_g3_clean_training_implementation_preflight/V5_P2_G3_CLEAN_TRAINING_IMPLEMENTATION_PREFLIGHT.json	4229	2026-07-27T08:09:54.8592554680
/home/zira/research/projects/GNN-2d/reports/v5/p2_g3_clean_training_implementation_preflight/V5_P2_G3_CLEAN_TRAINING_IMPLEMENTATION_PREFLIGHT_LOCK.json	704	2026-07-27T08:09:54.8592554680
/home/zira/research/projects/GNN-2d/reports/v5/p2_g3_role_aware_multilabel_matrix_aggregation/V5_P2_G3_PER_SEED_RESULTS.csv	13538	2026-07-27T12:18:55.4032551120
/home/zira/research/projects/GNN-2d/reports/v5/p2_g3_role_aware_multilabel_matrix_aggregation/V5_P2_G3_ROLE_AWARE_MULTILABEL_MATRIX_AGGREGATION_COMPLETE	59	2026-07-27T12:18:55.4042551600
/home/zira/research/projects/GNN-2d/reports/v5/p2_g3_role_aware_multilabel_matrix_aggregation/V5_P2_G3_ROLE_AWARE_MULTILABEL_MATRIX_AGGREGATION.json	68991	2026-07-27T12:18:55.4042551600
/home/zira/research/projects/GNN-2d/reports/v5/p2_g3_role_aware_multilabel_matrix_aggregation/V5_P2_G3_ROLE_AWARE_MULTILABEL_MATRIX_AGGREGATION_LOCK.json	775	2026-07-27T12:18:55.4042551600
/home/zira/research/projects/GNN-2d/reports/v5/p2_g3_role_aware_multilabel_matrix_aggregation/V5_P2_G3_THREE_SEED_SUMMARY.csv	2634	2026-07-27T12:18:55.4032551120
/home/zira/research/projects/GNN-2d/reports/v5/p2_g3_role_aware_multilabel_training/conv1d/seed_107/V5_P2_G3_CONV1D_SEED_107_HISTORY.csv	18020	2026-07-27T08:31:53.1137780860
/home/zira/research/projects/GNN-2d/reports/v5/p2_g3_role_aware_multilabel_training/conv1d/seed_107/V5_P2_G3_CONV1D_SEED_107_PROGRESS.json	376	2026-07-27T08:31:53.1137780860
/home/zira/research/projects/GNN-2d/reports/v5/p2_g3_role_aware_multilabel_training/conv1d/seed_107/V5_P2_G3_CONV1D_SEED_107_THRESHOLD_SWEEP.csv	360631	2026-07-27T08:31:58.5068140590
/home/zira/research/projects/GNN-2d/reports/v5/p2_g3_role_aware_multilabel_training/conv1d/seed_107/V5_P2_G3_CONV1D_SEED_107_VALIDATION_PREDICTIONS.npz	3129874	2026-07-27T08:31:59.0278175390
/home/zira/research/projects/GNN-2d/reports/v5/p2_g3_role_aware_multilabel_training/conv1d/seed_107/V5_P2_G3_ROLE_AWARE_MULTILABEL_SINGLE_RUN_COMPLETE	51	2026-07-27T08:31:59.8398229650
/home/zira/research/projects/GNN-2d/reports/v5/p2_g3_role_aware_multilabel_training/conv1d/seed_107/V5_P2_G3_ROLE_AWARE_MULTILABEL_SINGLE_RUN.json	18392	2026-07-27T08:31:59.8378229510
/home/zira/research/projects/GNN-2d/reports/v5/p2_g3_role_aware_multilabel_training/conv1d/seed_107/V5_P2_G3_ROLE_AWARE_MULTILABEL_SINGLE_RUN_LOCK.json	766	2026-07-27T08:31:59.8398229650
/home/zira/research/projects/GNN-2d/reports/v5/p2_g3_role_aware_multilabel_training/conv1d/seed_107/V5_P2_G3_ROLE_AWARE_MULTILABEL_SINGLE_RUN_TRAINING_STARTED	59	2026-07-27T08:11:31.0341141310
/home/zira/research/projects/GNN-2d/reports/v5/p2_g3_role_aware_multilabel_training/conv1d/seed_117/V5_P2_G3_CONV1D_SEED_117_HISTORY.csv	23234	2026-07-27T10:00:20.4824972070
/home/zira/research/projects/GNN-2d/reports/v5/p2_g3_role_aware_multilabel_training/conv1d/seed_117/V5_P2_G3_CONV1D_SEED_117_PROGRESS.json	373	2026-07-27T10:00:20.4824972070
/home/zira/research/projects/GNN-2d/reports/v5/p2_g3_role_aware_multilabel_training/conv1d/seed_117/V5_P2_G3_CONV1D_SEED_117_THRESHOLD_SWEEP.csv	360576	2026-07-27T10:00:26.0238250450
/home/zira/research/projects/GNN-2d/reports/v5/p2_g3_role_aware_multilabel_training/conv1d/seed_117/V5_P2_G3_CONV1D_SEED_117_VALIDATION_PREDICTIONS.npz	3134612	2026-07-27T10:00:26.5588566280
/home/zira/research/projects/GNN-2d/reports/v5/p2_g3_role_aware_multilabel_training/conv1d/seed_117/V5_P2_G3_ROLE_AWARE_MULTILABEL_SINGLE_RUN_COMPLETE	51	2026-07-27T10:00:27.3739047250
/home/zira/research/projects/GNN-2d/reports/v5/p2_g3_role_aware_multilabel_training/conv1d/seed_117/V5_P2_G3_ROLE_AWARE_MULTILABEL_SINGLE_RUN.json	18457	2026-07-27T10:00:27.3719046070
/home/zira/research/projects/GNN-2d/reports/v5/p2_g3_role_aware_multilabel_training/conv1d/seed_117/V5_P2_G3_ROLE_AWARE_MULTILABEL_SINGLE_RUN_LOCK.json	766	2026-07-27T10:00:27.3739047250
/home/zira/research/projects/GNN-2d/reports/v5/p2_g3_role_aware_multilabel_training/conv1d/seed_117/V5_P2_G3_ROLE_AWARE_MULTILABEL_SINGLE_RUN_TRAINING_STARTED	59	2026-07-27T09:33:41.0428127990
/home/zira/research/projects/GNN-2d/reports/v5/p2_g3_role_aware_multilabel_training/conv1d/seed_127/V5_P2_G3_CONV1D_SEED_127_HISTORY.csv	28992	2026-07-27T11:26:07.2222316690
/home/zira/research/projects/GNN-2d/reports/v5/p2_g3_role_aware_multilabel_training/conv1d/seed_127/V5_P2_G3_CONV1D_SEED_127_PROGRESS.json	378	2026-07-27T11:26:07.2232316970
/home/zira/research/projects/GNN-2d/reports/v5/p2_g3_role_aware_multilabel_training/conv1d/seed_127/V5_P2_G3_CONV1D_SEED_127_THRESHOLD_SWEEP.csv	361181	2026-07-27T11:26:12.8753918400
/home/zira/research/projects/GNN-2d/reports/v5/p2_g3_role_aware_multilabel_training/conv1d/seed_127/V5_P2_G3_CONV1D_SEED_127_VALIDATION_PREDICTIONS.npz	3153686	2026-07-27T11:26:13.3924064880
/home/zira/research/projects/GNN-2d/reports/v5/p2_g3_role_aware_multilabel_training/conv1d/seed_127/V5_P2_G3_ROLE_AWARE_MULTILABEL_SINGLE_RUN_COMPLETE	51	2026-07-27T11:26:14.2054295230
/home/zira/research/projects/GNN-2d/reports/v5/p2_g3_role_aware_multilabel_training/conv1d/seed_127/V5_P2_G3_ROLE_AWARE_MULTILABEL_SINGLE_RUN.json	18351	2026-07-27T11:26:14.2024294380
/home/zira/research/projects/GNN-2d/reports/v5/p2_g3_role_aware_multilabel_training/conv1d/seed_127/V5_P2_G3_ROLE_AWARE_MULTILABEL_SINGLE_RUN_LOCK.json	766	2026-07-27T11:26:14.2054295230
/home/zira/research/projects/GNN-2d/reports/v5/p2_g3_role_aware_multilabel_training/conv1d/seed_127/V5_P2_G3_ROLE_AWARE_MULTILABEL_SINGLE_RUN_TRAINING_STARTED	59	2026-07-27T10:52:26.8770303380
/home/zira/research/projects/GNN-2d/reports/v5/p2_g3_role_aware_multilabel_training/gcnconv/seed_107/V5_P2_G3_GCNCONV_SEED_107_HISTORY.csv	27886	2026-07-27T09:04:53.5922381770
/home/zira/research/projects/GNN-2d/reports/v5/p2_g3_role_aware_multilabel_training/gcnconv/seed_107/V5_P2_G3_GCNCONV_SEED_107_PROGRESS.json	377	2026-07-27T09:04:53.5932382070
/home/zira/research/projects/GNN-2d/reports/v5/p2_g3_role_aware_multilabel_training/gcnconv/seed_107/V5_P2_G3_GCNCONV_SEED_107_THRESHOLD_SWEEP.csv	364200	2026-07-27T09:04:58.9334029600
/home/zira/research/projects/GNN-2d/reports/v5/p2_g3_role_aware_multilabel_training/gcnconv/seed_107/V5_P2_G3_GCNCONV_SEED_107_VALIDATION_PREDICTIONS.npz	3169382	2026-07-27T09:04:59.4754196600
/home/zira/research/projects/GNN-2d/reports/v5/p2_g3_role_aware_multilabel_training/gcnconv/seed_107/V5_P2_G3_ROLE_AWARE_MULTILABEL_SINGLE_RUN_COMPLETE	51	2026-07-27T09:05:00.4124485220
/home/zira/research/projects/GNN-2d/reports/v5/p2_g3_role_aware_multilabel_training/gcnconv/seed_107/V5_P2_G3_ROLE_AWARE_MULTILABEL_SINGLE_RUN.json	18761	2026-07-27T09:05:00.4094484290
/home/zira/research/projects/GNN-2d/reports/v5/p2_g3_role_aware_multilabel_training/gcnconv/seed_107/V5_P2_G3_ROLE_AWARE_MULTILABEL_SINGLE_RUN_LOCK.json	767	2026-07-27T09:05:00.4124485220
/home/zira/research/projects/GNN-2d/reports/v5/p2_g3_role_aware_multilabel_training/gcnconv/seed_107/V5_P2_G3_ROLE_AWARE_MULTILABEL_SINGLE_RUN_TRAINING_STARTED	59	2026-07-27T08:32:02.6038414500
/home/zira/research/projects/GNN-2d/reports/v5/p2_g3_role_aware_multilabel_training/gcnconv/seed_117/V5_P2_G3_GCNCONV_SEED_117_HISTORY.csv	25877	2026-07-27T10:31:13.0992305360
/home/zira/research/projects/GNN-2d/reports/v5/p2_g3_role_aware_multilabel_training/gcnconv/seed_117/V5_P2_G3_GCNCONV_SEED_117_PROGRESS.json	377	2026-07-27T10:31:13.0992305360
/home/zira/research/projects/GNN-2d/reports/v5/p2_g3_role_aware_multilabel_training/gcnconv/seed_117/V5_P2_G3_GCNCONV_SEED_117_THRESHOLD_SWEEP.csv	363732	2026-07-27T10:31:18.8911341450
/home/zira/research/projects/GNN-2d/reports/v5/p2_g3_role_aware_multilabel_training/gcnconv/seed_117/V5_P2_G3_GCNCONV_SEED_117_VALIDATION_PREDICTIONS.npz	3098068	2026-07-27T10:31:19.4461250690
/home/zira/research/projects/GNN-2d/reports/v5/p2_g3_role_aware_multilabel_training/gcnconv/seed_117/V5_P2_G3_ROLE_AWARE_MULTILABEL_SINGLE_RUN_COMPLETE	51	2026-07-27T10:31:20.4641084800
/home/zira/research/projects/GNN-2d/reports/v5/p2_g3_role_aware_multilabel_training/gcnconv/seed_117/V5_P2_G3_ROLE_AWARE_MULTILABEL_SINGLE_RUN.json	18501	2026-07-27T10:31:20.4611085290
/home/zira/research/projects/GNN-2d/reports/v5/p2_g3_role_aware_multilabel_training/gcnconv/seed_117/V5_P2_G3_ROLE_AWARE_MULTILABEL_SINGLE_RUN_LOCK.json	767	2026-07-27T10:31:20.4641084800
/home/zira/research/projects/GNN-2d/reports/v5/p2_g3_role_aware_multilabel_training/gcnconv/seed_117/V5_P2_G3_ROLE_AWARE_MULTILABEL_SINGLE_RUN_TRAINING_STARTED	59	2026-07-27T10:00:30.1670693530
/home/zira/research/projects/GNN-2d/reports/v5/p2_g3_role_aware_multilabel_training/gcnconv/seed_127/V5_P2_G3_GCNCONV_SEED_127_HISTORY.csv	23857	2026-07-27T11:54:19.8779234450
/home/zira/research/projects/GNN-2d/reports/v5/p2_g3_role_aware_multilabel_training/gcnconv/seed_127/V5_P2_G3_GCNCONV_SEED_127_PROGRESS.json	378	2026-07-27T11:54:19.8779234450
/home/zira/research/projects/GNN-2d/reports/v5/p2_g3_role_aware_multilabel_training/gcnconv/seed_127/V5_P2_G3_GCNCONV_SEED_127_THRESHOLD_SWEEP.csv	364368	2026-07-27T11:54:25.1531202770
/home/zira/research/projects/GNN-2d/reports/v5/p2_g3_role_aware_multilabel_training/gcnconv/seed_127/V5_P2_G3_GCNCONV_SEED_127_VALIDATION_PREDICTIONS.npz	2845911	2026-07-27T11:54:25.6471386990
/home/zira/research/projects/GNN-2d/reports/v5/p2_g3_role_aware_multilabel_training/gcnconv/seed_127/V5_P2_G3_ROLE_AWARE_MULTILABEL_SINGLE_RUN_COMPLETE	51	2026-07-27T11:54:26.5921739340
/home/zira/research/projects/GNN-2d/reports/v5/p2_g3_role_aware_multilabel_training/gcnconv/seed_127/V5_P2_G3_ROLE_AWARE_MULTILABEL_SINGLE_RUN.json	18608	2026-07-27T11:54:26.5891738220
/home/zira/research/projects/GNN-2d/reports/v5/p2_g3_role_aware_multilabel_training/gcnconv/seed_127/V5_P2_G3_ROLE_AWARE_MULTILABEL_SINGLE_RUN_LOCK.json	767	2026-07-27T11:54:26.5921739340
/home/zira/research/projects/GNN-2d/reports/v5/p2_g3_role_aware_multilabel_training/gcnconv/seed_127/V5_P2_G3_ROLE_AWARE_MULTILABEL_SINGLE_RUN_TRAINING_STARTED	59	2026-07-27T11:26:16.9045059950
/home/zira/research/projects/GNN-2d/reports/v5/p2_g3_role_aware_multilabel_training/graphconv/seed_107/V5_P2_G3_GRAPHCONV_SEED_107_HISTORY.csv	24215	2026-07-27T09:33:31.0894024580
/home/zira/research/projects/GNN-2d/reports/v5/p2_g3_role_aware_multilabel_training/graphconv/seed_107/V5_P2_G3_GRAPHCONV_SEED_107_PROGRESS.json	380	2026-07-27T09:33:31.0894024580
/home/zira/research/projects/GNN-2d/reports/v5/p2_g3_role_aware_multilabel_training/graphconv/seed_107/V5_P2_G3_GRAPHCONV_SEED_107_THRESHOLD_SWEEP.csv	364517	2026-07-27T09:33:36.7866375630
/home/zira/research/projects/GNN-2d/reports/v5/p2_g3_role_aware_multilabel_training/graphconv/seed_107/V5_P2_G3_GRAPHCONV_SEED_107_VALIDATION_PREDICTIONS.npz	2865464	2026-07-27T09:33:37.2736576310
/home/zira/research/projects/GNN-2d/reports/v5/p2_g3_role_aware_multilabel_training/graphconv/seed_107/V5_P2_G3_ROLE_AWARE_MULTILABEL_SINGLE_RUN_COMPLETE	51	2026-07-27T09:33:38.1656943790
/home/zira/research/projects/GNN-2d/reports/v5/p2_g3_role_aware_multilabel_training/graphconv/seed_107/V5_P2_G3_ROLE_AWARE_MULTILABEL_SINGLE_RUN.json	18622	2026-07-27T09:33:38.1626942550
/home/zira/research/projects/GNN-2d/reports/v5/p2_g3_role_aware_multilabel_training/graphconv/seed_107/V5_P2_G3_ROLE_AWARE_MULTILABEL_SINGLE_RUN_LOCK.json	769	2026-07-27T09:33:38.1656943790
/home/zira/research/projects/GNN-2d/reports/v5/p2_g3_role_aware_multilabel_training/graphconv/seed_107/V5_P2_G3_ROLE_AWARE_MULTILABEL_SINGLE_RUN_TRAINING_STARTED	59	2026-07-27T09:05:03.1125316240
/home/zira/research/projects/GNN-2d/reports/v5/p2_g3_role_aware_multilabel_training/graphconv/seed_117/V5_P2_G3_GRAPHCONV_SEED_117_HISTORY.csv	18111	2026-07-27T10:52:17.0427897460
/home/zira/research/projects/GNN-2d/reports/v5/p2_g3_role_aware_multilabel_training/graphconv/seed_117/V5_P2_G3_GRAPHCONV_SEED_117_PROGRESS.json	380	2026-07-27T10:52:17.0427897460
/home/zira/research/projects/GNN-2d/reports/v5/p2_g3_role_aware_multilabel_training/graphconv/seed_117/V5_P2_G3_GRAPHCONV_SEED_117_THRESHOLD_SWEEP.csv	363400	2026-07-27T10:52:22.5149235330
/home/zira/research/projects/GNN-2d/reports/v5/p2_g3_role_aware_multilabel_training/graphconv/seed_117/V5_P2_G3_GRAPHCONV_SEED_117_VALIDATION_PREDICTIONS.npz	3128643	2026-07-27T10:52:23.0359362820
/home/zira/research/projects/GNN-2d/reports/v5/p2_g3_role_aware_multilabel_training/graphconv/seed_117/V5_P2_G3_ROLE_AWARE_MULTILABEL_SINGLE_RUN_COMPLETE	51	2026-07-27T10:52:23.9279581150
/home/zira/research/projects/GNN-2d/reports/v5/p2_g3_role_aware_multilabel_training/graphconv/seed_117/V5_P2_G3_ROLE_AWARE_MULTILABEL_SINGLE_RUN.json	18584	2026-07-27T10:52:23.9249580420
/home/zira/research/projects/GNN-2d/reports/v5/p2_g3_role_aware_multilabel_training/graphconv/seed_117/V5_P2_G3_ROLE_AWARE_MULTILABEL_SINGLE_RUN_LOCK.json	769	2026-07-27T10:52:23.9279581150
/home/zira/research/projects/GNN-2d/reports/v5/p2_g3_role_aware_multilabel_training/graphconv/seed_117/V5_P2_G3_ROLE_AWARE_MULTILABEL_SINGLE_RUN_TRAINING_STARTED	59	2026-07-27T10:31:23.2200640180
/home/zira/research/projects/GNN-2d/reports/v5/p2_g3_role_aware_multilabel_training/graphconv/seed_127/V5_P2_G3_GRAPHCONV_SEED_127_HISTORY.csv	20816	2026-07-27T12:18:47.8208877940
/home/zira/research/projects/GNN-2d/reports/v5/p2_g3_role_aware_multilabel_training/graphconv/seed_127/V5_P2_G3_GRAPHCONV_SEED_127_PROGRESS.json	380	2026-07-27T12:18:47.8208877940
/home/zira/research/projects/GNN-2d/reports/v5/p2_g3_role_aware_multilabel_training/graphconv/seed_127/V5_P2_G3_GRAPHCONV_SEED_127_THRESHOLD_SWEEP.csv	364463	2026-07-27T12:18:53.3551560120
/home/zira/research/projects/GNN-2d/reports/v5/p2_g3_role_aware_multilabel_training/graphconv/seed_127/V5_P2_G3_GRAPHCONV_SEED_127_VALIDATION_PREDICTIONS.npz	3154669	2026-07-27T12:18:53.8741811350
/home/zira/research/projects/GNN-2d/reports/v5/p2_g3_role_aware_multilabel_training/graphconv/seed_127/V5_P2_G3_ROLE_AWARE_MULTILABEL_SINGLE_RUN_COMPLETE	51	2026-07-27T12:18:54.7642242010
/home/zira/research/projects/GNN-2d/reports/v5/p2_g3_role_aware_multilabel_training/graphconv/seed_127/V5_P2_G3_ROLE_AWARE_MULTILABEL_SINGLE_RUN.json	18554	2026-07-27T12:18:54.7612240560
/home/zira/research/projects/GNN-2d/reports/v5/p2_g3_role_aware_multilabel_training/graphconv/seed_127/V5_P2_G3_ROLE_AWARE_MULTILABEL_SINGLE_RUN_LOCK.json	769	2026-07-27T12:18:54.7642242010
/home/zira/research/projects/GNN-2d/reports/v5/p2_g3_role_aware_multilabel_training/graphconv/seed_127/V5_P2_G3_ROLE_AWARE_MULTILABEL_SINGLE_RUN_TRAINING_STARTED	59	2026-07-27T11:54:29.3372762470
/home/zira/research/projects/GNN-2d/reports/v5/p2_g3_role_aware_multilabel_training_matrix.pid	6	2026-07-27T08:11:26.9371555120
/home/zira/research/projects/GNN-2d/reports/v5/p2_l0_r0_semantic_resolution/V5_P2_L0_R0_SEMANTIC_RESOLUTION_COMPLETE	285	2026-07-28T01:48:42.7839466940
/home/zira/research/projects/GNN-2d/reports/v5/p2_l0_r0_semantic_resolution/V5_P2_L0_R0_SEMANTIC_RESOLUTION.json	1087016	2026-07-28T01:48:42.7729467170
/home/zira/research/projects/GNN-2d/reports/v5/p2_l0_r0_semantic_resolution/V5_P2_L0_R0_SEMANTIC_RESOLUTION.md	127401	2026-07-28T01:48:42.7839466940
/home/zira/research/projects/GNN-2d/reports/v5/p2_l0_r0_semantic_resolution/V5_P2_L0_R0_SEMANTIC_RESOLUTION_SHA256SUMS.txt	539	2026-07-28T01:48:42.7849466920
/home/zira/research/projects/GNN-2d/reports/v5/p2_l0_structured_decoder_protocol_lock/V5_P2_L0_ROUTE_AND_LABEL_SEMANTICS.json	3035	2026-07-28T01:56:05.3631526950
/home/zira/research/projects/GNN-2d/reports/v5/p2_l0_structured_decoder_protocol_lock/V5_P2_L0_STRUCTURED_DECODER_PROTOCOL_LOCK_COMPLETE	761	2026-07-28T01:56:05.3631526950
/home/zira/research/projects/GNN-2d/reports/v5/p2_l0_structured_decoder_protocol_lock/V5_P2_L0_STRUCTURED_DECODER_PROTOCOL_LOCK.json	14629	2026-07-28T01:56:05.3631526950
/home/zira/research/projects/GNN-2d/reports/v5/p2_l0_structured_decoder_protocol_lock/V5_P2_L0_STRUCTURED_DECODER_PROTOCOL_LOCK_LOCK.json	1502	2026-07-28T01:56:05.3631526950
/home/zira/research/projects/GNN-2d/reports/v5/p2_l0_structured_decoder_protocol_lock/V5_P2_L0_STRUCTURED_DECODER_PROTOCOL_LOCK.md	2958	2026-07-28T01:56:05.3631526950
/home/zira/research/projects/GNN-2d/reports/v5/p2_l0_structured_decoder_protocol_lock/V5_P2_L0_STRUCTURED_DECODER_PROTOCOL_LOCK_SHA256SUMS.txt	4404	2026-07-28T01:56:05.3651527070
/home/zira/research/projects/GNN-2d/reports/v5/p2_l0_structured_decoder_protocol_lock/V5_P2_L0_STRUCTURED_SCORE_CONTRACT.json	1549	2026-07-28T01:56:05.3631526950
/home/zira/research/projects/GNN-2d/reports/v5/p2_l0_structured_decoder_protocol_lock/V5_P2_L0_VALIDATION_SELECTION_POLICY.json	1287	2026-07-28T01:56:05.3631526950
/home/zira/research/projects/GNN-2d/reports/v5/p2_l0_structured_decoder_protocol_preflight/V5_P2_L0_STRUCTURED_DECODER_PROTOCOL_PREFLIGHT_COMPLETE	226	2026-07-28T01:43:59.4519073740
/home/zira/research/projects/GNN-2d/reports/v5/p2_l0_structured_decoder_protocol_preflight/V5_P2_L0_STRUCTURED_DECODER_PROTOCOL_PREFLIGHT.json	126732	2026-07-28T01:43:59.4459074510
/home/zira/research/projects/GNN-2d/reports/v5/p2_l0_structured_decoder_protocol_preflight/V5_P2_L0_STRUCTURED_DECODER_PROTOCOL_PREFLIGHT.md	37909	2026-07-28T01:43:59.4519073740
/home/zira/research/projects/GNN-2d/reports/v5/p2_l0_structured_decoder_protocol_preflight/V5_P2_L0_STRUCTURED_DECODER_PROTOCOL_PREFLIGHT_SHA256SUMS.txt	629	2026-07-28T01:43:59.4529073610
/home/zira/research/projects/GNN-2d/reports/v5/p2_l1_xy_route_library_unit_tests/V5_P2_L1_XY_ROUTE_LIBRARY_UNIT_TESTS_COMPLETE	646	2026-07-28T02:03:14.1797044520
/home/zira/research/projects/GNN-2d/reports/v5/p2_l1_xy_route_library_unit_tests/V5_P2_L1_XY_ROUTE_LIBRARY_UNIT_TESTS.json	2544	2026-07-28T02:03:14.1797044520
/home/zira/research/projects/GNN-2d/reports/v5/p2_l1_xy_route_library_unit_tests/V5_P2_L1_XY_ROUTE_LIBRARY_UNIT_TESTS_LOCK.json	808	2026-07-28T02:03:14.1797044520
/home/zira/research/projects/GNN-2d/reports/v5/p2_l1_xy_route_library_unit_tests/V5_P2_L1_XY_ROUTE_LIBRARY_UNIT_TESTS.md	1761	2026-07-28T02:03:14.1797044520
/home/zira/research/projects/GNN-2d/reports/v5/p2_l1_xy_route_library_unit_tests/V5_P2_L1_XY_ROUTE_LIBRARY_UNIT_TESTS_SHA256SUMS.txt	2565	2026-07-28T02:03:14.1807044620
/home/zira/research/projects/GNN-2d/reports/v5/p2_l2_exact_decoder_implementation/V5_P2_L2_EXACT_DECODER_IMPLEMENTATION_COMPLETE	702	2026-07-28T03:54:17.0347958070
/home/zira/research/projects/GNN-2d/reports/v5/p2_l2_exact_decoder_implementation/V5_P2_L2_EXACT_DECODER_IMPLEMENTATION.json	3395	2026-07-28T03:54:17.0337957580
/home/zira/research/projects/GNN-2d/reports/v5/p2_l2_exact_decoder_implementation/V5_P2_L2_EXACT_DECODER_IMPLEMENTATION_LOCK.json	987	2026-07-28T03:54:17.0347958070
/home/zira/research/projects/GNN-2d/reports/v5/p2_l2_exact_decoder_implementation/V5_P2_L2_EXACT_DECODER_IMPLEMENTATION.md	1895	2026-07-28T03:54:17.0347958070
/home/zira/research/projects/GNN-2d/reports/v5/p2_l2_exact_decoder_implementation/V5_P2_L2_EXACT_DECODER_IMPLEMENTATION_SHA256SUMS.txt	2681	2026-07-28T03:54:17.0347958070
/home/zira/research/projects/GNN-2d/reports/v5/p2_l2_r0_solver_gap_numerical_certification/V5_P2_L2_R0_SOLVER_GAP_NUMERICAL_CERTIFICATION_COMPLETE	640	2026-07-29T02:36:46.0816222910
/home/zira/research/projects/GNN-2d/reports/v5/p2_l2_r0_solver_gap_numerical_certification/V5_P2_L2_R0_SOLVER_GAP_NUMERICAL_CERTIFICATION.json	3661	2026-07-29T02:36:46.0816222910
/home/zira/research/projects/GNN-2d/reports/v5/p2_l2_r0_solver_gap_numerical_certification/V5_P2_L2_R0_SOLVER_GAP_NUMERICAL_CERTIFICATION.md	1115	2026-07-29T02:36:46.0816222910
/home/zira/research/projects/GNN-2d/reports/v5/p2_l2_r0_solver_gap_numerical_certification/V5_P2_L2_R0_SOLVER_GAP_NUMERICAL_CERTIFICATION_SHA256SUMS.txt	1780	2026-07-29T02:36:46.0816222910
/home/zira/research/projects/GNN-2d/reports/v5/p2_l2_r0_solver_gap_numerical_certification/WORK_MANIFEST_BEFORE_L2_R0.json	820	2026-07-29T02:36:46.0806222580
/home/zira/research/projects/GNN-2d/reports/v5/p2_l2_r1_optimum_face_numerical_certification/V5_P2_L2_R1_OPTIMUM_FACE_NUMERICAL_CERTIFICATION_COMPLETE	1001	2026-07-29T03:12:01.8815103880
/home/zira/research/projects/GNN-2d/reports/v5/p2_l2_r1_optimum_face_numerical_certification/V5_P2_L2_R1_OPTIMUM_FACE_NUMERICAL_CERTIFICATION.json	4504	2026-07-29T03:12:01.8815103880
/home/zira/research/projects/GNN-2d/reports/v5/p2_l2_r1_optimum_face_numerical_certification/V5_P2_L2_R1_OPTIMUM_FACE_NUMERICAL_CERTIFICATION.md	1185	2026-07-29T03:12:01.8815103880
/home/zira/research/projects/GNN-2d/reports/v5/p2_l2_r1_optimum_face_numerical_certification/V5_P2_L2_R1_OPTIMUM_FACE_NUMERICAL_CERTIFICATION_SHA256SUMS.txt	1612	2026-07-29T03:12:01.8815103880
/home/zira/research/projects/GNN-2d/reports/v5/p2_l2_r1_optimum_face_numerical_certification/WORK_MANIFEST_BEFORE_L2_R1.json	820	2026-07-29T03:12:01.8815103880
/home/zira/research/projects/GNN-2d/reports/v5/p2_l2_r2_high_precision_semantic_face_certification/V5_P2_L2_R2_HIGH_PRECISION_SEMANTIC_FACE_CERTIFICATION_COMPLETE	557	2026-07-29T03:54:45.7992285490
/home/zira/research/projects/GNN-2d/reports/v5/p2_l2_r2_high_precision_semantic_face_certification/V5_P2_L2_R2_HIGH_PRECISION_SEMANTIC_FACE_CERTIFICATION.json	5269	2026-07-29T03:54:45.7992285490
/home/zira/research/projects/GNN-2d/reports/v5/p2_l2_r2_high_precision_semantic_face_certification/V5_P2_L2_R2_HIGH_PRECISION_SEMANTIC_FACE_CERTIFICATION.md	1553	2026-07-29T03:54:45.7992285490
/home/zira/research/projects/GNN-2d/reports/v5/p2_l2_r2_high_precision_semantic_face_certification/V5_P2_L2_R2_HIGH_PRECISION_SEMANTIC_FACE_CERTIFICATION_SHA256SUMS.txt	2380	2026-07-29T03:54:45.7992285490
/home/zira/research/projects/GNN-2d/reports/v5/p2_l2_r2_high_precision_semantic_face_certification/WORK_MANIFEST_BEFORE_L2_R2.json	820	2026-07-29T03:54:45.7992285490
/home/zira/research/projects/GNN-2d/reports/v5/p2_l2_r2_r0_cache_prefix_resolution/V5_P2_L2_R2_R0_CACHE_PREFIX_RESOLUTION_COMPLETE	313	2026-07-29T03:54:45.1472072230
/home/zira/research/projects/GNN-2d/reports/v5/p2_l2_r2_r0_cache_prefix_resolution/V5_P2_L2_R2_R0_CACHE_PREFIX_RESOLUTION.json	1158	2026-07-29T03:54:45.1472072230
/home/zira/research/projects/GNN-2d/reports/v5/p2_l2_r2_r0_cache_prefix_resolution/V5_P2_L2_R2_R0_CACHE_PREFIX_RESOLUTION.md	555	2026-07-29T03:54:45.1472072230
/home/zira/research/projects/GNN-2d/reports/v5/p2_l2_r2_r0_cache_prefix_resolution/V5_P2_L2_R2_R0_CACHE_PREFIX_RESOLUTION_SHA256SUMS.txt	1062	2026-07-29T03:54:45.1472072230
/home/zira/research/projects/GNN-2d/reports/v5/p2_l3_hardware_beam_decoder_implementation/V5_P2_L3_HARDWARE_BEAM_DECODER_IMPLEMENTATION_COMPLETE	726	2026-07-28T04:02:00.6586319760
/home/zira/research/projects/GNN-2d/reports/v5/p2_l3_hardware_beam_decoder_implementation/V5_P2_L3_HARDWARE_BEAM_DECODER_IMPLEMENTATION.json	4103	2026-07-28T04:02:00.6576319410
/home/zira/research/projects/GNN-2d/reports/v5/p2_l3_hardware_beam_decoder_implementation/V5_P2_L3_HARDWARE_BEAM_DECODER_IMPLEMENTATION_LOCK.json	1098	2026-07-28T04:02:00.6576319410
/home/zira/research/projects/GNN-2d/reports/v5/p2_l3_hardware_beam_decoder_implementation/V5_P2_L3_HARDWARE_BEAM_DECODER_IMPLEMENTATION.md	1772	2026-07-28T04:02:00.6576319410
/home/zira/research/projects/GNN-2d/reports/v5/p2_l3_hardware_beam_decoder_implementation/V5_P2_L3_HARDWARE_BEAM_DECODER_IMPLEMENTATION_SHA256SUMS.txt	3679	2026-07-28T04:02:00.6586319760
/home/zira/research/projects/GNN-2d/reports/v5/p2_l3_hardware_beam_decoder_implementation/V5_P2_L3_HARDWARE_BEAM_DECODER_INTERFACE.json	1000	2026-07-28T04:02:00.6566319060
/home/zira/research/projects/GNN-2d/reports/v5/p2_l3_r1_beam_completion_feasibility_guard/V5_P2_L3_R1_BEAM_COMPLETION_FEASIBILITY_GUARD_COMPLETE	602	2026-07-29T13:49:02.5009891960
/home/zira/research/projects/GNN-2d/reports/v5/p2_l3_r1_beam_completion_feasibility_guard/V5_P2_L3_R1_BEAM_COMPLETION_FEASIBILITY_GUARD.json	4769	2026-07-29T13:49:02.5009891960
/home/zira/research/projects/GNN-2d/reports/v5/p2_l3_r1_beam_completion_feasibility_guard/V5_P2_L3_R1_BEAM_COMPLETION_FEASIBILITY_GUARD.md	1360	2026-07-29T13:49:02.5009891960
/home/zira/research/projects/GNN-2d/reports/v5/p2_l3_r1_beam_completion_feasibility_guard/V5_P2_L3_R1_BEAM_COMPLETION_FEASIBILITY_GUARD_SHA256SUMS.txt	2753	2026-07-29T13:49:02.5009891960
/home/zira/research/projects/GNN-2d/reports/v5/p2_l3_r1_beam_completion_feasibility_guard/WORK_MANIFEST_BEFORE_L3_R1.json	991	2026-07-29T13:49:02.4789891980
/home/zira/research/projects/GNN-2d/reports/v5/p2_l4_decoder_validation_selection/V5_P2_L4_DECODER_VALIDATION_SELECTION_COMPLETE	613	2026-07-29T14:01:26.9160891100
/home/zira/research/projects/GNN-2d/reports/v5/p2_l4_decoder_validation_selection/V5_P2_L4_DECODER_VALIDATION_SELECTION.json	66243	2026-07-29T14:01:26.9160891100
/home/zira/research/projects/GNN-2d/reports/v5/p2_l4_decoder_validation_selection/V5_P2_L4_DECODER_VALIDATION_SELECTION_LOCK.json	575	2026-07-29T14:01:26.9160891100
/home/zira/research/projects/GNN-2d/reports/v5/p2_l4_decoder_validation_selection/V5_P2_L4_DECODER_VALIDATION_SELECTION.md	1701	2026-07-29T14:01:26.9160891100
/home/zira/research/projects/GNN-2d/reports/v5/p2_l4_decoder_validation_selection/V5_P2_L4_DECODER_VALIDATION_SELECTION_SHA256SUMS.txt	6406	2026-07-29T14:01:26.9180893160
/home/zira/research/projects/GNN-2d/reports/v5/p2_l4_r0_equivalence_operationalization/V5_P2_L4_R0_EQUIVALENCE_OPERATIONALIZATION_COMPLETE	400	2026-07-29T01:11:30.0954595390
/home/zira/research/projects/GNN-2d/reports/v5/p2_l4_r0_equivalence_operationalization/V5_P2_L4_R0_EQUIVALENCE_OPERATIONALIZATION.json	1826	2026-07-29T01:11:30.0954595390
/home/zira/research/projects/GNN-2d/reports/v5/p2_l4_r0_equivalence_operationalization/V5_P2_L4_R0_EQUIVALENCE_OPERATIONALIZATION.md	839	2026-07-29T01:11:30.0954595390
/home/zira/research/projects/GNN-2d/reports/v5/p2_l4_r0_equivalence_operationalization/V5_P2_L4_R0_EQUIVALENCE_OPERATIONALIZATION_SHA256SUMS.txt	1186	2026-07-29T01:11:30.0954595390
/home/zira/research/projects/GNN-2d/reports/v5/p2_l4_r1_decoder_disposition_amendment/V5_P2_L4_R1_DECODER_DISPOSITION_AMENDMENT_COMPLETE	486	2026-07-30T01:01:45.4246858060
/home/zira/research/projects/GNN-2d/reports/v5/p2_l4_r1_decoder_disposition_amendment/V5_P2_L4_R1_DECODER_DISPOSITION_AMENDMENT.json	6107	2026-07-30T01:01:45.4246858060
/home/zira/research/projects/GNN-2d/reports/v5/p2_l4_r1_decoder_disposition_amendment/V5_P2_L4_R1_DECODER_DISPOSITION_AMENDMENT_LOCK.json	702	2026-07-30T01:01:45.4246858060
/home/zira/research/projects/GNN-2d/reports/v5/p2_l4_r1_decoder_disposition_amendment/V5_P2_L4_R1_DECODER_DISPOSITION_AMENDMENT.md	1690	2026-07-30T01:01:45.4246858060
/home/zira/research/projects/GNN-2d/reports/v5/p2_l4_r1_decoder_disposition_amendment/V5_P2_L4_R1_DECODER_DISPOSITION_AMENDMENT_SHA256SUMS.txt	3002	2026-07-30T01:01:45.4246858060
/home/zira/research/projects/GNN-2d/reports/v5/p2_l4_r1_r0_e2_threshold_schema_resolution/V5_P2_L4_R1_R0_E2_THRESHOLD_SCHEMA_RESOLUTION_COMPLETE	341	2026-07-30T01:01:45.4236857730
/home/zira/research/projects/GNN-2d/reports/v5/p2_l4_r1_r0_e2_threshold_schema_resolution/V5_P2_L4_R1_R0_E2_THRESHOLD_SCHEMA_RESOLUTION.json	1295	2026-07-30T01:01:45.4236857730
/home/zira/research/projects/GNN-2d/reports/v5/p2_l4_r1_r0_e2_threshold_schema_resolution/V5_P2_L4_R1_R0_E2_THRESHOLD_SCHEMA_RESOLUTION.md	648	2026-07-30T01:01:45.4236857730
/home/zira/research/projects/GNN-2d/reports/v5/p2_l4_r1_r0_e2_threshold_schema_resolution/V5_P2_L4_R1_R0_E2_THRESHOLD_SCHEMA_RESOLUTION_SHA256SUMS.txt	801	2026-07-30T01:01:45.4236857730
/home/zira/research/projects/GNN-2d/reports/v5/p2_l5_final_pretest_freeze/V5_P2_L5_FINAL_PRETEST_FREEZE_COMPLETE	495	2026-07-30T01:08:10.1854607720
/home/zira/research/projects/GNN-2d/reports/v5/p2_l5_final_pretest_freeze/V5_P2_L5_FINAL_PRETEST_FREEZE.json	7559	2026-07-30T01:08:10.1854607720
/home/zira/research/projects/GNN-2d/reports/v5/p2_l5_final_pretest_freeze/V5_P2_L5_FINAL_PRETEST_FREEZE_LOCK.json	740	2026-07-30T01:08:10.1854607720
/home/zira/research/projects/GNN-2d/reports/v5/p2_l5_final_pretest_freeze/V5_P2_L5_FINAL_PRETEST_FREEZE.md	1342	2026-07-30T01:08:10.1854607720
/home/zira/research/projects/GNN-2d/reports/v5/p2_l5_final_pretest_freeze/V5_P2_L5_FINAL_PRETEST_FREEZE_SHA256SUMS.txt	4850	2026-07-30T01:08:10.1864608050
/home/zira/research/projects/GNN-2d/reports/v5/p2_l5_final_pretest_freeze/V5_P2_ONE_SHOT_BLIND_EVALUATION_CONTRACT.json	3544	2026-07-30T01:08:10.1834607060
/home/zira/research/projects/GNN-2d/reports/v5/p2_preflight_concrete_interface_resolution/V5_P2_PREFLIGHT_CONCRETE_INTERFACE_RESOLUTION_COMPLETE	640	2026-07-30T01:17:02.2689191490
/home/zira/research/projects/GNN-2d/reports/v5/p2_preflight_concrete_interface_resolution/V5_P2_PREFLIGHT_CONCRETE_INTERFACE_RESOLUTION.json	682733	2026-07-30T01:17:02.2679191000
/home/zira/research/projects/GNN-2d/reports/v5/p2_preflight_concrete_interface_resolution/V5_P2_PREFLIGHT_CONCRETE_INTERFACE_RESOLUTION.md	3734	2026-07-30T01:17:02.2679191000
/home/zira/research/projects/GNN-2d/reports/v5/p2_preflight_concrete_interface_resolution/V5_P2_PREFLIGHT_CONCRETE_INTERFACE_RESOLUTION_SHA256SUMS.txt	2993	2026-07-30T01:17:02.2729193430
/home/zira/research/projects/GNN-2d/reports/v5/p2_preflight_final_evaluator_source_freeze/V5_P2_PREFLIGHT_FINAL_EVALUATOR_SOURCE_FREEZE_COMPLETE	627	2026-07-30T03:38:44.2849277580
/home/zira/research/projects/GNN-2d/reports/v5/p2_preflight_final_evaluator_source_freeze/V5_P2_PREFLIGHT_FINAL_EVALUATOR_SOURCE_FREEZE.json	5674	2026-07-30T03:38:44.2849277580
/home/zira/research/projects/GNN-2d/reports/v5/p2_preflight_final_evaluator_source_freeze/V5_P2_PREFLIGHT_FINAL_EVALUATOR_SOURCE_FREEZE_LOCK.json	811	2026-07-30T03:38:44.2849277580
/home/zira/research/projects/GNN-2d/reports/v5/p2_preflight_final_evaluator_source_freeze/V5_P2_PREFLIGHT_FINAL_EVALUATOR_SOURCE_FREEZE.md	1246	2026-07-30T03:38:44.2849277580
/home/zira/research/projects/GNN-2d/reports/v5/p2_preflight_final_evaluator_source_freeze/V5_P2_PREFLIGHT_FINAL_EVALUATOR_SOURCE_FREEZE_SHA256SUMS.txt	4834	2026-07-30T03:38:44.2859277900
/home/zira/research/projects/GNN-2d/reports/v5/p2_preflight_missing_dependency_capture/V5_P2_PREFLIGHT_MISSING_DEPENDENCY_CAPTURE_COMPLETE	1239	2026-07-30T02:43:44.4454076760
/home/zira/research/projects/GNN-2d/reports/v5/p2_preflight_missing_dependency_capture/V5_P2_PREFLIGHT_MISSING_DEPENDENCY_CAPTURE.json	9980	2026-07-30T02:43:44.4454076760
/home/zira/research/projects/GNN-2d/reports/v5/p2_preflight_missing_dependency_capture/V5_P2_PREFLIGHT_MISSING_DEPENDENCY_CAPTURE.md	1765	2026-07-30T02:43:44.4454076760
/home/zira/research/projects/GNN-2d/reports/v5/p2_preflight_missing_dependency_capture/V5_P2_PREFLIGHT_MISSING_DEPENDENCY_CAPTURE_SHA256SUMS.txt	4525	2026-07-30T02:43:44.4494078050
/home/zira/research/projects/GNN-2d/reports/v5/p2_preflight_missing_dependency_location_resolution_r2/V5_P2_PREFLIGHT_MISSING_DEPENDENCY_LOCATION_RESOLUTION_R2_COMPLETE	594	2026-07-30T02:43:39.2692408680
/home/zira/research/projects/GNN-2d/reports/v5/p2_preflight_missing_dependency_location_resolution_r2/V5_P2_PREFLIGHT_MISSING_DEPENDENCY_LOCATION_RESOLUTION_R2.json	10810	2026-07-30T02:43:39.2692408680
/home/zira/research/projects/GNN-2d/reports/v5/p2_preflight_missing_dependency_location_resolution_r2/V5_P2_PREFLIGHT_MISSING_DEPENDENCY_LOCATION_RESOLUTION_R2.md	1690	2026-07-30T02:43:39.2692408680
/home/zira/research/projects/GNN-2d/reports/v5/p2_preflight_missing_dependency_location_resolution_r2/V5_P2_PREFLIGHT_MISSING_DEPENDENCY_LOCATION_RESOLUTION_R2_SHA256SUMS.txt	1268	2026-07-30T02:43:39.2692408680
/home/zira/research/projects/GNN-2d/reports/v5/p2_preflight_source_interface_discovery/V5_P2_PREFLIGHT_SOURCE_INTERFACE_DISCOVERY_COMPLETE	517	2026-07-30T01:13:12.2022015050
/home/zira/research/projects/GNN-2d/reports/v5/p2_preflight_source_interface_discovery/V5_P2_PREFLIGHT_SOURCE_INTERFACE_DISCOVERY.json	170397	2026-07-30T01:13:12.2022015050
/home/zira/research/projects/GNN-2d/reports/v5/p2_preflight_source_interface_discovery/V5_P2_PREFLIGHT_SOURCE_INTERFACE_DISCOVERY.md	4019	2026-07-30T01:13:12.2022015050
/home/zira/research/projects/GNN-2d/reports/v5/p2_preflight_source_interface_discovery/V5_P2_PREFLIGHT_SOURCE_INTERFACE_DISCOVERY_SHA256SUMS.txt	2726	2026-07-30T01:13:12.2032022030
/home/zira/research/projects/GNN-2d/reports/v5/p2_prospective_recovery_protocol_amendment/V5_P2_PROSPECTIVE_RECOVERY_PROTOCOL_AMENDMENT_COMPLETE	613	2026-07-30T04:54:12.7072649020
/home/zira/research/projects/GNN-2d/reports/v5/p2_prospective_recovery_protocol_amendment/V5_P2_PROSPECTIVE_RECOVERY_PROTOCOL_AMENDMENT.json	6321	2026-07-30T04:54:12.7072649020
/home/zira/research/projects/GNN-2d/reports/v5/p2_prospective_recovery_protocol_amendment/V5_P2_PROSPECTIVE_RECOVERY_PROTOCOL_AMENDMENT_LOCK.json	866	2026-07-30T04:54:12.7072649020
/home/zira/research/projects/GNN-2d/reports/v5/p2_prospective_recovery_protocol_amendment/V5_P2_PROSPECTIVE_RECOVERY_PROTOCOL_AMENDMENT.md	1819	2026-07-30T04:54:12.7072649020
/home/zira/research/projects/GNN-2d/reports/v5/p2_prospective_recovery_protocol_amendment/V5_P2_PROSPECTIVE_RECOVERY_PROTOCOL_AMENDMENT_SHA256SUMS.txt	5425	2026-07-30T04:54:12.7082649110
/home/zira/research/projects/GNN-2d/reports/v5/p2_recovery_evaluator_source_freeze/V5_P2_RECOVERY_EVALUATOR_SOURCE_FREEZE_COMPLETE	703	2026-07-30T05:03:18.8778010200
/home/zira/research/projects/GNN-2d/reports/v5/p2_recovery_evaluator_source_freeze/V5_P2_RECOVERY_EVALUATOR_SOURCE_FREEZE.json	1678	2026-07-30T05:03:18.8778010200
/home/zira/research/projects/GNN-2d/reports/v5/p2_recovery_evaluator_source_freeze/V5_P2_RECOVERY_EVALUATOR_SOURCE_FREEZE_LOCK.json	896	2026-07-30T05:03:18.8778010200
/home/zira/research/projects/GNN-2d/reports/v5/p2_recovery_evaluator_source_freeze/V5_P2_RECOVERY_EVALUATOR_SOURCE_FREEZE.md	1213	2026-07-30T05:03:18.8778010200
/home/zira/research/projects/GNN-2d/reports/v5/p2_recovery_evaluator_source_freeze/V5_P2_RECOVERY_EVALUATOR_SOURCE_FREEZE_SHA256SUMS.txt	5201	2026-07-30T05:03:18.8798010490
/home/zira/research/projects/GNN-2d/reports/v5/p2_recovery_final_no_data_preflight_and_authorization/V5_P2_RECOVERY_FINAL_NO_DATA_PREFLIGHT_AND_AUTHORIZATION_COMPLETE	891	2026-07-30T05:53:57.7242742890
/home/zira/research/projects/GNN-2d/reports/v5/p2_recovery_final_no_data_preflight_and_authorization/V5_P2_RECOVERY_FINAL_NO_DATA_PREFLIGHT_AND_AUTHORIZATION.json	5217	2026-07-30T05:53:57.7232742980
/home/zira/research/projects/GNN-2d/reports/v5/p2_recovery_final_no_data_preflight_and_authorization/V5_P2_RECOVERY_FINAL_NO_DATA_PREFLIGHT_AND_AUTHORIZATION_LOCK.json	1523	2026-07-30T05:53:57.7232742980
/home/zira/research/projects/GNN-2d/reports/v5/p2_recovery_final_no_data_preflight_and_authorization/V5_P2_RECOVERY_FINAL_NO_DATA_PREFLIGHT_AND_AUTHORIZATION.md	2325	2026-07-30T05:53:57.7232742980
/home/zira/research/projects/GNN-2d/reports/v5/p2_recovery_final_no_data_preflight_and_authorization/V5_P2_RECOVERY_FINAL_NO_DATA_PREFLIGHT_AND_AUTHORIZATION_SHA256SUMS.txt	6930	2026-07-30T05:53:57.7252742800
/home/zira/research/projects/GNN-2d/reports/v5/p2_recovery_raw_a0_a1_blind_evaluation/V5_P2_RECOVERY_RAW_A0_A1_BLIND_EVALUATION_TEST_ACCESS_STARTED	868	2026-07-30T05:57:06.4248071360
/home/zira/research/projects/GNN-2d/reports/v5/p2_task_d_architecture_selection_freeze/V5_P2_TASK_D_ARCHITECTURE_SELECTION_FREEZE_COMPLETE	149	2026-07-28T00:52:39.3440116320
/home/zira/research/projects/GNN-2d/reports/v5/p2_task_d_architecture_selection_freeze/V5_P2_TASK_D_ARCHITECTURE_SELECTION_FREEZE.json	1894	2026-07-28T00:52:39.3440116320
/home/zira/research/projects/GNN-2d/reports/v5/p2_task_d_architecture_selection_freeze/V5_P2_TASK_D_ARCHITECTURE_SELECTION_FREEZE.md	764	2026-07-28T00:52:39.3440116320
/home/zira/research/projects/GNN-2d/reports/v5/p2_task_d_architecture_selection_freeze/V5_P2_TASK_D_ARCHITECTURE_SELECTION_FREEZE_SHA256SUMS.txt	598	2026-07-28T00:52:39.3440116320
/home/zira/research/projects/GNN-2d/reports/v5/p2_task_d_checkpoint_selection_freeze/selected_graphconv_checkpoint.pt	782026	2026-07-27T17:00:59.0925779120
/home/zira/research/projects/GNN-2d/reports/v5/p2_task_d_checkpoint_selection_freeze/V5_P2_TASK_D_CHECKPOINT_SELECTION_FREEZE_COMPLETE	202	2026-07-28T00:55:52.9686169820
/home/zira/research/projects/GNN-2d/reports/v5/p2_task_d_checkpoint_selection_freeze/V5_P2_TASK_D_CHECKPOINT_SELECTION_FREEZE.json	2118	2026-07-28T00:55:52.9686169820
/home/zira/research/projects/GNN-2d/reports/v5/p2_task_d_checkpoint_selection_freeze/V5_P2_TASK_D_CHECKPOINT_SELECTION_FREEZE.md	500	2026-07-28T00:55:52.9686169820
/home/zira/research/projects/GNN-2d/reports/v5/p2_task_d_checkpoint_selection_freeze/V5_P2_TASK_D_CHECKPOINT_SELECTION_FREEZE_SHA256SUMS.txt	437	2026-07-28T00:55:52.9696169660
/home/zira/research/projects/GNN-2d/reports/v5/p2_task_d_formal_selection_review/V5_P2_TASK_D_ALL_RUNS.csv	10542	2026-07-28T00:50:41.5942643220
/home/zira/research/projects/GNN-2d/reports/v5/p2_task_d_formal_selection_review/V5_P2_TASK_D_FORMAL_SELECTION_REVIEW_EVIDENCE.json	11023	2026-07-28T00:50:41.5972644690
/home/zira/research/projects/GNN-2d/reports/v5/p2_task_d_formal_selection_review/V5_P2_TASK_D_FORMAL_SELECTION_REVIEW.md	2866	2026-07-28T00:50:41.5972644690
/home/zira/research/projects/GNN-2d/reports/v5/p2_task_d_formal_selection_review/V5_P2_TASK_D_FORMAL_SELECTION_REVIEW_SHA256SUMS.txt	416	2026-07-28T00:50:41.5972644690
/home/zira/research/projects/GNN-2d/reports/v5/p2_task_d_formal_selection_review/V5_P2_TASK_D_PAIRED_COMPARISON.csv	5357	2026-07-28T00:50:41.5952643710
/home/zira/research/projects/GNN-2d/reports/v5/p2_task_d_full_multitask_matrix_aggregation/V5_P2_TASK_D_FIVE_SEED_SUMMARY.csv	2309	2026-07-28T00:07:35.9986885040
/home/zira/research/projects/GNN-2d/reports/v5/p2_task_d_full_multitask_matrix_aggregation/V5_P2_TASK_D_FULL_MULTITASK_MATRIX_AGGREGATION_COMPLETE	56	2026-07-28T00:07:35.9986885040
/home/zira/research/projects/GNN-2d/reports/v5/p2_task_d_full_multitask_matrix_aggregation/V5_P2_TASK_D_FULL_MULTITASK_MATRIX_AGGREGATION.json	9781	2026-07-28T00:07:35.9986885040
/home/zira/research/projects/GNN-2d/reports/v5/p2_task_d_full_multitask_matrix_aggregation/V5_P2_TASK_D_FULL_MULTITASK_MATRIX_AGGREGATION_LOCK.json	808	2026-07-28T00:07:35.9986885040
/home/zira/research/projects/GNN-2d/reports/v5/p2_task_d_full_multitask_matrix_aggregation/V5_P2_TASK_D_PAIRED_SEED_DELTAS.csv	1475	2026-07-28T00:07:35.9986885040
/home/zira/research/projects/GNN-2d/reports/v5/p2_task_d_full_multitask_matrix_aggregation/V5_P2_TASK_D_PER_SEED_RESULTS.csv	5254	2026-07-28T00:07:35.9976884740
/home/zira/research/projects/GNN-2d/reports/v5/p2_task_d_full_multitask_preflight/V5_P2_TASK_D_FULL_MULTITASK_PREFLIGHT_COMPLETE	47	2026-07-27T15:57:51.4609649650
/home/zira/research/projects/GNN-2d/reports/v5/p2_task_d_full_multitask_preflight/V5_P2_TASK_D_FULL_MULTITASK_PREFLIGHT.json	2913	2026-07-27T15:57:51.4609649650
/home/zira/research/projects/GNN-2d/reports/v5/p2_task_d_full_multitask_preflight/V5_P2_TASK_D_FULL_MULTITASK_PREFLIGHT_LOCK.json	542	2026-07-27T15:57:51.4609649650
/home/zira/research/projects/GNN-2d/reports/v5/p2_task_d_full_multitask_training/conv1d/seed_107/V5_P2_TASK_D_CONV1D_SEED_107_HISTORY.csv	33969	2026-07-27T16:50:16.2045214130
/home/zira/research/projects/GNN-2d/reports/v5/p2_task_d_full_multitask_training/conv1d/seed_107/V5_P2_TASK_D_CONV1D_SEED_107_LOCK.json	786	2026-07-27T16:50:16.8985484190
/home/zira/research/projects/GNN-2d/reports/v5/p2_task_d_full_multitask_training/conv1d/seed_107/V5_P2_TASK_D_CONV1D_SEED_107_PROGRESS.json	7029	2026-07-27T16:50:16.2055214520
/home/zira/research/projects/GNN-2d/reports/v5/p2_task_d_full_multitask_training/conv1d/seed_107/V5_P2_TASK_D_CONV1D_SEED_107_REPORT.json	8059	2026-07-27T16:50:16.8985484190
/home/zira/research/projects/GNN-2d/reports/v5/p2_task_d_full_multitask_training/conv1d/seed_107/V5_P2_TASK_D_FULL_MULTITASK_SINGLE_RUN_COMPLETE	48	2026-07-27T16:50:16.8985484190
/home/zira/research/projects/GNN-2d/reports/v5/p2_task_d_full_multitask_training/conv1d/seed_117/V5_P2_TASK_D_CONV1D_SEED_117_HISTORY.csv	28904	2026-07-27T17:31:01.9006266950
/home/zira/research/projects/GNN-2d/reports/v5/p2_task_d_full_multitask_training/conv1d/seed_117/V5_P2_TASK_D_CONV1D_SEED_117_LOCK.json	786	2026-07-27T17:31:02.5906524210
/home/zira/research/projects/GNN-2d/reports/v5/p2_task_d_full_multitask_training/conv1d/seed_117/V5_P2_TASK_D_CONV1D_SEED_117_PROGRESS.json	6995	2026-07-27T17:31:01.9006266950
/home/zira/research/projects/GNN-2d/reports/v5/p2_task_d_full_multitask_training/conv1d/seed_117/V5_P2_TASK_D_CONV1D_SEED_117_REPORT.json	8060	2026-07-27T17:31:02.5906524210
/home/zira/research/projects/GNN-2d/reports/v5/p2_task_d_full_multitask_training/conv1d/seed_117/V5_P2_TASK_D_FULL_MULTITASK_SINGLE_RUN_COMPLETE	48	2026-07-27T17:31:02.5906524210
/home/zira/research/projects/GNN-2d/reports/v5/p2_task_d_full_multitask_training/conv1d/seed_127/V5_P2_TASK_D_CONV1D_SEED_127_HISTORY.csv	34613	2026-07-27T18:26:14.9860139500
/home/zira/research/projects/GNN-2d/reports/v5/p2_task_d_full_multitask_training/conv1d/seed_127/V5_P2_TASK_D_CONV1D_SEED_127_LOCK.json	785	2026-07-27T18:26:15.6900363190
/home/zira/research/projects/GNN-2d/reports/v5/p2_task_d_full_multitask_training/conv1d/seed_127/V5_P2_TASK_D_CONV1D_SEED_127_PROGRESS.json	7027	2026-07-27T18:26:14.9860139500
/home/zira/research/projects/GNN-2d/reports/v5/p2_task_d_full_multitask_training/conv1d/seed_127/V5_P2_TASK_D_CONV1D_SEED_127_REPORT.json	8057	2026-07-27T18:26:15.6890362870
/home/zira/research/projects/GNN-2d/reports/v5/p2_task_d_full_multitask_training/conv1d/seed_127/V5_P2_TASK_D_FULL_MULTITASK_SINGLE_RUN_COMPLETE	48	2026-07-27T18:26:15.6900363190
/home/zira/research/projects/GNN-2d/reports/v5/p2_task_d_full_multitask_training/conv1d/seed_137/V5_P2_TASK_D_CONV1D_SEED_137_HISTORY.csv	33316	2026-07-27T19:28:21.3918795430
/home/zira/research/projects/GNN-2d/reports/v5/p2_task_d_full_multitask_training/conv1d/seed_137/V5_P2_TASK_D_CONV1D_SEED_137_LOCK.json	786	2026-07-27T19:28:22.0888819300
/home/zira/research/projects/GNN-2d/reports/v5/p2_task_d_full_multitask_training/conv1d/seed_137/V5_P2_TASK_D_CONV1D_SEED_137_PROGRESS.json	6997	2026-07-27T19:28:21.3918795430
/home/zira/research/projects/GNN-2d/reports/v5/p2_task_d_full_multitask_training/conv1d/seed_137/V5_P2_TASK_D_CONV1D_SEED_137_REPORT.json	8059	2026-07-27T19:28:22.0888819300
/home/zira/research/projects/GNN-2d/reports/v5/p2_task_d_full_multitask_training/conv1d/seed_137/V5_P2_TASK_D_FULL_MULTITASK_SINGLE_RUN_COMPLETE	48	2026-07-27T19:28:22.0888819300
/home/zira/research/projects/GNN-2d/reports/v5/p2_task_d_full_multitask_training/conv1d/seed_147/V5_P2_TASK_D_CONV1D_SEED_147_HISTORY.csv	29062	2026-07-27T23:45:45.9720558780
/home/zira/research/projects/GNN-2d/reports/v5/p2_task_d_full_multitask_training/conv1d/seed_147/V5_P2_TASK_D_CONV1D_SEED_147_LOCK.json	786	2026-07-27T23:45:46.6630716750
/home/zira/research/projects/GNN-2d/reports/v5/p2_task_d_full_multitask_training/conv1d/seed_147/V5_P2_TASK_D_CONV1D_SEED_147_PROGRESS.json	7024	2026-07-27T23:45:45.9720558780
/home/zira/research/projects/GNN-2d/reports/v5/p2_task_d_full_multitask_training/conv1d/seed_147/V5_P2_TASK_D_CONV1D_SEED_147_REPORT.json	8059	2026-07-27T23:45:46.6630716750
/home/zira/research/projects/GNN-2d/reports/v5/p2_task_d_full_multitask_training/conv1d/seed_147/V5_P2_TASK_D_FULL_MULTITASK_SINGLE_RUN_COMPLETE	48	2026-07-27T23:45:46.6630716750
/home/zira/research/projects/GNN-2d/reports/v5/p2_task_d_full_multitask_training_freeze/FREEZE_TIMESTAMP_UTC.txt	21	2026-07-28T00:42:11.4310653980
/home/zira/research/projects/GNN-2d/reports/v5/p2_task_d_full_multitask_training_freeze/V5_P2_TASK_D_FREEZE_STATUS.txt	143	2026-07-28T00:42:11.4310653980
/home/zira/research/projects/GNN-2d/reports/v5/p2_task_d_full_multitask_training_freeze/V5_P2_TASK_D_OUTPUT_SHA256SUMS.txt	10405	2026-07-28T00:42:11.4300653430
/home/zira/research/projects/GNN-2d/reports/v5/p2_task_d_full_multitask_training_freeze/V5_P2_TASK_D_REPORT_SCHEMA_DUMP.txt	19202	2026-07-28T00:48:00.4972606290
/home/zira/research/projects/GNN-2d/reports/v5/p2_task_d_full_multitask_training/graphconv/seed_107/V5_P2_TASK_D_FULL_MULTITASK_SINGLE_RUN_COMPLETE	48	2026-07-27T17:06:07.7399893980
/home/zira/research/projects/GNN-2d/reports/v5/p2_task_d_full_multitask_training/graphconv/seed_107/V5_P2_TASK_D_GRAPHCONV_SEED_107_HISTORY.csv	18450	2026-07-27T17:06:06.9859667150
/home/zira/research/projects/GNN-2d/reports/v5/p2_task_d_full_multitask_training/graphconv/seed_107/V5_P2_TASK_D_GRAPHCONV_SEED_107_LOCK.json	789	2026-07-27T17:06:07.7399893980
/home/zira/research/projects/GNN-2d/reports/v5/p2_task_d_full_multitask_training/graphconv/seed_107/V5_P2_TASK_D_GRAPHCONV_SEED_107_PROGRESS.json	6998	2026-07-27T17:06:06.9859667150
/home/zira/research/projects/GNN-2d/reports/v5/p2_task_d_full_multitask_training/graphconv/seed_107/V5_P2_TASK_D_GRAPHCONV_SEED_107_REPORT.json	8078	2026-07-27T17:06:07.7399893980
/home/zira/research/projects/GNN-2d/reports/v5/p2_task_d_full_multitask_training/graphconv/seed_117/V5_P2_TASK_D_FULL_MULTITASK_SINGLE_RUN_COMPLETE	48	2026-07-27T17:57:22.8230439060
/home/zira/research/projects/GNN-2d/reports/v5/p2_task_d_full_multitask_training/graphconv/seed_117/V5_P2_TASK_D_GRAPHCONV_SEED_117_HISTORY.csv	31354	2026-07-27T17:57:22.0530293120
/home/zira/research/projects/GNN-2d/reports/v5/p2_task_d_full_multitask_training/graphconv/seed_117/V5_P2_TASK_D_GRAPHCONV_SEED_117_LOCK.json	789	2026-07-27T17:57:22.8230439060
/home/zira/research/projects/GNN-2d/reports/v5/p2_task_d_full_multitask_training/graphconv/seed_117/V5_P2_TASK_D_GRAPHCONV_SEED_117_PROGRESS.json	7032	2026-07-27T17:57:22.0540293310
/home/zira/research/projects/GNN-2d/reports/v5/p2_task_d_full_multitask_training/graphconv/seed_117/V5_P2_TASK_D_GRAPHCONV_SEED_117_REPORT.json	8077	2026-07-27T17:57:22.8220438870
/home/zira/research/projects/GNN-2d/reports/v5/p2_task_d_full_multitask_training/graphconv/seed_127/V5_P2_TASK_D_FULL_MULTITASK_SINGLE_RUN_COMPLETE	48	2026-07-27T19:02:13.7999694970
/home/zira/research/projects/GNN-2d/reports/v5/p2_task_d_full_multitask_training/graphconv/seed_127/V5_P2_TASK_D_GRAPHCONV_SEED_127_HISTORY.csv	42230	2026-07-27T19:02:13.0399388410
/home/zira/research/projects/GNN-2d/reports/v5/p2_task_d_full_multitask_training/graphconv/seed_127/V5_P2_TASK_D_GRAPHCONV_SEED_127_LOCK.json	789	2026-07-27T19:02:13.7999694970
/home/zira/research/projects/GNN-2d/reports/v5/p2_task_d_full_multitask_training/graphconv/seed_127/V5_P2_TASK_D_GRAPHCONV_SEED_127_PROGRESS.json	7037	2026-07-27T19:02:13.0399388410
/home/zira/research/projects/GNN-2d/reports/v5/p2_task_d_full_multitask_training/graphconv/seed_127/V5_P2_TASK_D_GRAPHCONV_SEED_127_REPORT.json	8087	2026-07-27T19:02:13.7989694560
/home/zira/research/projects/GNN-2d/reports/v5/p2_task_d_full_multitask_training/graphconv/seed_137/V5_P2_TASK_D_FULL_MULTITASK_SINGLE_RUN_COMPLETE	48	2026-07-27T20:25:43.1548939030
/home/zira/research/projects/GNN-2d/reports/v5/p2_task_d_full_multitask_training/graphconv/seed_137/V5_P2_TASK_D_GRAPHCONV_SEED_137_HISTORY.csv	28849	2026-07-27T20:25:42.2418725820
/home/zira/research/projects/GNN-2d/reports/v5/p2_task_d_full_multitask_training/graphconv/seed_137/V5_P2_TASK_D_GRAPHCONV_SEED_137_LOCK.json	789	2026-07-27T20:25:43.1548939030
/home/zira/research/projects/GNN-2d/reports/v5/p2_task_d_full_multitask_training/graphconv/seed_137/V5_P2_TASK_D_GRAPHCONV_SEED_137_PROGRESS.json	7031	2026-07-27T20:25:42.2428726050
/home/zira/research/projects/GNN-2d/reports/v5/p2_task_d_full_multitask_training/graphconv/seed_137/V5_P2_TASK_D_GRAPHCONV_SEED_137_REPORT.json	8085	2026-07-27T20:25:43.1538938800
/home/zira/research/projects/GNN-2d/reports/v5/p2_task_d_full_multitask_training/graphconv/seed_147/V5_P2_TASK_D_FULL_MULTITASK_SINGLE_RUN_COMPLETE	48	2026-07-28T00:07:35.3506690580
/home/zira/research/projects/GNN-2d/reports/v5/p2_task_d_full_multitask_training/graphconv/seed_147/V5_P2_TASK_D_GRAPHCONV_SEED_147_HISTORY.csv	27445	2026-07-28T00:07:34.6026466090
/home/zira/research/projects/GNN-2d/reports/v5/p2_task_d_full_multitask_training/graphconv/seed_147/V5_P2_TASK_D_GRAPHCONV_SEED_147_LOCK.json	789	2026-07-28T00:07:35.3506690580
/home/zira/research/projects/GNN-2d/reports/v5/p2_task_d_full_multitask_training/graphconv/seed_147/V5_P2_TASK_D_GRAPHCONV_SEED_147_PROGRESS.json	7029	2026-07-28T00:07:34.6026466090
/home/zira/research/projects/GNN-2d/reports/v5/p2_task_d_full_multitask_training/graphconv/seed_147/V5_P2_TASK_D_GRAPHCONV_SEED_147_REPORT.json	8080	2026-07-28T00:07:35.3496690280
/home/zira/research/projects/GNN-2d/reports/v5/p2_task_d_full_multitask_training_matrix.pid	6	2026-07-27T23:22:45.5753835300
/home/zira/research/projects/GNN-2d/reports/v5/p2_task_d_python312_dynamic_import_compatibility_patch/train_v5_p2_task_d_full_multitask_single_run.original.py	24002	2026-07-27T15:55:24.8738688040
/home/zira/research/projects/GNN-2d/reports/v5/p2_task_d_python312_dynamic_import_compatibility_patch/V5_P2_TASK_D_PYTHON312_DYNAMIC_IMPORT_COMPATIBILITY_PATCH_COMPLETE	67	2026-07-27T16:13:30.5286561110
/home/zira/research/projects/GNN-2d/reports/v5/p2_task_d_python312_dynamic_import_compatibility_patch/V5_P2_TASK_D_PYTHON312_DYNAMIC_IMPORT_COMPATIBILITY_PATCH.json	936	2026-07-27T16:13:30.5286561110
/home/zira/research/projects/GNN-2d/reports/v5/p2_task_d_python312_dynamic_import_compatibility_patch/V5_P2_TASK_D_PYTHON312_DYNAMIC_IMPORT_COMPATIBILITY_PATCH_LOCK.json	423	2026-07-27T16:13:30.5286561110
/home/zira/research/projects/GNN-2d/scripts/v5/p2/aggregate_v5_p2_g1c_source_only_graph_training_matrix.py	12746	2026-07-26T22:19:05.1900575080
/home/zira/research/projects/GNN-2d/scripts/v5/p2/aggregate_v5_p2_g2_direct_graph_training_matrix.py	14048	2026-07-27T03:03:11.0400248890
/home/zira/research/projects/GNN-2d/scripts/v5/p2/aggregate_v5_p2_g3_role_aware_multilabel_training_matrix.py	18587	2026-07-27T08:09:43.4434161660
/home/zira/research/projects/GNN-2d/scripts/v5/p2/aggregate_v5_p2_task_d_full_multitask_matrix.py	11390	2026-07-27T15:55:24.8758688510
/home/zira/research/projects/GNN-2d/scripts/v5/p2/analyze_v5_p2_c0_frozen_test_cache.py	22983	2026-07-26T13:07:10.7944283890
/home/zira/research/projects/GNN-2d/scripts/v5/p2/audit_v5_p2_a0_metadata.py	24434	2026-07-26T02:23:20.4387163300
/home/zira/research/projects/GNN-2d/scripts/v5/p2/audit_v5_p2_a1_r1_pair_length_window_shortcut.py	28828	2026-07-26T02:40:58.9428134130
/home/zira/research/projects/GNN-2d/scripts/v5/p2/audit_v5_p2_a1_tensor_schema_nontest.py	29049	2026-07-26T02:30:30.2551164010
/home/zira/research/projects/GNN-2d/scripts/v5/p2/audit_v5_p2_a2_r1_port_valid_coordinate_semantics.py	22365	2026-07-26T03:01:56.7888434210
/home/zira/research/projects/GNN-2d/scripts/v5/p2/audit_v5_p2_a3_loader_contract.py	30846	2026-07-26T03:13:14.6961782080
/home/zira/research/projects/GNN-2d/scripts/v5/p2/audit_v5_p2_b0_nontest_label_shortcuts.py	64661	2026-07-26T03:31:31.4142124820
/home/zira/research/projects/GNN-2d/scripts/v5/p2/audit_v5_p2_b0_r1a_k3_count_role_mask_semantics.py	48282	2026-07-26T03:49:42.1395580840
/home/zira/research/projects/GNN-2d/scripts/v5/p2/audit_v5_p2_b0_r1b_k3_count_role_mask_semantics.py	50949	2026-07-26T03:54:44.0683712420
/home/zira/research/projects/GNN-2d/scripts/v5/p2/audit_v5_p2_b0_r1_k3_count_semantics_head_compatibility.py	31161	2026-07-26T03:38:28.7975461830
/home/zira/research/projects/GNN-2d/scripts/v5/p2/audit_v5_p2_b0_r3_corrected_nontest_label_shortcuts.py	69478	2026-07-26T04:06:08.7429233970
/home/zira/research/projects/GNN-2d/scripts/v5/p2/authorize_v5_p2_b5_one_shot_test.py	17346	2026-07-26T08:17:11.6834742950
/home/zira/research/projects/GNN-2d/scripts/v5/p2/evaluate_v5_p2_b6_one_shot_test.py	54962	2026-07-26T08:28:27.0108822590
/home/zira/research/projects/GNN-2d/scripts/v5/p2/evaluate_v5_p2_final_raw_a0_a1_one_shot.py	70166	2026-07-29T21:32:22.0000000000
/home/zira/research/projects/GNN-2d/scripts/v5/p2/evaluate_v5_p2_recovery_raw_a0_a1.py	75706	2026-07-29T23:28:34.0000000000
/home/zira/research/projects/GNN-2d/scripts/v5/p2/finalize_v5_p2_b2_multi_seed_training.py	14889	2026-07-26T04:21:46.2564384030
/home/zira/research/projects/GNN-2d/scripts/v5/p2/freeze_v5_p2_a1_r2_pair_aligned_window_contract.py	23556	2026-07-26T02:45:59.8735084390
/home/zira/research/projects/GNN-2d/scripts/v5/p2/freeze_v5_p2_a2_feature_normalization_mask_contract.py	42480	2026-07-26T02:55:19.1620983500
/home/zira/research/projects/GNN-2d/scripts/v5/p2/freeze_v5_p2_a2_r2_feature_normalization_mask_contract.py	40250	2026-07-26T03:06:49.4009398600
/home/zira/research/projects/GNN-2d/scripts/v5/p2/freeze_v5_p2_b1_training_protocol.py	31902	2026-07-26T04:12:14.8570226220
/home/zira/research/projects/GNN-2d/scripts/v5/p2/freeze_v5_p2_c2a_legal_noc_decoder_amendment.py	16369	2026-07-26T14:11:38.7466005870
/home/zira/research/projects/GNN-2d/scripts/v5/p2/freeze_v5_p2_c2_next_revision_contract.py	29581	2026-07-26T13:19:59.4846792660
/home/zira/research/projects/GNN-2d/scripts/v5/p2/freeze_v5_p2_e0a_raw_head_structured_decoder_boundary.py	20537	2026-07-28T01:30:03.6446401420
/home/zira/research/projects/GNN-2d/scripts/v5/p2/freeze_v5_p2_g0_graph_baseline_rtl_handoff_protocol.py	39244	2026-07-26T14:40:12.0470784900
/home/zira/research/projects/GNN-2d/scripts/v5/p2/freeze_v5_p2_g123_graph_operator_promotion.py	10618	2026-07-27T15:55:24.8708687330
/home/zira/research/projects/GNN-2d/scripts/v5/p2/freeze_v5_p2_g1a_r2a_canonical_topology_contract.py	23845	2026-07-26T15:15:32.2641514440
/home/zira/research/projects/GNN-2d/scripts/v5/p2/g1_source_only_graph_smoke.py	68783	2026-07-26T21:50:42.5297611820
/home/zira/research/projects/GNN-2d/scripts/v5/p2/g1_source_only_graph_smoke.py.before_axis_contract_fix_20260726_215042	68783	2026-07-26T21:22:21.2077090820
/home/zira/research/projects/GNN-2d/scripts/v5/p2/inspect_v5_p2_g1a_r1_source_only_graph_preflight.py	37290	2026-07-26T14:58:41.2306175120
/home/zira/research/projects/GNN-2d/scripts/v5/p2/inspect_v5_p2_g1a_source_only_graph_preflight.py	27799	2026-07-26T14:47:24.7128509690
/home/zira/research/projects/GNN-2d/scripts/v5/p2/interpret_v5_p2_c1_scenario_root_causes.py	38983	2026-07-26T13:14:28.8769810590
/home/zira/research/projects/GNN-2d/scripts/v5/p2/preflight_v5_p2_g1c_clean_training_implementation.py	14524	2026-07-26T22:19:05.1900575080
/home/zira/research/projects/GNN-2d/scripts/v5/p2/preflight_v5_p2_g2_clean_training_implementation.py	13911	2026-07-27T03:03:11.0400248890
/home/zira/research/projects/GNN-2d/scripts/v5/p2/preflight_v5_p2_g3_clean_training_implementation.py	15299	2026-07-27T08:09:43.4434161660
/home/zira/research/projects/GNN-2d/scripts/v5/p2/preflight_v5_p2_task_d_full_multitask.py	13018	2026-07-27T15:55:24.8718687560
/home/zira/research/projects/GNN-2d/scripts/v5/p2/__pycache__/aggregate_v5_p2_g1c_source_only_graph_training_matrix.cpython-312.pyc	13318	2026-07-26T22:19:05.2570585680
/home/zira/research/projects/GNN-2d/scripts/v5/p2/__pycache__/aggregate_v5_p2_g2_direct_graph_training_matrix.cpython-312.pyc	15565	2026-07-27T03:03:11.0680260580
/home/zira/research/projects/GNN-2d/scripts/v5/p2/__pycache__/aggregate_v5_p2_g3_role_aware_multilabel_training_matrix.cpython-312.pyc	18569	2026-07-27T08:09:43.4834155930
/home/zira/research/projects/GNN-2d/scripts/v5/p2/__pycache__/aggregate_v5_p2_task_d_full_multitask_matrix.cpython-312.pyc	13698	2026-07-27T15:55:24.9378703250
/home/zira/research/projects/GNN-2d/scripts/v5/p2/__pycache__/analyze_v5_p2_c0_frozen_test_cache.cpython-312.pyc	33905	2026-07-26T13:07:10.8384299560
/home/zira/research/projects/GNN-2d/scripts/v5/p2/__pycache__/audit_v5_p2_a0_metadata.cpython-312.pyc	27606	2026-07-26T02:23:20.4647170320
/home/zira/research/projects/GNN-2d/scripts/v5/p2/__pycache__/audit_v5_p2_a1_r1_pair_length_window_shortcut.cpython-312.pyc	32071	2026-07-26T02:40:58.9688142460
/home/zira/research/projects/GNN-2d/scripts/v5/p2/__pycache__/audit_v5_p2_a1_tensor_schema_nontest.cpython-312.pyc	30580	2026-07-26T02:30:30.2791171270
/home/zira/research/projects/GNN-2d/scripts/v5/p2/__pycache__/audit_v5_p2_a2_r1_port_valid_coordinate_semantics.cpython-312.pyc	23823	2026-07-26T03:01:56.8148440120
/home/zira/research/projects/GNN-2d/scripts/v5/p2/__pycache__/audit_v5_p2_a3_loader_contract.cpython-312.pyc	33159	2026-07-26T03:13:14.7241789750
/home/zira/research/projects/GNN-2d/scripts/v5/p2/__pycache__/audit_v5_p2_b0_nontest_label_shortcuts.cpython-312.pyc	64977	2026-07-26T03:31:31.4712104940
/home/zira/research/projects/GNN-2d/scripts/v5/p2/__pycache__/audit_v5_p2_b0_r1a_k3_count_role_mask_semantics.cpython-312.pyc	47057	2026-07-26T03:49:42.1895586400
/home/zira/research/projects/GNN-2d/scripts/v5/p2/__pycache__/audit_v5_p2_b0_r1b_k3_count_role_mask_semantics.cpython-312.pyc	48873	2026-07-26T03:54:44.1163719080
/home/zira/research/projects/GNN-2d/scripts/v5/p2/__pycache__/audit_v5_p2_b0_r1_k3_count_semantics_head_compatibility.cpython-312.pyc	33885	2026-07-26T03:38:28.8455459050
/home/zira/research/projects/GNN-2d/scripts/v5/p2/__pycache__/audit_v5_p2_b0_r3_corrected_nontest_label_shortcuts.cpython-312.pyc	69834	2026-07-26T04:06:08.8009243480
/home/zira/research/projects/GNN-2d/scripts/v5/p2/__pycache__/authorize_v5_p2_b5_one_shot_test.cpython-312.pyc	18289	2026-07-26T08:17:11.7064752650
/home/zira/research/projects/GNN-2d/scripts/v5/p2/__pycache__/evaluate_v5_p2_b6_one_shot_test.cpython-312.pyc	56930	2026-07-26T08:28:27.0408833720
/home/zira/research/projects/GNN-2d/scripts/v5/p2/__pycache__/finalize_v5_p2_b2_multi_seed_training.cpython-312.pyc	15421	2026-07-26T04:21:46.2864438070
/home/zira/research/projects/GNN-2d/scripts/v5/p2/__pycache__/freeze_v5_p2_a1_r2_pair_aligned_window_contract.cpython-312.pyc	23943	2026-07-26T02:45:59.8975092160
/home/zira/research/projects/GNN-2d/scripts/v5/p2/__pycache__/freeze_v5_p2_a2_feature_normalization_mask_contract.cpython-312.pyc	43247	2026-07-26T02:55:19.1860987170
/home/zira/research/projects/GNN-2d/scripts/v5/p2/__pycache__/freeze_v5_p2_a2_r2_feature_normalization_mask_contract.cpython-312.pyc	41367	2026-07-26T03:06:49.4249404720
/home/zira/research/projects/GNN-2d/scripts/v5/p2/__pycache__/freeze_v5_p2_b1_training_protocol.cpython-312.pyc	32197	2026-07-26T04:12:14.9020233810
/home/zira/research/projects/GNN-2d/scripts/v5/p2/__pycache__/freeze_v5_p2_c2a_legal_noc_decoder_amendment.cpython-312.pyc	16691	2026-07-26T14:11:38.7686003400
/home/zira/research/projects/GNN-2d/scripts/v5/p2/__pycache__/freeze_v5_p2_c2_next_revision_contract.cpython-312.pyc	23458	2026-07-26T13:19:59.5296808570
/home/zira/research/projects/GNN-2d/scripts/v5/p2/__pycache__/freeze_v5_p2_e0a_raw_head_structured_decoder_boundary.cpython-312.pyc	20729	2026-07-28T01:30:03.6656376930
/home/zira/research/projects/GNN-2d/scripts/v5/p2/__pycache__/freeze_v5_p2_g0_graph_baseline_rtl_handoff_protocol.cpython-312.pyc	31205	2026-07-26T14:40:12.0740792280
/home/zira/research/projects/GNN-2d/scripts/v5/p2/__pycache__/freeze_v5_p2_g123_graph_operator_promotion.cpython-312.pyc	13515	2026-07-27T15:55:24.9268700640
/home/zira/research/projects/GNN-2d/scripts/v5/p2/__pycache__/freeze_v5_p2_g1a_r2a_canonical_topology_contract.cpython-312.pyc	27373	2026-07-26T15:15:32.2901543690
/home/zira/research/projects/GNN-2d/scripts/v5/p2/__pycache__/g1_source_only_graph_smoke.cpython-312.pyc	79171	2026-07-26T21:50:48.8489363620
/home/zira/research/projects/GNN-2d/scripts/v5/p2/__pycache__/inspect_v5_p2_g1a_r1_source_only_graph_preflight.cpython-312.pyc	42636	2026-07-26T14:58:41.2556182270
/home/zira/research/projects/GNN-2d/scripts/v5/p2/__pycache__/inspect_v5_p2_g1a_source_only_graph_preflight.cpython-312.pyc	33346	2026-07-26T14:47:24.7378516300
/home/zira/research/projects/GNN-2d/scripts/v5/p2/__pycache__/interpret_v5_p2_c1_scenario_root_causes.cpython-312.pyc	39473	2026-07-26T13:14:28.9199825820
/home/zira/research/projects/GNN-2d/scripts/v5/p2/__pycache__/preflight_v5_p2_g1c_clean_training_implementation.cpython-312.pyc	18590	2026-07-26T22:19:05.2540585210
/home/zira/research/projects/GNN-2d/scripts/v5/p2/__pycache__/preflight_v5_p2_g2_clean_training_implementation.cpython-312.pyc	20066	2026-07-27T03:03:11.0670260160
/home/zira/research/projects/GNN-2d/scripts/v5/p2/__pycache__/preflight_v5_p2_g3_clean_training_implementation.cpython-312.pyc	21130	2026-07-27T08:09:43.4814156210
/home/zira/research/projects/GNN-2d/scripts/v5/p2/__pycache__/preflight_v5_p2_task_d_full_multitask.cpython-312.pyc	19289	2026-07-27T15:55:24.9298701350
/home/zira/research/projects/GNN-2d/scripts/v5/p2/__pycache__/resolve_v5_p2_g1a_r2_static_edge_index.cpython-312.pyc	32953	2026-07-26T15:06:06.4314574350
/home/zira/research/projects/GNN-2d/scripts/v5/p2/__pycache__/run_v5_p2_a4_loader_integration_tiny_overfit.cpython-312.pyc	40893	2026-07-26T03:20:06.0946696000
/home/zira/research/projects/GNN-2d/scripts/v5/p2/__pycache__/run_v5_p2_b0_r2_count_head_expansion_a4_repeat.cpython-312.pyc	48471	2026-07-26T04:00:57.0709169050
/home/zira/research/projects/GNN-2d/scripts/v5/p2/__pycache__/select_v5_p2_b3_seed_checkpoint.cpython-312.pyc	19805	2026-07-26T08:03:44.1164253330
/home/zira/research/projects/GNN-2d/scripts/v5/p2/__pycache__/smoke_v5_p2_g1b_r1_source_only_graph_implementations.cpython-312.pyc	50877	2026-07-26T15:38:35.2275278570
/home/zira/research/projects/GNN-2d/scripts/v5/p2/__pycache__/smoke_v5_p2_g1b_r2_source_only_graph_implementations.cpython-312.pyc	52493	2026-07-26T15:42:38.5030762400
/home/zira/research/projects/GNN-2d/scripts/v5/p2/__pycache__/smoke_v5_p2_g1b_r3_source_only_graph_implementations.cpython-312.pyc	54162	2026-07-26T15:50:34.0686123060
/home/zira/research/projects/GNN-2d/scripts/v5/p2/__pycache__/smoke_v5_p2_g1b_r4_source_only_graph_implementations.cpython-312.pyc	71349	2026-07-26T16:03:33.7620063680
/home/zira/research/projects/GNN-2d/scripts/v5/p2/__pycache__/smoke_v5_p2_g1b_r5_source_only_graph_implementations.cpython-312.pyc	74955	2026-07-26T16:12:14.5927247480
/home/zira/research/projects/GNN-2d/scripts/v5/p2/__pycache__/smoke_v5_p2_g1b_source_only_graph_implementations.cpython-312.pyc	47253	2026-07-26T15:34:05.3270683810
/home/zira/research/projects/GNN-2d/scripts/v5/p2/__pycache__/train_v5_p2_b2_single_seed.cpython-312.pyc	56513	2026-07-26T04:21:46.2854436270
/home/zira/research/projects/GNN-2d/scripts/v5/p2/__pycache__/train_v5_p2_g1c_source_only_graph_single_run.cpython-312.pyc	74144	2026-07-26T22:19:05.2500584580
/home/zira/research/projects/GNN-2d/scripts/v5/p2/__pycache__/train_v5_p2_g2_direct_graph_single_run.cpython-312.pyc	70384	2026-07-27T03:03:11.0660259740
/home/zira/research/projects/GNN-2d/scripts/v5/p2/__pycache__/train_v5_p2_g3_role_aware_multilabel_single_run.cpython-312.pyc	80175	2026-07-27T08:09:43.4804156360
/home/zira/research/projects/GNN-2d/scripts/v5/p2/__pycache__/train_v5_p2_task_d_full_multitask_single_run.cpython-312.pyc	28516	2026-07-27T16:13:28.7736993890
/home/zira/research/projects/GNN-2d/scripts/v5/p2/__pycache__/tune_v5_p2_b4_validation_thresholds.cpython-312.pyc	49897	2026-07-26T08:12:14.9742370760
/home/zira/research/projects/GNN-2d/scripts/v5/p2/README_G1C.md	3002	2026-07-26T22:19:05.1920575400
/home/zira/research/projects/GNN-2d/scripts/v5/p2/README_G2.md	3710	2026-07-27T03:03:11.0420249720
/home/zira/research/projects/GNN-2d/scripts/v5/p2/README_G3.md	4844	2026-07-27T08:09:43.4464161230
/home/zira/research/projects/GNN-2d/scripts/v5/p2/README_TASK_D.md	1668	2026-07-27T15:55:24.8848690650
/home/zira/research/projects/GNN-2d/scripts/v5/p2/resolve_v5_p2_g1a_r2_static_edge_index.py	30604	2026-07-26T15:06:06.4074567380
/home/zira/research/projects/GNN-2d/scripts/v5/p2/run_g1_source_only_graph_smoke.sh	2931	2026-07-26T21:22:21.2097091360
/home/zira/research/projects/GNN-2d/scripts/v5/p2/run_v5_p2_a0_independent_dataset_metadata_audit.sh	1570	2026-07-26T02:23:20.4407163840
/home/zira/research/projects/GNN-2d/scripts/v5/p2/run_v5_p2_a1_r1_pair_length_window_shortcut_audit.sh	1926	2026-07-26T02:40:58.9448134770
/home/zira/research/projects/GNN-2d/scripts/v5/p2/run_v5_p2_a1_r2_pair_aligned_window_contract.sh	1913	2026-07-26T02:45:59.8745084720
/home/zira/research/projects/GNN-2d/scripts/v5/p2/run_v5_p2_a1_tensor_schema_nontest_sample_audit.sh	1795	2026-07-26T02:30:30.2561164310
/home/zira/research/projects/GNN-2d/scripts/v5/p2/run_v5_p2_a2_feature_normalization_mask_contract.sh	2035	2026-07-26T02:55:19.1630983660
/home/zira/research/projects/GNN-2d/scripts/v5/p2/run_v5_p2_a2_r1_port_valid_coordinate_semantics_audit.sh	1829	2026-07-26T03:01:56.7908434660
/home/zira/research/projects/GNN-2d/scripts/v5/p2/run_v5_p2_a2_r2_feature_normalization_mask_contract.sh	2120	2026-07-26T03:06:49.4019398860
/home/zira/research/projects/GNN-2d/scripts/v5/p2/run_v5_p2_a3_pair_aligned_primary58_loader_contract.sh	2226	2026-07-26T03:13:14.6971782350
/home/zira/research/projects/GNN-2d/scripts/v5/p2/run_v5_p2_a4_loader_integration_tiny_overfit.py	38716	2026-07-26T03:20:06.0696688910
/home/zira/research/projects/GNN-2d/scripts/v5/p2/run_v5_p2_a4_loader_integration_tiny_overfit.sh	2314	2026-07-26T03:20:06.0706689200
/home/zira/research/projects/GNN-2d/scripts/v5/p2/run_v5_p2_b0_nontest_label_shortcut_audit.sh	2341	2026-07-26T03:31:31.4162124120
/home/zira/research/projects/GNN-2d/scripts/v5/p2/run_v5_p2_b0_r1a_k3_count_role_mask_semantics.sh	2464	2026-07-26T03:49:42.1415581060
/home/zira/research/projects/GNN-2d/scripts/v5/p2/run_v5_p2_b0_r1b_k3_count_role_mask_semantics.sh	2687	2026-07-26T03:54:44.0693712560
/home/zira/research/projects/GNN-2d/scripts/v5/p2/run_v5_p2_b0_r1_k3_count_semantics_head_compatibility.sh	2336	2026-07-26T03:38:28.7995461710
/home/zira/research/projects/GNN-2d/scripts/v5/p2/run_v5_p2_b0_r2_count_head_expansion_a4_repeat.py	54205	2026-07-26T04:00:57.0249161850
/home/zira/research/projects/GNN-2d/scripts/v5/p2/run_v5_p2_b0_r2_count_head_expansion_a4_repeat.sh	2549	2026-07-26T04:00:57.0269162170
/home/zira/research/projects/GNN-2d/scripts/v5/p2/run_v5_p2_b0_r3_corrected_nontest_label_shortcut_audit.sh	2888	2026-07-26T04:06:08.7439234130
/home/zira/research/projects/GNN-2d/scripts/v5/p2/run_v5_p2_b1_training_protocol_lock.sh	2305	2026-07-26T04:12:14.8590226560
/home/zira/research/projects/GNN-2d/scripts/v5/p2/run_v5_p2_b2_all_seeds.sh	674	2026-07-26T04:21:46.2594389430
/home/zira/research/projects/GNN-2d/scripts/v5/p2/run_v5_p2_b2_finalize_multi_seed.sh	2033	2026-07-26T04:21:46.2604391230
/home/zira/research/projects/GNN-2d/scripts/v5/p2/run_v5_p2_b2_one_seed.sh	2617	2026-07-26T04:21:46.2574385830
/home/zira/research/projects/GNN-2d/scripts/v5/p2/run_v5_p2_b3_seed_checkpoint_selection.sh	2603	2026-07-26T08:03:44.0914236170
/home/zira/research/projects/GNN-2d/scripts/v5/p2/run_v5_p2_b4_validation_threshold_tuning.sh	2386	2026-07-26T08:12:14.9512359810
/home/zira/research/projects/GNN-2d/scripts/v5/p2/run_v5_p2_b5_one_shot_test_authorization.sh	1793	2026-07-26T08:17:11.6844743370
/home/zira/research/projects/GNN-2d/scripts/v5/p2/run_v5_p2_b6_one_shot_test_evaluation.sh	2710	2026-07-26T08:28:27.0118822960
/home/zira/research/projects/GNN-2d/scripts/v5/p2/run_v5_p2_c0_frozen_test_cache_failure_analysis.sh	1594	2026-07-26T13:07:10.7964284600
/home/zira/research/projects/GNN-2d/scripts/v5/p2/run_v5_p2_c1_scenario_root_cause_interpretation.sh	1701	2026-07-26T13:14:28.8789811300
/home/zira/research/projects/GNN-2d/scripts/v5/p2/run_v5_p2_c2a_legal_noc_decoder_amendment.sh	1640	2026-07-26T14:11:38.7486005640
/home/zira/research/projects/GNN-2d/scripts/v5/p2/run_v5_p2_c2_next_revision_contract.sh	1691	2026-07-26T13:19:59.4866793370
/home/zira/research/projects/GNN-2d/scripts/v5/p2/run_v5_p2_e0a_raw_head_structured_decoder_boundary.sh	519	2026-07-28T01:30:03.6696372270
/home/zira/research/projects/GNN-2d/scripts/v5/p2/run_v5_p2_final_authorized_one_shot.sh	1869	2026-07-30T04:11:31.1943450680
/home/zira/research/projects/GNN-2d/scripts/v5/p2/run_v5_p2_g0_graph_baseline_rtl_handoff_protocol.sh	1792	2026-07-26T14:40:12.0490785440
/home/zira/research/projects/GNN-2d/scripts/v5/p2/run_v5_p2_g123_graph_operator_promotion_freeze.sh	459	2026-07-27T15:55:24.8768688750
/home/zira/research/projects/GNN-2d/scripts/v5/p2/run_v5_p2_g1a_r1_source_only_graph_preflight.sh	2839	2026-07-26T14:58:41.2316175410
/home/zira/research/projects/GNN-2d/scripts/v5/p2/run_v5_p2_g1a_r2a_canonical_topology_contract.sh	2342	2026-07-26T15:15:32.2651515570
/home/zira/research/projects/GNN-2d/scripts/v5/p2/run_v5_p2_g1a_r2_static_edge_index_resolution.sh	2358	2026-07-26T15:06:06.4094567960
/home/zira/research/projects/GNN-2d/scripts/v5/p2/run_v5_p2_g1a_source_only_graph_preflight.sh	2269	2026-07-26T14:47:24.7138509950
/home/zira/research/projects/GNN-2d/scripts/v5/p2/run_v5_p2_g1b_r1_source_only_graph_smoke.sh	2917	2026-07-26T15:38:35.2025266470
/home/zira/research/projects/GNN-2d/scripts/v5/p2/run_v5_p2_g1b_r2_source_only_graph_smoke.sh	3174	2026-07-26T15:42:38.4550740000
/home/zira/research/projects/GNN-2d/scripts/v5/p2/run_v5_p2_g1b_r3_source_only_graph_smoke.sh	3402	2026-07-26T15:50:34.0386112420
/home/zira/research/projects/GNN-2d/scripts/v5/p2/run_v5_p2_g1b_r4_source_only_graph_smoke.sh	3607	2026-07-26T16:03:33.7370053400
/home/zira/research/projects/GNN-2d/scripts/v5/p2/run_v5_p2_g1b_r5_source_only_graph_smoke.sh	3882	2026-07-26T16:12:14.5667236530
/home/zira/research/projects/GNN-2d/scripts/v5/p2/run_v5_p2_g1b_source_only_graph_smoke.sh	2692	2026-07-26T15:34:05.3010670390
/home/zira/research/projects/GNN-2d/scripts/v5/p2/run_v5_p2_g1c_clean_training_implementation_preflight.sh	2360	2026-07-26T22:19:05.1900575080
/home/zira/research/projects/GNN-2d/scripts/v5/p2/run_v5_p2_g1c_source_only_graph_aggregation.sh	1213	2026-07-26T22:19:05.1900575080
/home/zira/research/projects/GNN-2d/scripts/v5/p2/run_v5_p2_g1c_source_only_graph_one_run.sh	3446	2026-07-26T22:19:05.1900575080
/home/zira/research/projects/GNN-2d/scripts/v5/p2/run_v5_p2_g1c_source_only_graph_training_matrix.sh	2005	2026-07-26T22:19:05.1900575080
/home/zira/research/projects/GNN-2d/scripts/v5/p2/run_v5_p2_g2_clean_training_implementation_preflight.sh	2414	2026-07-27T03:03:11.0410249300
/home/zira/research/projects/GNN-2d/scripts/v5/p2/run_v5_p2_g2_direct_graph_aggregation.sh	1557	2026-07-27T03:03:11.0410249300
/home/zira/research/projects/GNN-2d/scripts/v5/p2/run_v5_p2_g2_direct_graph_one_run.sh	3482	2026-07-27T03:03:11.0410249300
/home/zira/research/projects/GNN-2d/scripts/v5/p2/run_v5_p2_g2_direct_graph_training_matrix.sh	2139	2026-07-27T03:03:11.0410249300
/home/zira/research/projects/GNN-2d/scripts/v5/p2/run_v5_p2_g3_clean_training_implementation_preflight.sh	2290	2026-07-27T08:09:43.4454161370
/home/zira/research/projects/GNN-2d/scripts/v5/p2/run_v5_p2_g3_role_aware_multilabel_aggregation.sh	1604	2026-07-27T08:09:43.4454161370
/home/zira/research/projects/GNN-2d/scripts/v5/p2/run_v5_p2_g3_role_aware_multilabel_one_run.sh	3592	2026-07-27T08:09:43.4454161370
/home/zira/research/projects/GNN-2d/scripts/v5/p2/run_v5_p2_g3_role_aware_multilabel_training_matrix.sh	2261	2026-07-27T08:09:43.4454161370
/home/zira/research/projects/GNN-2d/scripts/v5/p2/run_v5_p2_recovery_authorized_one_shot.sh	1921	2026-07-30T05:53:57.7212743160
/home/zira/research/projects/GNN-2d/scripts/v5/p2/run_v5_p2_task_d_full_multitask_aggregation.sh	722	2026-07-27T15:55:24.8838690420
/home/zira/research/projects/GNN-2d/scripts/v5/p2/run_v5_p2_task_d_full_multitask_matrix.sh	2090	2026-07-27T15:55:24.8818689940
/home/zira/research/projects/GNN-2d/scripts/v5/p2/run_v5_p2_task_d_full_multitask_one_run.sh	3668	2026-07-27T15:55:24.8798689470
/home/zira/research/projects/GNN-2d/scripts/v5/p2/run_v5_p2_task_d_full_multitask_preflight.sh	658	2026-07-27T15:55:24.8788689230
/home/zira/research/projects/GNN-2d/scripts/v5/p2/select_v5_p2_b3_seed_checkpoint.py	16690	2026-07-26T08:03:44.0894234800
/home/zira/research/projects/GNN-2d/scripts/v5/p2/smoke_v5_p2_g1b_r1_source_only_graph_implementations.py	45541	2026-07-26T15:38:35.2015265980
/home/zira/research/projects/GNN-2d/scripts/v5/p2/smoke_v5_p2_g1b_r2_source_only_graph_implementations.py	47285	2026-07-26T15:42:38.4540739530
/home/zira/research/projects/GNN-2d/scripts/v5/p2/smoke_v5_p2_g1b_r3_source_only_graph_implementations.py	49034	2026-07-26T15:50:34.0366111710
/home/zira/research/projects/GNN-2d/scripts/v5/p2/smoke_v5_p2_g1b_r4_source_only_graph_implementations.py	64720	2026-07-26T16:03:33.7350052570
/home/zira/research/projects/GNN-2d/scripts/v5/p2/smoke_v5_p2_g1b_r5_source_only_graph_implementations.py	68600	2026-07-26T16:12:14.5647235690
/home/zira/research/projects/GNN-2d/scripts/v5/p2/smoke_v5_p2_g1b_source_only_graph_implementations.py	41549	2026-07-26T15:34:05.3000669880
/home/zira/research/projects/GNN-2d/scripts/v5/p2/train_v5_p2_b2_single_seed.py	54362	2026-07-26T04:21:46.2544380430
/home/zira/research/projects/GNN-2d/scripts/v5/p2/train_v5_p2_g1c_source_only_graph_single_run.py	60456	2026-07-26T22:19:05.1900575080
/home/zira/research/projects/GNN-2d/scripts/v5/p2/train_v5_p2_g2_direct_graph_single_run.py	54848	2026-07-27T03:03:11.0400248890
/home/zira/research/projects/GNN-2d/scripts/v5/p2/train_v5_p2_g3_role_aware_multilabel_single_run.py	62663	2026-07-27T08:09:43.4434161660
/home/zira/research/projects/GNN-2d/scripts/v5/p2/train_v5_p2_task_d_full_multitask_single_run.py	24265	2026-07-27T16:13:28.7277005250
/home/zira/research/projects/GNN-2d/scripts/v5/p2/tune_v5_p2_b4_validation_thresholds.py	43062	2026-07-26T08:12:14.9492358870
/home/zira/research/projects/GNN-2d/scripts/v5/p2/V5_P2_G1C_PACKAGE_MANIFEST.json	2082	2026-07-26T22:19:05.1920575400
/home/zira/research/projects/GNN-2d/scripts/v5/p2/V5_P2_G2_PACKAGE_MANIFEST.json	2076	2026-07-27T03:03:11.0420249720
/home/zira/research/projects/GNN-2d/scripts/v5/p2/V5_P2_G3_PACKAGE_MANIFEST.json	3553	2026-07-27T08:09:43.4464161230
/home/zira/research/projects/GNN-2d/scripts/v5/p2/V5_P2_TASK_D_PACKAGE_MANIFEST.json	2353	2026-07-27T15:55:24.8868691130
