role,threshold,objective,node_f1,exact_set_attack,node_balanced_accuracy
source,0.0,0.053042657282636685,0.08840442880439447,0.0,0.5
source,0.001,0.5399290799235357,0.5311646886404783,0.5530756668481219,0.9558933234284686
source,0.002,0.559884648066219,0.5473671733783745,0.5786608600979859,0.9583053692553283
source,0.003,0.5714767477679279,0.5568887548990051,0.5933587370713119,0.9598144341058864
source,0.004,0.5802621904112497,0.5633656720971383,0.605606967882417,0.9606699982845246
source,0.005,0.5858865947127627,0.5683847527557115,0.6121393576483397,0.961284949003455
source,0.006,0.5914502982864553,0.5727582997207571,0.6194882961350027,0.9619335591991889
source,0.007,0.5961982902824456,0.5763166932034592,0.6260206859009254,0.9624540165739914
source,0.008,0.5999544579275207,0.5793107777289561,0.6309199782253675,0.9628394602417489
source,0.009000000000000001,0.6033468978744774,0.5818801046955315,0.635547087642896,0.9630647217705006
source,0.01,0.6062967639059527,0.5840747190121893,0.6396298312465977,0.9632811520032112
source,0.011,0.6090709895548998,0.5863395099005181,0.6431682090364725,0.9636002263736931
source,0.012,0.6107888460477748,0.5882953276989316,0.6445291235710398,0.9638261328562098
source,0.013000000000000001,0.6127350887798904,0.5899059681443101,0.6469787697332607,0.9640023474285693
source,0.014,0.61419390538889,0.5912485975316557,0.6486118671747414,0.9641880382507351
source,0.015,0.6167903273750998,0.5930355937108132,0.6524224278715297,0.9644338824378277
source,0.016,0.6185069991268745,0.5942636158556236,0.6548720740337507,0.9645064676674521
source,0.017,0.6199087051152016,0.5955110608751817,0.6565051714752314,0.964676466307463
source,0.018000000000000002,0.6213650664443815,0.5964866875869432,0.6586826347305389,0.9647611431505859
source,0.019,0.622990446390554,0.5975625567224168,0.6611322808927599,0.9648588968121713
source,0.02,0.6238717691104241,0.5984870621083731,0.6619488296135003,0.9649357275642169
source,0.021,0.6246964618523111,0.5993171841976914,0.6627653783342407,0.9649994814978
source,0.022,0.6255343730103473,0.6001693369805915,0.663581927054981,0.9650658507950756
source,0.023,0.6265297763412406,0.6011025214469778,0.6646706586826348,0.9651426815471211
source,0.024,0.6274916420400225,0.6019798098598452,0.6657593903102885,0.9652116662080893
source,0.025,0.6284329085835801,0.6030042216186143,0.6665759390310289,0.9653476651200981
source,0.026000000000000002,0.6292714181766532,0.6036759165219671,0.6676646706586826,0.9654365874856421
source,0.027,0.6300989338892804,0.604329288291243,0.6687534022863364,0.9655228944874938
source,0.028,0.6313866295855625,0.6050238056148415,0.6709308655416439,0.9656144322167305
source,0.029,0.6322026153399902,0.6058394160583942,0.6717474142623843,0.9657216621281219
source,0.03,0.6330579952018134,0.6063577728050547,0.6731083287969516,0.9657896615841264
source,0.031,0.6335623842236313,0.6070169659034755,0.673380511703865,0.9658759685859779
source,0.032,0.6340280589141616,0.6076116351164171,0.6736526946107785,0.9659057227915591
source,0.033,0.6346761167172636,0.6081473656410934,0.6744692433315188,0.9659276309060625
source,0.034,0.6353403279232035,0.608710018503833,0.6752857920522591,0.9660008610894518
source,0.035,0.6358324269271078,0.6091672729677889,0.675830157866086,0.9660123077491856
source,0.036000000000000004,0.6366309032551231,0.6097722457627118,0.6769188894937398,0.9660907686599598
source,0.037,0.6370637177136578,0.6103121479223276,0.6771910724006532,0.9661126767744633
source,0.038,0.6375938933527263,0.6108328634448904,0.6777354382144801,0.9661319695252744
source,0.039,0.638067099518917,0.6112586298459904,0.678279804028307,0.9661868921628164
source,0.04,0.6385885942345817,0.6115834218916046,0.6790963527490473,0.966228737981896
source,0.041,0.6391600802649595,0.6121729880663498,0.6796407185628742,0.9663045835289779
source,0.042,0.6393555390964172,0.6124987527854459,0.6796407185628742,0.9663464293480574
source,0.043000000000000003,0.6401213406620967,0.6130492676431425,0.680729450190528,0.9664170441677542
source,0.044,0.6406699902007624,0.6136007729983673,0.6812738160043549,0.966487658987451
source,0.045,0.6408877605975275,0.6139637236596426,0.6812738160043549,0.9664860288287223
source,0.046,0.6415444719119481,0.6143324214319077,0.6823625476320088,0.9665331053751869
source,0.047,0.6418644794508267,0.6148657673300387,0.6823625476320088,0.9666011048311912
source,0.048,0.6421705566549648,0.6151944407323265,0.6826347305389222,0.9666429506502708
source,0.049,0.6424891902488006,0.6155440414507772,0.6829069134458357,0.9666874118330429
source,0.05,0.6428451458165638,0.6159558454591069,0.6831790963527491,0.9667397191068925
source,0.051000000000000004,0.6434037680216965,0.6163425166538345,0.6839956450734894,0.9667407043118562
source,0.052000000000000005,0.6438320815253444,0.6166934619506966,0.6845400108873163,0.9667851654946282
source,0.053,0.6442234162524698,0.6169827759533543,0.6850843767011432,0.9668217805863228
source,0.054,0.6445030597191657,0.6172673931265715,0.6853565596080566,0.9668096889728243
source,0.055,0.6446367367545641,0.6174901881855691,0.6853565596080566,0.9667897512682482
source,0.056,0.6449943388038464,0.617904736329764,0.6856287425149701,0.9668420585420978
source,0.057,0.6453614828291514,0.6181537324960543,0.686173108328797,0.9668734429064074
source,0.058,0.6456913564692766,0.6183406113537118,0.6867174741426239,0.9668969811796397
source,0.059000000000000004,0.6461086077309166,0.6186731195805606,0.6872618399564507,0.9669388269987194
source,0.06,0.6463547650475747,0.6189019265037152,0.6875340228633642,0.9669675959993366
source,0.061,0.6467223917629622,0.6191517271534762,0.6880783886771911,0.9669989803636463
source,0.062,0.6470312937522688,0.6194851085310449,0.6883505715841045,0.9670408261827259
source,0.063,0.647290329955179,0.6197353802646197,0.688622754491018,0.9670722105470355
source,0.064,0.6474531435613112,0.62000673627484,0.688622754491018,0.9671062102750377
source,0.065,0.6476537253726018,0.6203410392936577,0.688622754491018,0.9671480560941172
source,0.066,0.6479508405311742,0.6206547759533363,0.6888949373979314,0.9671872865495045
source,0.067,0.6481978788828662,0.6208850512682137,0.6891671203048448,0.9672160555501217
source,0.068,0.6484827469984105,0.621178376189512,0.6894393032117583,0.9672526706418163
source,0.069,0.6489981171327686,0.6214929605996151,0.6902558519324986,0.9672919010972034
source,0.07,0.6492959322170782,0.6218078638021889,0.690528034839412,0.9673311315525905
source,0.07100000000000001,0.649543484523597,0.6220389957084446,0.6908002177463255,0.9673599005532079
source,0.07200000000000001,0.6497028120305341,0.6221230862820643,0.6910724006532389,0.9673703620079777
source,0.073,0.6499252573591522,0.6223123732251521,0.6913445835601524,0.96739390028121
source,0.074,0.6500767944630219,0.622564935064935,0.6913445835601524,0.9674252846455197
source,0.075,0.6503246847307516,0.6227966302398754,0.6916167664670658,0.9674540536461369
source,0.076,0.6506359494053244,0.6231339494262211,0.6918889493739793,0.9674958994652165
source,0.077,0.6507472489561343,0.6233194486775712,0.6918889493739793,0.9674707310332555
source,0.078,0.6508232557987736,0.6234461267486366,0.6918889493739793,0.9674864232154103
source,0.079,0.6511095984611727,0.623741909248026,0.6921611322808927,0.9675230383071051
source,0.08,0.6512491569600891,0.6239745067462201,0.6921611322808927,0.9675518073077223
source,0.081,0.6515485049917864,0.6242919648611065,0.6924333151878062,0.9675910377631094
source,0.082,0.651726456483348,0.624588550680376,0.6924333151878062,0.967627652854804
source,0.083,0.6519045771360629,0.6248854184349006,0.6924333151878062,0.9676642679464986
source,0.084,0.6520573868026299,0.6251401012125124,0.6924333151878062,0.9676956523108085
source,0.085,0.652293696536838,0.6253524954982503,0.6927054980947196,0.9677218059477332
source,0.08600000000000001,0.6522945579739599,0.6255353864980624,0.6924333151878062,0.967647930810579
source,0.08700000000000001,0.6523966514746464,0.6257055423325399,0.6924333151878062,0.9676688537201188
source,0.088,0.6527973776235526,0.6258290534335567,0.6932498639085466,0.9676358391970803
source,0.089,0.6527729425517353,0.6259697835851368,0.6929776810016332,0.9675567333325411
source,0.09,0.6528624246350905,0.6261189203907288,0.6929776810016332,0.9675750408783884
source,0.091,0.6529647420973135,0.6262894494944338,0.6929776810016332,0.9675959637879282
source,0.092,0.6533360691604335,0.6265454173904159,0.69352204681546,0.9676273481522379
source,0.093,0.6532887712371147,0.6266480427894934,0.6932498639085466,0.967591718265507
source,0.094,0.6535233381535869,0.6268575323790048,0.69352204681546,0.9675691651972386
source,0.095,0.6532791710016309,0.6269949529395717,0.6927054980947196,0.9674413526275061
source,0.096,0.6533561606267957,0.6271232689815132,0.6927054980947196,0.9674570448096609
source,0.097,0.6534588624927498,0.6272944387581031,0.6927054980947196,0.9674779677192007
source,0.098,0.6534479301166298,0.6274576734025122,0.6924333151878062,0.967401477218354
source,0.099,0.6534394913279282,0.6276250640259519,0.6921611322808927,0.9673736934227006
source,0.1,0.6535166609795725,0.6277536801120257,0.6921611322808927,0.9673893856048554
source,0.101,0.6535914771692755,0.6278783737615307,0.6921611322808927,0.967356371081817
source,0.10200000000000001,0.6535574662196371,0.6280031441167424,0.6918889493739793,0.9673233565587787
source,0.10300000000000001,0.6538595975475208,0.6283252410586062,0.6921611322808927,0.9673625870141658
source,0.10400000000000001,0.6539240609968959,0.628432680140898,0.6921611322808927,0.9673756638326281
source,0.105,0.654050712663281,0.6286437662515397,0.6921611322808927,0.9673531107643596
source,0.106,0.6542314687266928,0.628945026357226,0.6921611322808927,0.9673897258560542
source,0.107,0.6542960664561278,0.6290526892396179,0.6921611322808927,0.9674028026745166
source,0.108,0.6543736129301635,0.6291819333630106,0.6921611322808927,0.9674184948566715
source,0.109,0.65437881978933,0.6293720667328971,0.6918889493739793,0.9673933264247105
source,0.11,0.6545341191100906,0.629630898934165,0.6918889493739793,0.9674247107890201
source,0.111,0.6546118166810009,0.6297603948856819,0.6918889493739793,0.967440402971175
source,0.112,0.654824336334267,0.6299331390365164,0.6921611322808927,0.9674613258807148
source,0.113,0.6549799127278135,0.6301924330257607,0.6921611322808927,0.9674927102450246
source,0.114,0.6551226369765942,0.6304303067737286,0.6921611322808927,0.9675214792456417
source,0.115,0.6552265041239999,0.6306034186860713,0.6921611322808927,0.9675424021551815
source,0.116,0.6553304283295103,0.6307766256952552,0.6921611322808927,0.9675633250647213
source,0.117,0.6553694146264663,0.6308416028568485,0.6921611322808927,0.9675711711557988
source,0.11800000000000001,0.655569287058774,0.6309932683060859,0.6924333151878062,0.9675894787016461
source,0.11900000000000001,0.6555362500745519,0.6311196619369912,0.6921611322808927,0.9675564641786076
source,0.12,0.6556533731130582,0.6313148670011685,0.6921611322808927,0.96758000245184
source,0.121,0.6558096499143511,0.6315753283366567,0.6921611322808927,0.9676113868161497
source,0.122,0.6559139061072123,0.631749088658092,0.6921611322808927,0.9676323097256895
source,0.123,0.6559921359063032,0.6318794716565768,0.6921611322808927,0.9676480019078444
source,0.124,0.6560573520763575,0.631988165273334,0.6921611322808927,0.9676610787263067
source,0.125,0.6561052554728417,0.6320680042674742,0.6921611322808927,0.9675741267706901
source,0.126,0.6561574691241081,0.6321550270195849,0.6921611322808927,0.9675845882254599
source,0.127,0.656222756410016,0.632263839162765,0.6921611322808927,0.9675976650439224
source,0.128,0.6562358165643694,0.632285606086687,0.6921611322808927,0.9676002804076148
source,0.129,0.6563011308271013,0.6323944631912403,0.6921611322808927,0.9676133572260772
source,0.13,0.6564318268445699,0.6326122898870212,0.6921611322808927,0.9676395108630019
source,0.131,0.6565495302648017,0.6328084622540743,0.6921611322808927,0.9676630491362342
source,0.132,0.6566542168275733,0.6329829398586937,0.6921611322808927,0.9676839720457739
source,0.133,0.6568285484122476,0.6330920372285419,0.6924333151878062,0.9676970488642365
source,0.134,0.6567830792139915,0.633197710502724,0.6921611322808927,0.9676614189775055
source,0.135,0.6566983324481467,0.6332379211642584,0.6918889493739793,0.9676179429996972
source,0.136,0.6568989475656858,0.6333908244222145,0.6921611322808927,0.9676362505455445
source,0.137,0.6570864919597486,0.6335219431410434,0.6924333151878062,0.9676519427276994
source,0.138,0.657204559897383,0.6337187230371009,0.6924333151878062,0.9676754810009316
source,0.139,0.6574447057112177,0.6339375107888832,0.6927054980947196,0.9677016346378564
source,0.14,0.6573469319588973,0.6339560098062913,0.6924333151878062,0.9676555432963556
source,0.14100000000000001,0.6575477653082062,0.6341092767838641,0.6927054980947196,0.9676738508422029
source,0.14200000000000002,0.657502587458388,0.6342154356387757,0.6924333151878062,0.9676382209554721
source,0.14300000000000002,0.6575946329620225,0.6343688448115,0.6924333151878062,0.9676565285013194
source,0.14400000000000002,0.6576584043648462,0.634475130482873,0.6924333151878062,0.9676208986145886
source,0.145,0.6577505353131254,0.6346286820633383,0.6924333151878062,0.9676392061604359
source,0.146,0.6578163704404187,0.6347384072754937,0.6924333151878062,0.9676522829788983
source,0.147,0.6579085778736837,0.6348920863309353,0.6924333151878062,0.9676705905247456
source,0.148,0.6579481090146915,0.6349579715659482,0.6924333151878062,0.967678436615823
source,0.149,0.6581492534209894,0.6351117569718359,0.6927054980947196,0.9676967441616704
source,0.15,0.6581439328384744,0.6352843446055865,0.6924333151878062,0.9676689603660169
source,0.151,0.6583451822042359,0.6354383049439135,0.6927054980947196,0.9676872679118642
source,0.152,0.6584111926240854,0.6355483223103293,0.6927054980947196,0.9677003447303265
source,0.153,0.6584376031925923,0.6355923399245075,0.6927054980947196,0.9677055754577115
source,0.154,0.6585168568527955,0.6357244293581795,0.6927054980947196,0.9677212676398663
source,0.155,0.6586490195143855,0.6359447004608294,0.6927054980947196,0.9677474212767911
source,0.156,0.6587019102265561,0.6360328516477803,0.6927054980947196,0.9677578827315609
source,0.157,0.6586440366470463,0.6361178509532063,0.6924333151878062,0.9677196374811377
source,0.158,0.6586837292366298,0.6361840052691788,0.6924333151878062,0.967727483572215
source,0.159,0.6587877247434537,0.6363573311138855,0.6924333151878062,0.9676996997765617
source,0.16,0.6587431819258163,0.6364645483557652,0.6921611322808927,0.9676640698898307
source,0.161,0.658796176476054,0.6365528726061616,0.6921611322808927,0.9676745313446007
source,0.162,0.6589429284069984,0.6366160038864599,0.6924333151878062,0.9676336707304848
source,0.163,0.6590092126540973,0.6367264776316247,0.6924333151878062,0.9676467475489472
source,0.164,0.6590489942458966,0.6367927802846234,0.6924333151878062,0.9676545936400246
source,0.165,0.6593595965127249,0.6369475401867861,0.6929776810016332,0.967672901185872
source,0.166,0.6593019519813245,0.6370329212390611,0.6927054980947196,0.9676346559354485
source,0.167,0.6595303227567169,0.6372320839267726,0.6929776810016332,0.9676581942086808
source,0.168,0.6596233170149688,0.6373870743571924,0.6929776810016332,0.9676765017545281
source,0.169,0.6596631855465684,0.6374535219098586,0.6929776810016332,0.9676843478456056
source,0.17,0.6597562444548764,0.6376086200903719,0.6929776810016332,0.967702655391453
source,0.171,0.6597810254686178,0.637649921779941,0.6929776810016332,0.9676591794136447
source,0.17200000000000001,0.6599140770954889,0.6378716744913927,0.6929776810016332,0.9676853330505693
source,0.17300000000000001,0.6599540106310372,0.6379382303839732,0.6929776810016332,0.9676931791416468
source,0.17400000000000002,0.6600339027074786,0.6380713838447089,0.6929776810016332,0.9677088713238016
source,0.17500000000000002,0.6601005049186589,0.6381823875300094,0.6929776810016332,0.967721948142264
source,0.176,0.6602760034698774,0.638293429844098,0.6932498639085466,0.9677350249607264
source,0.177,0.6604515252104692,0.6384045108071421,0.69352204681546,0.9677481017791887
source,0.178,0.660587064300102,0.6384489540185875,0.6937942297223735,0.9677533325065737
source,0.179,0.6606404072936491,0.638537859007833,0.6937942297223735,0.9677637939613436
source,0.18,0.6604995632069974,0.6384845741346891,0.69352204681546,0.9676124431183789
source,0.181,0.6604689866306798,0.6386150684454353,0.6932498639085466,0.9675794285953405
source,0.182,0.6605339792207825,0.6387233894289397,0.6932498639085466,0.9675437987086095
source,0.183,0.6607096272012327,0.638834680791748,0.69352204681546,0.9675568755270719
source,0.184,0.6609521198328943,0.6390573799065746,0.6937942297223735,0.9675830291639966
source,0.185,0.6611010970044393,0.6391242199212076,0.6940664126292869,0.9675908752550741
source,0.186,0.6611813301945122,0.6392579419046622,0.6940664126292869,0.967606567437229
source,0.187,0.6612749780269502,0.6394140216253924,0.6940664126292869,0.9676248749830763
source,0.188,0.6613134196428395,0.6394780909852079,0.6940664126292869,0.9675840143689605
source,0.189,0.6613669697970044,0.6395673412421493,0.6940664126292869,0.9675944758237304
source,0.19,0.6614339285135888,0.6396789391031235,0.6940664126292869,0.9676075526421928
source,0.191,0.6614875123135905,0.6397682454364595,0.6940664126292869,0.9676180140969626
source,0.192,0.6616097837642183,0.6397905759162303,0.6943385955362004,0.9676206294606551
source,0.193,0.6616767892356008,0.6399022517018677,0.6943385955362004,0.9676337062791175
source,0.194,0.6617035979742818,0.6399469329330029,0.6943385955362004,0.9676389370065024
source,0.195,0.6617438181027483,0.640013966480447,0.6943385955362004,0.9676467830975799
source,0.196,0.6618108703779164,0.6401257202723939,0.6943385955362004,0.9676598599160422
source,0.197,0.6618645290600671,0.6402151514093116,0.6943385955362004,0.9676703213708122
source,0.198,0.661891364023974,0.6402598763491564,0.6943385955362004,0.9676755520981971
source,0.199,0.6619450452013796,0.6403493449781659,0.6943385955362004,0.967686013552967
source,0.2,0.6620390233706756,0.6405059752603257,0.6943385955362004,0.9677043210988143
source,0.201,0.6620524525765726,0.6405283572701541,0.6943385955362004,0.9677069364625068
source,0.202,0.66226879318367,0.6407074696773742,0.6946107784431138,0.9677278593720466
source,0.203,0.6623225494475129,0.6407970634504457,0.6946107784431138,0.9677383208268164
source,0.20400000000000001,0.6623897659227,0.6409090909090909,0.6946107784431138,0.9677513976452788
source,0.20500000000000002,0.6624301070900827,0.6409763261880618,0.6946107784431138,0.9677592437363562
source,0.20600000000000002,0.6626196879851509,0.6411108390752335,0.6948829613500273,0.9677749359185112
source,0.20700000000000002,0.6626600545554019,0.6411781166923184,0.6948829613500273,0.9677827820095886
source,0.20800000000000002,0.6627542761743135,0.6413351527238376,0.6948829613500273,0.9678010895554359
source,0.209,0.6628350743037904,0.6414698162729658,0.6948829613500273,0.9678167817375907
source,0.21,0.6629843592567453,0.6415371692566149,0.6951551442569407,0.9678246278286682
source,0.211,0.6630786864442431,0.641694381235778,0.6951551442569407,0.9678429353745155
source,0.212,0.6631730598737967,0.641851670285034,0.6951551442569407,0.9678612429203628
source,0.213,0.6630880356783646,0.641891418563923,0.6948829613500273,0.9677690602373612
source,0.214,0.6629760378346446,0.6418862107623319,0.6946107784431138,0.9676716468269748
source,0.215,0.6630300156519477,0.6419761737911703,0.6946107784431138,0.9676821082817446
source,0.216,0.6630840086018039,0.6420661620409308,0.6946107784431138,0.9676925697365146
source,0.217,0.6631380166905779,0.6421561755222207,0.6946107784431138,0.9677030311912844
source,0.218,0.6632055481003498,0.6422687278718406,0.6946107784431138,0.9677161080097468
source,0.219,0.6632866170467522,0.6424038427825111,0.6946107784431138,0.9677318001919017
source,0.22,0.6633271643122339,0.642471421558314,0.6946107784431138,0.9677396462829791
source,0.221,0.6633661968991311,0.6425364758698092,0.6946107784431138,0.9676987856688632
source,0.222,0.6637739618063963,0.6426717182347575,0.6954273271638541,0.967714477851018
source,0.223,0.6638265679054378,0.6427593950664936,0.6954273271638541,0.9676762326005948
source,0.224,0.6638671689340425,0.6428270634475014,0.6954273271638541,0.9676840786916722
source,0.225,0.6639348563156838,0.6429398757502369,0.6954273271638541,0.9676971555101346
source,0.226,0.6639468988509385,0.642959946642328,0.6954273271638541,0.9676510641686338
source,0.227,0.6641370421870796,0.6430953969312876,0.6956995100707676,0.9676667563507886
source,0.228,0.6641641398547055,0.6431405597106641,0.6956995100707676,0.9676719870781736
source,0.229,0.6642183466095186,0.6432309043020193,0.6956995100707676,0.9676824485329435
source,0.23,0.6642319006778821,0.6432534944159584,0.6956995100707676,0.9676850638966359
source,0.231,0.6642725685957617,0.643321274279091,0.6956995100707676,0.9676929099877134
source,0.232,0.6643810582882235,0.643502090433194,0.6956995100707676,0.9677138328972532
source,0.233,0.6644474371332094,0.6436127218415041,0.6956995100707676,0.9676782030105223
source,0.234,0.6644745813804316,0.643657962253541,0.6956995100707676,0.9676834337379072
source,0.23500000000000001,0.6645153049070416,0.643725834797891,0.6956995100707676,0.9676912798289847
source,0.23600000000000002,0.6646649101857642,0.6437937216578198,0.695971692977681,0.967699125920062
source,0.23700000000000002,0.6647192330396116,0.6438842597475652,0.695971692977681,0.967709587374832
source,0.23800000000000002,0.6647735711746865,0.6439748233060234,0.695971692977681,0.9677200488296018
source,0.23900000000000002,0.6649775728636858,0.6441333708497468,0.6962438758845945,0.9677383563754492
source,0.24,0.6650319530553996,0.6442240045026031,0.6962438758845945,0.9677488178302192
source,0.241,0.6650591488903888,0.6442693308942518,0.6962438758845945,0.967754048557604
source,0.242,0.6651407593615788,0.6444053483462351,0.6962438758845945,0.967769740739759
source,0.243,0.6652890447596524,0.644471035405082,0.6965160587915079,0.9677288801256432
source,0.244,0.665343487930542,0.6445617740232312,0.6965160587915079,0.967739341580413
source,0.245,0.665493203533313,0.644629844756574,0.6967882416984214,0.9677471876714905
source,0.246,0.6655340546007881,0.6446979298690325,0.6967882416984214,0.9677550337625678
source,0.247,0.665423789102322,0.6446956093095313,0.6965160587915079,0.9677063270573746
source,0.248,0.6654782761770954,0.6447864211008205,0.6965160587915079,0.9677167885121445
source,0.249,0.6655313970988505,0.6448749559704121,0.6965160587915079,0.9676785432617211
source,0.25,0.6655300153015752,0.6448726529749533,0.6965160587915079,0.9676298365565279
source,0.251,0.6655981788544933,0.6449862588964836,0.6965160587915079,0.9676429133749902
source,0.252,0.6656240786598531,0.6450294252387497,0.6965160587915079,0.9675994373971819
source,0.253,0.6656513574373081,0.6450748898678415,0.6965160587915079,0.9676046681245669
source,0.254,0.6656922828145024,0.6451430988298321,0.6965160587915079,0.9676125142156443
source,0.255,0.6657332168473515,0.6452113222179139,0.6965160587915079,0.9676203603067217
source,0.256,0.6657878090269151,0.6453023091838533,0.6965160587915079,0.9676308217614916
source,0.257,0.6658151108909993,0.6453478122906603,0.6965160587915079,0.9676360524888765
source,0.258,0.6657868217088494,0.6454821189250194,0.6962438758845945,0.9676030379658382
source,0.259,0.665977666637811,0.6456187385353463,0.6965160587915079,0.967618730147993
source,0.26,0.6661548761169722,0.6457326323960061,0.6967882416984214,0.9676318069664553
source,0.261,0.6661958894810622,0.6458009880028229,0.6967882416984214,0.9676396530575329
source,0.262,0.6663731375499158,0.6459149461796365,0.6970604246053348,0.9676527298759952
source,0.263,0.6665504097539285,0.6460289445817154,0.6973326075122482,0.9676658066944576
source,0.264,0.6664936613675576,0.6461158192090395,0.6970604246053348,0.9675788547388409
source,0.265,0.6666709910889537,0.646229913473424,0.6973326075122482,0.9675919315573034
source,0.266,0.6666970839798197,0.6462734016248675,0.6973326075122482,0.967548455579495
source,0.267,0.6665869140396822,0.6462712403292471,0.6970604246053348,0.9674997488743018
source,0.268,0.6666280138217835,0.6463397399660825,0.6970604246053348,0.9675075949653792
source,0.269,0.6666554185171392,0.6463854144583422,0.6970604246053348,0.9675128256927641
source,0.27,0.6668465290099883,0.6465224766751484,0.6973326075122482,0.967528517874919
source,0.271,0.6668589584580309,0.6465431924218861,0.6973326075122482,0.9674824265334182
source,0.272,0.6669275281040614,0.6466574751652703,0.6973326075122482,0.9674955033518806
source,0.273,0.6669948556573977,0.6467696877541639,0.6973326075122482,0.9674598734651497
source,0.274,0.6671311759901353,0.6468154330374509,0.6976047904191617,0.9674651041925346
source,0.275,0.6671998109045068,0.6469298245614035,0.6976047904191617,0.967478181010997
source,0.276,0.6672547363176575,0.6470213669166549,0.6976047904191617,0.9674886424657669
source,0.277,0.6674735069525107,0.6472045293701344,0.6978769733260751,0.9675095653753067
source,0.278,0.6674585251928407,0.6471795597706844,0.6978769733260751,0.9674582433064209
source,0.279,0.6674722671943222,0.6472024631064869,0.6978769733260751,0.9674608586701134
source,0.28,0.66734841059343,0.647177490709609,0.6976047904191617,0.9674095366012276
source,0.281,0.6675535081069806,0.6473378646275842,0.6978769733260751,0.9674278441470751
source,0.28200000000000003,0.6675672583359882,0.6473607816759303,0.6978769733260751,0.9674304595107674
source,0.28300000000000003,0.6675935341785286,0.6474045747468309,0.6978769733260751,0.9673869835329592
source,0.28400000000000003,0.6676623167589812,0.6475192123809187,0.6978769733260751,0.9674000603514216
source,0.28500000000000003,0.6677035980008275,0.6475880144506623,0.6978769733260751,0.967407906442499
source,0.28600000000000003,0.6678812927316027,0.6477027170640122,0.6981491562329886,0.9674209832609614
source,0.28700000000000003,0.6679363675419111,0.6477945084145261,0.6981491562329886,0.9674314447157313
source,0.28800000000000003,0.668005233010559,0.647909284195606,0.6981491562329886,0.9674445215341936
source,0.289,0.6680465640064677,0.6479781691887869,0.6981491562329886,0.9674523676252711
source,0.29,0.6680729334417279,0.6480221182475542,0.6981491562329886,0.9674088916474628
source,0.291,0.6684975173409093,0.648366847536972,0.6986935220468155,0.9674481221028499
source,0.292,0.6688256670460626,0.6485508531696761,0.6992378878606423,0.9674690450123897
source,0.293,0.668853277683016,0.6485968708979316,0.6992378878606423,0.9674742757397747
source,0.294,0.6690450062708987,0.6487349632731273,0.6995100707675558,0.9674899679219295
source,0.295,0.6690726325868052,0.6487810071329714,0.6995100707675558,0.9674951986493145
source,0.296,0.6690991230752483,0.6488251579470434,0.6995100707675558,0.9674517226715061
source,0.297,0.6691267600974525,0.648871219650717,0.6995100707675558,0.967456953398891
source,0.298,0.6691544010439765,0.6489172878949236,0.6995100707675558,0.967462184126276
source,0.299,0.6691820459156563,0.6489633626810566,0.6995100707675558,0.9674674148536611
source,0.3,0.6692096947133277,0.6490094440105091,0.6995100707675558,0.967472645581046
source,0.301,0.6692788338892104,0.6491246759703135,0.6995100707675558,0.9674857223995084
source,0.302,0.6692915447327779,0.6491458607095927,0.6995100707675558,0.9674396310580076
source,0.303,0.6693468834201541,0.6492380918552197,0.6995100707675558,0.9674500925127775
source,0.304,0.6694160788967622,0.6493534176495667,0.6995100707675558,0.9674631693312399
source,0.305,0.6694852989604707,0.6494687844224141,0.6995100707675558,0.9674762461497022
source,0.306,0.669512993873278,0.6495149426104261,0.6995100707675558,0.9674814768770872
source,0.307,0.6695268428059562,0.6495380241648898,0.6995100707675558,0.9674840922407797
source,0.308,0.6696772686731143,0.6496072786722109,0.6997822536744692,0.9674919383318571
source,0.309,0.6697881192165971,0.6497920295780156,0.6997822536744692,0.9675128612413968
source,0.31,0.6697731780723404,0.649767127670921,0.6997822536744692,0.9674615391725111
source,0.311,0.6698147646471451,0.649836438628929,0.6997822536744692,0.9674693852635885
source,0.312,0.6698424939596532,0.6498826541497759,0.6997822536744692,0.9674746159909735
source,0.313,0.6697602825304458,0.6499270903723725,0.6995100707675558,0.9674311400131652
source,0.314,0.6699374487678061,0.6500409121633641,0.6997822536744692,0.9673955101264342
source,0.315,0.6701157114387015,0.6501565613435809,0.7000544365813827,0.9674085869448967
source,0.316,0.6701851256414858,0.6502722516815546,0.7000544365813827,0.967421663763359
source,0.317,0.6700613158912562,0.6502473573691141,0.6997822536744692,0.9673703416944733
source,0.318,0.6702802664078147,0.6504308196254361,0.7000544365813827,0.9673425578988198
source,0.319,0.6703348199689254,0.6505217422272872,0.7000544365813827,0.9673043126483964
source,0.32,0.6703198834048578,0.6504968479538412,0.7000544365813827,0.9672529905795108
source,0.321,0.6702377803526602,0.6505414648047877,0.6997822536744692,0.9672095146017025
source,0.322,0.6703744643368637,0.6505878161738511,0.7000544365813827,0.9672147453290874
source,0.323,0.6704161880005652,0.6506573556133537,0.7000544365813827,0.9672225914201649
source,0.324,0.6704718334288329,0.6507500979937997,0.7000544365813827,0.9672330528749347
source,0.325,0.6704996620920164,0.6507964790991055,0.7000544365813827,0.9672382836023197
source,0.326,0.6706781242709386,0.6509124607927004,0.7003266194882961,0.967251360420782
source,0.327,0.6707338133450118,0.6510052759161556,0.7003266194882961,0.967261821875552
source,0.328,0.6707477380951294,0.6510284838330185,0.7003266194882961,0.9672644372392445
source,0.329,0.670746734503818,0.6510268111808328,0.7003266194882961,0.9672157305340512
source,0.33,0.6707745898904479,0.6510732368252158,0.7003266194882961,0.9672209612614362
source,0.331,0.6708024492501751,0.6511196690914277,0.7003266194882961,0.9672261919888211
source,0.332,0.67083031258385,0.6511661079808859,0.7003266194882961,0.967231422716206
source,0.333,0.6708432521180233,0.6511876738711748,0.7003266194882961,0.9671853313747052
source,0.334,0.6708990005098794,0.6512805878576016,0.7003266194882961,0.9671957928294752
source,0.335,0.6709687083754319,0.6513967676335224,0.7003266194882961,0.9672088696479375
source,0.336,0.671133365739529,0.6514897413024086,0.7005988023952096,0.9672193311027074
source,0.337,0.6712170719056552,0.6516292515792855,0.7005988023952096,0.9672350232848623
source,0.338,0.671258938433812,0.6516990291262136,0.7005988023952096,0.9672428693759396
source,0.339,0.6713008139292045,0.6517688216185343,0.7005988023952096,0.9672507154670171
source,0.34,0.6714655350398395,0.6518619015316505,0.700870985302123,0.967261176921787
source,0.341,0.6715064843254701,0.651930150341035,0.700870985302123,0.9672203163076711
source,0.342,0.6716852121368184,0.6520465747553397,0.7011431682090364,0.9672333931261337
source,0.343,0.6718220341454799,0.6520931561651665,0.7014153511159499,0.9672386238535184
source,0.34400000000000003,0.6718490528110685,0.652138187274481,0.7014153511159499,0.9671951478757101
source,0.34500000000000003,0.6719189597131562,0.6522546987779604,0.7014153511159499,0.9672082246941727
source,0.34600000000000003,0.6721926495479811,0.6523479379601173,0.7019597169297768,0.9672186861489425
source,0.34700000000000003,0.6720548785174759,0.6522997748472177,0.7016875340228633,0.9671647487163643
source,0.34800000000000003,0.672068866361111,0.6523230879199428,0.7016875340228633,0.9671673640800567
source,0.34900000000000003,0.6722476937424201,0.6524396782841823,0.7019597169297768,0.9671804408985192
source,0.35000000000000003,0.6723836430237,0.6524848051483733,0.7022318998366902,0.9671369649207108
source,0.35100000000000003,0.6724527341854449,0.6525999570846148,0.7022318998366902,0.9671013350339799
source,0.352,0.67250875535638,0.6526933257028399,0.7022318998366902,0.9671117964887499
source,0.353,0.6726456451163283,0.6527400200314781,0.7025040827436037,0.9671170272161348
source,0.354,0.6726736657224682,0.6527867210417113,0.7025040827436037,0.9671222579435197
source,0.355,0.6728946614165798,0.6529735919272883,0.7027762656505171,0.9671431808530595
source,0.356,0.6729507467583817,0.6530670674969581,0.7027762656505171,0.9671536423078294
source,0.357,0.6731718387914837,0.6532540989475192,0.7030484485574305,0.9671745652173692
source,0.358,0.673185007779578,0.6532760472610097,0.7030484485574305,0.9671284738758685
source,0.359,0.6732130775037513,0.6533228301346319,0.7030484485574305,0.9671337046032533
source,0.36,0.6730752715411177,0.6532746088015182,0.7027762656505171,0.9670797671706752
source,0.361,0.6731033442190252,0.6533213965980306,0.7027762656505171,0.9670849978980601
source,0.362,0.6731595016400285,0.6534149922997027,0.7027762656505171,0.96709545935283
source,0.363,0.6732156751537126,0.6535086148225095,0.7027762656505171,0.9671059208075999
source,0.364,0.6732999656131502,0.6536490989215722,0.7027762656505171,0.9671216129897549
source,0.365,0.6734264692736109,0.6538599383556735,0.7027762656505171,0.9671451512629871
source,0.366,0.6734686552978068,0.6539302483959999,0.7027762656505171,0.9671529973540645
source,0.367,0.6734967843546256,0.6539771301573645,0.7027762656505171,0.9671582280814495
source,0.368,0.6735952678234911,0.6541412692721406,0.7027762656505171,0.9671765356272968
source,0.369,0.6737322882009412,0.654188181296615,0.7030484485574305,0.9671817663546818
source,0.37,0.673774516593494,0.6542585619508696,0.7030484485574305,0.9671896124457591
source,0.371,0.6738018758361717,0.6543041606886657,0.7030484485574305,0.9671461364679508
source,0.372,0.6738722942211786,0.6544215246636772,0.7030484485574305,0.9671592132864132
source,0.373,0.6740797955741114,0.654585904980623,0.7033206314643441,0.9671775208322605
source,0.374,0.6742027625231828,0.6546093946244662,0.7035928143712575,0.967180136195953
source,0.375,0.674245049951776,0.6546798736721218,0.7035928143712575,0.9671879822870304
source,0.376,0.6742732466299903,0.6547268681358122,0.7035928143712575,0.9671932130144154
source,0.377,0.6743962196499353,0.6547503678977783,0.703864997278171,0.9671958283781078
source,0.378,0.6744244224009844,0.6547973724828601,0.703864997278171,0.9672010591054927
source,0.379,0.674328886653188,0.6548196015078083,0.7035928143712575,0.967154967763992
source,0.38,0.6742615715558982,0.6548888649502675,0.7033206314643441,0.9671141071498761
source,0.381,0.674289034082649,0.6549346358281856,0.7033206314643441,0.9670706311720678
source,0.382,0.6743737299907235,0.6550757956749766,0.7033206314643441,0.9670863233542227
source,0.383,0.6743871014755846,0.6550980814830782,0.7033206314643441,0.9670402320127219
source,0.384,0.6745807221262521,0.6552393272962483,0.7035928143712575,0.9670559241948768
source,0.385,0.6747743793296423,0.6553806340306233,0.703864997278171,0.9670716163770317
source,0.386,0.674816785064617,0.6554513102555808,0.703864997278171,0.9670794624681092
source,0.387,0.6747071861453969,0.6554501006614898,0.7035928143712575,0.9670307557629159
source,0.388,0.6747920340548677,0.655591513843941,0.7035928143712575,0.9670464479450707
source,0.389,0.6748486196706781,0.6556858232036251,0.7035928143712575,0.9670569093998406
source,0.39,0.6749052215689475,0.6557801597007409,0.7035928143712575,0.9670673708546105
source,0.391,0.6749476836822417,0.6558509298895644,0.7035928143712575,0.967075216945688
source,0.392,0.6751698339657826,0.6560397250908568,0.703864997278171,0.9670961398552277
source,0.393,0.6752264969859076,0.656134163457732,0.703864997278171,0.9671066013099976
source,0.394,0.675269004957914,0.6562050100777427,0.703864997278171,0.9671144474010751
source,0.395,0.6754048720740338,0.65625,0.7041371801850844,0.9670222647180735
source,0.396,0.6752953237951484,0.6562488748064667,0.703864997278171,0.9669735580128802
source,0.397,0.6753378606325504,0.6563197695354699,0.703864997278171,0.9669814041039576
source,0.398,0.6754750967931349,0.6563670411985018,0.7041371801850844,0.9669866348313425
source,0.399,0.6756407082104341,0.6564616049560582,0.7044093630919979,0.9669970962861125
source,0.4,0.6756974628160498,0.6565561959654178,0.7044093630919979,0.9670075577408823
source,0.401,0.6757400395049116,0.6566271571135208,0.7044093630919979,0.9670154038319598
source,0.402,0.6759198942715736,0.656745459786682,0.7046815459989113,0.9670284806504221
source,0.403,0.6759624955122532,0.6568164618544812,0.7046815459989113,0.9670363267414996
source,0.404,0.67601931149742,0.6569111551630925,0.7046815459989113,0.9670467881962694
source,0.405,0.6760619342383649,0.6569821930646673,0.7046815459989113,0.967054634287347
source,0.406,0.6761187789014032,0.657076934169731,0.7046815459989113,0.9670650957421167
source,0.40700000000000003,0.6761323717708777,0.6570995889521887,0.7046815459989113,0.9670190044006161
source,0.40800000000000003,0.6761465880386227,0.6571232827317637,0.7046815459989113,0.9670216197643084
source,0.40900000000000003,0.6762028499511766,0.6572170525860203,0.7046815459989113,0.9669833745138852
source,0.41000000000000003,0.6763024318848995,0.6573830224755582,0.7046815459989113,0.9670016820597325
source,0.41100000000000003,0.6763308931046192,0.6574304578417578,0.7046815459989113,0.9670069127871175
source,0.41200000000000003,0.6763308931046192,0.6574304578417578,0.7046815459989113,0.9670069127871175
source,0.41300000000000003,0.6763735926364123,0.6575016237280796,0.7046815459989113,0.9670147588781949
source,0.41400000000000003,0.676444779069383,0.6576202677830308,0.7046815459989113,0.9670278356966573
source,0.41500000000000004,0.6765302367080509,0.6577626971808107,0.7046815459989113,0.9670435278788121
source,0.41600000000000004,0.6765729794103948,0.6578339350180505,0.7046815459989113,0.9670513739698895
source,0.417,0.6764635322173386,0.657832978300899,0.7044093630919979,0.9670026672646962
source,0.418,0.6763683375707297,0.6578557758278266,0.7041371801850844,0.9669565759231955
source,0.419,0.6763968460005803,0.6579032898775775,0.7041371801850844,0.9669618066505804
source,0.42,0.6764823960039597,0.6580458732165432,0.7041371801850844,0.9669774988327353
source,0.421,0.6764966579431279,0.6580696431151568,0.7041371801850844,0.9669801141964277
source,0.422,0.6765822512199258,0.6582122985764867,0.7041371801850844,0.9669958063785826
source,0.423,0.6769141796572443,0.658402602096133,0.7046815459989113,0.9670167292881224
source,0.424,0.6772033233370599,0.6585215976866077,0.7052259118127382,0.9670298061065847
source,0.425,0.677217605904968,0.6585454019664546,0.7052259118127382,0.9670324214702772
source,0.426,0.6772456487194551,0.6585921399905997,0.7052259118127382,0.9669889454924689
source,0.427,0.6771785982531076,0.6586618444846293,0.7049537289058248,0.9668993781731599
source,0.428,0.67730176477573,0.6586856667510579,0.7052259118127382,0.9669019935368524
source,0.429,0.6773441360234349,0.6587562854972326,0.7052259118127382,0.9668611329227366
source,0.43,0.6775102115120873,0.6588516227070444,0.7054980947196516,0.9668715943775064
source,0.431,0.6775388188843509,0.658899301660817,0.7054980947196516,0.9668768251048914
source,0.432,0.6775960460520122,0.6589946802735859,0.7054980947196516,0.9668872865596612
source,0.433,0.6775009840019421,0.6590176987947447,0.7052259118127382,0.9668411952181604
source,0.434,0.6775296089427085,0.6590654070293553,0.7052259118127382,0.9668464259455454
source,0.435,0.677615508637336,0.6592085731870678,0.7052259118127382,0.9668621181277002
source,0.436,0.6777959933919162,0.6593279258400926,0.7054980947196516,0.9668751949461626
source,0.437,0.6778533013385343,0.659423439084456,0.7054980947196516,0.9668856564009325
source,0.438,0.6779249596251012,0.6595428695620676,0.7054980947196516,0.9668987332193948
source,0.439,0.6778729734207475,0.6596376811594203,0.7052259118127382,0.9668604879689715
source,0.44,0.6779590318266391,0.6597811118359064,0.7052259118127382,0.9668761801511263
source,0.441,0.6779733785329451,0.659805023013083,0.7052259118127382,0.9668787955148188
source,0.442,0.6780011858235184,0.6598513684973718,0.7052259118127382,0.9667866128318172
source,0.443,0.6780729608092142,0.6599709934735315,0.7052259118127382,0.9667996896502797
source,0.444,0.6781160382936489,0.6600427892809225,0.7052259118127382,0.966807535741357
source,0.445,0.6781447618239167,0.660090661831369,0.7052259118127382,0.966812766468742
source,0.446,0.678296303432494,0.6601617759077224,0.7054980947196516,0.9667719058546262
source,0.447,0.678325040477914,0.6602096709834222,0.7054980947196516,0.9667771365820111
source,0.448,0.678325040477914,0.6602096709834222,0.7054980947196516,0.9667771365820111
source,0.449,0.6784622362955285,0.6602568754081708,0.7057702776265651,0.9667336606042028
source,0.45,0.6787087311062003,0.6603047895500725,0.706314643440392,0.9667388913315877
source,0.451,0.6787806205770278,0.660424605334785,0.706314643440392,0.9667519681500503
source,0.452,0.678852536142037,0.6605444646098004,0.706314643440392,0.9667650449685126
source,0.453,0.6789388692843764,0.660688353180366,0.706314643440392,0.9667807371506674
source,0.454,0.678953261798333,0.660712340703627,0.706314643440392,0.9667833525143599
source,0.455,0.6788727907352884,0.660759677536495,0.7060424605334785,0.9667398765365516
source,0.456,0.6790532820038357,0.6608790410461315,0.706314643440392,0.9667042466498207
source,0.457,0.6789440303862398,0.6608784102880808,0.7060424605334785,0.9666555399446275
source,0.458,0.6788635939370442,0.6609258048106968,0.7057702776265651,0.9666120639668192
source,0.459,0.6786158962533526,0.6608758858804289,0.7052259118127382,0.9664607131238543
source,0.46,0.6787535940104209,0.6609239268709337,0.7054980947196516,0.9664659438512393
source,0.461,0.6788256738337672,0.6610440599098444,0.7054980947196516,0.9664790206697017
source,0.462,0.6789489661057029,0.6610680917584615,0.7057702776265651,0.9664816360333941
source,0.463,0.6790062928688079,0.6611636363636364,0.7057702776265651,0.9664433907829708
source,0.464,0.6790640028167011,0.6612598196101251,0.7057702776265651,0.9664538522377407
source,0.465,0.6791072962977798,0.661331975411923,0.7057702776265651,0.9664616983288181
source,0.466,0.6791502546093993,0.6614035725979553,0.7057702776265651,0.9664208377147023
source,0.467,0.6789318188206522,0.6614024234925949,0.7052259118127382,0.9663234243043158
source,0.468,0.6789314739761325,0.6614018487517286,0.7052259118127382,0.9662747175991225
source,0.46900000000000003,0.6789892509447939,0.6614981436994977,0.7052259118127382,0.9662851790538924
source,0.47000000000000003,0.6788800391215742,0.6614975792654072,0.7049537289058248,0.9662364723486991
source,0.47100000000000003,0.6787708272243789,0.661497014708024,0.7046815459989113,0.9661877656435058
source,0.47200000000000003,0.6787852772265205,0.6615210980449266,0.7046815459989113,0.9661903810071983
source,0.47300000000000003,0.6788286335466662,0.6615933585785028,0.7046815459989113,0.9661982270982759
source,0.47400000000000003,0.6788864567098339,0.6616897305171158,0.7046815459989113,0.9662086885530456
source,0.47500000000000003,0.678900915132876,0.6617138278888525,0.7046815459989113,0.9662113039167382
source,0.47600000000000003,0.6789002656512308,0.661712745419444,0.7046815459989113,0.9661138905063518
source,0.47700000000000004,0.679052529813696,0.6617850637522769,0.7049537289058248,0.9661217365974291
source,0.47800000000000004,0.6792192723983446,0.6618815127887488,0.7052259118127382,0.9661321980521991
source,0.47900000000000004,0.6791100853749598,0.6618809896877164,0.7049537289058248,0.9660834913470058
source,0.48,0.6791966260669592,0.6620252241743821,0.7049537289058248,0.9660504768239673
source,0.481,0.6792111055309079,0.6620493566142966,0.7049537289058248,0.9660530921876598
source,0.482,0.6792111055309079,0.6620493566142966,0.7049537289058248,0.9660530921876598
source,0.483,0.6792690339444802,0.6621459039702504,0.7049537289058248,0.9660635536424297
source,0.484,0.6794358524188053,0.6622424794895169,0.7052259118127382,0.9660740150971996
source,0.485,0.6794648314136413,0.6622907778142435,0.7052259118127382,0.9660792458245846
source,0.486,0.6792320173345707,0.6622656648916772,0.7046815459989113,0.9659792170505055
source,0.487,0.6792755000337064,0.6623381360569032,0.7046815459989113,0.965987063141583
source,0.488,0.6792098395853707,0.6624101572476194,0.7044093630919979,0.9659462025274672
source,0.489,0.6792388428396013,0.6624584960046703,0.7044093630919979,0.9659514332548521
source,0.49,0.6794347511684415,0.6626035546147951,0.7046815459989113,0.965967125437007
source,0.491,0.6793401222123804,0.6626272949593021,0.7044093630919979,0.9659210340955062
source,0.492,0.6793543705790399,0.6626510422370679,0.7044093630919979,0.9658749427540054
source,0.493,0.6793979182926588,0.6627236217597663,0.7044093630919979,0.9658827888450827
source,0.494,0.6794705190180663,0.6628446229687786,0.7044093630919979,0.9658958656635452
source,0.495,0.679593665841221,0.662868412402761,0.7046815459989113,0.9658497743220444
source,0.496,0.6797751794641418,0.662989479836353,0.7049537289058248,0.9658628511405067
source,0.497,0.6798769206974828,0.6631590485585882,0.7049537289058248,0.965881158686354
source,0.498,0.6798912302796696,0.6631828978622328,0.7049537289058248,0.9658350673448532
source,0.499,0.6800437307071141,0.6632556099700314,0.7052259118127382,0.9658429134359308
source,0.5,0.6800728208654461,0.6633040935672514,0.7052259118127382,0.9658481441633158
source,0.501,0.6801162475941456,0.663376471448417,0.7052259118127382,0.9658072835491999
source,0.502,0.6800651662258759,0.6634727911059098,0.7049537289058248,0.9657203315935833
source,0.503,0.6801883895970777,0.6634967081199707,0.7052259118127382,0.9656742402520824
source,0.504,0.6803409505849379,0.6635695211617955,0.7054980947196516,0.9656820863431599
source,0.505,0.6804137849389362,0.6636909117517927,0.7054980947196516,0.9656951631616222
source,0.506,0.6804429261425259,0.6637394804244421,0.7054980947196516,0.9657003938890072
source,0.507,0.6806100945096029,0.6638366390982947,0.7057702776265651,0.9657108553437771
source,0.508,0.6807625186204191,0.663909224011713,0.7060424605334785,0.9656699947296612
source,0.509,0.6809443087764863,0.6640307523338824,0.706314643440392,0.9656830715481237
source,0.51,0.6809880717874046,0.6641036906854131,0.706314643440392,0.965690917639201
source,0.511,0.6808498500916089,0.6640547764636959,0.7060424605334785,0.9656369802066229
source,0.512,0.6807845805617045,0.664127449185131,0.7057702776265651,0.9655961195925071
source,0.513,0.680842963253842,0.6642247536720267,0.7057702776265651,0.9656065810472769
source,0.514,0.6808134413066981,0.6641755504267868,0.7057702776265651,0.9655039369095054
source,0.515,0.6811334059287402,0.6643459142543056,0.706314643440392,0.9655222444553528
source,0.516,0.6811772298245755,0.6644189540806977,0.706314643440392,0.9655300905464301
source,0.517,0.6811266616327463,0.6645161290322581,0.7060424605334785,0.9654918452960068
source,0.518,0.6810028864860065,0.6644912923923006,0.7057702776265651,0.9653918165219278
source,0.519,0.6811701014203739,0.6645885286783043,0.7060424605334785,0.9653535712715045
source,0.52,0.6813374770944667,0.6646860328638498,0.706314643440392,0.9653640327262745
source,0.521,0.6813959967745428,0.6647835656639766,0.706314643440392,0.9653744941810443
source,0.522,0.6812576064617037,0.6647343704138539,0.7060424605334785,0.9652718500432729
source,0.523,0.6814396587045484,0.6648563355473194,0.706314643440392,0.9652849268617352
source,0.524,0.6814542977431293,0.6648807339449541,0.706314643440392,0.9652875422254277
source,0.525,0.6814982213061307,0.6649539398832899,0.706314643440392,0.9652953883165051
source,0.526,0.6814184159840144,0.6650023862843717,0.7060424605334785,0.9652032056335036
source,0.527,0.6814770172591046,0.6651000550761886,0.7060424605334785,0.9652136670882734
source,0.528,0.6813679369715191,0.6650997098681553,0.7057702776265651,0.965116253677887
source,0.529,0.6813972505077824,0.6651485657619274,0.7057702776265651,0.9651214844052719
source,0.53,0.6815647636645907,0.6652462990853323,0.7060424605334785,0.9651319458600418
source,0.531,0.6815646697387404,0.6652461425422483,0.7060424605334785,0.9650832391548485
source,0.532,0.6816232459265432,0.6653437695219198,0.7060424605334785,0.9650449939044252
source,0.533,0.6814849448004423,0.6652947229163604,0.7057702776265651,0.9649910564718469
source,0.534,0.6817907254199707,0.6654414467396897,0.706314643440392,0.9650067486540018
source,0.535,0.6818787985526273,0.6655882352941176,0.706314643440392,0.9650224408361566
source,0.536,0.6819374706589869,0.6656860221380502,0.706314643440392,0.9649841955857332
source,0.537,0.681981539612273,0.6657594703935271,0.706314643440392,0.9649920416768107
source,0.538,0.682134436248163,0.6658328428487346,0.7065868263473054,0.964951181062695
source,0.539,0.682193180698984,0.6659307502667697,0.7065868263473054,0.9649129358122716
source,0.54,0.6822225870246628,0.6659797608095677,0.7065868263473054,0.9649181665396565
source,0.541,0.682340255624504,0.6661758751426362,0.7065868263473054,0.9649390894491963
source,0.542,0.6824932447311047,0.6662494017156952,0.7068590092542189,0.9648982288350805
source,0.543,0.6825668471837909,0.6663720724701723,0.7068590092542189,0.9649113056535428
source,0.544,0.6825815530240211,0.6663965822038892,0.7068590092542189,0.964865214312042
source,0.545,0.6827198655261835,0.666445647769551,0.7071311921611323,0.9648217383342337
source,0.546,0.6827493271131175,0.666494750414441,0.7071311921611323,0.9648269690616187
source,0.547,0.6828230000774227,0.6666175386882829,0.7071311921611323,0.964840045880081
source,0.548,0.6828229968187589,0.6666175332571767,0.7071311921611323,0.9647913391748878
source,0.549,0.6828672185169922,0.6666912360875654,0.7071311921611323,0.9647991852659652
source,0.55,0.6830350691573326,0.6667895318835237,0.7074033750680457,0.9648096467207351
source,0.551,0.6831292093650989,0.6667649769585253,0.7076755579749592,0.9647096179466561
source,0.552,0.6832528399462743,0.6667895726558755,0.7079477408818726,0.9646635266051553
source,0.553,0.6832823449976106,0.6668387477414359,0.7079477408818726,0.9646687573325403
source,0.554,0.68329711221113,0.6668633597639683,0.7079477408818726,0.9646226659910395
source,0.555,0.6834355165461304,0.66691257838436,0.7082199237887861,0.9645791900132312
source,0.556,0.6832823907047615,0.6668388239200207,0.7079477408818726,0.9644739305117673
source,0.557,0.683400506736896,0.6670356839735784,0.7079477408818726,0.9644948534213071
source,0.558,0.6831680378547815,0.6670111463792721,0.7074033750680457,0.964394824647228
source,0.559,0.6833803350517624,0.6671835197696312,0.7076755579749592,0.9644131321930753
source,0.56,0.6833951502660092,0.6672082117933759,0.7076755579749592,0.9643670408515745
source,0.561,0.6835927315412855,0.6673560586475606,0.7079477408818726,0.9643827330337295
source,0.562,0.6835779883195081,0.6673314866112651,0.7079477408818726,0.9643314109648438
source,0.5630000000000001,0.6834544123292523,0.667306981898781,0.7076755579749592,0.9642313821907648
source,0.5640000000000001,0.6835135838638919,0.6674056011231805,0.7076755579749592,0.9642418436455347
source,0.5650000000000001,0.683557973993664,0.6674795846728006,0.7076755579749592,0.9642496897366121
source,0.5660000000000001,0.683602373966037,0.6675535846267554,0.7076755579749592,0.9642575358276895
source,0.5670000000000001,0.683676395801331,0.6676769543522454,0.7076755579749592,0.9642706126461519
source,0.5680000000000001,0.6837208220366494,0.6677509980777762,0.7076755579749592,0.9642784587372293
source,0.5690000000000001,0.6838593936130737,0.6678004954338744,0.7079477408818726,0.964234982759421
source,0.5700000000000001,0.6838099502307057,0.66789954506787,0.7076755579749592,0.9641480308038044
source,0.5710000000000001,0.6839781197685741,0.6679983723597085,0.7079477408818726,0.9641584922585742
source,0.5720000000000001,0.6840226035669554,0.6680725120236773,0.7079477408818726,0.9641663383496517
source,0.5730000000000001,0.6840819306604528,0.6681713905128395,0.7079477408818726,0.9641767998044215
source,0.5740000000000001,0.6839731577272297,0.6681715575620767,0.7076755579749592,0.9641280930992283
source,0.5750000000000001,0.6841118078783985,0.6682211858760826,0.7079477408818726,0.96408461712142
source,0.5760000000000001,0.6843741860812118,0.6682955723382201,0.7084921066956995,0.9640437565073042
source,0.577,0.684265421475972,0.6682957532674293,0.7082199237887861,0.9639950498021109
source,0.578,0.6845574118860756,0.6684194934083839,0.708764289602613,0.9640081266205733
source,0.579,0.6845575287368638,0.6684196881596978,0.708764289602613,0.96395941991538
source,0.58,0.6845725010394006,0.6684446419972591,0.708764289602613,0.9639133285738792
source,0.581,0.6847261941616585,0.6685193419297465,0.7090364725095264,0.9638237612545701
source,0.582,0.6845086950242882,0.6685197539100141,0.7084921066956995,0.9637263478441837
source,0.583,0.6845830383264244,0.6686436594135745,0.7084921066956995,0.9637394246626461
source,0.584,0.6845535549461033,0.6685945204463724,0.7084921066956995,0.9636367805248746
source,0.585,0.6847220623514656,0.6686939108507008,0.708764289602613,0.9635985352744512
source,0.586,0.6845688190904,0.6686199606868671,0.7084921066956995,0.9634932757729873
source,0.587,0.6845987122531741,0.6686697826248239,0.7084921066956995,0.963449799795179
source,0.588,0.6847672645776411,0.6687692478943267,0.708764289602613,0.9634115545447556
source,0.589,0.6848417211850666,0.6688933422400357,0.708764289602613,0.963424631363218
source,0.59,0.6848715115655107,0.6689429928741093,0.708764289602613,0.9634298620906029
source,0.591,0.6849311055960563,0.6690423162583519,0.708764289602613,0.9634403235453728
source,0.592,0.6850697824108936,0.669091989011805,0.7090364725095264,0.9634455542727578
source,0.593,0.6855156607758051,0.6692907538061641,0.7098530212302667,0.9634664771822976
source,0.594,0.6856200704317121,0.6694647698993426,0.7098530212302667,0.9634847847281449
source,0.595,0.6857247331827766,0.6696392078177832,0.7098530212302667,0.9634543855687989
source,0.596,0.6858935366463237,0.6697390916524195,0.7101252041371802,0.9634161403183756
source,0.597,0.6859383469041007,0.6698137754153812,0.7101252041371802,0.963423986409453
source,0.598,0.6859532858776063,0.6698386737045572,0.7101252041371802,0.9634266017731454
source,0.599,0.685938768125482,0.6698144774510167,0.7101252041371802,0.9633265729990665
source,0.6,0.686028438726011,0.6699639284518983,0.7101252041371802,0.9633422651812213
source,0.601,0.6861971145230714,0.6700635995090565,0.7103973870440936,0.9633527266359913
source,0.602,0.6861034239157804,0.6700889037681806,0.7101252041371802,0.9633066352944905
source,0.603,0.6861183801445677,0.6701138308161595,0.7101252041371802,0.9633092506581828
source,0.604,0.6861931779825872,0.6702384938795252,0.7101252041371802,0.9633223274766454
source,0.605,0.6860360280035521,0.6703394877903514,0.7095808383233533,0.9631866688158355
source,0.606,0.6860659739266164,0.670389397662125,0.7095808383233533,0.9631918995432205
source,0.607,0.6862497314097817,0.6705142048627919,0.7098530212302667,0.9632049763616828
source,0.608,0.6864185321073355,0.670614084087439,0.7101252041371802,0.9632154378164527
source,0.609,0.686602339799759,0.6707389749702026,0.7103973870440936,0.9632285146349151
source,0.61,0.6866176047952861,0.6707644166294144,0.7103973870440936,0.9631824232934143
source,0.611,0.6867417475035027,0.6707898658718331,0.710669569951007,0.9631363319519135
source,0.612,0.6869556151669449,0.6709648567062945,0.7109417528579205,0.9631546394977608
source,0.613,0.6871695376251016,0.67113993886528,0.7112139357648339,0.9631729470436081
source,0.614,0.6872295904121151,0.6712400268436357,0.7112139357648339,0.963183408498378
source,0.615,0.6873684966857012,0.6712900820283371,0.7114861186717474,0.9631886392257629
source,0.616,0.6878790917140174,0.6714152526570949,0.7125748502994012,0.9632017160442253
source,0.617,0.6879889214672605,0.671416846974558,0.7128470332063146,0.9630555959286455
source,0.618,0.6880193028164984,0.6714674825566209,0.7128470332063146,0.9630121199508372
source,0.619,0.6877721323747658,0.6714184423629511,0.7123026673924877,0.9629094758130659
source,0.62,0.6879261109042645,0.6714936179741733,0.7125748502994012,0.9629173219041431
source,0.621,0.6882043445257033,0.6715944301340202,0.713119216113228,0.9628790766537199
source,0.622,0.6880173556319156,0.6716456925202584,0.7125748502994012,0.9627868939707183
source,0.623,0.6880628464059443,0.671721510476973,0.7125748502994012,0.9627460333566025
source,0.624,0.6881080125889423,0.6717967874486365,0.7125748502994012,0.9627538794476799
source,0.625,0.6881381290020079,0.6718469814704124,0.7125748502994012,0.9627591101750648
source,0.626,0.6882134397274278,0.6719724993461121,0.7125748502994012,0.9627721869935272
source,0.627,0.6882737085714963,0.6720729474195597,0.7125748502994012,0.9627826484482971
source,0.628,0.6883339954365237,0.6721734255279387,0.7125748502994012,0.962793109903067
source,0.629,0.6884884712136634,0.6722494298852293,0.7128470332063146,0.9627522492889511
source,0.63,0.6886429674534056,0.6723254683468572,0.713119216113228,0.9627113886748353
source,0.631,0.688673137999085,0.6723757525896563,0.713119216113228,0.9627166194022203
source,0.632,0.688857850147839,0.6725021508996373,0.7133913990201415,0.9626809895154894
source,0.633,0.6890573061572851,0.6726531223107719,0.713663581927055,0.9626966816976443
source,0.634,0.6889790429551115,0.6727041389117582,0.7133913990201415,0.962653205719836
source,0.635,0.6891483431683069,0.6728048506624748,0.713663581927055,0.9626636671746058
source,0.636,0.6891789804816744,0.6728559128514207,0.713663581927055,0.9626201911967975
source,0.637,0.6893785520113946,0.6730070767963455,0.7139357648339685,0.9626358833789523
source,0.638,0.689469291140134,0.6731583086775776,0.7139357648339685,0.9626515755611073
source,0.639,0.6895903400998482,0.6733600569437681,0.7139357648339685,0.9626724984706471
source,0.64,0.6894681312192142,0.6733378307473203,0.713663581927055,0.9624750562861815
source,0.641,0.6893748518338606,0.67336382037634,0.7133913990201415,0.9624289649446808
source,0.642,0.6896683336020162,0.6734900461140481,0.7139357648339685,0.9624420417631432
source,0.643,0.689605381021469,0.6735665804177449,0.713663581927055,0.9624011811490272
source,0.644,0.689605381021469,0.6735665804177449,0.713663581927055,0.9624011811490272
source,0.645,0.6895759979735373,0.6735176086711921,0.713663581927055,0.9622985370112558
source,0.646,0.6895135341709739,0.6735949576048623,0.7133913990201415,0.9622089696919467
source,0.647,0.6895741956305708,0.6736960600375235,0.7133913990201415,0.9622194311467167
source,0.648,0.6894511017202022,0.6736723587915182,0.713119216113228,0.9621194023726376
source,0.649,0.6897153201412981,0.6737498122841268,0.713663581927055,0.9620298350533285
source,0.65,0.690024147928497,0.6739016147202403,0.7142079477408819,0.9620455272354833
source,0.651,0.6901790714898874,0.6739783653846154,0.7144801306477954,0.9620046666213675
source,0.652,0.6902251426490797,0.6740551506499362,0.7144801306477954,0.9619638060072517
source,0.653,0.6903801077456473,0.6741319705396063,0.7147523135547088,0.9619229453931359
source,0.654,0.6902717395829558,0.6741328122063962,0.7144801306477954,0.9618742386879426
source,0.655,0.6904419373758719,0.6742350199233139,0.7147523135547088,0.9618359934375192
source,0.656,0.6904419373758719,0.6742350199233139,0.7147523135547088,0.9618359934375192
source,0.657,0.6905027751850237,0.6743364162719002,0.7147523135547088,0.9618464548922891
source,0.658,0.6907181585560678,0.6745139332856982,0.7150244964616222,0.9618647624381365
source,0.659,0.6908732325899947,0.674590934737634,0.7152966793685357,0.9618239018240207
source,0.66,0.6909646027455707,0.6747432183302606,0.7152966793685357,0.9618395940061755
source,0.661,0.6909809327740589,0.6747704350444077,0.7152966793685357,0.9617447959594815
source,0.662,0.690996720527902,0.6747967479674796,0.7152966793685357,0.9616987046179807
source,0.663,0.6911665601187326,0.6748983586809215,0.7155688622754491,0.9617091660727506
source,0.664,0.6909804266912914,0.6749510468444042,0.7150244964616222,0.961616983389749
source,0.665,0.6911808186400695,0.6751035781544255,0.7152966793685357,0.9616326755719038
source,0.666,0.691241854147776,0.6752053040006027,0.7152966793685357,0.9616431370266738
source,0.667,0.6912735440060622,0.6752581204310799,0.7152966793685357,0.9615509543436722
source,0.668,0.6911957933835785,0.6753099913315493,0.7150244964616222,0.9615074783658639
source,0.669,0.6912874402327811,0.6754627360802202,0.7150244964616222,0.9615231705480187
source,0.67,0.6914421523687384,0.6755391343688735,0.7152966793685357,0.9615310166390962
source,0.671,0.6913975073870959,0.6754647260661362,0.7152966793685357,0.9614257571376322
source,0.672,0.6914133883443143,0.6754911943281668,0.7152966793685357,0.9613796657961314
source,0.673,0.691584620399673,0.6755951258158222,0.7155688622754491,0.9612927138405148
source,0.674,0.6917699702576857,0.6757225869745679,0.7158410451823626,0.9613057906589773
source,0.675,0.6917229213963092,0.6758256274768825,0.7155688622754491,0.9612675454085539
source,0.676,0.69175603703661,0.6758808202107173,0.7155688622754491,0.9610779493151658
source,0.677,0.6920503675312233,0.6760084604925215,0.716113228089276,0.9610910261336281
source,0.678,0.6921882919535856,0.6762383345297919,0.716113228089276,0.9611145644068604
source,0.679,0.6919718478465766,0.676240504893995,0.7155688622754491,0.9610171509964738
source,0.68,0.6921420649716863,0.6763427448312356,0.7158410451823626,0.9610276124512438
source,0.681,0.6919256355673076,0.6763449396998222,0.7152966793685357,0.9609301990408572
source,0.682,0.6920965511119646,0.6764483436696416,0.7155688622754491,0.9608919537904339
source,0.683,0.6920190461942541,0.6765006240780665,0.7152966793685357,0.9608484778126256
source,0.684,0.6922982111503047,0.6766029884622661,0.7158410451823626,0.9608589392673955
source,0.685,0.6925773946962321,0.676705383829594,0.7163854109961895,0.9608694007221654
source,0.686,0.6927784585640795,0.6768590350047304,0.7166575939031029,0.9608850929043202
source,0.687,0.6925313591362441,0.676810113167556,0.716113228089276,0.9607824487665488
source,0.6880000000000001,0.6926389764026674,0.6769894752782616,0.716113228089276,0.9608007563123961
source,0.6890000000000001,0.6927466507237249,0.6771689324800241,0.716113228089276,0.9608190638582434
source,0.6900000000000001,0.6928082045410167,0.6772715221755103,0.716113228089276,0.9608295253130132
source,0.6910000000000001,0.6928543821448013,0.6773484848484849,0.716113228089276,0.9608373714040908
source,0.6920000000000001,0.6930710438740944,0.6775281324593642,0.7163854109961895,0.9608556789499381
source,0.6930000000000001,0.6933056786312299,0.6775562798453725,0.7169297768100164,0.960760880903244
source,0.6940000000000001,0.6933673166826146,0.6776590099310136,0.7169297768100164,0.960771342358014
source,0.6950000000000001,0.693382729116031,0.677684697320041,0.7169297768100164,0.9607739577217065
source,0.6960000000000001,0.69341431290781,0.6777373369730058,0.7169297768100164,0.9607304817438982
source,0.6970000000000001,0.6934921777142978,0.6778671116504855,0.7169297768100164,0.9606948518571672
source,0.6980000000000001,0.693771632470566,0.6779699590350478,0.7174741426238432,0.9607053133119372
source,0.6990000000000001,0.6938642302341492,0.6781242886410198,0.7174741426238432,0.960721005494092
source,0.7000000000000001,0.6940202059864374,0.6782027929568912,0.7177463255307567,0.9606801448799761
source,0.7010000000000001,0.6941136765509885,0.678358577231143,0.7177463255307567,0.9606471303569377
source,0.7020000000000001,0.6938519651147022,0.6782853020465504,0.7172019597169298,0.9604931641502805
source,0.7030000000000001,0.6939292420365517,0.6784140969162997,0.7172019597169298,0.9605062409687429
source,0.704,0.6939302374081511,0.6785972111402409,0.7169297768100164,0.9604271351042037
source,0.705,0.6941319525106461,0.678751947706457,0.7172019597169298,0.9604428272863585
source,0.706,0.6944580679603449,0.6789325629134038,0.7177463255307567,0.9604611348322059
source,0.707,0.6942273501655764,0.6789109437980074,0.7172019597169298,0.9603123993529337
source,0.708,0.6943056602656232,0.6790414606314188,0.7172019597169298,0.9602767694662028
source,0.709,0.6944765321921988,0.6791447919044358,0.7174741426238432,0.9602872309209727
source,0.71,0.6945083968235186,0.6791978996233021,0.7174741426238432,0.9602437549431644
source,0.711,0.6951145292209642,0.6794822992006091,0.718562874251497,0.9602725239437816
source,0.712,0.695471996212718,0.6797151669776476,0.7191072400653239,0.9602960622170138
source,0.713,0.695705145945837,0.6799222945949034,0.7193794229722373,0.9603169851265536
source,0.714,0.6956136344243617,0.6799512306637203,0.7191072400653239,0.9602221870798595
source,0.715,0.6955221321663101,0.6799801821715765,0.7188350571584105,0.9601273890331656
source,0.716,0.6952915729428504,0.6799588273416949,0.7182906913445836,0.9599786535538932
source,0.717,0.6954782267996606,0.6800884618317699,0.718562874251497,0.9599917303723557
source,0.718,0.6955267631575159,0.6801693557615287,0.718562874251497,0.9599021630530467
source,0.719,0.6956046094900082,0.6802990996490158,0.718562874251497,0.959915239871509
source,0.72,0.6955122472338041,0.6803266178266179,0.7182906913445836,0.9598691485300082
source,0.721,0.6954977961381505,0.6804839879384709,0.7180185084376701,0.9598361340069698
source,0.722,0.6955913227428381,0.6806398656129501,0.7180185084376701,0.9598518261891247
source,0.723,0.6959656874297522,0.6807194409439798,0.7188350571584105,0.9598109655750088
source,0.724,0.6958431467978412,0.6806966618287374,0.718562874251497,0.9597109368009298
source,0.725,0.6957508399116588,0.6807242722897089,0.7182906913445836,0.959664845459429
source,0.726,0.6956595068483782,0.6807535057888502,0.7180185084376701,0.9595700474127349
source,0.727,0.6957687854267421,0.6809356367527901,0.7180185084376701,0.9595883549585822
source,0.728,0.6958322456734969,0.6810414038307147,0.7180185084376701,0.9595501097081589
source,0.729,0.6960817652941436,0.6812758145938503,0.7182906913445836,0.9595736479813912
source,0.73,0.6961599440587759,0.6814061125349041,0.7182906913445836,0.9595867247998535
source,0.731,0.695883684220338,0.6813085900133921,0.7177463255307567,0.9593814365243107
source,0.732,0.6957465462105906,0.6812614819350888,0.7174741426238432,0.9592300856813459
source,0.733,0.6957944958827047,0.681341398055279,0.7174741426238432,0.95918922506723
source,0.734,0.695796518743518,0.6813447694899678,0.7174741426238432,0.9590918116568437
source,0.735,0.6960149957988822,0.681527442644299,0.7177463255307567,0.959110119202691
source,0.736,0.6962178619430488,0.6816840976133012,0.7180185084376701,0.9591258113848458
source,0.737,0.6962042613718493,0.6816614299946355,0.7180185084376701,0.9590257826107668
source,0.738,0.696223042749493,0.6816927322907083,0.7180185084376701,0.9588822778588795
source,0.739,0.6961162435778421,0.6816961889425658,0.7177463255307567,0.9587848644484929
source,0.74,0.6963045883102525,0.6818286415586409,0.7180185084376701,0.9587492345617621
source,0.741,0.6962135031666128,0.6818582882571834,0.7177463255307567,0.958654436515068
source,0.742,0.6962941089657568,0.6819926312557568,0.7177463255307567,0.9585700999231439
source,0.743,0.6965286564463211,0.6822020884520884,0.7180185084376701,0.9585910228326837
source,0.744,0.6963455736297886,0.6822598609670854,0.7174741426238432,0.9584501334444888
source,0.745,0.6961457101861657,0.6822896657702652,0.7169297768100164,0.9583553353977947
source,0.746,0.6963489671022653,0.6824469720258224,0.7172019597169298,0.9583710275799496
source,0.747,0.6963837247240455,0.682504901395456,0.7172019597169298,0.9582301381917548
source,0.748,0.6962007654283282,0.6825628797784785,0.7166575939031029,0.95808924880356
source,0.749,0.6963580008917247,0.6826434836128636,0.7169297768100164,0.9580483881894442
source,0.75,0.6966567726931778,0.6827785260727343,0.7174741426238432,0.9579640515975201
source,0.751,0.6967536427269716,0.6829399761290571,0.7174741426238432,0.9578823303692884
source,0.752,0.6967090208119817,0.6830470615420164,0.7172019597169298,0.957844085118865
source,0.753,0.6972415289074103,0.6832087539492949,0.7182906913445836,0.9577623638906333
source,0.754,0.6975879935649834,0.6834232845026986,0.7188350571584105,0.9576858733897866
source,0.755,0.6976061317593654,0.6834535148266686,0.7188350571584105,0.9575910753430925
source,0.756,0.69765591763269,0.6835364912822096,0.7188350571584105,0.9575015080237834
source,0.757,0.6977678732917041,0.6837230840472331,0.7188350571584105,0.9574711088644375
source,0.758,0.6979891750950906,0.6837290098436595,0.7193794229722373,0.9573249887488577
source,0.759,0.6979768917899685,0.6837085376684559,0.7193794229722373,0.9571762532695856
source,0.76,0.6983226021249488,0.6839218110175386,0.7199237887860642,0.9571484694739321
source,0.761,0.6984689743052097,0.6841657646513066,0.7199237887860642,0.9570258876315845
source,0.762,0.6984101608945273,0.6842491975714451,0.7196516058791508,0.9569363203122754
source,0.763,0.6980407926892829,0.6841779497098646,0.7188350571584105,0.956733647400425
source,0.764,0.6981214386980519,0.6843123597244795,0.7188350571584105,0.9566980175136941
source,0.765,0.6982792174381128,0.6843938690199721,0.7191072400653239,0.9566571568995783
source,0.766,0.698515281655985,0.6846058541118166,0.7193794229722373,0.9566780798091181
source,0.767,0.6987380392139497,0.684795661437149,0.7196516058791508,0.9565989739445788
source,0.768,0.698881283639353,0.684852946874879,0.7199237887860642,0.9565067912615772
source,0.769,0.6992569504749904,0.6849346924537809,0.7207403375068046,0.9564659306474614
source,0.77,0.6993060206394732,0.6850164760612523,0.7207403375068046,0.9564250700333456
source,0.771,0.6997933386194797,0.6852843068807696,0.7215568862275449,0.9564025169650772
source,0.772,0.7000151912111324,0.6854726059289151,0.7218290691344583,0.9563721178057312
source,0.773,0.7002717347996193,0.6857187233051177,0.7221012520413718,0.9562495359633837
source,0.774,0.7005720567213826,0.6858563492988385,0.7226456178551987,0.9561651993714595
source,0.775,0.7007928585703096,0.6860428971091078,0.7229178007621121,0.9561835069173068
source,0.776,0.7011546027053163,0.6862828934582345,0.723462166575939,0.9562070451905391
source,0.777,0.7010946870175927,0.6861830339786953,0.723462166575939,0.9560504636201894
source,0.778,0.7012543278225425,0.6862676467156691,0.7237343494828524,0.9559608963008803
source,0.779,0.7016496938310341,0.6865636795206039,0.7242787152966794,0.9559409585963043
source,0.78,0.7016237901592699,0.6867019620056058,0.724006532389766,0.9558566220043803
source,0.781,0.701846387590749,0.6868915024534621,0.7242787152966794,0.9558262228450343
source,0.782,0.7016650102961215,0.6869521175049675,0.7237343494828524,0.9556853334568394
source,0.783,0.7018234928904374,0.687034799890885,0.724006532389766,0.9556444728427236
source,0.784,0.7020155796859232,0.6871734892787524,0.7242787152966794,0.9555601362507995
source,0.785,0.701676401728172,0.6869711032250517,0.7237343494828524,0.9552956798152934
source,0.786,0.7015249930250077,0.6869002106577202,0.723462166575939,0.9550930069034429
source,0.787,0.7016513675730863,0.6869293796332423,0.7237343494828524,0.9550469155619421
source,0.788,0.7018596197480056,0.6870950113201654,0.724006532389766,0.9549651943337104
source,0.789,0.7021807231982453,0.6874487284659558,0.7242787152966794,0.954901780651326
source,0.79,0.7024522673561655,0.6877198467912139,0.7245508982035929,0.9548792275830575
source,0.791,0.7026139904015029,0.6878079299288339,0.7248230811105063,0.9547409535585551
source,0.792,0.7026842090466954,0.6881064162754303,0.7245508982035929,0.9547210158539792
source,0.793,0.7021476587847819,0.6879379869240104,0.723462166575939,0.9543130546665859
source,0.794,0.7022331921377172,0.6878990872409605,0.7237343494828524,0.9540155837080413
source,0.795,0.7024244319927024,0.6880363650613268,0.724006532389766,0.9539799538213104
source,0.796,0.7025701971113014,0.6880978516543829,0.7242787152966794,0.9538390644331156
source,0.797,0.7027468633209697,0.6882108400658876,0.7245508982035929,0.953752112477499
source,0.798,0.7025043198423102,0.6881695114773396,0.724006532389766,0.9535033482241477
source,0.799,0.7027134882385634,0.6883366701998194,0.7242787152966794,0.953421626995916
source,0.8,0.7028918439632911,0.6884524744697565,0.7245508982035929,0.9532859683351063
source,0.801,0.7033514116864981,0.6886740548612748,0.7253674469243332,0.9532094778342595
source,0.802,0.7035900749930468,0.6887089164963045,0.7259118127381601,0.9530659730823722
source,0.803,0.7040952655376955,0.6888250796522832,0.7270005443658138,0.9529303144215623
source,0.804,0.7041991549634088,0.6889982286951387,0.7270005443658138,0.9527511797829441
source,0.805,0.7040528719879695,0.6891173342786245,0.726456178551987,0.952566814416941
source,0.806,0.7037337933594925,0.6889484471070473,0.7259118127381601,0.9521588532295475
source,0.807,0.7040704032712444,0.6891465530840827,0.726456178551987,0.9520310406598151
source,0.808,0.7038932779189746,0.6892142547061841,0.7259118127381601,0.9517927378612338
source,0.809,0.7037760888525382,0.6892003948667325,0.7256396298312466,0.9515465889715751
source,0.81,0.7036588905867298,0.6891865196949943,0.7253674469243332,0.9513004400819163
source,0.811,0.7039336967474998,0.6892816194203929,0.7259118127381601,0.9510647526470273
source,0.812,0.7044418885133041,0.6895842398829067,0.7267283614589004,0.9510448149424513
source,0.8130000000000001,0.7041389321719679,0.6894422231898975,0.7261839956450735,0.9506394691187504
source,0.8140000000000001,0.7044565909006835,0.6896087438618723,0.7267283614589004,0.950606454595712
source,0.8150000000000001,0.7043411399367449,0.6895977808599167,0.726456178551987,0.9503115990008599
source,0.8160000000000001,0.7040856276609935,0.6895348376095489,0.7259118127381601,0.9499628059734297
source,0.8170000000000001,0.7039964310677624,0.6895676318921063,0.7256396298312466,0.9498680079267356
source,0.8180000000000001,0.7042859124439684,0.6898686455811739,0.7259118127381601,0.949896776927353
source,0.8190000000000001,0.7046039084990003,0.690035728463676,0.726456178551987,0.9498637624043145
source,0.8200000000000001,0.7043616270295692,0.6899948365571752,0.7259118127381601,0.9496149981509633
source,0.8210000000000001,0.7039344784500845,0.6900087433431366,0.7248230811105063,0.9493714646249969
source,0.8220000000000001,0.7040184429077471,0.6901486841059076,0.7248230811105063,0.9493358347382661
source,0.8230000000000001,0.7041075353443099,0.690297171500179,0.7248230811105063,0.9491540847359554
source,0.8240000000000001,0.7038521764327766,0.6902344838568415,0.7242787152966794,0.9488052917085252
source,0.8250000000000001,0.7032866422171955,0.690199203187251,0.7229178007621121,0.9484591140447874
source,0.8260000000000001,0.7032158460898255,0.69026266491291,0.7226456178551987,0.9483182246565927
source,0.8270000000000001,0.7032869917584457,0.6903812410272772,0.7226456178551987,0.9481825659957828
source,0.8280000000000001,0.7031883395791225,0.6903982759996807,0.7223734349482852,0.9478903257646232
source,0.8290000000000001,0.7028736631462082,0.6904181810919838,0.7215568862275449,0.9475493788282703
source,0.8300000000000001,0.7031054304291549,0.6908044598968949,0.7215568862275449,0.947585993919965
source,0.8310000000000001,0.702835276533283,0.6907171139463264,0.721012520413718,0.947185878823649
source,0.8320000000000001,0.7029580144000328,0.6907402217863005,0.7212847033206314,0.9467962251821029
source,0.833,0.7031109010366327,0.6909950328473001,0.7212847033206314,0.9467223500449486
source,0.834,0.7032657453545493,0.6912531067104947,0.7212847033206314,0.9465997682026013
source,0.835,0.7029497778861695,0.6912708600770218,0.7204681545998911,0.9463075279714417
source,0.836,0.7027552252889936,0.6911280610196708,0.7201959716929777,0.9459021821477407
source,0.837,0.7026569652974884,0.691145749638438,0.7199237887860642,0.9456099419165811
source,0.838,0.7025763926509629,0.6910114618942288,0.7199237887860642,0.9450584759773004
source,0.839,0.7025580023001472,0.6911622665808114,0.7196516058791508,0.9448767259749897
source,0.84,0.7024430824666525,0.6911521887962627,0.7193794229722373,0.9445818703801377
source,0.841,0.7024676556527486,0.6910116888351472,0.7196516058791508,0.9441278178512436
source,0.842,0.7023776146059157,0.6912245309663103,0.7191072400653239,0.9438538851659314
source,0.843,0.7019318335986642,0.6908444731634424,0.718562874251497,0.9431814675430319
source,0.844,0.7017117476255812,0.6906591184795795,0.7182906913445836,0.9425273574659797
source,0.845,0.7015983382192608,0.6906515580736544,0.7180185084376701,0.9421837951659344
source,0.846,0.7014548455327272,0.6905938588673742,0.7177463255307567,0.9417375887281176
source,0.847,0.7007952738425374,0.6904018490734358,0.7163854109961895,0.941180892061452
source,0.848,0.7011341307824291,0.690603700097371,0.7169297768100164,0.9411017861969129
source,0.849,0.7011463777723681,0.6906241117472693,0.7169297768100164,0.94076083926056
source,0.85,0.7019167155265336,0.6910007316478335,0.7182906913445836,0.9406000121677891
source,0.851,0.701824153610586,0.6912093723304722,0.7177463255307567,0.9404234928928634
source,0.852,0.7016114921061196,0.6910363917609704,0.7174741426238432,0.94001553170547
source,0.853,0.7018062829664078,0.6913610431947841,0.7174741426238432,0.939800767180121
source,0.854,0.7020335077531881,0.6917397511727513,0.7174741426238432,0.9396399400873501
source,0.855,0.7015709854732304,0.691513246519982,0.7166575939031029,0.9391780414673785
source,0.856,0.7018523852433689,0.6916193355943284,0.7172019597169298,0.9388449406221031
source,0.857,0.701559277918623,0.6916751892002454,0.7163854109961895,0.9384091956390563
source,0.858,0.7010875548132511,0.6916148051097281,0.7152966793685357,0.9380116959064327
source,0.859,0.7004783885700852,0.691506804394163,0.7139357648339685,0.9374628453308445
source,0.86,0.7000612461808267,0.6915373881638347,0.7128470332063146,0.9369757782789119
source,0.861,0.7002530278866587,0.6916755690689457,0.713119216113228,0.9365965860921357
source,0.862,0.7008703448717539,0.6919786096256685,0.7142079477408819,0.9363304994979009
source,0.863,0.7009879566910809,0.692174629324547,0.7142079477408819,0.9359565380385098
source,0.864,0.7006270081568693,0.6921174142480211,0.7133913990201415,0.935510331600693
source,0.865,0.7004701112444038,0.6922188299364634,0.7128470332063146,0.9352746441658041
source,0.866,0.701035158262626,0.6924347538817309,0.7139357648339685,0.9350494181856852
source,0.867,0.7009587980719671,0.6924889421685752,0.713663581927055,0.9346623799078315
source,0.868,0.7007641426655355,0.6925274270337405,0.713119216113228,0.9340778994455124
source,0.869,0.7003804603945779,0.692613777667247,0.7120304844855743,0.9336447698261581
source,0.87,0.7001456694096972,0.6925853699016639,0.7114861186717474,0.9332011787520338
source,0.871,0.6997794109681921,0.6927007602509243,0.7103973870440936,0.9327706644963718
source,0.872,0.6995292969965152,0.6926468141740143,0.7098530212302667,0.9322757513533618
source,0.873,0.6989268407837987,0.692368541571256,0.708764289602613,0.9316625018904254
source,0.874,0.6988022726762171,0.6927052938724468,0.7079477408818726,0.9313990306598832
source,0.875,0.6984191582235291,0.6924296803271847,0.7074033750680457,0.9307370744917536
source,0.876,0.6975587832854289,0.692265908995947,0.7054980947196516,0.9301342864835871
source,0.877,0.6964031075555577,0.6919728802209759,0.7030484485574305,0.929274888130992
source,0.878,0.6958275446181965,0.6919208850150854,0.7016875340228633,0.9287312682827887
source,0.879,0.6953683934289092,0.6918814541180422,0.7005988023952096,0.9279928216138125
source,0.88,0.6946276813140135,0.6915542102829275,0.6992378878606423,0.9271795146027182
source,0.881,0.6942322940721428,0.691621052631579,0.6981491562329886,0.9265976495040915
source,0.882,0.6940257917401438,0.6918212478920742,0.6973326075122482,0.9262236880447003
source,0.883,0.6930138893255213,0.6914049307666328,0.6954273271638541,0.9254025349425286
source,0.884,0.6925915670013986,0.6914268813115307,0.6943385955362004,0.9250615880061757
source,0.885,0.6923502291073338,0.6915690173019162,0.69352204681546,0.9246823958193995
source,0.886,0.6925274627939806,0.6918644067796611,0.69352204681546,0.9242188670406992
source,0.887,0.6919639307637647,0.692013918356955,0.6918889493739793,0.9237422614435365
source,0.888,0.6913584790129037,0.6919121084618981,0.690528034839412,0.9230472907523686
source,0.889,0.6908703324524923,0.6916428966750393,0.6897114861186717,0.9221905077634659
source,0.89,0.6894864704415211,0.6909695574315681,0.6872618399564507,0.9211509895672889
source,0.891,0.6887632404916648,0.6906714505381856,0.6859009254218835,0.9202428845095005
source,0.892,0.6877879965719094,0.6903162309041894,0.6839956450734894,0.9192808420191338
source,0.893,0.6868947612569242,0.6902791475494191,0.6818181818181818,0.9184449819397711
source,0.894,0.6858965005201832,0.6900670218250559,0.6796407185628742,0.9175447229730601
source,0.895,0.6844108340977254,0.6895869191049915,0.6766467065868264,0.9166209257331169
source,0.896,0.6835703163258678,0.6892747877795493,0.6750136091453457,0.9158589407909083
source,0.897,0.6818757207347439,0.6886279250496502,0.6717474142623843,0.914675917842844
source,0.898,0.6815321750178335,0.6885997146686266,0.6709308655416439,0.9141349133583332
source,0.899,0.6807468478372406,0.6881981123906832,0.6695699510070767,0.9133163756198539
source,0.9,0.6803264741416093,0.6882233106497334,0.668481219379423,0.9128780152731146
source,0.901,0.6787551435476693,0.6876004343105321,0.6654872074033751,0.9116976076887426
source,0.902,0.6781518859974194,0.6880466472303206,0.6633097441480675,0.9112471557285047
source,0.903,0.6775950150414247,0.6880258053267077,0.6619488296135003,0.9105600311284141
source,0.904,0.6755839263699379,0.687032909400813,0.6584104518236255,0.9089072634693007
source,0.905,0.6749898451218133,0.6869500503436501,0.6570495372890582,0.9082149081418252
source,0.906,0.6733425364696204,0.6862005439073604,0.6540555253130104,0.9069753323974902
source,0.907,0.672104476141183,0.6855887521968365,0.6518780620577028,0.9059436602923905
source,0.908,0.670613600917285,0.6852814234123139,0.6486118671747414,0.9048407284138291
source,0.909,0.6694470681297082,0.6847888442698911,0.6464344039194339,0.9037708110583061
source,0.91,0.6690500927290042,0.6850344949584292,0.6450734893848666,0.9031072247314478
source,0.911,0.6677032044727498,0.6844227786394859,0.6426238432226457,0.9019294325107685
source,0.912,0.666065983868366,0.6838715408874873,0.6393576483396842,0.9007081643122807
source,0.913,0.6646761335913582,0.6833696764718972,0.6366358192705498,0.899686953661951
source,0.914,0.6627496158392701,0.6825177320783333,0.633097441480675,0.8982447050057655
source,0.915,0.6621546877140502,0.6826149168306207,0.6314643440391944,0.897421921744865
source,0.916,0.6606112911035149,0.6824015076729786,0.6279259662493195,0.8959858890210282
source,0.917,0.6588852352757283,0.6818836664865839,0.6243875884594448,0.8944262892498802
source,0.918,0.6575098718651347,0.6814059468483509,0.6216657593903103,0.8933102805528564
source,0.919,0.6553567383873837,0.6805392201212339,0.6175830157866086,0.8918193251914777
source,0.92,0.6536015200264021,0.6801542299841233,0.6137724550898204,0.8905650424699515
source,0.921,0.6526448546237192,0.6801928850877991,0.6113228089275994,0.889542201660893
source,0.922,0.6494401836828815,0.6788437828211334,0.6053347849755035,0.8873275066077291
source,0.923,0.6479113690811432,0.6779288559263836,0.6028851388132825,0.8858339358826578
source,0.924,0.6462426376662421,0.6771436448855804,0.5998911268372347,0.8840098796760036
source,0.925,0.6447638106269146,0.6763120305948486,0.5974414806750136,0.8825241550420099
source,0.926,0.6435802323098654,0.6761539527791895,0.5947196516058791,0.8814369153456033
source,0.927,0.6408669009808303,0.675260839322977,0.5892759934676103,0.8796050130478718
source,0.928,0.6389312702621568,0.6743937066517711,0.5857376156777354,0.8777270194086393
source,0.929,0.6363896026536713,0.6732423335826476,0.5811105062602069,0.8755332472650151
source,0.93,0.6342590956103507,0.6722318623083055,0.5772999455634186,0.8737909122865927
source,0.931,0.6322601589171197,0.671622130222055,0.5732172019597169,0.8723261105621387
source,0.932,0.6297838180800277,0.6707610903765295,0.568317909635275,0.8703533188762123
source,0.933,0.6271456741608915,0.6694489234563217,0.5636908002177463,0.8682464986882047
source,0.934,0.6249991663904593,0.6684117843034602,0.5598802395209581,0.8664067502993956
source,0.935,0.6224852027608561,0.666762218718647,0.5560696788241698,0.8641276563588836
source,0.936,0.6186889144079499,0.664971453245694,0.5492651061513337,0.8616432741428286
source,0.937,0.6156794026666532,0.6635847057690455,0.5438214480130648,0.8595825452963217
source,0.9380000000000001,0.6111914086475201,0.6617298291467015,0.5353837778987479,0.8568033074854147
source,0.9390000000000001,0.6081572523910869,0.6601205522068831,0.5302123026673925,0.8544346462255934
source,0.9400000000000001,0.6046351443569121,0.658786753931816,0.5234077299945563,0.8520895232390046
source,0.9410000000000001,0.6012429311837567,0.6569436260066784,0.517691888949374,0.8492668094502891
source,0.9420000000000001,0.597530335605516,0.6554738037627772,0.5106151333696244,0.8466216001414633
source,0.9430000000000001,0.5925161233658243,0.6529233520441111,0.5019052803483941,0.8432595120269657
source,0.9440000000000001,0.5877988263836582,0.6505048485454364,0.49373979314099076,0.8399105007309307
source,0.9450000000000001,0.583741124153587,0.6480969380059329,0.48720740337506807,0.8367102249141678
source,0.9460000000000001,0.5785215886094532,0.6448413702373123,0.47904191616766467,0.8329114066116597
source,0.9470000000000001,0.5741728848628063,0.642129912441458,0.47223734349482854,0.8295467031334698
source,0.9480000000000001,0.5685131507033647,0.6381406803139911,0.46407185628742514,0.8249702077065982
source,0.9490000000000001,0.5642014318725931,0.6354908640445959,0.457267283614589,0.8217133790935647
source,0.9500000000000001,0.5596999500264084,0.6328876866253967,0.44991834512792594,0.8179799448833684
source,0.9510000000000001,0.5539088483336485,0.629042419151617,0.4412084921066957,0.8132347762726486
source,0.9520000000000001,0.5481642327278853,0.6254560837607742,0.432226456178552,0.8092385157856751
source,0.9530000000000001,0.542123855056685,0.6213768115942029,0.42324442025040826,0.8049186307032321
source,0.9540000000000001,0.5373005691176985,0.6176929282065071,0.4167120304844856,0.8003944425502101
source,0.9550000000000001,0.5296486675812769,0.6120165145588874,0.4060968971148612,0.7946627079709278
source,0.9560000000000001,0.5244842764643527,0.6088528541689493,0.3979314099074578,0.7907674614629969
source,0.9570000000000001,0.5160350739377783,0.6027548818941196,0.3859553620032662,0.7850661260430604
source,0.9580000000000001,0.5084351849263115,0.5966207899742643,0.37615677735438213,0.7790369205052334
source,0.9590000000000001,0.5005158020971816,0.5906800294434065,0.3652694610778443,0.7730338686043312
source,0.96,0.49294468233168154,0.5835051546391753,0.35710397387044096,0.7666601155614952
source,0.961,0.48541331747124095,0.5769409038238702,0.34812193794229723,0.7606796167288615
source,0.962,0.4752926936335068,0.5689645057201524,0.33478497550353836,0.7538900564075547
source,0.963,0.46755512432059454,0.562782401902497,0.32471420794774086,0.7479183888709622
source,0.964,0.45801633307494605,0.5539611720728325,0.3140990745781165,0.7406695452933763
source,0.965,0.4493284303378401,0.5463766344861298,0.30375612411540553,0.7342889313644266
source,0.966,0.440748771276773,0.5384281372123316,0.2942297223734349,0.7275212791576233
source,0.967,0.4292530859275958,0.5277970593803244,0.281437125748503,0.7193025469985934
source,0.968,0.4173245099923438,0.5173517735945704,0.2672836145890038,0.711870968213733
source,0.969,0.4063503421128678,0.5077713468166741,0.2542188350571584,0.7048100905708065
source,0.97,0.3961816554547835,0.4966301044006871,0.24550898203592814,0.6971889156925579
source,0.971,0.3841630504630732,0.4853089491024002,0.23244420250408274,0.6894451589719619
source,0.972,0.37264879273278156,0.4735581856742149,0.22128470332063147,0.6817448782291744
source,0.973,0.36026043223917925,0.46035058430717857,0.2101252041371802,0.6737791558459167
source,0.974,0.34958025152642286,0.4487197623426228,0.20087098530212302,0.6666538793156421
source,0.975,0.33380692425772013,0.4325923787528868,0.18562874251497005,0.6574946725295503
source,0.976,0.32094568909086657,0.417507921302778,0.17610234077299947,0.6489653925935135
source,0.977,0.3056967502398813,0.40189160786668665,0.16140446379967338,0.640794381934713
source,0.978,0.2906471156420649,0.38497437074439594,0.1491562329885683,0.6323458380219441
source,0.979,0.27374905259043236,0.36606515116006555,0.13527490473598258,0.623268352464084
source,0.98,0.2550056241842843,0.3449875990079207,0.12003266194882961,0.6134828193965934
source,0.981,0.23719807527069872,0.32528839073877114,0.1050626020685901,0.6047037900022416
source,0.982,0.21960810399774452,0.30431871442919317,0.09254218835057158,0.5958090396516559
source,0.983,0.19960587355319742,0.2796915167095116,0.07947740881872618,0.5860172906518166
source,0.984,0.1812973654316735,0.25661700262927256,0.0683179096352749,0.5771964154383853
source,0.985,0.16258443008467943,0.23141680100304496,0.05933587370713119,0.5681074832207914
source,0.986,0.14088369998598518,0.20196276254241952,0.0492651061513337,0.5579937397842117
source,0.987,0.11972670388522347,0.17232621578402785,0.04082743603701688,0.5482428513984883
source,0.988,0.09472059805470062,0.13754467304163043,0.030484485574305935,0.5374331520657767
source,0.989,0.07548539285066232,0.1111111111111111,0.022046815459989114,0.5295795500700968
source,0.99,0.0539236096583174,0.08079991920008081,0.013609145345672292,0.520970824018322
source,0.991,0.03771669095102558,0.05705458290422246,0.008709853021230268,0.5145143645422905
source,0.992,0.023315278913454945,0.03577405857740586,0.004627109417528579,0.5089120726914692
source,0.993,0.013107005553293378,0.02057482235655955,0.001905280348394121,0.5050697784111529
source,0.994,0.006877679218546616,0.010918432883750802,0.0008165487207403375,0.5026958864239467
source,0.995,0.0028402366863905324,0.004733727810650888,0.0,0.5011787774256432
source,0.996,0.0005175760189777874,0.0008626266982963124,0.0,0.5002157497303128
source,0.997,0.0,0.0,0.0,0.5
source,0.998,0.0,0.0,0.0,0.5
source,0.999,0.0,0.0,0.0,0.5
source,1.0,0.0,0.0,0.0,0.5
transit,0.0,0.07436192615471009,0.12393654359118349,0.0,0.5
transit,0.001,0.44469750381132295,0.5355736839969155,0.3083832335329341,0.9372607839486515
transit,0.002,0.462713146342546,0.5492687804674805,0.33287969515514426,0.9401432108588103
transit,0.003,0.4736358892497614,0.5565860357029683,0.349210669569951,0.9415203758417833
transit,0.004,0.4811657498169124,0.5616961371925858,0.3603701687534023,0.9424850250981185
transit,0.005,0.48683117438460854,0.5658763086050861,0.36826347305389223,0.943255068653887
transit,0.006,0.49062292555623643,0.5687482437368956,0.3734349482852477,0.9436962304151633
transit,0.007,0.49385492794660907,0.571050174775831,0.3780620577027763,0.9440389372402715
transit,0.008,0.49663738321541984,0.5733286816972657,0.38160043549265105,0.9444033775847102
transit,0.009000000000000001,0.4989836773183231,0.5754246191560148,0.38432226456178553,0.9447872472767098
transit,0.01,0.5013513049151948,0.5770117466242178,0.3878606423516603,0.9449670319732538
transit,0.011,0.5034084579255865,0.5784443269908387,0.3908546543277082,0.9450499325398047
transit,0.012,0.5051977247883942,0.5797933409873708,0.39330430048992926,0.9452384631656432
transit,0.013000000000000001,0.5067262010533802,0.5810706145300848,0.39520958083832336,0.9454731316847091
transit,0.014,0.5076397014573744,0.5822302046608572,0.39575394665215025,0.9457135085957056
transit,0.015,0.5093603082883806,0.5832833299997778,0.39847577572128473,0.9457433587537212
transit,0.016,0.5111548186050953,0.5842781725436037,0.4014697876973326,0.9456976916182764
transit,0.017,0.5125159835256122,0.5852765938455359,0.4033750680457267,0.94587093048231
transit,0.018000000000000002,0.5142007062499047,0.5864513676112093,0.40582471420794775,0.9460167274350825
transit,0.019,0.5153676956998883,0.5874890736714705,0.40718562874251496,0.946070981966995
transit,0.02,0.5163745427470167,0.5884413309982487,0.40827436037016873,0.9462011204751651
transit,0.021,0.5172109245467017,0.5892909348505634,0.4090909090909091,0.9463098921468023
transit,0.022,0.518146731270531,0.5901247916385097,0.4101796407185629,0.9463835760262758
transit,0.023,0.5193259048201514,0.5908198939889477,0.412084921066957,0.9464602974431133
transit,0.024,0.5205447072339255,0.5917624997175842,0.41371801850843765,0.946617511179747
transit,0.025,0.5215328289017196,0.5925020928075295,0.4150789330430049,0.9467022451602845
transit,0.026000000000000002,0.5219788951986866,0.593064081364532,0.41535111594991836,0.9467198410938589
transit,0.027,0.5229603659300215,0.5939740448316544,0.41643984757757213,0.9468690422667927
transit,0.028,0.5235850708946228,0.5946523092301053,0.416984213391399,0.946940421974497
transit,0.029,0.5246658422961354,0.5951834080003637,0.4188894937397931,0.9469824222819683
transit,0.03,0.525477628944793,0.5958105646630237,0.41997822536744694,0.9470431185714061
transit,0.031,0.5260317935841069,0.5963712618526623,0.42052259118127383,0.9470904605880108
transit,0.032,0.527011150443397,0.5969147916571585,0.4221556886227545,0.947102714812452
transit,0.033,0.5279723792757431,0.5974281080834152,0.42378878606423515,0.9471717903483869
transit,0.034,0.5284740878549901,0.5979013785062753,0.42433315187806203,0.947232853320622
transit,0.035,0.5292459300021216,0.5984619609997254,0.42542188350571586,0.9472477783996298
transit,0.036000000000000004,0.5299773844852774,0.5989552307198827,0.42651061513336963,0.9472493492058045
transit,0.037,0.5302893437620682,0.5992937075765915,0.4267827980402831,0.9471891236741494
transit,0.038,0.5311555777105158,0.5998301544676261,0.4281437125748503,0.9472932870022479
transit,0.039,0.5316461636717875,0.6002848871938611,0.4286880783886772,0.9472868452447227
transit,0.04,0.5321207113822779,0.6007128895021272,0.42923244420250406,0.9472750617780642
transit,0.041,0.5328945902385116,0.6010954112394716,0.43059335873707133,0.9473174287683329
transit,0.042,0.5335202483947051,0.6015938090193008,0.43140990745781166,0.9474135795327314
transit,0.043000000000000003,0.5340931544806558,0.602185741953334,0.43195427327163854,0.9474960093414996
transit,0.044,0.5346838877881138,0.6026259316519371,0.4327708219923789,0.9475490597500349
transit,0.045,0.5350909847297414,0.6029415160120986,0.43331518780620576,0.9475780724674705
transit,0.046,0.5355013980458225,0.6032626276630159,0.43385955362003265,0.9475449221642789
transit,0.047,0.53578912061308,0.6037421652751116,0.43385955362003265,0.9475735681989172
transit,0.048,0.5361972568590306,0.6042409370804204,0.4341317365269461,0.9476373020257189
transit,0.049,0.5369015125641612,0.6046888755038687,0.4352204681545999,0.947722769371851
transit,0.05,0.5377851061048887,0.6050727997774275,0.4368535655960806,0.9477327194245229
transit,0.051000000000000004,0.5380268090690586,0.605475638051044,0.4368535655960806,0.9477777572693582
transit,0.052000000000000005,0.5387237855453252,0.6059114444263857,0.43794229722373434,0.9478605537609236
transit,0.053,0.5390134006115398,0.6062126809321344,0.4382144801306478,0.9478544786861958
transit,0.054,0.5393359961900719,0.6063874296871368,0.4387588459444747,0.9478243659203682
transit,0.055,0.5396865894495011,0.6066088412436341,0.43930321175830156,0.9478346826558374
transit,0.056,0.5400156524329474,0.6069758242781021,0.439575394665215,0.9479041248745697
transit,0.057,0.5407610196054076,0.6073108265424912,0.4409363091997823,0.9479358084465719
transit,0.058,0.5412609362861178,0.6075996551965147,0.4417528579205226,0.9479270625172773
transit,0.059000000000000004,0.5415287874551906,0.6078646185403603,0.44202504082743604,0.9479453918164464
transit,0.06,0.5419323490419855,0.6081743106424672,0.44256940664126293,0.9478771537210915
transit,0.061,0.5419268252607083,0.6083465596116143,0.4422972237343495,0.947814624017667
transit,0.062,0.542284577249877,0.6085799023843441,0.4428415895481764,0.947795194670106
transit,0.063,0.5431060110639128,0.6088602271134165,0.44447468698965703,0.9478161948238417
transit,0.064,0.5436608264951579,0.6092405536849982,0.44529123571039736,0.9478558909595438
transit,0.065,0.5441926926607201,0.6095826314804417,0.44610778443113774,0.947919991469143
transit,0.066,0.5446648347188456,0.609825169096824,0.4469243331518781,0.9479653959967755
transit,0.067,0.5452264392392144,0.6100353555456695,0.44801306477953184,0.9479730418776782
transit,0.068,0.5453991207398785,0.6101417027755006,0.4482852476864453,0.9479295748390174
transit,0.069,0.5457259924044904,0.6103235783406359,0.4488296135002722,0.9479318790107867
transit,0.07,0.5460065499231969,0.610609718933871,0.4491017964071856,0.9479852961021192
transit,0.07100000000000001,0.5462137928466264,0.610773668534978,0.44937397931409906,0.9479525124817252
transit,0.07200000000000001,0.5467014253203203,0.6110420235106409,0.4501905280348394,0.9479708417808942
transit,0.073,0.5470035863724748,0.6113641699929562,0.45046271094175283,0.9479674375607329
transit,0.074,0.5472284184274158,0.6115574348132488,0.45073489384866633,0.9479399956494721
transit,0.075,0.5473146342311959,0.6117011278195489,0.45073489384866633,0.9479667041951383
transit,0.076,0.5475137537683062,0.6118515384434572,0.45100707675557977,0.9479312497201775
transit,0.077,0.5478868909607433,0.6121105232216343,0.45155144256940666,0.9479793251023767
transit,0.078,0.5485124845201295,0.6124273580688422,0.45264017419706043,0.9480380839028426
transit,0.079,0.5487118994861313,0.6125782610742363,0.4529123571039739,0.9480026294278818
transit,0.08,0.5491637629657035,0.6127870010596963,0.4537289058247142,0.9479778583711875
transit,0.081,0.5492435295352761,0.6129199453423173,0.4537289058247142,0.9479073161040632
transit,0.082,0.5489488489369085,0.6129731768255315,0.4529123571039739,0.9477585856889121
transit,0.083,0.5492793246326615,0.6131610591092355,0.45345672291780076,0.9477933067982782
transit,0.084,0.5492179682649148,0.6132402537675998,0.4531845400108873,0.9477444980504843
transit,0.085,0.5493853312373711,0.6133377367837513,0.45345672291780076,0.9477307770948538
transit,0.08600000000000001,0.5494785902455355,0.6134931684640254,0.45345672291780076,0.9477277395574899
transit,0.08700000000000001,0.5497004189062241,0.6136814276272307,0.4537289058247142,0.9477624606668561
transit,0.088,0.5500746796467733,0.6139422849855948,0.4542732716385411,0.9478105360490554
transit,0.089,0.5501094786993446,0.6140002834065468,0.4542732716385411,0.9478212194673219
transit,0.09,0.5503924457943644,0.6142904399603043,0.45454545454545453,0.9478746365586544
transit,0.091,0.5509018887127491,0.614413690405843,0.4556341861731083,0.9478338403745603
transit,0.092,0.5510979189349381,0.6145589521715489,0.4559063690800218,0.9478605489202266
transit,0.093,0.5514552023088084,0.6147915139187815,0.4564507348938487,0.9479032825932927
transit,0.094,0.5518038605641471,0.6150097004684616,0.45699510070767557,0.947943345411792
transit,0.095,0.5524704947080872,0.61521348101865,0.4583560152422428,0.9479807373757249
transit,0.096,0.5525469515514425,0.6153409090909091,0.4583560152422428,0.9479723581292276
transit,0.097,0.5527432517910383,0.6154866208856263,0.45862819814915623,0.9479990666748939
transit,0.098,0.553057215736547,0.6156469835855894,0.4591725639629831,0.9480284460751268
transit,0.099,0.5532711107743997,0.6158220200440685,0.45944474686989656,0.9480604963299264
transit,0.1,0.553694052789293,0.615982557588397,0.4602612955906369,0.9480898757301592
transit,0.101,0.5538862221244825,0.6161213845424371,0.46053347849755033,0.9480517504006318
transit,0.10200000000000001,0.5541156853335523,0.6163223679529445,0.4608056614044638,0.9480567254269678
transit,0.10300000000000001,0.5543364690648598,0.6165088855671815,0.46107784431137727,0.948059029598737
transit,0.10400000000000001,0.5547596558268588,0.6166698310233529,0.4618943930321176,0.94808840899897
transit,0.105,0.5548629304043667,0.6168419553191995,0.4618943930321176,0.9480880423161726
transit,0.106,0.5549947780649821,0.6170617014202251,0.4618943930321176,0.948128105134672
transit,0.107,0.5549432322790033,0.6171572470482029,0.46162221012520416,0.9480819672414448
transit,0.108,0.5553842487855262,0.6173479087452473,0.4624387588459445,0.948116688350811
transit,0.109,0.5554194620895708,0.6174065975853218,0.4624387588459445,0.9481273717690775
transit,0.11,0.5555163332067482,0.6175680494472839,0.4624387588459445,0.9481567511693103
transit,0.111,0.5557573850245676,0.6177883472057075,0.46271094175285793,0.9481968139878096
transit,0.112,0.5559544296926431,0.6179352997145575,0.4629831246597714,0.948223522533476
transit,0.113,0.5562297555584164,0.6180312656149618,0.46352749047359826,0.9481773846402486
transit,0.114,0.5564874630024035,0.6180978674790556,0.46407185628742514,0.9481259050378881
transit,0.115,0.5566519013920213,0.6181904761904763,0.4643440391943386,0.9480473502070639
transit,0.116,0.556831438354694,0.618308249190322,0.46461622210125203,0.948068717043597
transit,0.117,0.557119875409934,0.6184260670731707,0.4651605879150789,0.94809008388013
transit,0.11800000000000001,0.5575239910309597,0.6185552272943867,0.46597713663581924,0.9480817046336327
transit,0.11900000000000001,0.5576661760477615,0.618610747051114,0.46624931954273274,0.9480599711143025
transit,0.12,0.5578260668965331,0.6186957765277911,0.4665215024496462,0.9480435793041053
transit,0.121,0.5578682557905765,0.6187660913511968,0.4665215024496462,0.9480245166393417
transit,0.122,0.5584276964353269,0.6189726713406781,0.46761023407729996,0.9480619086032744
transit,0.123,0.5586340153827654,0.6191350809818,0.4678824169842134,0.9480912880035073
transit,0.124,0.5586387955941434,0.6191430480007635,0.4678824169842134,0.9480291249828803
transit,0.125,0.5588274495204852,0.6192760159400577,0.46815459989112684,0.9480531626739799
transit,0.126,0.5592475666302327,0.619431845309143,0.4689711486118672,0.9480177081990191
transit,0.127,0.559396752364431,0.6194990329281979,0.4692433315187806,0.9479662285966586
transit,0.128,0.5595835005370391,0.619628824611269,0.46951551442569406,0.9479578493501613
transit,0.129,0.5597723105255701,0.6197620526542118,0.4697876973326075,0.947981887041261
transit,0.13,0.5598078490386482,0.619821283509342,0.4697876973326075,0.9479925704595276
transit,0.131,0.5602322344727695,0.6199842267523838,0.47060424605334783,0.9480219498597604
transit,0.132,0.5604567154999543,0.6201769065264164,0.4708764289602613,0.9480566709691265
transit,0.133,0.560608074654574,0.6202477165128402,0.4711486118671747,0.9480376083043629
transit,0.134,0.5606436716348129,0.6203070448132384,0.4711486118671747,0.9480482917226294
transit,0.135,0.5608326629071239,0.6204405749958142,0.4714207947740882,0.948072329413729
transit,0.136,0.5607356302102892,0.6204603091056988,0.4711486118671747,0.9479804203100717
transit,0.137,0.5609514127260811,0.6206384913607429,0.4714207947740882,0.9480124705648711
transit,0.138,0.5608831431310709,0.6207061639736684,0.4711486118671747,0.9479609909625106
transit,0.139,0.5611079472377327,0.6208993822134956,0.4714207947740882,0.9479957120718768
transit,0.14,0.5611684328741879,0.6210001916075877,0.4714207947740882,0.9479819911162464
transit,0.14100000000000001,0.5614575858909728,0.621119202759678,0.4719651605879151,0.9480033579527793
transit,0.14200000000000002,0.5616557559152074,0.6212680308621268,0.47223734349482854,0.9480300664984457
transit,0.14300000000000002,0.5618003598058442,0.6213275820752456,0.472509526401742,0.9480407499167122
transit,0.14400000000000002,0.5618232540064436,0.6213657390762446,0.472509526401742,0.9479839286052183
transit,0.145,0.5617263926844335,0.6213857588108367,0.47223734349482854,0.9478920195015611
transit,0.146,0.561622550818865,0.621394144306165,0.4719651605879151,0.947829856480934
transit,0.147,0.5615346423208716,0.6214290854141181,0.47169297768100166,0.9477406182318433
transit,0.148,0.5618379487956519,0.6215716856628675,0.47223734349482854,0.9477024929023159
transit,0.149,0.5618826983770531,0.6216462682985361,0.47223734349482854,0.947715847175149
transit,0.15,0.561923574667189,0.6217143954487626,0.47223734349482854,0.9476643675727885
transit,0.151,0.5618376848834253,0.6217527010804321,0.4719651605879151,0.9476075462612947
transit,0.152,0.5620873840477285,0.6218059558117194,0.472509526401742,0.9475533958043676
transit,0.153,0.5621302517597744,0.6218774019984626,0.472509526401742,0.9475343331396038
transit,0.154,0.5621622363931893,0.6219307097208208,0.472509526401742,0.9474801826826766
transit,0.155,0.5620424626261871,0.6219125420470928,0.47223734349482854,0.9474450948905131
transit,0.156,0.5622832395860947,0.6219509264377209,0.47278170930865543,0.9473882735790193
transit,0.157,0.5626707159181836,0.622052354510709,0.47359825802939576,0.9473745526233889
transit,0.158,0.5628424015031481,0.6221570418810406,0.4738704409363092,0.9473932486053552
transit,0.159,0.562994230319283,0.6222286346366566,0.47414262384322264,0.9473741859405915
transit,0.16,0.5630372025027996,0.6223002549425176,0.47414262384322264,0.9473551232758279
transit,0.161,0.5631820000560943,0.6223601289267331,0.4744148067501361,0.9473658066940944
transit,0.162,0.5633447727681316,0.6224499615088529,0.47468698965704953,0.9473818318214942
transit,0.163,0.563241055637183,0.6224585548952143,0.4744148067501361,0.947319668800867
transit,0.164,0.5636485683724091,0.6225933769734309,0.4752313554708764,0.9473437064919668
transit,0.165,0.5638184776013687,0.6226951037504213,0.47550353837778986,0.9473299855363362
transit,0.166,0.5638795430598706,0.6227968795145912,0.47550353837778986,0.9473162645807058
transit,0.167,0.5641763871101727,0.6229287090558767,0.47604790419161674,0.9473078853342086
transit,0.168,0.5642394107552485,0.6230337484643365,0.47604790419161674,0.947326581316175
transit,0.169,0.564226620479769,0.6230124313385371,0.47604790419161674,0.9472590765864146
transit,0.17,0.5643606212207912,0.623054310635632,0.4763200870985302,0.9472346722125177
transit,0.171,0.5645017494173901,0.6231080690253543,0.4765922700054437,0.9471805217555905
transit,0.17200000000000001,0.5646718213751545,0.6232100670170194,0.47686445291235713,0.9471668007999601
transit,0.17300000000000001,0.564859959367496,0.623342175066313,0.47713663581927057,0.9471584215534627
transit,0.17400000000000002,0.5649868707913321,0.6233722388347641,0.477408818726184,0.9471637632625961
transit,0.17500000000000002,0.564783407793018,0.6233960443801254,0.47686445291235713,0.9471042710965356
transit,0.176,0.5648176215625016,0.6234530673292645,0.47686445291235713,0.9470825375772054
transit,0.177,0.5648319194204622,0.6234768970925323,0.47686445291235713,0.9470230454111448
transit,0.178,0.564748252387901,0.6235189073095393,0.4765922700054437,0.946998641037248
transit,0.179,0.564800557531504,0.6236060825488777,0.4765922700054437,0.9469822492270508
transit,0.18,0.5648257840160824,0.6236481266898417,0.4765922700054437,0.9469578448531539
transit,0.181,0.5649161372483261,0.6237987154102478,0.4765922700054437,0.9469845533988202
transit,0.182,0.565070203391995,0.6238740370450868,0.47686445291235713,0.9469979076716533
transit,0.183,0.5649594699497212,0.6238709365792396,0.4765922700054437,0.9469654907340563
transit,0.184,0.5650118627090402,0.6239582578447713,0.4765922700054437,0.9469490989238594
transit,0.185,0.565028094704922,0.6239853111712408,0.4765922700054437,0.9469220236953957
transit,0.186,0.5649245553178462,0.6239942007973903,0.4763200870985302,0.9468598606747687
transit,0.187,0.5653145122232083,0.6240997631591667,0.47713663581927057,0.946878556656735
transit,0.188,0.5655847166386386,0.6241871933089994,0.47768100163309746,0.946862164846538
transit,0.189,0.5656118775182972,0.6242324614417638,0.47768100163309746,0.9468701774102379
transit,0.19,0.5652706614783043,0.6242081338556024,0.47686445291235713,0.9467702557428808
transit,0.191,0.5652778699592553,0.6242201479905208,0.47686445291235713,0.9467405096598505
transit,0.192,0.5654229735538268,0.6242805320435308,0.47713663581927057,0.946751193078117
transit,0.193,0.5654374031061902,0.6243045812974699,0.47713663581927057,0.9466917009120566
transit,0.194,0.5655189661366745,0.6244405196816104,0.47713663581927057,0.9467157386031562
transit,0.195,0.5655733612263459,0.6245311781643962,0.47713663581927057,0.9467317637305559
transit,0.196,0.5658636589121513,0.6246520970981873,0.47768100163309746,0.9467531305670889
transit,0.197,0.5657130070857681,0.6245824659921576,0.477408818726184,0.946645196336032
transit,0.198,0.5656058710052705,0.6245853611292704,0.47713663581927057,0.9465181994402112
transit,0.199,0.5656403374778027,0.6246428052501575,0.47713663581927057,0.9464964659208808
transit,0.2,0.565656659704443,0.6246700089612246,0.47713663581927057,0.9464693906924172
transit,0.201,0.5659361328172934,0.6247728869400906,0.47768100163309746,0.9464556697367867
transit,0.202,0.5659415613432952,0.624781934483427,0.47768100163309746,0.9463935067161597
transit,0.203,0.5659869813109073,0.6248576344294473,0.47768100163309746,0.9464068609889928
transit,0.20400000000000001,0.5659960666252255,0.6248727766199776,0.47768100163309746,0.9464095318435595
transit,0.20500000000000002,0.5659198974730215,0.6249272833042466,0.477408818726184,0.9463553813866323
transit,0.20600000000000002,0.566083309744148,0.6250181818181818,0.47768100163309746,0.9463714065140321
transit,0.20700000000000002,0.5661178629135013,0.6250757704337705,0.47768100163309746,0.9463496729947016
transit,0.20800000000000002,0.5660869496348102,0.6250242483026188,0.47768100163309746,0.9462768265558081
transit,0.209,0.566241295642123,0.6251000363768643,0.4779531845400109,0.9462901808286412
transit,0.21,0.5662958776143017,0.6251910063304955,0.4779531845400109,0.946306205956041
transit,0.211,0.5664193287065299,0.6252153028796003,0.47822536744692434,0.9462467137899806
transit,0.212,0.5666643783351123,0.6252608083846863,0.47876973326075123,0.9462547263536805
transit,0.213,0.5668460797405432,0.6253821887891289,0.47904191616766467,0.9462760931902134
transit,0.214,0.566869794306196,0.6254217130652169,0.47904191616766467,0.9462192718787197
transit,0.215,0.5669062292920288,0.625482438041605,0.47904191616766467,0.9462299552969862
transit,0.216,0.5671695293006564,0.6255583608467664,0.47958628198149156,0.9462433095698193
transit,0.217,0.5672315309073069,0.6256616968578506,0.47958628198149156,0.9462295886141889
transit,0.218,0.567385987407629,0.6257376690871117,0.479858464888405,0.946242942887022
transit,0.219,0.5676657840650888,0.6258410863069934,0.4804028307022319,0.9462292219313915
transit,0.22,0.567836737712774,0.6259445537818596,0.48067501360914533,0.9462155009757611
transit,0.221,0.5680983376886523,0.6260176431991057,0.4812193794229722,0.9461964383109973
transit,0.222,0.5681257238685424,0.6260632868322559,0.4812193794229722,0.9462044508746972
transit,0.223,0.568359954719498,0.6260907610412971,0.4817637452367991,0.9461773756462337
transit,0.224,0.5683655360195508,0.6261000632080518,0.4817637452367991,0.9461152126256066
transit,0.225,0.5682731548743307,0.6261275499039607,0.48149156232988566,0.946088137397143
transit,0.226,0.5681480465306072,0.6261004912690306,0.4812193794229722,0.9459557987921889
transit,0.227,0.5682934678565055,0.6261614048742521,0.48149156232988566,0.9459664822104554
transit,0.228,0.5683483034373547,0.6262527975090006,0.48149156232988566,0.9459825073378553
transit,0.229,0.5686831535022042,0.6264479704078653,0.4820359281437126,0.9459848115096245
transit,0.23,0.5688141889187899,0.6264849074975657,0.48230811105062604,0.9458955732605339
transit,0.231,0.5688381235320324,0.6265247985196367,0.48230811105062604,0.9458387519490401
transit,0.232,0.56891136024228,0.6266468597033826,0.48230811105062604,0.9458601187855731
transit,0.233,0.5691548251710924,0.6266897240421854,0.48285247686445293,0.9458357144116762
transit,0.234,0.5690424461986403,0.6266838810260408,0.4825802939575395,0.9457708805364824
transit,0.23500000000000001,0.5690590142355519,0.6267114944208936,0.4825802939575395,0.9457438053080188
transit,0.23600000000000002,0.5691048253630406,0.6267878463000415,0.4825802939575395,0.945757159580852
transit,0.23700000000000002,0.5692669412234572,0.62687658412946,0.48285247686445293,0.9457407677706549
transit,0.23800000000000002,0.5692743630768722,0.6268889538851516,0.48285247686445293,0.9457110216876248
transit,0.23900000000000002,0.5691820822369904,0.6269166077566244,0.4825802939575395,0.9456839464591611
transit,0.24,0.5693459789214157,0.6270083136260575,0.48285247686445293,0.9456999715865608
transit,0.241,0.5692628849381156,0.6270512789251663,0.4825802939575395,0.9456755672126639
transit,0.242,0.5689923051175962,0.6269632231001854,0.4820359281437126,0.9455325451894434
transit,0.243,0.5690364417033822,0.6270367840764953,0.4820359281437126,0.9455134825246796
transit,0.244,0.5690312205023675,0.6270280820748042,0.4820359281437126,0.9454162317118892
transit,0.245,0.5690845650199917,0.6271169896041778,0.4820359281437126,0.9453998399016921
transit,0.246,0.5690106895716179,0.6271753191281638,0.4817637452367991,0.9453781063823616
transit,0.247,0.5691545724097163,0.6272336685870521,0.4820359281437126,0.9453563728630313
transit,0.248,0.5691821357163606,0.6272796074314593,0.4820359281437126,0.9453643854267313
transit,0.249,0.5690789903054927,0.6272891536846218,0.4817637452367991,0.9453022224061042
transit,0.25,0.5692246276677414,0.6273504273504273,0.4820359281437126,0.9453129058243707
transit,0.251,0.5694958092368592,0.6274394860897389,0.4825802939575395,0.9452965140141736
transit,0.252,0.569639744837734,0.6274979234865882,0.48285247686445293,0.9452747804948433
transit,0.253,0.5695291491727644,0.627495052649581,0.4825802939575395,0.9452423635572464
transit,0.254,0.5695182276761038,0.6274768501551468,0.4825802939575395,0.9452072757650829
transit,0.255,0.5694352303450361,0.6275199765413093,0.48230811105062604,0.945182871391186
transit,0.256,0.5694611137655103,0.6275631155754332,0.48230811105062604,0.945158467017289
transit,0.257,0.569548139385377,0.6275267030039352,0.4825802939575395,0.945088291432962
transit,0.258,0.5696016462354703,0.6276158810874242,0.4825802939575395,0.9450718996227649
transit,0.259,0.5697053629184183,0.6276072869543954,0.48285247686445293,0.9449746488099744
transit,0.26,0.5697404820390701,0.6276658188221483,0.48285247686445293,0.9449529152906441
transit,0.261,0.5697571881872605,0.6276936624024656,0.48285247686445293,0.9449258400621805
transit,0.262,0.5697998280916414,0.6277647289097671,0.48285247686445293,0.94487436045982
transit,0.263,0.5699438563225928,0.6278233206900771,0.48312465977136637,0.9448526269404895
transit,0.264,0.5701080456691728,0.6279155143297682,0.4833968426782798,0.9448686520678893
transit,0.265,0.5701726017535796,0.6280231078037795,0.4833968426782798,0.9448873480498557
transit,0.266,0.5703166737669454,0.6280817725547803,0.48366902558519326,0.9448656145305254
transit,0.267,0.5703334280597385,0.6281096963761019,0.48366902558519326,0.9448385393020619
transit,0.268,0.5702320841180354,0.6281222450778724,0.4833968426782798,0.9448087932190317
transit,0.269,0.5702379160862278,0.6281319650248598,0.4833968426782798,0.9447466301984045
transit,0.27,0.5702345178811495,0.6281263013497294,0.4833968426782798,0.9446817963232108
transit,0.271,0.5702899177068314,0.6282186343925324,0.4833968426782798,0.9446978214506105
transit,0.272,0.5704357331360939,0.6282802048366942,0.48366902558519326,0.9447085048688771
transit,0.273,0.5705706265585552,0.6283235719361875,0.4839412084921067,0.9446841004949802
transit,0.274,0.570478541070801,0.6283515513945395,0.48366902558519326,0.9446570252665165
transit,0.275,0.5705247467882357,0.6284285609235973,0.48366902558519326,0.9446703795393496
transit,0.276,0.5705600348479531,0.6284873743564598,0.48366902558519326,0.9446486460200194
transit,0.277,0.5706230786009239,0.6285924472780775,0.48366902558519326,0.9446349250643888
transit,0.278,0.570833713154747,0.6287620495965072,0.4839412084921067,0.9446643044646218
transit,0.279,0.570859804055283,0.6288055344307338,0.4839412084921067,0.9446399000907248
transit,0.28,0.5708968298233987,0.6288672440442602,0.4839412084921067,0.9446505835089913
transit,0.281,0.5713253076559252,0.6290370079513106,0.48475775721284703,0.9446799629092242
transit,0.28200000000000003,0.5711836558673835,0.6289823769083501,0.4844855743059336,0.9445746995327338
transit,0.28300000000000003,0.5714569878310936,0.6290750196386489,0.48502994011976047,0.9445907246601335
transit,0.28400000000000003,0.5713279218369002,0.6290413649196023,0.48475775721284703,0.9445529660134035
transit,0.28500000000000003,0.5712637217055787,0.6291158199720087,0.4844855743059336,0.9445339033486397
transit,0.28600000000000003,0.571299141313729,0.6291748526522594,0.4844855743059336,0.9445121698293094
transit,0.28700000000000003,0.5715285727060542,0.629375783034859,0.48475775721284703,0.9445468909386756
transit,0.28800000000000003,0.5716914688976757,0.6294658214162858,0.48502994011976047,0.9445304991284784
transit,0.289,0.5719354139098549,0.6295094858940332,0.48557430593358736,0.9445060947545816
transit,0.29,0.5719446962005712,0.6295249563785603,0.48557430593358736,0.9445087656091482
transit,0.291,0.5718527471608245,0.6295531632502581,0.4853021230266739,0.9444816903806845
transit,0.292,0.5718511050915043,0.6295504264680579,0.4853021230266739,0.9444492734430877
transit,0.293,0.5719161093149079,0.6296587668403972,0.4853021230266739,0.9444679694250542
transit,0.294,0.5720714277654833,0.629736175653414,0.48557430593358736,0.9444813236978873
transit,0.295,0.5721972489567482,0.6297644223675798,0.4858464888405008,0.9444542484694236
transit,0.296,0.5722513780828712,0.6298546375777848,0.4858464888405008,0.9444378566592265
transit,0.297,0.5723881387437337,0.6299011167412801,0.48611867174741424,0.9444458692229265
transit,0.298,0.5721157572125255,0.629810058065151,0.48557430593358736,0.944270430262109
transit,0.299,0.5721234231608365,0.6298228346456692,0.48557430593358736,0.9442406841790788
transit,0.3,0.5722601940793999,0.6298693309053326,0.4858464888405008,0.9442486967427788
transit,0.301,0.5723658069136294,0.6298638970244395,0.48611867174741424,0.944183862867585
transit,0.302,0.5722815820952077,0.6299049775983457,0.4858464888405008,0.9441270415560912
transit,0.303,0.5720791886995158,0.6299305658147437,0.4853021230266739,0.9440675493900308
transit,0.304,0.5721164168048583,0.629992612656981,0.4853021230266739,0.9440782328082973
transit,0.305,0.5722329731245555,0.6300054179185343,0.48557430593358736,0.9440484867252671
transit,0.306,0.5722685903258475,0.6300647799206877,0.48557430593358736,0.9440267532059368
transit,0.307,0.572066224526631,0.6300904141312114,0.48502994011976047,0.9439672610398764
transit,0.308,0.5719541069506803,0.6300850067759024,0.48475775721284703,0.9439024271646825
transit,0.309,0.5717221754471552,0.6300613648125786,0.48421339139902014,0.9438025054973255
transit,0.31,0.5716007365763753,0.6300404219658877,0.4839412084921067,0.9437350007675651
transit,0.311,0.5716286907472827,0.6300870122507334,0.4839412084921067,0.943743013331265
transit,0.312,0.5716550278831973,0.6301309074772576,0.4839412084921067,0.943718608957368
transit,0.313,0.5714806546092879,0.6302031958966267,0.4833968426782798,0.9436671293550075
transit,0.314,0.5715272822164521,0.6302809085752337,0.4833968426782798,0.9436804836278406
transit,0.315,0.5714354492274751,0.6303093088648809,0.48312465977136637,0.9436534083993771
transit,0.316,0.5713046890042053,0.6302728304307069,0.48285247686445293,0.9435832328150501
transit,0.317,0.5715784153502026,0.6303661304648178,0.4833968426782798,0.9435992579424498
transit,0.318,0.5716514741705938,0.6304878951654698,0.4833968426782798,0.943588207841386
transit,0.319,0.5716888207398955,0.6305501394476393,0.4833968426782798,0.9435988912596525
transit,0.32,0.5715860771892181,0.6305603554677858,0.48312465977136637,0.9435367282390255
transit,0.321,0.571631178411534,0.6306355241716458,0.48312465977136637,0.9435176655742618
transit,0.322,0.5717571369527846,0.6306639998024546,0.4833968426782798,0.9434905903457982
transit,0.323,0.571872154566011,0.630674240553223,0.48366902558519326,0.9434284273251711
transit,0.324,0.5717694279786063,0.6306844848454907,0.4833968426782798,0.943366264304544
transit,0.325,0.5717974722491775,0.6307312252964427,0.4833968426782798,0.9433742768682438
transit,0.326,0.5719343938395817,0.6307779726758406,0.48366902558519326,0.9433822894319437
transit,0.327,0.5719717982112473,0.6308403132952832,0.48366902558519326,0.9433929728502103
transit,0.328,0.572016973881674,0.6309156060793278,0.48366902558519326,0.9433739101854466
transit,0.329,0.5724278069420689,0.6310559620328258,0.4844855743059336,0.9433979478765462
transit,0.33,0.5725120579914663,0.6311963804484881,0.4844855743059336,0.9434219855676458
transit,0.331,0.5725573049715141,0.6312717920819011,0.4844855743059336,0.9434029229028822
transit,0.332,0.5721775429606305,0.631183221210922,0.48366902558519326,0.9432599008796616
transit,0.333,0.5726259672715458,0.6313862292486206,0.4844855743059336,0.9432946219890277
transit,0.334,0.5724936313294784,0.6313471246164506,0.48421339139902014,0.9431920294671039
transit,0.335,0.5725389354131869,0.6314226314226314,0.48421339139902014,0.9431729668023403
transit,0.336,0.5726946975557357,0.6315007797222704,0.4844855743059336,0.9431863210751734
transit,0.337,0.5728020037664142,0.631498168135459,0.48475775721284703,0.9431539041375765
transit,0.338,0.5729671629753614,0.6315919782124287,0.48502994011976047,0.9431699292649762
transit,0.339,0.57298436678704,0.631620651231893,0.48502994011976047,0.9431428540365128
transit,0.34,0.5732584254121431,0.6317145050645137,0.48557430593358736,0.9431588791639125
transit,0.341,0.5731761584519942,0.6317588487355411,0.4853021230266739,0.9431344747900156
transit,0.342,0.5732231084258895,0.6318370986920333,0.4853021230266739,0.9431478290628487
transit,0.343,0.573369549942556,0.6318997126152016,0.48557430593358736,0.9431585124811152
transit,0.34400000000000003,0.5734847164074246,0.6319102014520405,0.4858464888405008,0.943096349460488
transit,0.34500000000000003,0.5736108311097508,0.6319389373513083,0.48611867174741424,0.9430692742320245
transit,0.34600000000000003,0.5734393738041823,0.6318346304466366,0.4858464888405008,0.9429235813542374
transit,0.34700000000000003,0.5736218829793673,0.6319573571340027,0.48611867174741424,0.9429125312531735
transit,0.34800000000000003,0.5736782951513945,0.6320513774207146,0.48611867174741424,0.9429285563805734
transit,0.34900000000000003,0.5738044323289466,0.6320801507786926,0.4863908546543277,0.9429014811521097
transit,0.35000000000000003,0.5738405147912645,0.6321402882158891,0.4863908546543277,0.9428797476327794
transit,0.35100000000000003,0.5737661974557573,0.6321978812613194,0.48611867174741424,0.9428255971758521
transit,0.352,0.5737646580598232,0.6321953156014292,0.48611867174741424,0.9427931802382554
transit,0.353,0.5739002298958766,0.6322398133902427,0.4863908546543277,0.9427687758643584
transit,0.354,0.5739457685184697,0.6323157110945644,0.4863908546543277,0.9427497131995947
transit,0.355,0.5739740200209388,0.6323627969320128,0.4863908546543277,0.9427577257632945
transit,0.356,0.5741394088131313,0.6324569896477248,0.48666303756124113,0.9427737508906944
transit,0.357,0.5741473015751333,0.6324701442510614,0.48666303756124113,0.9427440048076641
transit,0.358,0.5741740427168804,0.6325147128206401,0.48666303756124113,0.942719600433767
transit,0.359,0.5744671950136886,0.6326403894394357,0.48720740337506807,0.9427409672703001
transit,0.36,0.574484531224338,0.6326692831238512,0.48720740337506807,0.9427138920418365
transit,0.361,0.5746390394817367,0.6327453416149068,0.4874795862819815,0.9426948293770728
transit,0.362,0.5746280897304432,0.6327270920294176,0.4874795862819815,0.9426597415849094
transit,0.363,0.5747746963446764,0.6327899811151974,0.48775176918889496,0.9426704250031759
transit,0.364,0.5749307468712765,0.6328686100549219,0.4880239520958084,0.942683779276009
transit,0.365,0.5750758610402615,0.6329290117319547,0.48829613500272184,0.9426620457566787
transit,0.366,0.575281147749992,0.6329082457056207,0.48884050081654873,0.9425945410269183
transit,0.367,0.5753174037080218,0.6329686723023371,0.48884050081654873,0.942572807507588
transit,0.368,0.575205513865003,0.6329636445019148,0.4885683179096353,0.9425079736323942
transit,0.369,0.5752009871563923,0.6329560999875637,0.4885683179096353,0.9424107228196037
transit,0.37,0.575257671202263,0.6330505733973482,0.4885683179096353,0.9424267479470035
transit,0.371,0.5751472926915057,0.6330480644840282,0.48829613500272184,0.9423943310094067
transit,0.372,0.5753223233070774,0.6331583269053721,0.4885683179096353,0.9424130269913731
transit,0.373,0.5754690110768994,0.6332213512504665,0.48884050081654873,0.9424237104096396
transit,0.374,0.5756251630861993,0.6333001493280239,0.48911268372346217,0.9424370646824727
transit,0.375,0.5759091195684815,0.6334104995892763,0.48965704953728906,0.942455760664439
transit,0.376,0.5760652998289058,0.6334893447520413,0.4899292324442025,0.9424691149372723
transit,0.377,0.5761126187053407,0.6335682095460996,0.4899292324442025,0.9424824692101054
transit,0.378,0.5760007783277528,0.6335632641880619,0.48965704953728906,0.9424176353349116
transit,0.379,0.5760276974020243,0.6336081293118478,0.48965704953728906,0.9423932309610148
transit,0.38,0.5761649778237505,0.6336554747434492,0.4899292324442025,0.9424012435247147
transit,0.381,0.5761605367455875,0.6336480729465108,0.4899292324442025,0.9423039927119241
transit,0.382,0.5759398285946913,0.6336431365709018,0.4893848666303756,0.9422391588367304
transit,0.383,0.5759587758365713,0.6336747153073684,0.4893848666303756,0.9422445005458636
transit,0.384,0.5759762464079196,0.6337038329262822,0.4893848666303756,0.9422174253174
transit,0.385,0.5758425009497498,0.6336623791006082,0.48911268372346217,0.9420824158578793
transit,0.386,0.5758599771317772,0.6336915060706539,0.48911268372346217,0.9420553406294159
transit,0.387,0.5760257332124296,0.6337863109337988,0.4893848666303756,0.9420713657568156
transit,0.388,0.5761630542171898,0.6338337240037903,0.48965704953728906,0.9420793783205155
transit,0.389,0.5761885624632582,0.6338762377472377,0.48965704953728906,0.9420225570090216
transit,0.39,0.5764917027535589,0.6340185610218542,0.49020141535111594,0.9420465947001213
transit,0.391,0.5765391604167506,0.6340976571271737,0.49020141535111594,0.9420599489729544
transit,0.392,0.5765676406987855,0.6341451242638986,0.49020141535111594,0.9420679615366543
transit,0.393,0.5765742145968591,0.6341560807606877,0.49020141535111594,0.9420057985160273
transit,0.394,0.5767590706154606,0.634282718853748,0.4904735982580294,0.9420271653525603
transit,0.395,0.5767685706062573,0.6342985521717425,0.4904735982580294,0.9420298362071269
transit,0.396,0.5767671161137566,0.634296128017575,0.4904735982580294,0.94199741926953
transit,0.397,0.5768635776212752,0.6342754419254968,0.49074578116494283,0.9419299145397697
transit,0.398,0.5769015885346946,0.6343387934478626,0.49074578116494283,0.9419405979580362
transit,0.399,0.5769205968389481,0.6343704739549517,0.49074578116494283,0.9419459396671694
transit,0.4,0.5769381566257135,0.6343997402662271,0.49074578116494283,0.9419188644387059
transit,0.401,0.5768658643419289,0.6344607083978618,0.4904735982580294,0.9418971309193755
transit,0.402,0.5767731159830487,0.6344875830710038,0.49020141535111594,0.941837638753315
transit,0.403,0.5769580934088643,0.6346144235094208,0.4904735982580294,0.9418590055898481
transit,0.404,0.5770750406111264,0.6346278802419154,0.49074578116494283,0.9418292595068178
transit,0.405,0.5769837605809243,0.6346572021295208,0.4904735982580294,0.9418021842783544
transit,0.406,0.5771211890344918,0.6347047942808579,0.49074578116494283,0.9418101968420542
transit,0.40700000000000003,0.5771497486082664,0.6347523935704822,0.49074578116494283,0.9418182094057541
transit,0.40800000000000003,0.5772462275808401,0.6347317365868294,0.49101796407185627,0.9417507046759936
transit,0.40900000000000003,0.5773931903612433,0.6347952192828924,0.4912901469787697,0.9417613880942602
transit,0.41000000000000003,0.5773290774327592,0.6348698196733611,0.49101796407185627,0.9417099084918997
transit,0.41100000000000003,0.5774570057413091,0.6349015782496686,0.4912901469787697,0.941715250201033
transit,0.41200000000000003,0.5775141826189001,0.6349968730456536,0.4912901469787697,0.9417312753284327
transit,0.41300000000000003,0.5774324802320601,0.635042157672196,0.49101796407185627,0.9417068709545358
transit,0.41400000000000003,0.577567109842559,0.6350850850850852,0.4912901469787697,0.9416500496430419
transit,0.41500000000000004,0.5776009963337514,0.6351415625704058,0.4912901469787697,0.9415634822485179
transit,0.41600000000000004,0.5776281991986083,0.6351869006785008,0.4912901469787697,0.9415390778746209
transit,0.417,0.5776472839098132,0.635218708530509,0.4912901469787697,0.9415444195837541
transit,0.418,0.5776349048875664,0.6351980768267641,0.4912901469787697,0.9414769148539939
transit,0.419,0.5776225227650609,0.6351774399559217,0.4912901469787697,0.9414094101242336
transit,0.42,0.5776401946496383,0.635206893096884,0.4912901469787697,0.94138233489577
transit,0.421,0.5776974807064335,0.6353023698582093,0.4912901469787697,0.9413983600231697
transit,0.422,0.5778827620720381,0.6354297168629416,0.49156232988568316,0.9414197268597027
transit,0.423,0.5777710708203772,0.6354250200481154,0.4912901469787697,0.941354892984509
transit,0.424,0.5777997358923324,0.6354727951680409,0.4912901469787697,0.9413629055482089
transit,0.425,0.5778284052750409,0.635520577472555,0.4912901469787697,0.9413709181119088
transit,0.426,0.5779822664241507,0.6355955574497957,0.49156232988568316,0.9413194385095482
transit,0.427,0.5780109514106969,0.6356433657607061,0.49156232988568316,0.9413274510732481
transit,0.428,0.5781375514496949,0.6356729105544271,0.4918345127925966,0.9413003758447845
transit,0.429,0.5781538848742556,0.635700132928695,0.4918345127925966,0.941240883678724
transit,0.43,0.5781730185410021,0.6357320223732725,0.4918345127925966,0.9412462253878573
transit,0.431,0.5781975379619593,0.6357728880748676,0.4918345127925966,0.9411569871387666
transit,0.432,0.5781241665265121,0.6358320576203981,0.49156232988568316,0.9411028366818395
transit,0.433,0.5783000701772796,0.6359437751004017,0.4918345127925966,0.9411215326638058
transit,0.434,0.5783288047405042,0.6359916660391094,0.4918345127925966,0.9411295452275058
transit,0.435,0.5783561595645794,0.6360372574125681,0.4918345127925966,0.9411051408536089
transit,0.436,0.578493778008638,0.6360851662147233,0.49210669569951004,0.9411131534173087
transit,0.437,0.5786601547271859,0.6361810054743609,0.49237887860642354,0.9411291785447085
transit,0.438,0.578905283301554,0.6362266425557564,0.49292324442025043,0.9411047741708114
transit,0.439,0.5790114037869318,0.6362220547601105,0.49319542732716387,0.9410399402956178
transit,0.44,0.5789189585891645,0.6362494347017739,0.49292324442025043,0.9409804481295574
transit,0.441,0.5789751430172646,0.6363430754152741,0.49292324442025043,0.9409640563193602
transit,0.442,0.5790025598888934,0.636388770201322,0.49292324442025043,0.9409396519454634
transit,0.443,0.5788717510513042,0.6363522107432823,0.492651061513337,0.9408694763611364
transit,0.444,0.578919743827015,0.6364321987028005,0.492651061513337,0.9408828306339695
transit,0.445,0.5788772350043492,0.6363613506650241,0.492651061513337,0.9407748964029123
transit,0.446,0.5789540496524868,0.6364893750785867,0.492651061513337,0.9407962632394454
transit,0.447,0.5791301609905963,0.6366014387041602,0.49292324442025043,0.9408149592214119
transit,0.448,0.5791685934364605,0.6366654927806007,0.49292324442025043,0.9408256426396784
transit,0.449,0.579304939573313,0.6367112810707457,0.49319542732716387,0.9408012382657813
transit,0.45,0.5792331612843681,0.6367731058604464,0.49292324442025043,0.9407795047464511
transit,0.451,0.5792414219848251,0.6367868736945416,0.49292324442025043,0.9407497586634208
transit,0.452,0.5793777908749898,0.6368326999068737,0.49319542732716387,0.9407253542895239
transit,0.453,0.5794066445514857,0.6368807893677003,0.49319542732716387,0.9407333668532237
transit,0.454,0.5794355025859945,0.6369288860918817,0.49319542732716387,0.9407413794169236
transit,0.455,0.5793541463292422,0.6369747476019034,0.49292324442025043,0.9407169750430266
transit,0.456,0.5792535506282481,0.6369885433715222,0.492651061513337,0.9406872289599965
transit,0.457,0.5792412354842066,0.636968018131453,0.492651061513337,0.9406197242302361
transit,0.458,0.5792687663341278,0.6370139028813219,0.492651061513337,0.9405953198563392
transit,0.459,0.579305934341587,0.6370758495604202,0.492651061513337,0.9405735863370088
transit,0.46,0.5793540857965068,0.6371561019852867,0.492651061513337,0.9405869406098419
transit,0.461,0.5793720127828237,0.6371859802958147,0.492651061513337,0.9405598653813784
transit,0.462,0.5795097876380729,0.637234149783288,0.49292324442025043,0.9405678779450782
transit,0.463,0.5795676041343485,0.6373305106104138,0.49292324442025043,0.9405839030724781
transit,0.464,0.5797343112817428,0.6374269005847953,0.49319542732716387,0.9405999281998778
transit,0.465,0.579613142777806,0.6374064083495097,0.49292324442025043,0.9405324234701175
transit,0.466,0.5796407432687178,0.6374524091676962,0.49292324442025043,0.9405080190962205
transit,0.467,0.5796683521118147,0.6374984239061908,0.49292324442025043,0.9404836147223234
transit,0.468,0.5796876444253518,0.6375305777620861,0.49292324442025043,0.9404889564314567
transit,0.46900000000000003,0.579625691347673,0.6376087779038971,0.492651061513337,0.9404698937666931
transit,0.47000000000000003,0.5798021248532206,0.6377213784752006,0.49292324442025043,0.9404885897486595
transit,0.47100000000000003,0.5799592700149622,0.6378018318068277,0.49319542732716387,0.9405019440214926
transit,0.47200000000000003,0.5799856209611501,0.6378457500504744,0.49319542732716387,0.9404451227099988
transit,0.47300000000000003,0.580003630937428,0.6378757666776042,0.49319542732716387,0.9404180474815351
transit,0.47400000000000003,0.5801511485994999,0.6379401741764483,0.4934676102340773,0.9404287308998016
transit,0.47500000000000003,0.5801801370957516,0.6379884883368676,0.4934676102340773,0.9404367434635015
transit,0.47600000000000003,0.5802078288232173,0.6380346412159774,0.4934676102340773,0.9404123390896046
transit,0.47700000000000004,0.5802368282008955,0.6380829735121076,0.4934676102340773,0.9404203516533045
transit,0.47800000000000004,0.5801943429814804,0.6381936200843582,0.49319542732716387,0.940406630697674
transit,0.47900000000000004,0.5802523796357435,0.6382903478414632,0.49319542732716387,0.9404226558250738
transit,0.48,0.5802994701046699,0.6383688319563405,0.49319542732716387,0.9404035931603101
transit,0.481,0.5805449658501345,0.6384150809895637,0.49373979314099076,0.940379188786413
transit,0.482,0.5805836879860078,0.6384796178826859,0.49373979314099076,0.9403898722046796
transit,0.483,0.5804612838752341,0.6384570663026718,0.4934676102340773,0.9402899505373224
transit,0.484,0.5803608111715309,0.6384710670677757,0.49319542732716387,0.9402602044542923
transit,0.485,0.5803982720686658,0.6385335018963337,0.49319542732716387,0.9402384709349618
transit,0.486,0.580256491779834,0.638478656686223,0.49292324442025043,0.9401332075584714
transit,0.487,0.5801547413213224,0.6384905278599793,0.492651061513337,0.9400710445378444
transit,0.488,0.5801534584496206,0.6384883897404765,0.492651061513337,0.9400386276002475
transit,0.489,0.5801909429851764,0.6385508639664027,0.492651061513337,0.9400168940809173
transit,0.49,0.5801098723352593,0.6385972014878166,0.49237887860642354,0.9399924897070202
transit,0.491,0.5802452798391877,0.638641425389755,0.492651061513337,0.9399356683955264
transit,0.492,0.5803929486742457,0.6387060848435759,0.49292324442025043,0.9399463518137929
transit,0.493,0.5803916746824148,0.6387039615238578,0.49292324442025043,0.939913934876196
transit,0.494,0.5806857730144797,0.6388312148680813,0.4934676102340773,0.9399028847751323
transit,0.495,0.5807233319858486,0.6388938131536961,0.4934676102340773,0.939881151255802
transit,0.496,0.580847827277675,0.6389198500354646,0.49373979314099076,0.9397892421521445
transit,0.497,0.5810052616512055,0.6390007853867397,0.4940119760479042,0.9398025964249778
transit,0.498,0.5810052616512055,0.6390007853867397,0.4940119760479042,0.9398025964249778
transit,0.499,0.5810344042835582,0.6390493564406609,0.4940119760479042,0.9398106089886776
transit,0.5,0.581201576004004,0.6391465207034616,0.49428415895481764,0.9398266341160775
transit,0.501,0.5809411867903194,0.639075449223205,0.49373979314099076,0.9397186998850204
transit,0.502,0.5811083771470013,0.6391726445463993,0.4940119760479042,0.9397347250124202
transit,0.503,0.5811265670251546,0.6392029610099884,0.4940119760479042,0.9397076497839565
transit,0.504,0.5812730844597384,0.6392657014630188,0.49428415895481764,0.9396859162646262
transit,0.505,0.5813107420968388,0.6393284641915196,0.49428415895481764,0.9396641827452958
transit,0.506,0.5813107420968388,0.6393284641915196,0.49428415895481764,0.9396641827452958
transit,0.507,0.5812200794343036,0.6393588150252365,0.4940119760479042,0.9396371075168323
transit,0.508,0.5812577584556913,0.6394216133942161,0.4940119760479042,0.939615373997502
transit,0.509,0.5812048088520114,0.6395148193260252,0.49373979314099076,0.939566565249708
transit,0.51,0.5812412850415631,0.639575612975278,0.49373979314099076,0.9395124147927808
transit,0.511,0.58114818355589,0.6396018991037651,0.4934676102340773,0.9394205056891236
transit,0.512,0.5813057796300696,0.639683103956122,0.49373979314099076,0.9394338599619567
transit,0.513,0.581282583923063,0.6396444444444445,0.49373979314099076,0.9393312674400329
transit,0.514,0.5813800783131726,0.6398069350946273,0.49373979314099076,0.9393579759856991
transit,0.515,0.5814385987269621,0.6399044691176097,0.49373979314099076,0.9393740011130989
transit,0.516,0.5815852742573402,0.6399674730636308,0.4940119760479042,0.9393522675937686
transit,0.517,0.5816023504028949,0.6399959333062221,0.4940119760479042,0.9392927754277082
transit,0.518,0.5816011301156615,0.6399938994941664,0.4940119760479042,0.9392603584901114
transit,0.519,0.5817075621455473,0.639989830939367,0.49428415895481764,0.9391955246149175
transit,0.52,0.5815852618510025,0.6399674523864012,0.4940119760479042,0.9390956029475604
transit,0.521,0.5816536205310641,0.6400813835198372,0.4940119760479042,0.9391142989295268
transit,0.522,0.5816609550466385,0.6400936077124615,0.4940119760479042,0.9390521359088997
transit,0.523,0.5818284522964055,0.6401913145241306,0.49428415895481764,0.9390681610362994
transit,0.524,0.5818370129445711,0.6402055822710735,0.49428415895481764,0.9390384149532693
transit,0.525,0.5818248142766188,0.6401852511578197,0.49428415895481764,0.938970910223509
transit,0.526,0.5819410371646359,0.6401975006999058,0.4945563418617311,0.9389087472028819
transit,0.527,0.5818285253506761,0.6401914362812484,0.49428415895481764,0.9388114963900913
transit,0.528,0.5818566516662533,0.6402383134738772,0.49428415895481764,0.9387870920161944
transit,0.529,0.5819948688812748,0.6402872202276373,0.4945563418617311,0.9387951045798942
transit,0.53,0.5819019372307478,0.6403137894147013,0.49428415895481764,0.938703195476237
transit,0.531,0.581900728968208,0.6403117756438015,0.49428415895481764,0.9386707785386401
transit,0.532,0.5819080995342352,0.6403240599205136,0.49428415895481764,0.9386086155180131
transit,0.533,0.5819570452416717,0.6404056360995745,0.49428415895481764,0.9386219697908462
transit,0.534,0.581965632085864,0.6404199475065617,0.49428415895481764,0.938592223707816
transit,0.535,0.5822715230746087,0.6405668552785849,0.49482852476864453,0.9386162613989156
transit,0.536,0.5821614523981298,0.6405648594223956,0.4945563418617311,0.9385838444613188
transit,0.537,0.5823181217856925,0.6406445197970578,0.49482852476864453,0.938564781796555
transit,0.538,0.5824136096034376,0.6406222108886905,0.49510070767555797,0.9384648601291979
transit,0.539,0.5822827398913909,0.6405855499732218,0.49482852476864453,0.938394684544871
transit,0.54,0.5822901488116512,0.6405978981736558,0.49482852476864453,0.938332521524244
transit,0.541,0.582198493474971,0.6406265945504643,0.4945563418617311,0.9382730293581835
transit,0.542,0.5822561499327394,0.6407226886467451,0.4945563418617311,0.9382566375479864
transit,0.543,0.5822942059636816,0.6407861153649821,0.4945563418617311,0.9382349040286561
transit,0.544,0.5822918276008725,0.6407821514269668,0.4945563418617311,0.9381700701534623
transit,0.545,0.5823873155398942,0.6407598427207272,0.49482852476864453,0.9380701484861051
transit,0.546,0.5824450345467305,0.6408560410654545,0.49482852476864453,0.9380537566759082
transit,0.547,0.5824414742785624,0.6408501072851742,0.49482852476864453,0.9379565058631175
transit,0.548,0.5822005187976854,0.6408114253595973,0.49428415895481764,0.9378539133411938
transit,0.549,0.5822570968411466,0.6409057220986991,0.49428415895481764,0.9378051045933997
transit,0.55,0.582424944535506,0.6410040129846892,0.4945563418617311,0.9378211297207996
transit,0.551,0.5823333746901976,0.6410328518471176,0.49428415895481764,0.9377616375547392
transit,0.552,0.5824022183533293,0.6411475912856704,0.49428415895481764,0.9377803335367055
transit,0.553,0.5825099168751104,0.6411456335506968,0.4945563418617311,0.9377479165991087
transit,0.554,0.5826054258166069,0.6411233598485818,0.49482852476864453,0.9376479949317515
transit,0.555,0.5824953765666601,0.6411213997032793,0.4945563418617311,0.9376155779941546
transit,0.556,0.5824843601356676,0.6411030389849586,0.4945563418617311,0.9375804902019912
transit,0.557,0.582420602548305,0.6409967763393543,0.4945563418617311,0.9374347973242041
transit,0.558,0.5825885235205591,0.6410951893551688,0.49482852476864453,0.9374508224516038
transit,0.559,0.5827564626269617,0.6411936325945642,0.49510070767555797,0.9374668475790036
transit,0.56,0.5827958500013725,0.6412592782185821,0.49510070767555797,0.93747753099727
transit,0.561,0.5829922101528001,0.6414050898663526,0.4953728905824714,0.9374691517507729
transit,0.562,0.5831404998213185,0.6414707840426076,0.49564507348938486,0.9374798351690394
transit,0.5630000000000001,0.5831776073078532,0.6415326298534987,0.49564507348938486,0.9374256847121123
transit,0.5640000000000001,0.5832158898870827,0.6415964341522146,0.49564507348938486,0.9374039511927819
transit,0.5650000000000001,0.5832344589919827,0.6416273826603812,0.49564507348938486,0.9373768759643183
transit,0.5660000000000001,0.5833717711076917,0.6416747809152873,0.4959172563962983,0.9373524715904213
transit,0.5670000000000001,0.5835288281586213,0.641755087395561,0.49618943930321174,0.9373334089256575
transit,0.5680000000000001,0.583546270466222,0.6417841579082287,0.49618943930321174,0.9372739167595971
transit,0.5690000000000001,0.5834020325651863,0.6417252166777784,0.4959172563962983,0.9371038195079131
transit,0.5700000000000001,0.583278677304031,0.6417010798471284,0.49564507348938486,0.936971480902959
transit,0.5710000000000001,0.5834247571907383,0.6417630910536983,0.4959172563962983,0.9369173304460319
transit,0.5720000000000001,0.5832926714280865,0.6417244033872209,0.49564507348938486,0.9368147379241081
transit,0.5730000000000001,0.5834498038469542,0.6418048354807249,0.4959172563962983,0.9367956752593443
transit,0.5740000000000001,0.5835871834633526,0.6418523462367799,0.49618943930321174,0.9367712708854474
transit,0.5750000000000001,0.5835837429588127,0.6418466120625466,0.49618943930321174,0.9366740200726569
transit,0.5760000000000001,0.5838486484080236,0.6419252106020136,0.49673380511703863,0.9366225404702962
transit,0.577,0.5835977895923353,0.6418700231184177,0.49618943930321174,0.9365172770938058
transit,0.578,0.5836769472952018,0.6420019526231951,0.49618943930321174,0.9365386439303389
transit,0.579,0.5835657924752632,0.6419981498612397,0.4959172563962983,0.9364738100551452
transit,0.58,0.5834645368875938,0.6420108458197331,0.49564507348938486,0.9364116470345181
transit,0.581,0.5833522410658936,0.6420051413881749,0.4953728905824714,0.9363143962217275
transit,0.582,0.5833179613549961,0.6419480085366794,0.4953728905824714,0.9361767159076403
transit,0.583,0.5833773933424138,0.642047061849042,0.4953728905824714,0.9361927410350401
transit,0.584,0.5835258980205321,0.6421131143746303,0.49564507348938486,0.9362034244533066
transit,0.585,0.5834444844898315,0.6421588804280717,0.4953728905824714,0.9361466031418127
transit,0.586,0.5834521280585385,0.64217161970925,0.4953728905824714,0.9360844401211856
transit,0.587,0.5838260614061563,0.6422504761414526,0.49618943930321174,0.9360329605188251
transit,0.588,0.5839734819985762,0.6423147218575437,0.4964616222101252,0.9360112269994948
transit,0.589,0.5841121195136056,0.6423643291113171,0.49673380511703863,0.9360192395631948
transit,0.59,0.5842297896483039,0.642378990731205,0.49700598802395207,0.9359894934801645
transit,0.591,0.5844081395901249,0.6424947853629646,0.4972781709308655,0.9360081894621308
transit,0.592,0.5845754681372133,0.6425922110035029,0.497550353837779,0.9359917976519337
transit,0.593,0.5846129688654563,0.6426547122172412,0.497550353837779,0.9359376471950065
transit,0.594,0.5846803049329622,0.6427669389964177,0.497550353837779,0.9358915093017792
transit,0.595,0.5847001848351967,0.6428000721668085,0.497550353837779,0.9358968510109125
transit,0.596,0.5847487899329358,0.6428810806630403,0.497550353837779,0.9358777883461489
transit,0.597,0.58464765451096,0.6428939768976897,0.4972781709308655,0.9358156253255216
transit,0.598,0.5848819871271448,0.6429216207154463,0.49782253674469246,0.9357237162218645
transit,0.599,0.5847410597708609,0.6428681970595821,0.497550353837779,0.9356508697829709
transit,0.6,0.5847189497691312,0.6428313470566992,0.497550353837779,0.935580694198644
transit,0.601,0.5847366387743912,0.6428608287321327,0.497550353837779,0.9355212020325835
transit,0.602,0.5848333472656781,0.6428405542796687,0.49782253674469246,0.9354536973028231
transit,0.603,0.584990888247789,0.6429216673119111,0.4980947196516059,0.9354346346380595
transit,0.604,0.5850495359399484,0.6430194134655101,0.4980947196516059,0.9354182428278623
transit,0.605,0.584979411041702,0.643083993906375,0.49782253674469246,0.935396509308532
transit,0.606,0.5849871831809099,0.6430969474717215,0.49782253674469246,0.935334346287905
transit,0.607,0.585024860947102,0.6431597437487084,0.49782253674469246,0.9352801958309778
transit,0.608,0.5852803045095325,0.6432225724768746,0.49836690255851934,0.9352260453740506
transit,0.609,0.5854379570269236,0.6433038714012508,0.4986390854654328,0.9352069827092869
transit,0.61,0.5855067147362714,0.6434184675834971,0.4986390854654328,0.9351932617536565
transit,0.611,0.5857643836140823,0.6434850051706308,0.49918345127925967,0.935203945171923
transit,0.612,0.585783270621594,0.6435164835164835,0.49918345127925967,0.9351768699434593
transit,0.613,0.5860698414370018,0.6436311909996121,0.49972781709308656,0.9351631489878289
transit,0.614,0.5859388455888015,0.6435943198572205,0.4994556341861731,0.935092973403502
transit,0.615,0.5857389310676666,0.6436240395312136,0.49891126837234623,0.9350334812374415
transit,0.616,0.5857888915344074,0.6437073069757815,0.49891126837234623,0.9350468355102746
transit,0.617,0.5860655425794616,0.6438054815083206,0.4994556341861731,0.9350304437000776
transit,0.618,0.5859545391066875,0.6438019309916393,0.49918345127925967,0.9349656098248839
transit,0.619,0.5861302351334122,0.6439133024315716,0.4994556341861731,0.9348870549940597
transit,0.62,0.5859971041887573,0.643872872795089,0.49918345127925967,0.9347520455345391
transit,0.621,0.5860360748122221,0.643937823834197,0.49918345127925967,0.9347303120152088
transit,0.622,0.5860128721293547,0.6438991526960848,0.49918345127925967,0.9346277194932849
transit,0.623,0.5860218217773495,0.6439140687760762,0.49918345127925967,0.9345979734102547
transit,0.624,0.5859875329222793,0.6438569206842925,0.49918345127925967,0.9344602930961674
transit,0.625,0.5860165131917474,0.643905221133406,0.49918345127925967,0.9344358887222705
transit,0.626,0.5858944352647193,0.6438832131929679,0.49891126837234623,0.9343359670549134
transit,0.627,0.5859334484521828,0.6439482351720739,0.49891126837234623,0.934314233535583
transit,0.628,0.5859223671409348,0.6439297663199938,0.49891126837234623,0.9342791457434194
transit,0.629,0.5859613945084716,0.6439948119325551,0.49891126837234623,0.9342574122240892
transit,0.63,0.5861203905000292,0.6440783499805421,0.49918345127925967,0.9342707664969223
transit,0.631,0.586517203798848,0.6441953396647465,0.5,0.9342894624788887
transit,0.632,0.5866551204377577,0.6442437454583204,0.5002721829069134,0.9342650581049917
transit,0.633,0.5866254770125386,0.6443757950208977,0.5,0.9342540080039279
transit,0.634,0.5867523441985195,0.6444057850595902,0.5002721829069134,0.9341945158378675
transit,0.635,0.5869616364120175,0.6445731501441446,0.5005443658138269,0.9342212243835337
transit,0.636,0.5870895682129053,0.6446049145410152,0.5008165487207403,0.9341941491550702
transit,0.637,0.587226523854782,0.6446517186728675,0.5010887316276538,0.9341373278435763
transit,0.638,0.587114561276238,0.6446465696465696,0.5008165487207403,0.9340400770307857
transit,0.639,0.587184935710062,0.6447638603696099,0.5008165487207403,0.9340587730127522
transit,0.64,0.5873319905841401,0.6448274965551309,0.5010887316276538,0.934004622555825
transit,0.641,0.587131300887062,0.6448559242692188,0.5005443658138269,0.9339127134521676
transit,0.642,0.5872904918320421,0.6449397872395766,0.5008165487207403,0.9339260677250009
transit,0.643,0.5874265164574879,0.6449850396773773,0.5010887316276538,0.9338368294759102
transit,0.644,0.5877127361396759,0.6450991619384728,0.5016330974414807,0.9337906915826829
transit,0.645,0.588001012635196,0.6452167122217883,0.5021774632553075,0.9338093875646493
transit,0.646,0.5879304495954181,0.6452805624267673,0.5019052803483941,0.933755237107722
transit,0.647,0.5882076946978294,0.6453797270549015,0.502449646162221,0.933738845297525
transit,0.648,0.5882571326130597,0.6454621235802855,0.502449646162221,0.9337197826327612
transit,0.649,0.5882974908116996,0.6455293872446852,0.502449646162221,0.9337304660510278
transit,0.65,0.5882471971232426,0.645627019701866,0.5021774632553075,0.9336816573032338
transit,0.651,0.5881868403789761,0.645707880399364,0.5019052803483941,0.9336301777008733
transit,0.652,0.5879035648125753,0.6455986649979141,0.5013609145345672,0.9334520678854894
transit,0.653,0.5878803939791678,0.6455600469422349,0.5013609145345672,0.9333494753635655
transit,0.654,0.5879299202390558,0.6456425907087149,0.5013609145345672,0.9333304126988018
transit,0.655,0.587830165648218,0.6456577883285941,0.5010887316276538,0.9333006666157716
transit,0.656,0.5877607373195334,0.6457235297187288,0.5008165487207403,0.9332789330964413
transit,0.657,0.5878204211951104,0.6458230028446903,0.5008165487207403,0.9332625412862441
transit,0.658,0.5878386923693424,0.6458534548017437,0.5008165487207403,0.9332030491201837
transit,0.659,0.5879880314841119,0.6459208980550841,0.5010887316276538,0.9332137325384502
transit,0.66,0.587777479972221,0.6459328894111503,0.5005443658138269,0.9331191525802263
transit,0.661,0.5878676170253192,0.6460831178329807,0.5005443658138269,0.9331107733337292
transit,0.662,0.5877871926485783,0.6461305324763548,0.5002721829069134,0.9330539520222353
transit,0.663,0.5880334011425494,0.6461779694237555,0.5008165487207403,0.9329971307107414
transit,0.664,0.5883469943677625,0.6461562589852837,0.5016330974414807,0.9328972090433844
transit,0.665,0.588743604641059,0.6462729102936178,0.502449646162221,0.9328834880877539
transit,0.666,0.5887721070134526,0.646320414247607,0.502449646162221,0.93282666677626
transit,0.667,0.5888218673584276,0.6464033481558985,0.502449646162221,0.9328076041114963
transit,0.668,0.5888697475165945,0.6464831484195102,0.502449646162221,0.9327237075715389
transit,0.669,0.5887063120575995,0.6463922112591274,0.5021774632553075,0.9325806855483184
transit,0.67,0.5887208897248626,0.6464165073712326,0.5021774632553075,0.9323915256318706
transit,0.671,0.5886812236230123,0.6465318524727579,0.5019052803483941,0.9323453877386433
transit,0.672,0.5885695017166557,0.6465271045667724,0.5016330974414807,0.9322481369258527
transit,0.673,0.5887393664041829,0.6466287571080421,0.5019052803483941,0.9322641620532525
transit,0.674,0.5888197792428963,0.6467627785058978,0.5019052803483941,0.9322531119521886
transit,0.675,0.5890609320729755,0.6469832446180874,0.5021774632553075,0.9322878330615547
transit,0.676,0.5893795720431401,0.6471514006924772,0.5027218290691344,0.9322821246696242
transit,0.677,0.5893879157187417,0.64716530681848,0.5027218290691344,0.9322199616489972
transit,0.678,0.589597772751788,0.6473336132689481,0.5029940119760479,0.9322142532570665
transit,0.679,0.58987487017507,0.6474325317652001,0.5035383777898748,0.9321654445092726
transit,0.68,0.5899564707462408,0.6475685327171515,0.5035383777898748,0.9321868113458057
transit,0.681,0.5899111355301017,0.6474929740235863,0.5035383777898748,0.932014043239555
transit,0.682,0.5900488144426497,0.6475409836065573,0.5038105606967882,0.9319572219280612
transit,0.683,0.5902486761232846,0.6476926311363398,0.5040827436037016,0.9319488426815639
transit,0.684,0.5905685767989235,0.6478628883865202,0.5046271094175285,0.9319755512272302
transit,0.685,0.5905277055541447,0.6479762249164979,0.5043549265106151,0.9318645794588092
transit,0.686,0.5905881851567794,0.6480770242542222,0.5043549265106151,0.9318481876486121
transit,0.687,0.5905483035049577,0.6481920101057951,0.5040827436037016,0.931769632817788
transit,0.6880000000000001,0.5903595191645956,0.6482402800810761,0.5035383777898748,0.9317128115062941
transit,0.6890000000000001,0.590018290547996,0.6482159315339039,0.5027218290691344,0.9315480559637433
transit,0.6900000000000001,0.5903581112513931,0.6484193888303478,0.5032661948829613,0.931547689280946
transit,0.6910000000000001,0.5903768826749383,0.6484506745362563,0.5032661948829613,0.9314881971148855
transit,0.6920000000000001,0.5904785699956738,0.6486201534041488,0.5032661948829613,0.9314824887229549
transit,0.6930000000000001,0.5903773880697041,0.6486329721321417,0.5029940119760479,0.931387908764731
transit,0.6940000000000001,0.5905880477390268,0.6488026163097372,0.5032661948829613,0.9313822003728005
transit,0.6950000000000001,0.5906171593576744,0.6488511356741499,0.5032661948829613,0.9313253790613067
transit,0.6960000000000001,0.5906557152994663,0.6489153955771363,0.5032661948829613,0.9312388116667827
transit,0.6970000000000001,0.5907362562002806,0.6490496304118268,0.5032661948829613,0.931195344628122
transit,0.6980000000000001,0.5909051578128972,0.6491496778282455,0.5035383777898748,0.931146535880328
transit,0.6990000000000001,0.5908151942764809,0.6491811938721606,0.5032661948829613,0.9310870437142675
transit,0.7000000000000001,0.5907758734723766,0.6492971144699291,0.5029940119760479,0.9310084888834433
transit,0.7010000000000001,0.5906739923926347,0.6493087679416351,0.5027218290691344,0.9308814919876227
transit,0.7020000000000001,0.590775363916428,0.6494777204812905,0.5027218290691344,0.9308433666580953
transit,0.7030000000000001,0.5910174412940303,0.6496997275060187,0.5029940119760479,0.9308456708298646
transit,0.704,0.5906875888959515,0.6496943393230475,0.5021774632553075,0.9307160030794772
transit,0.705,0.5907574061011488,0.6498107013317096,0.5021774632553075,0.930637448248653
transit,0.706,0.5906675751587153,0.649842438365596,0.5019052803483941,0.9305779560825925
transit,0.707,0.590909928794321,0.65006490582033,0.5021774632553075,0.9305802602543619
transit,0.708,0.5909727029246452,0.6499880740995946,0.502449646162221,0.9303750752105142
transit,0.709,0.5912516817705908,0.6500901283002862,0.5029940119760479,0.9303586834003172
transit,0.71,0.5913002382537018,0.6501710557721379,0.5029940119760479,0.9302423699227629
transit,0.711,0.5917080780446665,0.650306422943252,0.5038105606967882,0.9301989028841022
transit,0.712,0.5916293309779402,0.6501751778320416,0.5038105606967882,0.9299208714013611
transit,0.713,0.5917313405824859,0.6503451938396176,0.5038105606967882,0.9298827460718337
transit,0.714,0.591793518377616,0.6504488234981677,0.5038105606967882,0.9298987711992335
transit,0.715,0.5920460219246608,0.650688207471967,0.5040827436037016,0.9298713292879726
transit,0.716,0.5925741453527622,0.6508425921003668,0.5051714752313554,0.9298629500414753
transit,0.717,0.5927215253730547,0.6509067701962452,0.505443658138269,0.9297439657093545
transit,0.718,0.5927311572077569,0.6509228232540822,0.505443658138269,0.9297142196263242
transit,0.719,0.5923688420110852,0.6508633304067897,0.5046271094175285,0.9295117054370432
transit,0.72,0.5925385592451461,0.6509647371922821,0.504899292324442,0.9294628966892493
transit,0.721,0.5925202797791539,0.6511157266869042,0.5046271094175285,0.9293572666299617
transit,0.722,0.5925604112078807,0.6511826124014489,0.5046271094175285,0.9293031161730344
transit,0.723,0.5926005640206481,0.6512495337560612,0.5046271094175285,0.9292489657161072
transit,0.724,0.5924255149080434,0.651139240506329,0.5043549265106151,0.9290708559007232
transit,0.725,0.5928860592974694,0.6513624486748787,0.5051714752313554,0.9290407431348957
transit,0.726,0.5931961547744785,0.6515163639273426,0.5057158410451824,0.9289999469508017
transit,0.727,0.5932148316155116,0.651547491995731,0.5057158410451824,0.9289080378471444
transit,0.728,0.5931903319341271,0.6515066591934235,0.5057158410451824,0.9287406114500268
transit,0.729,0.5933036928933734,0.6516955941255007,0.5057158410451824,0.9287051569750661
transit,0.73,0.5933760800078165,0.6518162393162392,0.5057158410451824,0.9286914360194356
transit,0.731,0.5932949877061654,0.6518625407514297,0.505443658138269,0.9285373638951513
transit,0.732,0.5931050489798249,0.6519088867500802,0.504899292324442,0.928383291770867
transit,0.733,0.5929688676540226,0.6520448284162943,0.5043549265106151,0.9283074077946094
transit,0.734,0.5930637514811365,0.6520215128568752,0.5046271094175285,0.9281426522520585
transit,0.735,0.5936458481823065,0.6522658529403892,0.5057158410451824,0.9281800442159913
transit,0.736,0.5934901942284745,0.6521878849552782,0.505443658138269,0.9279424422345468
transit,0.737,0.5935725100515135,0.6521436227224009,0.5057158410451824,0.9276777650246388
transit,0.738,0.5934699219025289,0.6521540977453688,0.505443658138269,0.9274859342536244
transit,0.739,0.5935419773080861,0.6522741900879641,0.505443658138269,0.9274397963603971
transit,0.74,0.5936249824778008,0.6522310767662132,0.5057158410451824,0.9272075360880859
transit,0.741,0.5937289724674362,0.6522229381443299,0.5059880239520959,0.926980617524908
transit,0.742,0.5940161206163602,0.6523386078499852,0.5065323897659227,0.9268048118812933
transit,0.743,0.5943067992947542,0.6524601617714239,0.5070767555797496,0.9267910909256629
transit,0.744,0.5942905883109681,0.6526145987363894,0.5068045726728362,0.926717877803972
transit,0.745,0.5943306720576773,0.6526814049809048,0.5068045726728362,0.9266313104094479
transit,0.746,0.5943707838432742,0.6527482579568996,0.5068045726728362,0.9265447430149238
transit,0.747,0.5944882646340472,0.6525811487323034,0.5073489384866631,0.9262613698230494
transit,0.748,0.5946569908244169,0.6526809037783105,0.5076211213935765,0.926115310262465
transit,0.749,0.5946311397251841,0.6526378186129225,0.5076211213935765,0.9258830499901538
transit,0.75,0.5945069447805498,0.6526122823098076,0.5073489384866631,0.9256534605724092
transit,0.751,0.5948606258334799,0.6528388401888066,0.50789330430049,0.9256233478065816
transit,0.752,0.5948673417335457,0.6530314886268584,0.5076211213935765,0.9256203102692178
transit,0.753,0.5949940564140735,0.6530612244897959,0.50789330430049,0.9254635672903668
transit,0.754,0.5950244744135941,0.6531119211556635,0.50789330430049,0.925406745978873
transit,0.755,0.5950535940054472,0.6531604538087521,0.50789330430049,0.9252850907921855
transit,0.756,0.5949632731804647,0.6531913743717235,0.5076211213935765,0.9251607647509313
transit,0.757,0.5949371963089911,0.6533293681905431,0.5073489384866631,0.9250848807746738
transit,0.758,0.594789143265179,0.6534455236600741,0.5068045726728362,0.9248766581934622
transit,0.759,0.5949922352801325,0.6536025550803877,0.5070767555797496,0.9248358620093682
transit,0.76,0.5947281947236549,0.6535253980288096,0.5065323897659227,0.9246306769655206
transit,0.761,0.5950071122660332,0.6536273500568889,0.5070767555797496,0.924517034342533
transit,0.762,0.5951340627513608,0.6536574789278261,0.5073489384866631,0.9243602913636819
transit,0.763,0.5950007488645861,0.6536167443878105,0.5070767555797496,0.9241928649665645
transit,0.764,0.5953229636801758,0.6537908585379086,0.5076211213935765,0.9241223226994402
transit,0.765,0.5951671047042615,0.6537125488493271,0.5073489384866631,0.9238847207179959
transit,0.766,0.5951413728912034,0.6536696624942302,0.5073489384866631,0.9236524604456846
transit,0.767,0.5952359843695118,0.6538273482914109,0.5073489384866631,0.9236116642615906
transit,0.768,0.5950913614889449,0.6537677654284084,0.5070767555797496,0.9234091500723096
transit,0.769,0.5950113263639334,0.6538158288246649,0.5068045726728362,0.9232550779480253
transit,0.77,0.5950401926412042,0.6538639392867829,0.5068045726728362,0.923101005823741
transit,0.771,0.5951002987121832,0.6541455713430235,0.5065323897659227,0.9230464886840164
transit,0.772,0.5949764396257868,0.6541205948036385,0.5062602068590093,0.9228168992662719
transit,0.773,0.5953200740138122,0.6543304082411294,0.5068045726728362,0.922719281770684
transit,0.774,0.5952837125525859,0.654451261077028,0.5065323897659227,0.922608310002263
transit,0.775,0.5952259988328612,0.6545365268154291,0.5062602068590093,0.9224919965247087
transit,0.776,0.5951896722632545,0.6544759825327512,0.5062602068590093,0.9222570653978309
transit,0.777,0.59507600486159,0.6544679921345861,0.5059880239520959,0.9219977298970561
transit,0.778,0.5948761188460825,0.6544977593179583,0.505443658138269,0.9218085699806083
transit,0.779,0.5956230023522104,0.6546538335338511,0.5070767555797496,0.9216705229837238
transit,0.78,0.595543997190151,0.6547036135350275,0.5068045726728362,0.9215488677970363
transit,0.781,0.595659496538729,0.6547146571780484,0.5070767555797496,0.9213246200884249
transit,0.782,0.5953060548060523,0.6546699534374143,0.5062602068590093,0.92102752594092
transit,0.783,0.5954323162264831,0.6546989338668566,0.5065323897659227,0.9208059490868754
transit,0.784,0.5958632080610042,0.6550541763818406,0.5070767555797496,0.9207296984278205
transit,0.785,0.5960242876693009,0.6551411871243927,0.5073489384866631,0.9206458018878632
transit,0.786,0.5958989215002728,0.6551136987806216,0.5070767555797496,0.920318961657328
transit,0.787,0.5960271076766588,0.6551458871366559,0.5073489384866631,0.920194635616074
transit,0.788,0.5961425779517882,0.6553383375952048,0.5073489384866631,0.9200295133907257
transit,0.789,0.5962820788334547,0.6555708390646492,0.5073489384866631,0.9199994006248982
transit,0.79,0.596387613935615,0.655746730901583,0.5073489384866631,0.9198640244825802
transit,0.791,0.5965474293298398,0.6558316346206821,0.5076211213935765,0.9196828771298322
transit,0.792,0.5964559498571198,0.6558606241040909,0.5073489384866631,0.9194288833381907
transit,0.793,0.5964322908030132,0.6560026476185222,0.5070767555797496,0.9193529993619332
transit,0.794,0.5963642131750948,0.6560706401766004,0.5068045726728362,0.9192015980922155
transit,0.795,0.5967216726943504,0.6563034954994753,0.5073489384866631,0.9191390683887911
transit,0.796,0.5967195297266505,0.6564813791579179,0.5070767555797496,0.91903610918407
transit,0.797,0.5967917142601039,0.6566016867136735,0.5070767555797496,0.9187954696652616
transit,0.798,0.5964600810831636,0.6565933305659332,0.5062602068590093,0.9184713002892931
transit,0.799,0.5962045816822803,0.6565304087736789,0.5057158410451824,0.9181391183496248
transit,0.8,0.5962447101674841,0.6565972895823519,0.5057158410451824,0.9179228832047134
transit,0.801,0.5961437454203475,0.6566104702750665,0.505443658138269,0.9177310524336989
transit,0.802,0.5959006241291109,0.6565681786655568,0.504899292324442,0.9174987921613877
transit,0.803,0.5961705561038717,0.6568366100188826,0.5051714752313554,0.917344353354306
transit,0.804,0.5961234654707139,0.6569395809015619,0.504899292324442,0.917101042980931
transit,0.805,0.5961634216636034,0.6570061745563777,0.504899292324442,0.9168523908984227
transit,0.806,0.5961580967076227,0.6569972996297431,0.504899292324442,0.9164958045848575
transit,0.807,0.596472727879263,0.6571587743732591,0.505443658138269,0.9163901745255697
transit,0.808,0.5968404448596638,0.6572272701934334,0.5062602068590093,0.9162063563182551
transit,0.809,0.5965510094821211,0.6571077884400803,0.5057158410451824,0.9158013279396933
transit,0.81,0.5966471861989278,0.6572680829680914,0.5057158410451824,0.9156308640052118
transit,0.811,0.5966552879206515,0.6574630411089065,0.505443658138269,0.915368490967073
transit,0.812,0.5967522556152729,0.6576246539332755,0.505443658138269,0.9152304439701884
transit,0.8130000000000001,0.5972222166349197,0.6580450117568022,0.5059880239520959,0.9151622058748334
transit,0.8140000000000001,0.5965407599776347,0.6579979822889811,0.5043549265106151,0.9147030270393444
transit,0.8150000000000001,0.5964279483823899,0.6579914182348487,0.5040827436037016,0.9144112746009727
transit,0.8160000000000001,0.5961371210075778,0.6578696164860465,0.5035383777898748,0.9139089954096202
transit,0.8170000000000001,0.5964251236181564,0.657805255023184,0.5043549265106151,0.9135119795947582
transit,0.8180000000000001,0.5963113152632629,0.6577970297029704,0.5040827436037016,0.9131553932811929
transit,0.8190000000000001,0.5963406026495206,0.6578458420134,0.5040827436037016,0.9128716534065211
transit,0.8200000000000001,0.5963241110520987,0.6578183560176967,0.5040827436037016,0.9124799793007924
transit,0.8210000000000001,0.5963307508710836,0.6578294223826715,0.5040827436037016,0.9121584807793905
transit,0.8220000000000001,0.595789147724987,0.657652571557613,0.5029940119760479,0.9117130228995319
transit,0.8230000000000001,0.5959759382650314,0.6579638891243537,0.5029940119760479,0.9115639258015835
transit,0.8240000000000001,0.5958626350806104,0.6579565057549278,0.5027218290691344,0.9112397564256149
transit,0.8250000000000001,0.5959359896328065,0.6580787633419213,0.5027218290691344,0.910901866094016
transit,0.8260000000000001,0.5960060382522192,0.6580140557696667,0.5029940119760479,0.9105048502791541
transit,0.8270000000000001,0.5965616202461097,0.6582142046743816,0.5040827436037016,0.910307311116209
transit,0.8280000000000001,0.5966303672646651,0.6581473277673653,0.5043549265106151,0.9098130444885564
transit,0.8290000000000001,0.5962942771466591,0.6579500881132396,0.5038105606967882,0.9093324988165343
transit,0.8300000000000001,0.5961477022166951,0.6578872518345753,0.5035383777898748,0.9090327338144628
transit,0.8310000000000001,0.5962736548026333,0.6579157175398633,0.5038105606967882,0.9086490722724339
transit,0.8320000000000001,0.5956203738876604,0.6577341923712868,0.502449646162221,0.9080739466421879
transit,0.833,0.5955341867464194,0.6575905471358849,0.502449646162221,0.9075365796586718
transit,0.834,0.595496180973671,0.6575272041813042,0.502449646162221,0.9072368146566004
transit,0.835,0.5956626971341781,0.6574418205729315,0.5029940119760479,0.9068047110495749
transit,0.836,0.5959754335736475,0.6576001374294959,0.5035383777898748,0.9063749116143187
transit,0.837,0.5964217848563815,0.6577996904202259,0.5043549265106151,0.9060801216385831
transit,0.838,0.5962503360504559,0.6576953976816252,0.5040827436037016,0.905645347176991
transit,0.839,0.5960551601091284,0.6575515597173551,0.5038105606967882,0.9051403971310719
transit,0.84,0.596473363679134,0.6578856551248132,0.5043549265106151,0.9049291370124963
transit,0.841,0.5965295577968851,0.6581607672590074,0.5040827436037016,0.9045801965798337
transit,0.842,0.5964508623116345,0.6582110633881987,0.5038105606967882,0.9042964567051619
transit,0.843,0.5967663580324547,0.6583739790470143,0.5043549265106151,0.9039639080826962
transit,0.844,0.5961075123268738,0.6583646344986999,0.5027218290691344,0.9035424878939372
transit,0.845,0.5963890616215771,0.6584709727806543,0.5032661948829613,0.9032019267077716
transit,0.846,0.5962521839374209,0.6584242985783363,0.5029940119760479,0.9028075817474762
transit,0.847,0.5965470558886179,0.6585528412877799,0.5035383777898748,0.9025993591662647
transit,0.848,0.5963529433452476,0.6587736861959896,0.5027218290691344,0.902242406169902
transit,0.849,0.596262082559244,0.6588037068239259,0.502449646162221,0.9018587446278732
transit,0.85,0.5963602221012521,0.6589672727272726,0.502449646162221,0.9014613621302138
transit,0.851,0.5963192118001637,0.6588989222254586,0.502449646162221,0.9009346785649643
transit,0.852,0.5962984902595475,0.6590458415957074,0.5021774632553075,0.9006318760255289
transit,0.853,0.5962595607317265,0.6593438695918905,0.5016330974414807,0.9001883556346422
transit,0.854,0.5961560912833723,0.6593528757825756,0.5013609145345672,0.8996723554876593
transit,0.855,0.5957178342144391,0.6591668131481806,0.5005443658138269,0.8990323959822195
transit,0.856,0.5951687653842773,0.6589775195163468,0.4994556341861731,0.8982627687263924
transit,0.857,0.595053791337764,0.6589673513767669,0.49918345127925967,0.8977765146624397
transit,0.858,0.594982019682244,0.6592106424934515,0.4986390854654328,0.8973898155830469
transit,0.859,0.5946269522347067,0.6591632292280496,0.49782253674469246,0.8969630536851546
transit,0.86,0.5948590150368006,0.659368545293597,0.4980947196516059,0.8965710128966284
transit,0.861,0.5945637450694949,0.6592393392239724,0.497550353837779,0.8959390659548887
transit,0.862,0.5944930149446462,0.6593029109538334,0.4972781709308655,0.8952365767460244
transit,0.863,0.5947137085784429,0.659489278405552,0.497550353837779,0.8948094481653349
transit,0.864,0.5944636096749158,0.6596168127135007,0.49673380511703863,0.8943418900833486
transit,0.865,0.5940699214805869,0.659686486808055,0.49564507348938486,0.8938987363752593
transit,0.866,0.593823479228788,0.6594572049929991,0.4953728905824714,0.8931886012854926
transit,0.867,0.5929983103189171,0.6589891998329257,0.4940119760479042,0.8923491651281359
transit,0.868,0.5930980512302553,0.6591554346851559,0.4940119760479042,0.8918545318176859
transit,0.869,0.5926166455965012,0.6592603683186106,0.492651061513337,0.8912222181931487
transit,0.87,0.5923896986242798,0.6592450339074597,0.49210669569951004,0.8904766286284213
transit,0.871,0.592346810511209,0.6591735537190083,0.49210669569951004,0.8898851111879782
transit,0.872,0.591929151342298,0.6590218209179834,0.4912901469787697,0.8892504933916716
transit,0.873,0.5916911846845142,0.6589881203642285,0.49074578116494283,0.8885994837851681
transit,0.874,0.5907879294342073,0.6583899713034285,0.4893848666303756,0.8875495208748305
transit,0.875,0.5907063535620131,0.6584354667877137,0.48911268372346217,0.8869416116241903
transit,0.876,0.5898518960371011,0.6582815578117897,0.48720740337506807,0.8863069938278838
transit,0.877,0.5898662765618012,0.6581240700816811,0.4874795862819815,0.88554270828119
transit,0.878,0.5896034771337386,0.6578675263061857,0.48720740337506807,0.8848299023368567
transit,0.879,0.5885847701935065,0.6574398683047282,0.4853021230266739,0.8837067263048282
transit,0.88,0.5882830662327259,0.6572999389126452,0.48475775721284703,0.882945111612701
transit,0.881,0.588283268174395,0.6573002754820937,0.48475775721284703,0.8822021929025401
transit,0.882,0.587691242361587,0.6572208421504585,0.4833968426782798,0.8814810077117095
transit,0.883,0.586928526088451,0.6570383799895523,0.4817637452367991,0.8806816343728522
transit,0.884,0.5862730163344794,0.6570345953605865,0.48013064779531844,0.879809047912304
transit,0.885,0.5860650284376095,0.6568694041370793,0.479858464888405,0.8789475115528196
transit,0.886,0.5854554837373747,0.6567607726597325,0.4784975503538378,0.8779643200066476
transit,0.887,0.5844873526610416,0.6567803183073248,0.47604790419161674,0.8772240721510534
transit,0.888,0.5841106991340042,0.6566969282427558,0.4752313554708764,0.8764380530850292
transit,0.889,0.5832185215624408,0.6562986972511375,0.47359825802939576,0.8753526356997308
transit,0.89,0.5825386841030734,0.655891455903961,0.472509526401742,0.8740402997512544
transit,0.891,0.5825875191920292,0.6554284819050604,0.4733260751224823,0.8729792867398531
transit,0.892,0.5818163862472192,0.655231991958031,0.47169297768100166,0.8719854117754147
transit,0.893,0.5820785452978905,0.6553060131665985,0.47223734349482854,0.8711235087331329
transit,0.894,0.5816978960859424,0.6552159636271785,0.4714207947740882,0.870272655791915
transit,0.895,0.5804295654914167,0.6541908109306228,0.4697876973326075,0.8686559464978286
transit,0.896,0.5798153974149528,0.6540744738262277,0.4684267827980403,0.8677375888268504
transit,0.897,0.5788370506693036,0.6533511722731906,0.46706586826347307,0.8661285254136665
transit,0.898,0.5777178539549755,0.6527560313149066,0.4651605879150789,0.8647299887534634
transit,0.899,0.5759532318761686,0.6521739130434783,0.46162221012520416,0.8632368721350365
transit,0.9,0.5752263847251768,0.6515068669389855,0.4608056614044638,0.8617979059735368
transit,0.901,0.5740309377198942,0.6506031868911684,0.4591725639629831,0.8602971434742073
transit,0.902,0.573094569500554,0.649949849548646,0.4578116494284159,0.858893265104871
transit,0.903,0.5719649272882806,0.6491558441558442,0.45617855198693524,0.8572788599825538
transit,0.904,0.5718276057854965,0.6487455197132618,0.4564507348938487,0.8558746149304203
transit,0.905,0.5707423048689517,0.6482068717512832,0.45454545454545453,0.8544867616884837
transit,0.906,0.5696306450362556,0.6474428369911099,0.4529123571039739,0.8529101152128967
transit,0.907,0.5690924022761419,0.6465457657242538,0.4529123571039739,0.8513174436099098
transit,0.908,0.5673617673983125,0.6458388375165125,0.4496461622210125,0.8498136435732164
transit,0.909,0.5661878274031136,0.6449710024855013,0.44801306477953184,0.848193896741766
transit,0.91,0.565089174771713,0.6436842805803276,0.4471965160587915,0.8461370712769543
transit,0.911,0.564532727688307,0.6427568687746505,0.4471965160587915,0.8441904842149688
transit,0.912,0.5634314110859762,0.6418286174604774,0.4458356015242243,0.8423411479657739
transit,0.913,0.5622450634617384,0.6411215583190106,0.44393032117583014,0.8406806049502293
transit,0.914,0.5605938942060323,0.6400027070009812,0.44148067501360916,0.8387774849269045
transit,0.915,0.5587351184300784,0.6385378448158718,0.4390310288513881,0.836704634334693
transit,0.916,0.5564742599704934,0.637310121181089,0.4352204681545999,0.8345341662468935
transit,0.917,0.5546638462649975,0.6362887729892945,0.432226456178552,0.8323904067047603
transit,0.918,0.5522297269203071,0.6345908259413938,0.4286880783886772,0.829653192233212
transit,0.919,0.5500161875215651,0.6330790568654646,0.42542188350571586,0.8274209278075828
transit,0.92,0.5478634841874832,0.6314872259593601,0.42242787152966793,0.8249888200472393
transit,0.921,0.5440251331445537,0.6290819901892081,0.41643984757757213,0.8220768999804682
transit,0.922,0.5387814408121987,0.625423250564334,0.4088187261839956,0.8180913459950573
transit,0.923,0.535647354887728,0.6232845136352353,0.4041916167664671,0.8153464856426065
transit,0.924,0.5322709867239306,0.6209234282452009,0.39929232444202506,0.8122911768698176
transit,0.925,0.5292240729530345,0.6185670676961753,0.39520958083832336,0.8091763759309683
transit,0.926,0.5260708767322281,0.6158521144593567,0.3913990201415351,0.8056729384237542
transit,0.927,0.5240705451352741,0.6134255048208114,0.3900381056069679,0.8027797143389495
transit,0.928,0.5197716254850906,0.6102526547052362,0.3840500816548721,0.7993254522623265
transit,0.929,0.5166877704856496,0.6074718148994178,0.3805117038649973,0.7961759302141111
transit,0.93,0.5122346034798192,0.6038604305864886,0.3747958628198149,0.7922681976939296
transit,0.931,0.5088800701753757,0.6006284602723327,0.3712574850299401,0.788538208306335
transit,0.932,0.505243297231896,0.5969260905597831,0.36771910724006535,0.7847898896195711
transit,0.933,0.5008412563507365,0.5933999164546387,0.362003266194883,0.7809115364996226
transit,0.934,0.49786359585012546,0.5907960674802036,0.3584648884050082,0.7777452559584128
transit,0.935,0.4941987458560356,0.5877727237684064,0.3538377789874796,0.7743146648900922
transit,0.936,0.49099412348030513,0.5844276944595541,0.35084376701143166,0.7706952805881211
transit,0.937,0.4867651573135342,0.5808270676691729,0.3456722917800762,0.7669896955744233
transit,0.9380000000000001,0.482926335412984,0.5776952260512173,0.34077299945563416,0.7632833771951308
transit,0.9390000000000001,0.4783012727714616,0.5732529831983079,0.33587370713119213,0.7588085316084032
transit,0.9400000000000001,0.47360144314851926,0.5677788523533205,0.3323353293413174,0.7539133658813086
transit,0.9410000000000001,0.46876996512723645,0.5626296733249259,0.32798040283070223,0.7492851815358913
transit,0.9420000000000001,0.46172494314994106,0.5561501728964269,0.3200870985302123,0.7435883382981701
transit,0.9430000000000001,0.45579969114166685,0.5500853135794248,0.3143712574850299,0.7383880658598706
transit,0.9440000000000001,0.4503392502882594,0.5435249526216045,0.3105606967882417,0.7328395863545031
transit,0.9450000000000001,0.44484747808634245,0.537275283292153,0.3062057702776266,0.7276202512514399
transit,0.9460000000000001,0.439402509114736,0.530740708804001,0.3023952095808383,0.7222632358342895
transit,0.9470000000000001,0.43312463129042045,0.5235437739797698,0.2974959172563963,0.7168474616166735
transit,0.9480000000000001,0.4272607763745045,0.5163110562511022,0.29368535655960804,0.7115369507755477
transit,0.9490000000000001,0.42062275662788084,0.508876795432242,0.2882416984213391,0.7061021138931678
transit,0.9500000000000001,0.41513906719045274,0.5028220526482142,0.28361458900381054,0.7013275033043687
transit,0.9510000000000001,0.40689447985262284,0.4937989108049975,0.27653783342406096,0.6951237725317563
transit,0.9520000000000001,0.39969936229558656,0.48507324309289823,0.27163854109961894,0.6892789322444786
transit,0.9530000000000001,0.39280265164954,0.4777521965888268,0.2653783342406097,0.684067243022318
transit,0.9540000000000001,0.3875721530905426,0.47103070697452987,0.26238432226456176,0.6792708989141886
transit,0.9550000000000001,0.38028208218532555,0.4621467836821294,0.25748502994011974,0.6737174443824852
transit,0.9560000000000001,0.3723292487215213,0.45379135356689765,0.2501360914534567,0.6686281437126067
transit,0.9570000000000001,0.3639430665136134,0.4430805781033459,0.2452367991290147,0.6623679583112979
transit,0.9580000000000001,0.3570828614594741,0.4340058215396969,0.2416984213391399,0.6569651716837175
transit,0.9590000000000001,0.34962903237065274,0.424486057398738,0.23734349482852476,0.6515112721365739
transit,0.96,0.3431104327359106,0.41652500901457784,0.23298856831790962,0.6469746302120165
transit,0.961,0.33399065519569104,0.4067690379191476,0.22482308111050625,0.6416637526880935
transit,0.962,0.32370886110101554,0.39416909620991253,0.21801850843767012,0.6352986705930915
transit,0.963,0.3134186436936671,0.3808292945611201,0.21230266739248776,0.628728403454242
transit,0.964,0.3021823178708817,0.36809010880857346,0.20332063146434404,0.6226058983670204
transit,0.965,0.2927094510149856,0.3570198344352464,0.19624387588459444,0.6171947324929428
transit,0.966,0.28135270617059904,0.3440799503133646,0.18726183995645074,0.6112526413928746
transit,0.967,0.2693815017781762,0.32939014585965315,0.1793685356559608,0.6048090044670484
transit,0.968,0.2556295205436437,0.31282111163007936,0.1698421339139902,0.5979316931280221
transit,0.969,0.2434931906785423,0.29731173224141005,0.16276537833424062,0.5916367866173471
transit,0.97,0.22884129802699626,0.277791203479942,0.15541643984757758,0.5841068948656426
transit,0.971,0.21426949785117172,0.2587670727205611,0.14752313554708765,0.5769786272723387
transit,0.972,0.20038808365936944,0.2398048536402302,0.14126292868807838,0.5701691873458701
transit,0.973,0.18658351477417134,0.22042634425707924,0.13581927054980947,0.5634188729026646
transit,0.974,0.1730196976751868,0.20144908785095095,0.13037561241154055,0.5570301197993602
transit,0.975,0.16037260562563746,0.1841811617984903,0.1246597713663582,0.5513995771680219
transit,0.976,0.14678014242031823,0.16461179606797732,0.12003266194882961,0.5452217175004959
transit,0.977,0.13591307644451356,0.14813311688311687,0.1175830157866086,0.5401518461781785
transit,0.978,0.12314860379086347,0.12885500377773199,0.1145890038105607,0.5344053567520832
transit,0.979,0.11291419817415843,0.11343075852470426,0.11213935764833968,0.5299373196056781
transit,0.98,0.10221567587140817,0.09596279856267174,0.1115949918345128,0.5249925076902096
transit,0.981,0.09272495690404993,0.08177803105855536,0.10914534567229178,0.5210805335092868
transit,0.982,0.08578801238050551,0.0707608226664749,0.10832879695155144,0.5181178672057499
transit,0.983,0.07958104496467933,0.06114169805853376,0.10724006532389765,0.5155602292807749
transit,0.984,0.07320129364315042,0.05069023446059455,0.10696788241698421,0.5128298232495492
transit,0.985,0.06834154136058009,0.042772102594252966,0.10669569951007077,0.5107901229605291
transit,0.986,0.06273448450747454,0.03342700783907706,0.10669569951007077,0.508389228014405
transit,0.987,0.057761954032365975,0.02513945704722945,0.10669569951007077,0.5062904022421217
transit,0.988,0.05264013755587933,0.016603096253085033,0.10669569951007077,0.5041431344048419
transit,0.989,0.0484479439915424,0.009616106979190143,0.10669569951007077,0.5024031991178933
transit,0.99,0.04566088129532905,0.004971002485501243,0.10669569951007077,0.5012406936329601
transit,0.991,0.043764662301199186,0.0018106374952847981,0.10669569951007077,0.5004504329061946
transit,0.992,0.04322175806489787,0.0009057971014492755,0.10669569951007077,0.5002265518803806
transit,0.993,0.042768893713263374,0.000151023182058446,0.10669569951007077,0.5000377586467301
transit,0.994,0.04267827980402831,0.0,0.10669569951007077,0.5
transit,0.995,0.04267827980402831,0.0,0.10669569951007077,0.5
transit,0.996,0.04267827980402831,0.0,0.10669569951007077,0.5
transit,0.997,0.04267827980402831,0.0,0.10669569951007077,0.5
transit,0.998,0.04267827980402831,0.0,0.10669569951007077,0.5
transit,0.999,0.04267827980402831,0.0,0.10669569951007077,0.5
transit,1.0,0.04267827980402831,0.0,0.10669569951007077,0.5
victim,0.0,0.04617642826305944,0.07696071377176573,0.0,0.5
victim,0.001,0.49333916502961034,0.5259154837229125,0.44447468698965703,0.962364786242591
victim,0.002,0.5240680234847904,0.551726509836291,0.4825802939575395,0.966072705130891
victim,0.003,0.543171744179491,0.5674165251839276,0.5068045726728362,0.9681618199074804
victim,0.004,0.5557620765592521,0.5776945514782672,0.5228633641807294,0.9694688158435805
victim,0.005,0.565291143478696,0.5857737530124882,0.5345672291780076,0.9704640036040703
victim,0.006,0.5718048155103643,0.5919120360121024,0.5416439847577572,0.9712019496196815
victim,0.007,0.5773731072587904,0.5972005062914154,0.5476320087098531,0.9718255659709022
victim,0.008,0.582673416579462,0.6018608839198619,0.5538922155688623,0.9723660334752935
victim,0.009000000000000001,0.585764793921898,0.6051986267778322,0.5566140446379967,0.9727479984904162
victim,0.01,0.5893873818860627,0.6090588101294657,0.5598802395209581,0.9731845299362707
victim,0.011,0.5917520358916091,0.6117297132397804,0.5617855198693522,0.973483346104564
victim,0.012,0.5946187022146389,0.6143300271895223,0.5650517147523135,0.9737717686670035
victim,0.013000000000000001,0.5968639959262957,0.6166205412054121,0.5672291780076211,0.9740238136089553
victim,0.014,0.5987442931337479,0.6186656382568454,0.5688622754491018,0.9742472761348093
victim,0.015,0.6013164949410106,0.620412267471091,0.57267283614589,0.974436959441639
victim,0.016,0.602958211493625,0.6222411853690702,0.5740337506804573,0.9746344379528589
victim,0.017,0.6044608021155645,0.6238382267159246,0.5753946652150245,0.9748059324494446
victim,0.018000000000000002,0.6060398192168324,0.625199734985775,0.5772999455634186,0.9749514429313961
victim,0.019,0.6073606183499027,0.6264937905178474,0.5786608600979859,0.9750891582089574
victim,0.02,0.6090816521250104,0.6275476274302704,0.5813826891671203,0.9752008894718844
victim,0.021,0.6101515777222983,0.6286050156739812,0.5824714207947741,0.9753126207348115
victim,0.022,0.612054916281711,0.6299626938935794,0.5851932498639085,0.9754555328152995
victim,0.023,0.612713780470292,0.630879345603272,0.585465432770822,0.9755516736694461
victim,0.024,0.6144138341092839,0.6318982156221689,0.5881872618399564,0.9756582081294463
victim,0.025,0.6156504097690685,0.6328704434274893,0.5898203592814372,0.9757595457865196
victim,0.026000000000000002,0.6166447190216224,0.6336203491587012,0.5911812738160044,0.9758374978304223
victim,0.027,0.6176516730635392,0.6345727848101266,0.5922700054436582,0.9759362370860322
victim,0.028,0.618276502868812,0.6352512572763632,0.592814371257485,0.9760063939255446
victim,0.029,0.6192258591008417,0.6361076965779769,0.5939031028851388,0.9760947395753008
victim,0.03,0.6201766027747418,0.636966448282708,0.5949918345127926,0.976183085225057
victim,0.031,0.6214097165813515,0.6377514510614614,0.5968971148611867,0.9762636356704231
victim,0.032,0.622302123980029,0.6385129756408215,0.5979858464888405,0.9763415877143257
victim,0.033,0.6232128079950204,0.6391235059760956,0.5993467610234078,0.9764039493494477
victim,0.034,0.624527363517876,0.6398627896773165,0.6015242242787153,0.9764793029918869
victim,0.035,0.6254702863099008,0.6405270513076462,0.6028851388132825,0.9765468614299357
victim,0.036000000000000004,0.6264614127131509,0.6410901970187427,0.6045182362547632,0.976604026262131
victim,0.037,0.6272815902572151,0.6417313385070805,0.605606967882417,0.9766689862987166
victim,0.038,0.6279782318194482,0.6423480419636421,0.6064235166031573,0.9767313479338386
victim,0.039,0.6285364764681143,0.642734083897592,0.6072400653238976,0.9767703239557899
victim,0.04,0.629421063235041,0.643301118819425,0.6086009798584648,0.9768274887879851
victim,0.041,0.6299331202096823,0.6437916365679428,0.6091453456722917,0.9768768584157901
victim,0.042,0.6306633726766753,0.6442829029278283,0.6102340772999456,0.9769262280435951
victim,0.043000000000000003,0.6314407286681174,0.6448526751617961,0.6113228089275994,0.9769833928757903
victim,0.044,0.6321875312963258,0.6453715251237075,0.6124115405552532,0.9770353609050587
victim,0.045,0.6332302510475574,0.6458392044768307,0.6143168209036473,0.9770821321314003
victim,0.046,0.6334951931308134,0.6460993193443152,0.6145890038105607,0.9771081161460344
victim,0.047,0.6342738981835416,0.646489884742484,0.6159499183451279,0.9771470921679857
victim,0.048,0.6348814197520446,0.6467765996048865,0.6170386499727817,0.9771756745840834
victim,0.049,0.6362676519137322,0.6472724338282764,0.6197604790419161,0.9772250442118884
victim,0.05,0.6366117163197635,0.6476644192337195,0.6200326619488297,0.9772640202338396
victim,0.051000000000000004,0.6373141036490808,0.648109243697479,0.6211213935764834,0.9773081930587177
victim,0.052000000000000005,0.6380312742133115,0.6485787068860944,0.6222101252041372,0.9772978324916262
victim,0.053,0.6385310579194656,0.6488673139158576,0.6230266739248775,0.9773264149077238
victim,0.054,0.6388905987290376,0.6491036380559264,0.6235710397387044,0.9773498005208945
victim,0.055,0.6396241846001139,0.6494190048180088,0.6249319542732716,0.9773809813384555
victim,0.056,0.6403280539568372,0.6498662993274451,0.6260206859009254,0.9774251541633336
victim,0.057,0.6408443385183056,0.6501824077827321,0.6268372346216657,0.9774563349808947
victim,0.058,0.6416735481583556,0.6506571474931041,0.628198149156233,0.9775031062072363
victim,0.059000000000000004,0.6418319745395324,0.650921191461732,0.628198149156233,0.9775290902218705
victim,0.06,0.6421628607771832,0.6512912132532077,0.6284703320631464,0.9775654678423584
victim,0.061,0.642459958669938,0.6514234658652479,0.6290146978769733,0.9775784598496755
victim,0.062,0.6429318467141792,0.651847035396432,0.6295590636908002,0.9776200342730902
victim,0.063,0.6433881512423192,0.6522446324007807,0.630103429504627,0.9776590102950415
victim,0.064,0.6439376877666707,0.6526161607942063,0.6309199782253675,0.9776953879155293
victim,0.065,0.6440173625512873,0.6527489521019005,0.6309199782253675,0.9777083799228465
victim,0.066,0.6442697320640507,0.6529881126852304,0.6311921611322809,0.9777317655360173
victim,0.067,0.6447878436675036,0.653307266210492,0.6320087098530213,0.9777629463535783
victim,0.068,0.6450564366410939,0.6535734658952,0.6322808927599347,0.9777889303682125
victim,0.069,0.6459494995339033,0.6539731724222286,0.6339139902014154,0.9778279063901638
victim,0.07,0.6465770626251621,0.6542932898225575,0.6350027218290691,0.9778590872077249
victim,0.07100000000000001,0.6468140872463333,0.6545068755865671,0.6352749047359826,0.9778798744194321
victim,0.07200000000000001,0.6470511955616688,0.6547206008408506,0.635547087642896,0.9779006616311395
victim,0.073,0.6475221797394113,0.6549612086565945,0.6363636363636364,0.9779240472443103
victim,0.074,0.6479611562540668,0.6551484703671936,0.6371801850843767,0.9779422360545542
victim,0.075,0.648243135445682,0.655255525144001,0.6377245508982036,0.977952629660408
victim,0.076,0.6490891990342429,0.655576899497282,0.6393576483396842,0.977983810477969
victim,0.077,0.6494034286122241,0.6557377049180327,0.6399020141535111,0.9779994008867494
victim,0.078,0.6500765124149934,0.6559522348996034,0.6412629286880784,0.9780201880984568
victim,0.079,0.6502980829264693,0.6561400638141208,0.6415351115949919,0.9780383769087008
victim,0.08,0.6506769374686838,0.6564085775085938,0.6420794774088188,0.978064360923335
victim,0.081,0.6510075380258874,0.6565966678947153,0.6426238432226457,0.9780825497335789
victim,0.082,0.6512616045550177,0.6568386568386568,0.6428960261295591,0.9781059353467496
victim,0.083,0.651515778145743,0.6570808242185899,0.6431682090364725,0.9781293209599204
victim,0.084,0.6517812807084049,0.657160417947142,0.6437125748502994,0.9780799843708776
victim,0.085,0.652003280920739,0.6573489630297565,0.6439847577572129,0.9780981731811215
victim,0.08600000000000001,0.6522253460659867,0.6575376163338936,0.6442569406641263,0.9781163619913654
victim,0.08700000000000001,0.6525078026994358,0.6576454668470907,0.6448013064779532,0.9781267555972191
victim,0.088,0.6528874177045039,0.657915247979653,0.6453456722917801,0.9781527396118532
victim,0.089,0.6532185511470437,0.6581042265080016,0.645890038105607,0.9781709284220972
victim,0.09,0.6537397001710513,0.658428442400854,0.6467065868263473,0.9782021092396582
victim,0.091,0.6537883625071761,0.6585095462943954,0.6467065868263473,0.9782099044440485
victim,0.092,0.6541846400110483,0.6588070982582976,0.6472509526401742,0.9782384868601461
victim,0.093,0.6543584736107825,0.6589153656532457,0.6475231355470876,0.9782488804659999
victim,0.094,0.6547224590129861,0.6591590974477004,0.6480675013609145,0.9782722660791706
victim,0.095,0.6548638444416455,0.6592132845575239,0.648339684267828,0.9782774628820974
victim,0.096,0.6551190889751597,0.6594572368421052,0.6486118671747414,0.9783008484952682
victim,0.097,0.6551516306596818,0.6595114729829755,0.6486118671747414,0.9783060452981951
victim,0.098,0.6552492878373201,0.6596742349457059,0.6486118671747414,0.9783216357069755
victim,0.099,0.6556299032851318,0.6599456834828409,0.6491562329885683,0.9783476197216098
victim,0.1,0.6560269605287388,0.6602445350129678,0.6497005988023952,0.9783762021377074
victim,0.101,0.6564514544385316,0.6604076590487955,0.6505171475231355,0.9783917925464879
victim,0.10200000000000001,0.6564673095673037,0.6604340842634158,0.6505171475231355,0.9783372591545182
victim,0.10300000000000001,0.6566741255808765,0.6605973223480948,0.6507893304300489,0.9783528495632987
victim,0.10400000000000001,0.6572402840393007,0.6608150986936993,0.6518780620577028,0.9783736367750061
victim,0.105,0.657272963953516,0.6608695652173914,0.6518780620577028,0.9783788335779329
victim,0.106,0.6577901799638376,0.6610057708161583,0.6529667936853566,0.97839182558525
victim,0.107,0.6579210074296102,0.661223816592446,0.6529667936853566,0.9784126127969573
victim,0.108,0.6581280578479944,0.6613874453518106,0.65323897659227,0.9784282032057379
victim,0.109,0.6583941390419041,0.6614680034657755,0.6537833424060969,0.9783217348232618
victim,0.11,0.6587429285973097,0.6616864088489002,0.6543277082199238,0.9783425220349691
victim,0.111,0.6588084826687745,0.661795665634675,0.6543277082199238,0.9783529156408228
victim,0.112,0.6588576624308974,0.6618776319048798,0.6543277082199238,0.978360710845213
victim,0.113,0.6590481830964772,0.662013711076237,0.6545998911268373,0.9783165710590971
victim,0.114,0.6594568398904541,0.6621504399190384,0.6554164398475776,0.9783295630664142
victim,0.115,0.6598655305785419,0.6622872252520244,0.6562329885683179,0.9783425550737312
victim,0.116,0.6600400851190181,0.662396694214876,0.6565051714752314,0.9783529486795849
victim,0.117,0.6604652673955749,0.6625609655286435,0.6573217201959717,0.9783685390883654
victim,0.11800000000000001,0.6608904985704883,0.6627253183396725,0.658138268916712,0.9783841294971459
victim,0.11900000000000001,0.6610651400413919,0.6628349321865696,0.6584104518236255,0.9783945231029996
victim,0.12,0.6611144805516246,0.6629171663702907,0.6584104518236255,0.9784023183073899
victim,0.121,0.6614144882727175,0.6630542686962276,0.6589548176374523,0.978415310314707
victim,0.122,0.661638584569602,0.6632463072530927,0.6592270005443658,0.9784334991249509
victim,0.123,0.6619057326725495,0.6633286435487875,0.6597713663581927,0.9784412943293412
victim,0.124,0.6622552770562405,0.6635483069790545,0.6603157321720196,0.9784620815410485
victim,0.125,0.662288240211083,0.6636032455704587,0.6603157321720196,0.9784672783439754
victim,0.126,0.6625554415046107,0.66368567051712,0.6608600979858464,0.9784750735483656
victim,0.127,0.6631558728137967,0.6639605682806611,0.6619488296135003,0.9785010575629998
victim,0.128,0.6633307597038861,0.6640705911595344,0.6622210125204138,0.9785114511688535
victim,0.129,0.6633967953127025,0.6641806505075616,0.6622210125204138,0.9785218447747072
victim,0.13,0.6637632018186502,0.6644284174749233,0.6627653783342407,0.9785452303878779
victim,0.131,0.6642385924415968,0.6646763693660073,0.663581927054981,0.9785686160010487
victim,0.132,0.6643803964731452,0.6647312541473125,0.6638541099618944,0.9785166810105423
victim,0.133,0.6643803964731452,0.6647312541473125,0.6638541099618944,0.9785166810105423
victim,0.134,0.6647139640501765,0.66492428956648,0.6643984757757213,0.9785348698207863
victim,0.135,0.6649552867539603,0.6651450388015105,0.6646706586826348,0.9785556570324937
victim,0.136,0.6653978717533799,0.6653383146533831,0.6654872074033751,0.9785738458427375
victim,0.137,0.6655398902988082,0.6653935569578213,0.6657593903102885,0.9785790426456644
victim,0.138,0.6656984918569451,0.6654764376167739,0.666031573217202,0.9785868378500547
victim,0.139,0.6656984028937241,0.6654762893447388,0.666031573217202,0.9785297060566216
victim,0.14,0.6659658961905086,0.6655592009634952,0.6665759390310289,0.9785375012610118
victim,0.14100000000000001,0.6661411179340554,0.6656697819314642,0.6668481219379423,0.9785478948668656
victim,0.14200000000000002,0.6662997670027478,0.6657527417746759,0.6671203048448557,0.9785556900712558
victim,0.14300000000000002,0.6662831032424708,0.6657249688408807,0.6671203048448557,0.9784959598763592
victim,0.14400000000000002,0.6663162954463351,0.6657802891806547,0.6671203048448557,0.978501156679286
victim,0.145,0.6665746018175289,0.6660293445280353,0.6673924877517692,0.9785245422924568
victim,0.146,0.6667499256320034,0.6661400956142173,0.6676646706586826,0.9785349358983104
victim,0.147,0.667159639518921,0.6662785862785863,0.668481219379423,0.9785479279056275
victim,0.148,0.667460514800943,0.6664171345394052,0.6690255851932498,0.9785609199129446
victim,0.149,0.6674438654876896,0.6663893856839829,0.6690255851932498,0.978501189718048
victim,0.15,0.6680124419353513,0.6666111920116495,0.6701143168209036,0.9785219769297554
victim,0.151,0.6682967633872117,0.6667221505555324,0.6706586826347305,0.978532370535609
victim,0.152,0.6683300592622239,0.6667776436805527,0.6706586826347305,0.9785375673385359
victim,0.153,0.6686144139683928,0.6668886576482831,0.6712030484485574,0.9785479609443897
victim,0.154,0.6686643848111106,0.666971942386146,0.6712030484485574,0.9785557561487799
victim,0.155,0.6689987783220681,0.6671663543618572,0.6717474142623843,0.9785739449590238
victim,0.156,0.6691743375558203,0.667277497813502,0.6720195971692978,0.9785843385648775
victim,0.157,0.6693165620867134,0.6673330834270482,0.6722917800762113,0.9785895353678042
victim,0.158,0.6694333356451833,0.667527706024498,0.6722917800762113,0.9786077241780482
victim,0.159,0.6696423546548269,0.667694615769295,0.6725639629831247,0.9786233145868288
victim,0.16,0.6698180195430776,0.6678059353117706,0.6728361458900382,0.9786337081926824
victim,0.161,0.6699602969210317,0.6678616090037516,0.6731083287969516,0.9786389049956092
victim,0.162,0.6702615781570068,0.6680008338544924,0.6736526946107785,0.9786518970029263
victim,0.163,0.6704373043284562,0.6681122555356322,0.6739248775176919,0.9786622906087801
victim,0.164,0.6706464988309475,0.6682794577685089,0.6741970604246054,0.9786778810175606
victim,0.165,0.670981350201648,0.6684746328437918,0.6747414262384323,0.9786960698278044
victim,0.166,0.6711906535738381,0.6686420165261665,0.6750136091453457,0.9787116602365851
victim,0.167,0.6713665081557396,0.6687536522247266,0.6752857920522591,0.9787220538424387
victim,0.168,0.6715423851076567,0.6688653252066461,0.6755579749591726,0.9787324474482924
victim,0.169,0.6717182844407976,0.6689770354906053,0.675830157866086,0.9787428410541461
victim,0.17,0.6717853330036132,0.6690887830952978,0.675830157866086,0.9787532346599997
victim,0.171,0.6718020986444506,0.6691167258300271,0.675830157866086,0.9787558330614632
victim,0.17200000000000001,0.6718188656856927,0.6691446708987638,0.675830157866086,0.9787584314629265
victim,0.17300000000000001,0.6720283705142294,0.6693123903417161,0.6761023407729995,0.9787740218717071
victim,0.17400000000000002,0.6720954863217342,0.6694242500208907,0.6761023407729995,0.9787844154775608
victim,0.17500000000000002,0.6722547110640424,0.6695081693201287,0.6763745236799129,0.9787922106819511
victim,0.176,0.6721796306166478,0.6695644905124133,0.6761023407729995,0.9787402756914447
victim,0.177,0.6724477559114934,0.6696484554612716,0.6766467065868264,0.978748070895835
victim,0.178,0.6724981475176737,0.669732441471572,0.6766467065868264,0.9787558661002254
victim,0.179,0.6725485517654743,0.6698164485512397,0.6766467065868264,0.9787636613046156
victim,0.18,0.6727582713677356,0.6699845259503995,0.6769188894937398,0.9787792517133961
victim,0.181,0.6728839571911271,0.670012547051443,0.6771910724006532,0.9787818501148595
victim,0.182,0.6729344036120369,0.670096624419626,0.6771910724006532,0.9787896453192497
victim,0.183,0.6730937358579665,0.6701807228915663,0.6774632553075667,0.9787974405236399
victim,0.184,0.6731273822836827,0.67023680026776,0.6774632553075667,0.9788026373265668
victim,0.185,0.673554974841989,0.6704050887177769,0.678279804028307,0.9788182277353473
victim,0.186,0.6739489378851539,0.6705173279758916,0.6790963527490473,0.978828621341201
victim,0.187,0.6739994603511573,0.6706015320858973,0.6790963527490473,0.9788364165455913
victim,0.188,0.674049995508059,0.6706857573474002,0.6790963527490473,0.9788442117499816
victim,0.189,0.6742431221473137,0.6708261798082157,0.6793685356559608,0.9788572037572987
victim,0.19,0.6744194234975206,0.6709385601206181,0.6796407185628742,0.9788675973631523
victim,0.191,0.6746294813118061,0.6711072012064849,0.6799129014697877,0.9788831877719328
victim,0.192,0.6750235854979232,0.6712196757028533,0.680729450190528,0.9788935813777866
victim,0.193,0.6751999659825545,0.671332187905963,0.6810016330974414,0.9789039749836401
victim,0.194,0.6752843819672858,0.6714728812138486,0.6810016330974414,0.9789169669909573
victim,0.195,0.6753181582691576,0.6715291750503017,0.6810016330974414,0.9789221637938841
victim,0.196,0.6754608133976336,0.6715854783264861,0.6812738160043549,0.978927360596811
victim,0.197,0.675796841226455,0.6717826141653039,0.6818181818181818,0.9789455494070549
victim,0.198,0.6758644618393811,0.6718953151868473,0.6818181818181818,0.9789559430129087
victim,0.199,0.6759321051447399,0.672008054029112,0.6818181818181818,0.9789663366187622
victim,0.2,0.6760336126760833,0.6721772332480176,0.6818181818181818,0.9789819270275428
victim,0.201,0.6763529176552292,0.6723464976707096,0.6823625476320088,0.9789975174363232
victim,0.202,0.6764206518446434,0.6724593879863998,0.6823625476320088,0.979007911042177
victim,0.203,0.6768489152762049,0.6726287945585088,0.6831790963527491,0.9790235014509575
victim,0.20400000000000001,0.676916706361198,0.6727417797001639,0.6831790963527491,0.9790338950568112
victim,0.20500000000000002,0.676916706361198,0.6727417797001639,0.6831790963527491,0.9790338950568112
victim,0.20600000000000002,0.6772192235763077,0.672883064516129,0.683723462166576,0.9790468870641282
victim,0.20700000000000002,0.6775217764049495,0.6730244086879804,0.6842678279804029,0.9790598790714453
victim,0.20800000000000002,0.6775726774106485,0.6731092436974789,0.6842678279804029,0.9790676742758356
victim,0.209,0.6776745179283132,0.6732789778935867,0.6842678279804029,0.9790832646846162
victim,0.21,0.6778518222386445,0.6733930298061965,0.6845400108873163,0.9790365264970367
victim,0.211,0.6779877525360947,0.673619580301947,0.6845400108873163,0.9790573137087439
victim,0.212,0.6779877525360947,0.673619580301947,0.6845400108873163,0.9790573137087439
victim,0.213,0.6780387499807677,0.6737045760430687,0.6845400108873163,0.9790651089131343
victim,0.214,0.6781991728479402,0.6737904922170804,0.6848121937942298,0.9790157723240913
victim,0.215,0.6783590757109617,0.6738755417175074,0.6850843767011432,0.9790235675284816
victim,0.216,0.6784611737687111,0.6740457051470897,0.6850843767011432,0.9790391579372621
victim,0.217,0.6787640412053482,0.6741875736656002,0.6856287425149701,0.9790521499445792
victim,0.218,0.6789069728461972,0.6742443377957396,0.6859009254218835,0.9790573467475061
victim,0.219,0.6789410370599626,0.6743011114853485,0.6859009254218835,0.979062543550433
victim,0.22,0.6791521372926069,0.6744714899351469,0.686173108328797,0.9790781339592134
victim,0.221,0.6791691801603249,0.6744998947146769,0.686173108328797,0.9790807323606768
victim,0.222,0.6791862244635942,0.6745283018867924,0.686173108328797,0.9790833307621403
victim,0.223,0.6793291905402785,0.6745851234099906,0.6864452912357104,0.9790885275650671
victim,0.224,0.6793803406823291,0.6746703736467417,0.6864452912357104,0.9790963227694574
victim,0.225,0.6796328056023211,0.6747282379708436,0.6869896570495373,0.979044387778951
victim,0.226,0.6797928570057146,0.6748135350385571,0.6872618399564507,0.9790521829833413
victim,0.227,0.6798440481875702,0.6748988536749831,0.6872618399564507,0.9790599781877316
victim,0.228,0.6800211963987599,0.675012645422357,0.6875340228633642,0.9790703717935852
victim,0.229,0.6802901641214393,0.6750980144176048,0.6880783886771911,0.9790781669979756
victim,0.23,0.6804502716389542,0.6751834050088541,0.6883505715841045,0.9790859622023658
victim,0.231,0.6805933082393149,0.6752403440715128,0.688622754491018,0.9790911590052926
victim,0.232,0.6809135794589266,0.6754112188949811,0.6891671203048448,0.979106749414073
victim,0.233,0.6811826076925018,0.6754966887417219,0.6897114861186717,0.9791145446184634
victim,0.234,0.6813598769255106,0.6756106821921275,0.6899836690255852,0.979124938224317
victim,0.23500000000000001,0.681445404482544,0.6757532281205164,0.6899836690255852,0.9791379302316341
victim,0.23600000000000002,0.6815138525178056,0.6758673081792859,0.6899836690255852,0.9791483238374878
victim,0.23700000000000002,0.6815652037125515,0.6759528935038623,0.6899836690255852,0.979156119041878
victim,0.23800000000000002,0.681599445068126,0.6760099624298198,0.6899836690255852,0.9791613158448049
victim,0.23900000000000002,0.6817596911065298,0.6760955838892172,0.6902558519324986,0.9791691110491951
victim,0.24,0.6817939469206096,0.6761526769126835,0.6902558519324986,0.979174307852122
victim,0.241,0.681828208520656,0.6762097795794275,0.6902558519324986,0.9791795046550489
victim,0.242,0.6818624759081346,0.6762668918918919,0.6902558519324986,0.9791847014579758
victim,0.243,0.6819884849353848,0.6762954516660332,0.690528034839412,0.9791872998594391
victim,0.244,0.6819884849353848,0.6762954516660332,0.690528034839412,0.9791872998594391
victim,0.245,0.6820056222472777,0.6763240138525214,0.690528034839412,0.9791898982609025
victim,0.246,0.6822926753557148,0.6764395251573655,0.6910724006532389,0.979143160073323
victim,0.247,0.6823269703166421,0.6764966834255777,0.6910724006532389,0.9791483568762498
victim,0.248,0.6824872967892261,0.6765824389419419,0.6913445835601524,0.9791561520806401
victim,0.249,0.6825216062435335,0.6766396213657877,0.6913445835601524,0.979161348883567
victim,0.25,0.6827736678232964,0.6766968134561745,0.6918889493739793,0.9791665456864938
victim,0.251,0.6829340247454863,0.6767826197218818,0.6921611322808927,0.9791743408908841
victim,0.252,0.6832204363970509,0.6768970619319383,0.6927054980947196,0.9791847344967377
victim,0.253,0.6832204363970509,0.6768970619319383,0.6927054980947196,0.9791847344967377
victim,0.254,0.6832547777691523,0.6769542975521075,0.6927054980947196,0.9791899312996646
victim,0.255,0.6834151738805687,0.6770401691331924,0.6929776810016332,0.9791977265040548
victim,0.256,0.6834151738805687,0.6770401691331924,0.6929776810016332,0.9791977265040548
victim,0.257,0.6834838914821046,0.6771546984690857,0.6929776810016332,0.9792081201099085
victim,0.258,0.683695884649713,0.677326565143824,0.6932498639085466,0.9792237105186891
victim,0.259,0.6837302696179071,0.6773838734241475,0.6932498639085466,0.9792289073216158
victim,0.26,0.6837646604051854,0.6774411914029446,0.6932498639085466,0.9792341041245427
victim,0.261,0.6839079301757905,0.6774985190826776,0.69352204681546,0.9792393009274696
victim,0.262,0.6840111549374588,0.6776705603521246,0.69352204681546,0.9792548913362501
victim,0.263,0.6840627869801522,0.6777566137566137,0.69352204681546,0.9792626865406404
victim,0.264,0.6841488695305871,0.6779000846740051,0.69352204681546,0.9792756785479575
victim,0.265,0.6843094097193259,0.6779861963839608,0.6937942297223735,0.9792834737523477
victim,0.266,0.6842013993986664,0.6779876344541373,0.69352204681546,0.9792263419589144
victim,0.267,0.6844880644163908,0.6781024989411266,0.6940664126292869,0.9792367355647682
victim,0.268,0.6845397687624786,0.6781886728512729,0.6940664126292869,0.9792445307691584
victim,0.269,0.6850043307750209,0.67841857705835,0.6948829613500273,0.9792653179808658
victim,0.27,0.6850224788820325,0.6784488239033694,0.6948829613500273,0.979210784588896
victim,0.271,0.6853610275248601,0.6786501610988639,0.6954273271638541,0.97922897339914
victim,0.272,0.6854473588009189,0.678794046558962,0.6954273271638541,0.979241965406457
victim,0.273,0.6856253233463442,0.6789091988633953,0.6956995100707676,0.9792523590123108
victim,0.274,0.6856253233463442,0.6789091988633953,0.6956995100707676,0.9792523590123108
victim,0.275,0.6856253233463442,0.6789091988633953,0.6956995100707676,0.9792523590123108
victim,0.276,0.6858949035944213,0.678995588734306,0.6962438758845945,0.979260154216701
victim,0.277,0.6859121845001792,0.6790243902439025,0.6962438758845945,0.9792627526181645
victim,0.278,0.6860729091775568,0.6791108094349227,0.6965160587915079,0.9792705478225547
victim,0.279,0.6861247738920965,0.6791972506258221,0.6965160587915079,0.9792783430269449
victim,0.28,0.6862855249743698,0.6792837138250021,0.6967882416984214,0.9792861382313353
victim,0.281,0.6864808906943898,0.679427868087093,0.6970604246053348,0.9792991302386523
victim,0.28200000000000003,0.6866080440661549,0.6794583351020927,0.6973326075122482,0.9792445968466826
victim,0.28300000000000003,0.6866772794079052,0.6795737273383433,0.6973326075122482,0.9792549904525363
victim,0.28400000000000003,0.686981602987641,0.6797180227620181,0.6978769733260751,0.9792679824598534
victim,0.28500000000000003,0.6870335669902305,0.6798046294330007,0.6978769733260751,0.9792757776642437
victim,0.28600000000000003,0.6871028729292576,0.6799201393313793,0.6978769733260751,0.9792861712700973
victim,0.28700000000000003,0.6873330881751873,0.6801223761366533,0.6981491562329886,0.9793043600803413
victim,0.28800000000000003,0.6874766437640689,0.6801801801801802,0.698421339139902,0.9793095568832682
victim,0.289,0.6874939871879824,0.6802090858867027,0.698421339139902,0.9793121552847315
victim,0.29,0.6876722487898231,0.6803247332851616,0.6986935220468155,0.9793225488905852
victim,0.291,0.6877243056049871,0.6804114946437682,0.6986935220468155,0.9793303440949754
victim,0.292,0.6879026085121038,0.6805272108843538,0.6989657049537289,0.9793407377008292
victim,0.293,0.6879199696382796,0.6805561460946469,0.6989657049537289,0.9793433361022925
victim,0.294,0.6879731318092465,0.6806447497129249,0.6989657049537289,0.9792939995132497
victim,0.295,0.6881688662213372,0.6807895184618004,0.6992378878606423,0.9793069915205668
victim,0.296,0.6882557644281782,0.6809343488065353,0.6992378878606423,0.9793199835278839
victim,0.297,0.6883994072270684,0.6809922982000768,0.6995100707675558,0.9793251803308107
victim,0.298,0.6885778374190579,0.6811082265821169,0.6997822536744692,0.9793355739366644
victim,0.299,0.6885952303768357,0.6811372148450799,0.6997822536744692,0.9793381723381278
victim,0.3,0.6886300207342808,0.6811951987741551,0.6997822536744692,0.9793433691410547
victim,0.301,0.6888433005181116,0.6813692098092643,0.7000544365813827,0.9793589595498351
victim,0.302,0.6888955238341712,0.6814562486693635,0.7000544365813827,0.9793667547542254
victim,0.303,0.689074048842974,0.6815723350794259,0.7003266194882961,0.979377148360079
victim,0.304,0.6892525975862731,0.6816884610469821,0.7005988023952096,0.9793875419659328
victim,0.305,0.6892700201913434,0.6817174987220993,0.7005988023952096,0.9793901403673961
victim,0.306,0.6893963174435329,0.6817465388711395,0.700870985302123,0.9793927387688597
victim,0.307,0.6894311700762021,0.6818046265922549,0.700870985302123,0.9793979355717864
victim,0.308,0.6897023743066943,0.6818937231005241,0.7014153511159499,0.9793485989827435
victim,0.309,0.6900073118848593,0.6820390418549143,0.7019597169297768,0.9793615909900606
victim,0.31,0.6902785771629257,0.6821282401091404,0.7025040827436037,0.9793122544010178
victim,0.311,0.6903483839076069,0.682244584683609,0.7025040827436037,0.9793226480068714
victim,0.312,0.690314668788883,0.6821883928190694,0.7025040827436037,0.9792603194105114
victim,0.313,0.6904019572465501,0.6823338735818476,0.7025040827436037,0.9792733114178285
victim,0.314,0.6907070292672621,0.6824794164071498,0.7030484485574305,0.9792863034251456
victim,0.315,0.6908683157310571,0.6825667719088659,0.7033206314643441,0.9792940986295358
victim,0.316,0.6908857898131984,0.6825958953791014,0.7033206314643441,0.9792966970309993
victim,0.317,0.6910470941704541,0.6826832807032517,0.7035928143712575,0.9793044922353895
victim,0.318,0.6910470941704541,0.6826832807032517,0.7035928143712575,0.9793044922353895
victim,0.319,0.6910995387910535,0.6827706884042508,0.7035928143712575,0.9793122874397797
victim,0.32,0.6911345093329497,0.6828289726407444,0.7035928143712575,0.9793174842427066
victim,0.321,0.6911869763418608,0.6829164176555963,0.7035928143712575,0.9793252794470968
victim,0.322,0.691256953261098,0.683033045854325,0.7035928143712575,0.9793356730529506
victim,0.323,0.6913269540856796,0.6831497138952942,0.7035928143712575,0.9793460666588042
victim,0.324,0.6913444580284704,0.6831788871332791,0.7035928143712575,0.9793486650602676
victim,0.325,0.6916672594133186,0.6833539788988081,0.7041371801850844,0.9793642554690482
victim,0.326,0.6917022897339082,0.6834123627664573,0.7041371801850844,0.9793694522719749
victim,0.327,0.6919901146610472,0.6835291604358045,0.7046815459989113,0.9793798458778287
victim,0.328,0.6920602172201278,0.6836459980342721,0.7046815459989113,0.9793902394836824
victim,0.329,0.6921303437489683,0.6837628755823397,0.7046815459989113,0.979400633089536
victim,0.33,0.6922918275459155,0.6838505599726425,0.7049537289058248,0.9794084282939263
victim,0.331,0.6925059624675274,0.6840259962373867,0.7052259118127382,0.9794240187027068
victim,0.332,0.6927939133085802,0.684143003763257,0.7057702776265651,0.9794344123085605
victim,0.333,0.6928114681904285,0.6841722618996707,0.7057702776265651,0.9794370107100239
victim,0.334,0.6928641418461778,0.6842600513259196,0.7057702776265651,0.9794448059144142
victim,0.335,0.6930432675809479,0.6843771389459274,0.7060424605334785,0.9794551995202678
victim,0.336,0.6932224173624653,0.6844942666438474,0.706314643440392,0.9794655931261216
victim,0.337,0.6932413657636953,0.6845258473125642,0.706314643440392,0.9794110597341518
victim,0.338,0.6932941004748087,0.6846137384977531,0.706314643440392,0.9794188549385421
victim,0.339,0.6933292644728482,0.6846723451611522,0.706314643440392,0.9794240517414688
victim,0.34,0.693561259054079,0.6848775475252612,0.7065868263473054,0.9794422405517128
victim,0.341,0.6936140479713719,0.684965529054083,0.7065868263473054,0.9794500357561031
victim,0.342,0.6938109328091057,0.6851122151790302,0.7068590092542189,0.9794630277634202
victim,0.343,0.6938461480347639,0.6851709072217939,0.7068590092542189,0.9794682245663471
victim,0.34400000000000003,0.6941519588271841,0.6853176813332763,0.7074033750680457,0.9794812165736642
victim,0.34500000000000003,0.694169576248298,0.6853470437017996,0.7074033750680457,0.9794838149751275
victim,0.34600000000000003,0.6941871951791099,0.6853764085864861,0.7074033750680457,0.9794864133765909
victim,0.34700000000000003,0.6942753124854337,0.6855232707636923,0.7074033750680457,0.9794994053839081
victim,0.34800000000000003,0.6943105699826443,0.6855820332590433,0.7074033750680457,0.9795046021868349
victim,0.34900000000000003,0.6943282009980296,0.6856114182846855,0.7074033750680457,0.9795072005882983
victim,0.35000000000000003,0.6944163787505313,0.6857583812055217,0.7074033750680457,0.9795201925956154
victim,0.35100000000000003,0.6944002112860075,0.6857314354313153,0.7074033750680457,0.9794604624007188
victim,0.352,0.6947974034777786,0.6858490566037736,0.7082199237887861,0.9794708560065725
victim,0.353,0.6948503488953661,0.6859372989664194,0.7082199237887861,0.9794786512109628
victim,0.354,0.6950121811015447,0.6860255640387749,0.7084921066956995,0.979486446415353
victim,0.355,0.6953358864124255,0.6862021623476916,0.7090364725095264,0.9795020368241335
victim,0.356,0.6954977595276572,0.6862904956018021,0.7093086554164398,0.9795098320285238
victim,0.357,0.6956419735733441,0.6863493970733381,0.7095808383233533,0.9795150288314506
victim,0.358,0.6959834607757511,0.6865556318681318,0.7101252041371802,0.9795332176416945
victim,0.359,0.6961100172773929,0.6865851040995923,0.7103973870440936,0.979535816043158
victim,0.36,0.6961277021345431,0.6866145788615095,0.7103973870440936,0.9795384144446213
victim,0.361,0.6961807658175946,0.6867030183332619,0.7103973870440936,0.9795462096490116
victim,0.362,0.6963604118254667,0.6868209730751064,0.710669569951007,0.9795566032548653
victim,0.363,0.6963604118254667,0.6868209730751064,0.710669569951007,0.9795566032548653
victim,0.364,0.6962353988803387,0.6867940734378355,0.7103973870440936,0.9794968730599687
victim,0.365,0.6962530967176547,0.686823569833362,0.7103973870440936,0.9794994714614321
victim,0.366,0.6963239032712458,0.6869415807560139,0.7103973870440936,0.9795098650672858
victim,0.367,0.696359315673381,0.6870006014262393,0.7103973870440936,0.9795150618702126
victim,0.368,0.6964301587361732,0.6871186731975595,0.7103973870440936,0.9795254554760664
victim,0.369,0.6964833070156522,0.6872072536633579,0.7103973870440936,0.9795332506804566
victim,0.37,0.6965010261541221,0.6872367855608078,0.7103973870440936,0.97953584908192
victim,0.371,0.6965187468155747,0.6872663199965621,0.7103973870440936,0.9795384474833835
victim,0.372,0.6965380650690882,0.6872985170857512,0.7103973870440936,0.9794839140914138
victim,0.373,0.6966089784623647,0.6874167060745454,0.7103973870440936,0.9794943076972674
victim,0.374,0.6966105843644601,0.6874193825780377,0.7103973870440936,0.9794371759038343
victim,0.375,0.6966992721960403,0.6875671956306714,0.7103973870440936,0.9794501679111514
victim,0.376,0.6968613763674996,0.6876559139784946,0.710669569951007,0.9794579631155416
victim,0.377,0.6970234942777662,0.68774465522433,0.7109417528579205,0.9794657583199319
victim,0.378,0.697041245580921,0.6877742407295878,0.7109417528579205,0.9794683567213953
victim,0.379,0.6974760537725755,0.6879545552351852,0.7117583015786608,0.9794268153367427
victim,0.38,0.6976204571899689,0.6880137723262321,0.7120304844855743,0.9794320121396695
victim,0.381,0.697638224611136,0.6880433846948438,0.7120304844855743,0.9794346105411329
victim,0.382,0.697782637204929,0.6881026170798898,0.7123026673924877,0.9794398073440598
victim,0.383,0.6978004092151846,0.6881322370969825,0.7123026673924877,0.9794424057455231
victim,0.384,0.6980714807528202,0.6882211124504907,0.7128470332063146,0.9794502009499134
victim,0.385,0.6982336929038488,0.6883100107642627,0.713119216113228,0.9794579961543037
victim,0.386,0.6983959188363746,0.6883989320471966,0.7133913990201415,0.9794657913586939
victim,0.387,0.6987204120672883,0.6885768435561682,0.7139357648339685,0.9794813817674745
victim,0.388,0.6987382085827367,0.6886065044152488,0.7139357648339685,0.9794839801689379
victim,0.389,0.6988826793763683,0.6886658338000258,0.7142079477408819,0.9794891769718648
victim,0.39,0.6988843854729145,0.6886686772942697,0.7142079477408819,0.9794320451784315
victim,0.391,0.6990466737095427,0.6887577024173741,0.7144801306477954,0.9794398403828217
victim,0.392,0.6993356616196014,0.6888764383915873,0.7150244964616222,0.9794502339886755
victim,0.393,0.6993712916237421,0.688935821731822,0.7150244964616222,0.9794554307916024
victim,0.394,0.6993552014037359,0.6889090046984784,0.7150244964616222,0.9793957005967057
victim,0.395,0.6998065801978157,0.6891169368747845,0.7158410451823626,0.9794138894069496
victim,0.396,0.6999689446920905,0.6892060890939669,0.716113228089276,0.9794216846113399
victim,0.397,0.7001313230286836,0.6892952643836798,0.7163854109961895,0.9794294798157301
victim,0.398,0.7002937152129687,0.6893844627528792,0.7166575939031029,0.9794372750201203
victim,0.399,0.7003294022564657,0.6894439411587074,0.7166575939031029,0.9794424718230472
victim,0.4,0.7004918175321868,0.6895331780136337,0.7169297768100164,0.9794502670274374
victim,0.401,0.7005096679833585,0.6895629287655866,0.7169297768100164,0.979452865428901
victim,0.402,0.7004579270640036,0.6896581491712707,0.7166575939031029,0.9793463970464249
victim,0.403,0.7006561226136582,0.689807019816086,0.7169297768100164,0.979359389053742
victim,0.404,0.7008007355296197,0.689866586071413,0.7172019597169298,0.9793645858566687
victim,0.405,0.7008186077209688,0.6898963730569948,0.7172019597169298,0.9793671842581322
victim,0.406,0.7008364814557515,0.6899261626149661,0.7172019597169298,0.9793697826595956
victim,0.40700000000000003,0.7008722335564183,0.6899857494494106,0.7172019597169298,0.9793749794625224
victim,0.40800000000000003,0.7008901119227022,0.6900155467265505,0.7172019597169298,0.9793775778639859
victim,0.40900000000000003,0.7009079918332197,0.690045346577413,0.7172019597169298,0.9793801762654493
victim,0.41000000000000003,0.7009258732881711,0.6900751490023321,0.7172019597169298,0.9793827746669127
victim,0.41100000000000003,0.7009437562877567,0.6901049540016413,0.7172019597169298,0.9793853730683761
victim,0.41200000000000003,0.7013598139504957,0.6902540176257128,0.7180185084376701,0.9793983650756932
victim,0.41300000000000003,0.7015402654766513,0.6903733148980298,0.7182906913445836,0.979408758681547
victim,0.41400000000000003,0.7016118685862345,0.6904926534140018,0.7182906913445836,0.9794191522874005
victim,0.41500000000000004,0.7015958166882353,0.6904659002506699,0.7182906913445836,0.9793594220925039
victim,0.41600000000000004,0.7017225953504238,0.6904957427497083,0.718562874251497,0.9793620204939675
victim,0.417,0.7018851942993458,0.690585285726636,0.7188350571584105,0.9793698156983577
victim,0.418,0.7019389340215503,0.6906748519303101,0.7188350571584105,0.9793776109027479
victim,0.419,0.7019747682479462,0.6907345756409702,0.7188350571584105,0.9793828077056748
victim,0.42,0.7019408025243812,0.6906779661016949,0.7188350571584105,0.9793204791093149
victim,0.421,0.7022302331224703,0.6907974398892924,0.7193794229722373,0.9793308727151685
victim,0.422,0.7023928857667374,0.6908870723584619,0.7196516058791508,0.9793386679195588
victim,0.423,0.702410815362041,0.6909169550173011,0.7196516058791508,0.9793412663210221
victim,0.424,0.7024466792060595,0.6909767280906653,0.7196516058791508,0.979346463123949
victim,0.425,0.702482549255969,0.6910365115071812,0.7196516058791508,0.9793516599268759
victim,0.426,0.7025004866086364,0.69106640709496,0.7196516058791508,0.9793542583283392
victim,0.427,0.7025004866086364,0.69106640709496,0.7196516058791508,0.9793542583283392
victim,0.428,0.7025184255133805,0.6910963052695337,0.7196516058791508,0.9793568567298027
victim,0.429,0.7025363659704029,0.6911262060312378,0.7196516058791508,0.9793594551312661
victim,0.43,0.7026811247048544,0.6911860153173813,0.7199237887860642,0.979364651934193
victim,0.431,0.7026990698199211,0.6912159238424924,0.7199237887860642,0.9793672503356563
victim,0.432,0.7027189312505981,0.691249026226954,0.7199237887860642,0.9793127169436866
victim,0.433,0.7030084894392985,0.6913687126655701,0.7204681545998911,0.9793231105495404
victim,0.434,0.7031353194536114,0.6913986407514827,0.7207403375068046,0.9793257089510037
victim,0.435,0.7031532778598647,0.6914285714285715,0.7207403375068046,0.9793283073524671
victim,0.436,0.7033160355716439,0.6915183790102611,0.721012520413718,0.9793361025568574
victim,0.437,0.7033000070830018,0.6914916648625243,0.721012520413718,0.9792763723619609
victim,0.438,0.7034448127793416,0.6915515524184818,0.7212847033206314,0.9792815691648876
victim,0.439,0.7034448127793416,0.6915515524184818,0.7212847033206314,0.9792815691648876
victim,0.44,0.7037703940591196,0.6917312773422272,0.7218290691344583,0.9792971595736681
victim,0.441,0.7039171839462601,0.6917944718828525,0.7221012520413718,0.9792452245831618
victim,0.442,0.704098000376749,0.6919143773290581,0.7223734349482852,0.9792556181890155
victim,0.443,0.70427884175073,0.6920343243477508,0.7226456178551987,0.9792660117948692
victim,0.444,0.7043508349184123,0.6921543129605549,0.7226456178551987,0.9792764054007228
victim,0.445,0.7044777102740676,0.6921843166153713,0.7229178007621121,0.9792790038021862
victim,0.446,0.7045317262183105,0.6922743431891094,0.7229178007621121,0.9792867990065766
victim,0.447,0.7047126425006516,0.6923944150550688,0.7231899836690255,0.9792971926124302
victim,0.448,0.7047666912428823,0.6924844962921202,0.7231899836690255,0.9793049878168205
victim,0.449,0.7048027315514893,0.6925445634731319,0.7231899836690255,0.9793101846197473
victim,0.45,0.7049296272133041,0.6925746009715475,0.723462166575939,0.9793127830212107
victim,0.451,0.7050745500646773,0.692634683785894,0.7237343494828524,0.9793179798241376
victim,0.452,0.7050925772546428,0.692664729102503,0.7237343494828524,0.9793205782256009
victim,0.453,0.7052375094896794,0.6927248275562884,0.724006532389766,0.9793257750285278
victim,0.454,0.7054185195720495,0.6928450557556296,0.7242787152966794,0.9793361686343816
victim,0.455,0.7054906815359352,0.692965325695439,0.7242787152966794,0.9793465622402351
victim,0.456,0.7056356450763246,0.6930254763248123,0.7245508982035929,0.979351759043162
victim,0.457,0.7056557545151916,0.6930589920562573,0.7245508982035929,0.9792972256511923
victim,0.458,0.7056557545151916,0.6930589920562573,0.7245508982035929,0.9792972256511923
victim,0.459,0.7057099138529401,0.6931492576191717,0.7245508982035929,0.9793050208555825
victim,0.46,0.7057460279163799,0.6932094477249046,0.7245508982035929,0.9793102176585093
victim,0.461,0.7057640873001945,0.6932395466979289,0.7245508982035929,0.9793128160599728
victim,0.462,0.7057640873001945,0.6932395466979289,0.7245508982035929,0.9793128160599728
victim,0.463,0.7059452136836172,0.6933599687323577,0.7248230811105063,0.9793232096658264
victim,0.464,0.7060015142738363,0.6934538030493896,0.7248230811105063,0.9792738730767836
victim,0.465,0.7060216858482082,0.6934874223400096,0.7248230811105063,0.9792193396848138
victim,0.466,0.7060216858482082,0.6934874223400096,0.7248230811105063,0.9792193396848138
victim,0.467,0.706150737597582,0.6935210533176901,0.7250952640174197,0.9791648062928441
victim,0.468,0.7061869040077328,0.6935813306679415,0.7250952640174197,0.9791700030957708
victim,0.46900000000000003,0.7062592556917247,0.693701916807928,0.7250952640174197,0.9791803967016246
victim,0.47000000000000003,0.7063135359669053,0.6937923839332291,0.7250952640174197,0.9791881919060148
victim,0.47100000000000003,0.7064586038458136,0.6938527084601338,0.7253674469243332,0.9791933887089417
victim,0.47200000000000003,0.7068938452575075,0.6940337449991303,0.7261839956450735,0.9792089791177222
victim,0.47300000000000003,0.706911954422413,0.6940639269406392,0.7261839956450735,0.9792115775191856
victim,0.47400000000000003,0.7069300651624393,0.6940941115073497,0.7261839956450735,0.979214175920649
victim,0.47500000000000003,0.7069662913686765,0.6941544885177452,0.7261839956450735,0.9792193727235758
victim,0.47600000000000003,0.7071113970406295,0.694214876033058,0.726456178551987,0.9792245695265027
victim,0.47700000000000004,0.7072565090171776,0.6942752740560292,0.7267283614589004,0.9792297663294296
victim,0.47800000000000004,0.7072927541372015,0.6943356825894023,0.7267283614589004,0.9792349631323565
victim,0.47900000000000004,0.7074197522253336,0.6943658907983469,0.7270005443658138,0.9792375615338198
victim,0.48,0.7074922677006357,0.6944867499238502,0.7270005443658138,0.9792479551396736
victim,0.481,0.7074922677006357,0.6944867499238502,0.7270005443658138,0.9792479551396736
victim,0.482,0.7075104005139494,0.6945169712793733,0.7270005443658138,0.9792505535411369
victim,0.483,0.707601088257751,0.6946681175190426,0.7270005443658138,0.979263545548454
victim,0.484,0.7076373744084942,0.6947285944369478,0.7270005443658138,0.9792687423513808
victim,0.485,0.7076373744084942,0.6947285944369478,0.7270005443658138,0.9792687423513808
victim,0.486,0.7077825400406046,0.694789081885856,0.7272727272727273,0.9792739391543077
victim,0.487,0.7080365851557328,0.6948495798685185,0.7278170930865542,0.9792791359572346
victim,0.488,0.7082180748650553,0.6949706074461136,0.7280892759934676,0.9792895295630881
victim,0.489,0.7085447934536117,0.6951522278844897,0.7286336418072945,0.9793051199718688
victim,0.49,0.70856296103514,0.6951825071870371,0.7286336418072945,0.9793077183733321
victim,0.491,0.7086559001940992,0.6951559505140267,0.728905824714208,0.9792479881784355
victim,0.492,0.7086559001940992,0.6951559505140267,0.728905824714208,0.9792479881784355
victim,0.493,0.7086740702472603,0.6951862339359617,0.728905824714208,0.9792505865798989
victim,0.494,0.7087285899065965,0.6952771000348554,0.728905824714208,0.9792583817842893
victim,0.495,0.7088919969828247,0.695367989890627,0.7291780076211214,0.9792661769886795
victim,0.496,0.7089283608468536,0.6954285963306751,0.7291780076211214,0.9792713737916063
victim,0.497,0.7089465451560055,0.6954589035125949,0.7291780076211214,0.9792739721930697
victim,0.498,0.7090758655931335,0.6954929823031994,0.7294501905280348,0.9792194388011
victim,0.499,0.7092393133828725,0.6955839400148219,0.7297223734349483,0.9792272340054902
victim,0.5,0.7093121017611606,0.6957052539786355,0.7297223734349483,0.9792376276113439
victim,0.501,0.7094213319462677,0.6958873042871474,0.7297223734349483,0.9792532180201244
victim,0.502,0.7094054146768972,0.6958607755048632,0.7297223734349483,0.9791934878252279
victim,0.503,0.7095871433062775,0.6959822012825546,0.7299945563418617,0.9792038814310815
victim,0.504,0.7096235805752248,0.6960429300641334,0.7299945563418617,0.9792090782340084
victim,0.505,0.7096964741927206,0.6961644194266265,0.7299945563418617,0.979219471839862
victim,0.506,0.709751161107051,0.6962555642838439,0.7299945563418617,0.9792272670442523
victim,0.507,0.7098965001687838,0.6963163407821229,0.7302667392487752,0.9792324638471792
victim,0.508,0.7098988297952802,0.6963202234929503,0.7302667392487752,0.979175332053746
victim,0.509,0.7099170676219826,0.6963506198707874,0.7302667392487752,0.9791779304552094
victim,0.51,0.7100989080170083,0.6964722319245547,0.7305389221556886,0.979188324061063
victim,0.511,0.7102625233315341,0.6965634688441553,0.730811105062602,0.9791961192654532
victim,0.512,0.7102807739027701,0.6965938864628821,0.730811105062602,0.9791987176669168
victim,0.513,0.7104261529902345,0.6966547296707137,0.7310832879695155,0.9792039144698436
victim,0.514,0.710462665292628,0.6967155835080363,0.7310832879695155,0.9792091112727704
victim,0.515,0.7104991839743878,0.696776447977636,0.7310832879695155,0.9792143080756972
victim,0.516,0.7107899868082256,0.6968982088248143,0.7316276537833424,0.979224701681551
victim,0.517,0.7107899868082256,0.6968982088248143,0.7316276537833424,0.979224701681551
victim,0.518,0.7107923644363937,0.6969021715384279,0.7316276537833424,0.9791675698881177
victim,0.519,0.7108471810728545,0.6969935325991959,0.7316276537833424,0.979175365092508
victim,0.52,0.710865456479032,0.6970239916094918,0.7316276537833424,0.9791779634939715
victim,0.521,0.7109926066453358,0.6970544532820557,0.7318998366902558,0.9791805618954348
victim,0.522,0.7110132784998632,0.6970889063729347,0.7318998366902558,0.9791260285034651
victim,0.523,0.7110681313974138,0.6971803278688524,0.7318998366902558,0.9791338237078553
victim,0.524,0.7109433712234754,0.6971538495168975,0.7316276537833424,0.9790740935129587
victim,0.525,0.7109616596245646,0.6971843301853794,0.7316276537833424,0.9790766919144223
victim,0.526,0.7109982412247493,0.6972452995190206,0.7316276537833424,0.979081888717349
victim,0.527,0.7110006482540551,0.6972493112345302,0.7316276537833424,0.9790247569239159
victim,0.528,0.71105554016974,0.6973407977606718,0.7316276537833424,0.9790325521283061
victim,0.529,0.7111143373706477,0.6972573378242423,0.7318998366902558,0.9789104933370496
victim,0.53,0.7111692443269905,0.6973488494181469,0.7318998366902558,0.9789182885414398
victim,0.531,0.7112241656977606,0.6974403850360971,0.7318998366902558,0.97892608374583
victim,0.532,0.7115517980308246,0.6976235283819859,0.7324442025040827,0.9789416741546106
victim,0.533,0.7116434137979909,0.697776221327263,0.7324442025040827,0.9789546661619277
victim,0.534,0.7116434137979909,0.697776221327263,0.7324442025040827,0.9789546661619277
victim,0.535,0.7116617417642299,0.6978067679376615,0.7324442025040827,0.978957264563391
victim,0.536,0.7115553227250322,0.6978108581436075,0.7321720195971693,0.9789001327699579
victim,0.537,0.7115553227250322,0.6978108581436075,0.7321720195971693,0.9789001327699579
victim,0.538,0.711573654811152,0.6978414116204738,0.7321720195971693,0.9789027311714213
victim,0.539,0.7116103237998084,0.6979025266015677,0.7321720195971693,0.9789079279743482
victim,0.54,0.7116286607027669,0.6979330881064986,0.7321720195971693,0.9789105263758116
victim,0.541,0.7116127861168742,0.6979066304633441,0.7321720195971693,0.978850796180915
victim,0.542,0.7116311255369363,0.6979371961634476,0.7321720195971693,0.9788533945823784
victim,0.543,0.7118317199012301,0.6980900648326617,0.7324442025040827,0.9788663865896955
victim,0.544,0.7116727508837746,0.6980065717415115,0.7321720195971693,0.9787443277984389
victim,0.545,0.7119455498702962,0.6980983261764964,0.7327163854109962,0.9787521230028291
victim,0.546,0.712109490169532,0.6981901047372803,0.7329885683179096,0.9787599182072194
victim,0.547,0.7121645717871918,0.69828190743338,0.7329885683179096,0.9787677134116097
victim,0.548,0.7121645717871918,0.69828190743338,0.7329885683179096,0.9787677134116097
victim,0.549,0.7122013009135582,0.6983431226439905,0.7329885683179096,0.9787729102145365
victim,0.55,0.7122380364802412,0.6984043485884622,0.7329885683179096,0.9787781070174634
victim,0.551,0.7122747784889351,0.6984655852696187,0.7329885683179096,0.9787833038203901
victim,0.552,0.7124020250723309,0.6984962076373361,0.733260751224823,0.9787859022218537
victim,0.553,0.7126590403253705,0.6985616558498509,0.7338051170386499,0.9787339672313473
victim,0.554,0.7126615582403975,0.6985658523748959,0.7338051170386499,0.9786768354379142
victim,0.555,0.71304481244601,0.6988416988416988,0.7343494828524768,0.9787002210510849
victim,0.556,0.7131904828899782,0.6989030276437034,0.7346216657593904,0.9787054178540118
victim,0.557,0.7133361597930092,0.6989643672108128,0.7348938486663038,0.9787106146569386
victim,0.558,0.7134818431568037,0.6990257175458615,0.7351660315732172,0.9787158114598655
victim,0.559,0.7135370705760016,0.6991177632445243,0.7351660315732172,0.9787236066642557
victim,0.56,0.7133780838036593,0.6990342405618963,0.7348938486663038,0.978601547872999
victim,0.561,0.7135606170549982,0.6991570073761855,0.7351660315732172,0.9786119414788528
victim,0.562,0.7136879092827219,0.6991877058177827,0.7354382144801307,0.9786145398803162
victim,0.5630000000000001,0.7136879092827219,0.6991877058177827,0.7354382144801307,0.9786145398803162
victim,0.5640000000000001,0.7136904798900673,0.6991919901633584,0.7354382144801307,0.9785574080868831
victim,0.5650000000000001,0.71372732795279,0.6992534036012296,0.7354382144801307,0.9785626048898098
victim,0.5660000000000001,0.7137299043188674,0.6992576975446919,0.7354382144801307,0.9785054730963767
victim,0.5670000000000001,0.7137299043188674,0.6992576975446919,0.7354382144801307,0.9785054730963767
victim,0.5680000000000001,0.7137483333190662,0.6992884125450233,0.7354382144801307,0.97850807149784
victim,0.5690000000000001,0.7137483333190662,0.6992884125450233,0.7354382144801307,0.97850807149784
victim,0.5700000000000001,0.7137851961768704,0.6993498506413636,0.7354382144801307,0.9785132683007669
victim,0.5710000000000001,0.7143682050558753,0.6995957110212692,0.7365269461077845,0.9785340555124743
victim,0.5720000000000001,0.7145508752345712,0.69971870604782,0.7367991290146979,0.9785444491183279
victim,0.5730000000000001,0.7145350362212638,0.6996923076923077,0.7367991290146979,0.9784847189234314
victim,0.5740000000000001,0.7145350362212638,0.6996923076923077,0.7367991290146979,0.9784847189234314
victim,0.5750000000000001,0.7145376495836344,0.6996966632962589,0.7367991290146979,0.9784275871299982
victim,0.5760000000000001,0.7148107711287367,0.699788955328878,0.7373434948285248,0.9784353823343885
victim,0.577,0.7149591960249111,0.6998548748845596,0.7376156777354382,0.9783834473438822
victim,0.578,0.7152323495801565,0.6999472202674173,0.7381600435492651,0.9783912425482724
victim,0.579,0.7153808092838043,0.7000131978355548,0.7384322264561786,0.9783393075577661
victim,0.58,0.7157279366791692,0.700228832951945,0.7389765922700055,0.9783574963680101
victim,0.581,0.7157517497309982,0.70026852137166,0.7389765922700055,0.9782458311826071
victim,0.582,0.7160249897317278,0.7003610108303248,0.7395209580838323,0.9782536263869974
victim,0.583,0.7160990041053955,0.700484368119771,0.7395209580838323,0.978264019992851
victim,0.584,0.7161360210704185,0.700546063061476,0.7395209580838323,0.9782692167957778
victim,0.585,0.7162634051609965,0.7005769146078303,0.7397931409907458,0.9782718151972413
victim,0.586,0.7164093050710654,0.7006386258533362,0.7400653238976592,0.9782770120001681
victim,0.587,0.7164463383420439,0.7007003479716337,0.7400653238976592,0.9782822088030949
victim,0.588,0.7164833781384214,0.7007620809655962,0.7400653238976592,0.9782874056060218
victim,0.589,0.7165976596947305,0.7007710949548358,0.7403375068045727,0.9781731420191555
victim,0.59,0.7166161871758698,0.7008019740900678,0.7403375068045727,0.9781757404206188
victim,0.591,0.7166161871758698,0.7008019740900678,0.7403375068045727,0.9781757404206188
victim,0.592,0.7166003649640289,0.7007756037369998,0.7403375068045727,0.9781160102257223
victim,0.593,0.7166188950139272,0.7008064871534969,0.7403375068045727,0.9781186086271857
victim,0.594,0.7166030709487232,0.7007801137114902,0.7403375068045727,0.9780588784322892
victim,0.595,0.7166243128386464,0.7008155168613621,0.7403375068045727,0.9780043450403194
victim,0.596,0.7166270228258764,0.7008200335067455,0.7403375068045727,0.9779472132468863
victim,0.597,0.7169374824777077,0.7009745557172467,0.7408818726183996,0.9779602052542034
victim,0.598,0.7171205557434027,0.7010982225554625,0.741154055525313,0.977970598860057
victim,0.599,0.71713910986009,0.7011291460832746,0.741154055525313,0.9779731972615204
victim,0.6,0.7169985934094562,0.7010764072701606,0.7408818726183996,0.9778537368717273
victim,0.601,0.7170013261486172,0.701080961835429,0.7408818726183996,0.977796605078294
victim,0.602,0.7168580657892891,0.7010236498411578,0.7406096897114861,0.977734276481934
victim,0.603,0.7168289199108464,0.7011565286483623,0.7403375068045727,0.9776304065009214
victim,0.604,0.71684749113396,0.7011874806868847,0.7403375068045727,0.9776330049023848
victim,0.605,0.7168660639967717,0.7012184354582377,0.7403375068045727,0.9776356033038482
victim,0.606,0.7170306655883341,0.7013113161728994,0.7406096897114861,0.9776433985082384
victim,0.607,0.7171766992394383,0.7013732503201308,0.7408818726183996,0.9776485953111653
victim,0.608,0.7170175907759564,0.7012895248189367,0.7406096897114861,0.9775265365199087
victim,0.609,0.7172008055844622,0.7014134275618373,0.7408818726183996,0.9775369301257624
victim,0.61,0.7174026427535315,0.7015683675723438,0.741154055525313,0.9775499221330795
victim,0.611,0.717153247984811,0.7015156201670275,0.7406096897114861,0.9774304617432863
victim,0.612,0.7174640088449701,0.7016706443914081,0.741154055525313,0.9774434537506034
victim,0.613,0.7175384500768036,0.7017947131111307,0.741154055525313,0.9774538473564571
victim,0.614,0.7178492849701964,0.701949860724234,0.7416984213391399,0.9774668393637742
victim,0.615,0.7178865319227884,0.7020119389785541,0.7416984213391399,0.9774720361667011
victim,0.616,0.7179796781331791,0.7021671826625386,0.7416984213391399,0.9774850281740182
victim,0.617,0.7179796781331791,0.7021671826625386,0.7416984213391399,0.9774850281740182
victim,0.618,0.7179796781331791,0.7021671826625386,0.7416984213391399,0.9774850281740182
victim,0.619,0.7182003811427675,0.702353565740577,0.7419706042460533,0.9775006185827986
victim,0.62,0.7183651914949638,0.7024467943896286,0.7422427871529668,0.9775084137871889
victim,0.621,0.7184211435362906,0.70254004779184,0.7422427871529668,0.9775162089915792
victim,0.622,0.7187695024155254,0.7027577353813466,0.7427871529667937,0.9775343978018232
victim,0.623,0.718663505289757,0.7027625287763415,0.7425149700598802,0.9774772660083899
victim,0.624,0.7185417147814807,0.7027409998671567,0.7422427871529668,0.9773604040200601
victim,0.625,0.7182736998022636,0.7026572187776794,0.7416984213391399,0.9772383452288036
victim,0.626,0.7183139200306725,0.7027242524916942,0.7416984213391399,0.9771864102382972
victim,0.627,0.7184601506161549,0.7027865148628892,0.7419706042460533,0.9771916070412241
victim,0.628,0.7184788318100641,0.7028176501860712,0.7419706042460533,0.9771942054426874
victim,0.629,0.7185535731411721,0.7029422190712513,0.7419706042460533,0.9772045990485412
victim,0.63,0.7185909537430903,0.7030045200744482,0.7419706042460533,0.977209795851468
victim,0.631,0.7187372141343651,0.7030668321219641,0.7422427871529668,0.9772149926543949
victim,0.632,0.7187559102341424,0.7030979922882595,0.7422427871529668,0.9772175910558583
victim,0.633,0.7187746079912283,0.703129155216736,0.7422427871529668,0.9772201894573217
victim,0.634,0.7186686441985322,0.7031340041668515,0.7419706042460533,0.9771630576638886
victim,0.635,0.7187060499175995,0.7031963470319634,0.7419706042460533,0.9771682544668154
victim,0.636,0.7184193093830878,0.7030813566836621,0.7414262384322264,0.9770435972740954
victim,0.637,0.7186591450125053,0.7032996274614156,0.7416984213391399,0.9770617860843392
victim,0.638,0.7186433532779605,0.7032733079038409,0.7416984213391399,0.9770020558894427
victim,0.639,0.718537403060421,0.7032781794792174,0.7414262384322264,0.9769449240960095
victim,0.64,0.7184870880969367,0.7031943212067436,0.7414262384322264,0.9768228653047529
victim,0.641,0.7184870880969367,0.7031943212067436,0.7414262384322264,0.9768228653047529
victim,0.642,0.7185245285612836,0.7032567219806549,0.7414262384322264,0.9768280621076797
victim,0.643,0.7185649035741954,0.7033240136688413,0.7414262384322264,0.9767761271171734
victim,0.644,0.7186240311299821,0.7034225595951524,0.7414262384322264,0.9767267905281305
victim,0.645,0.7186644479525905,0.7034899209661665,0.7414262384322264,0.9766748555376241
victim,0.646,0.7188295528244787,0.7035836404813712,0.7416984213391399,0.9766826507420144
victim,0.647,0.7188700054726729,0.703651061561695,0.7416984213391399,0.9766307157515082
victim,0.648,0.7187295357993677,0.7035984007107953,0.7414262384322264,0.976511255361715
victim,0.649,0.7185861057500426,0.7035408058998622,0.741154055525313,0.9764489267653549
victim,0.65,0.7186798945172705,0.7036971205119089,0.741154055525313,0.976461918772672
victim,0.651,0.7186828568219202,0.703702057686325,0.741154055525313,0.9764047869792389
victim,0.652,0.7188104953728907,0.7037333333333334,0.7414262384322264,0.9764073853807023
victim,0.653,0.7185077988339885,0.7035917496443811,0.7408818726183996,0.9762229979930857
victim,0.654,0.7184732202631856,0.7035341186930429,0.7408818726183996,0.9761606693967256
victim,0.655,0.7186225826369816,0.7036016007114273,0.741154055525313,0.9761087344062194
victim,0.656,0.7186601280799225,0.7036641764496621,0.741154055525313,0.9761139312091462
victim,0.657,0.7187006472512674,0.7037317084019036,0.741154055525313,0.9760619962186399
victim,0.658,0.7187808530877866,0.7036839295248266,0.7414262384322264,0.9758854040354135
victim,0.659,0.718693733281681,0.7037201851192596,0.741154055525313,0.9758308706434438
victim,0.66,0.7188965736209878,0.703876797080162,0.7414262384322264,0.9758438626507608
victim,0.661,0.7186471887927188,0.703824066242265,0.7408818726183996,0.9757244022609677
victim,0.662,0.7188312735748342,0.7039494189411817,0.741154055525313,0.9757347958668213
victim,0.663,0.7191054461986414,0.7040434627716423,0.7416984213391399,0.9757425910712116
victim,0.664,0.7191054461986414,0.7040434627716423,0.7416984213391399,0.9757425910712116
victim,0.665,0.7189807563508901,0.7040171016299992,0.7414262384322264,0.9756828608763151
victim,0.666,0.7190372006421437,0.7041111754487552,0.7414262384322264,0.9756906560807053
victim,0.667,0.7190748385507604,0.7041739052964497,0.7414262384322264,0.9756958528836321
victim,0.668,0.719221356329125,0.7042366463224484,0.7416984213391399,0.975701049686559
victim,0.669,0.7192401811526032,0.7042680210282455,0.7416984213391399,0.9757036480880223
victim,0.67,0.7194986032084083,0.704335813912036,0.7422427871529668,0.975651713097516
victim,0.671,0.7197016557009,0.7044927794615796,0.7425149700598802,0.975664705104833
victim,0.672,0.7197612265437916,0.7045920641997325,0.7425149700598802,0.9756153685157902
victim,0.673,0.719729612388529,0.7045393739409614,0.7425149700598802,0.9754959081259971
victim,0.674,0.7196426326562093,0.7045758629917045,0.7422427871529668,0.9754413747340273
victim,0.675,0.7197180623141264,0.7047015790882327,0.7422427871529668,0.9754517683398809
victim,0.676,0.7197777145399302,0.7048009994645725,0.7422427871529668,0.9754024317508381
victim,0.677,0.7199462718764916,0.7049004730875659,0.7425149700598802,0.9753530951617951
victim,0.678,0.7199901830413643,0.7049736583623537,0.7425149700598802,0.9752440283778556
victim,0.679,0.7202707663741379,0.7050783867077584,0.7430593358737071,0.9751375599953795
victim,0.68,0.7201302732930386,0.7050256868438686,0.7427871529667937,0.9750180996055864
victim,0.681,0.72029893878221,0.7051253407212119,0.7430593358737071,0.9749687630165434
victim,0.682,0.7203398512709096,0.7051935282023779,0.7430593358737071,0.9749168280260372
victim,0.683,0.7202529926127346,0.7052302190433617,0.7427871529667937,0.9748622946340674
victim,0.684,0.7202781219299094,0.7052721012386531,0.7427871529667937,0.9747506294486645
victim,0.685,0.7205526432904235,0.7053667262969588,0.7433315187806205,0.9747584246530547
victim,0.686,0.7203932114707424,0.705282461868766,0.7430593358737071,0.974636365861798
victim,0.687,0.720596744949614,0.7054402290622762,0.7433315187806205,0.9746493578691152
victim,0.6880000000000001,0.7207624346326851,0.7055349232627858,0.743603701687534,0.9746571530735055
victim,0.6890000000000001,0.7208950658509155,0.7057559752931697,0.743603701687534,0.9746753418837494
victim,0.6900000000000001,0.721117689081332,0.705945558739255,0.7438758845944474,0.9746909322925299
victim,0.6910000000000001,0.7212360622224729,0.7059613920365476,0.7441480675013609,0.9745195369122304
victim,0.6920000000000001,0.7212740086354827,0.7060246360582306,0.7441480675013609,0.9745247337151572
victim,0.6930000000000001,0.7214429959919758,0.7061248263811102,0.7444202504082743,0.9744753971261144
victim,0.6940000000000001,0.7217746691482767,0.7063147044323937,0.7449646162221013,0.9744909875348948
victim,0.6950000000000001,0.7219215315381192,0.7063780198108556,0.7452367991290147,0.9744961843378217
victim,0.6960000000000001,0.7219437356555509,0.7064150266732416,0.7452367991290147,0.974441650945852
victim,0.6970000000000001,0.7221856555946404,0.7066367713004484,0.7455089820359282,0.974459839756096
victim,0.6980000000000001,0.7223515743773699,0.7067318473337221,0.7457811649428416,0.9744676349604862
victim,0.6990000000000001,0.7225745848444465,0.7069220761742407,0.7460533478497551,0.9744832253692667
victim,0.7000000000000001,0.7227595836850876,0.7070489523040338,0.7463255307566685,0.9744936189751203
victim,0.7010000000000001,0.7224722146870313,0.7069329145164909,0.7457811649428416,0.9743689617824003
victim,0.7020000000000001,0.7223665943402666,0.7069383358764921,0.7455089820359282,0.9743118299889671
victim,0.7030000000000001,0.7225325835766698,0.7070335293325554,0.7457811649428416,0.9743196251933575
victim,0.704,0.7225706695054394,0.7070970058805045,0.7457811649428416,0.9743248219962842
victim,0.705,0.7225739367502353,0.7071024512884977,0.7457811649428416,0.9742676902028511
victim,0.706,0.7224683317124898,0.7071078981635309,0.7455089820359282,0.974210558409418
victim,0.707,0.7226566988193932,0.7072403880704274,0.7457811649428416,0.9741638202218385
victim,0.708,0.7227138855000692,0.7073356992048876,0.7457811649428416,0.9741716154262288
victim,0.709,0.72275531284989,0.7074047447879224,0.7457811649428416,0.9741196804357224
victim,0.71,0.7226911872048782,0.7074793239841783,0.7455089820359282,0.9740106136517828
victim,0.711,0.7228763933283324,0.7076065455853263,0.7457811649428416,0.9740210072576365
victim,0.712,0.7231356352083735,0.7076757048428436,0.7463255307566685,0.9739690722671301
victim,0.713,0.7231040823274031,0.7076231167078929,0.7463255307566685,0.973849611877337
victim,0.714,0.7230367237552866,0.7076923076923077,0.7460533478497551,0.9737976768868307
victim,0.715,0.7230400461179017,0.7076978449633329,0.7460533478497551,0.9737405450933976
victim,0.716,0.7229536035373221,0.7077352292669756,0.7457811649428416,0.9736860117014278
victim,0.717,0.7229635868918751,0.7077518681912308,0.7457811649428416,0.9735146163211282
victim,0.718,0.7229286817066645,0.7076936928825464,0.7457811649428416,0.9734522877247682
victim,0.719,0.723171406689213,0.7079167792488517,0.7460533478497551,0.9734704765350122
victim,0.72,0.723337670754228,0.7080124307526009,0.7463255307566685,0.9734782717394024
victim,0.721,0.7233635156005589,0.7080555054964859,0.7463255307566685,0.9733666065539995
victim,0.722,0.7234017992180499,0.7081193115256376,0.7463255307566685,0.9733718033569263
victim,0.723,0.723590633669336,0.7082525803398386,0.746597713663582,0.9733250651693468
victim,0.724,0.7235815986535837,0.7082375219802516,0.746597713663582,0.9731510713875839
victim,0.725,0.7235500212038769,0.7081848928974069,0.746597713663582,0.9730316109977908
victim,0.726,0.7237389366144849,0.7083182966438111,0.7468698965704954,0.9729848728102113
victim,0.727,0.7241264687400844,0.7084198177059834,0.7476864452912357,0.9729355362211684
victim,0.728,0.7245332219785209,0.7085533739562174,0.7485029940119761,0.9728887980335889
victim,0.729,0.7242647080506572,0.7084687612856627,0.7479586281981492,0.9727667392423323
victim,0.73,0.7243961712904989,0.7085064114141232,0.7482308111050626,0.9727122058503626
victim,0.731,0.7244571695328028,0.7086080751512962,0.7482308111050626,0.9726628692613195
victim,0.732,0.7244955764745454,0.7086720867208672,0.7482308111050626,0.9726680660642464
victim,0.733,0.7245566237101194,0.7087738321134905,0.7482308111050626,0.9726187294752036
victim,0.734,0.7245984837804498,0.7088435988973745,0.7482308111050626,0.9725667944846972
victim,0.735,0.7246403627714411,0.7089133972156934,0.7482308111050626,0.9725148594941908
victim,0.736,0.7247945779629023,0.7089889672635197,0.7485029940119761,0.9724057927102514
victim,0.737,0.72507003604808,0.709085153529598,0.749047359825803,0.9724135879146416
victim,0.738,0.7248241596965302,0.7090382701528997,0.7485029940119761,0.9722369957314152
victim,0.739,0.724846858630942,0.7090761017102525,0.7485029940119761,0.9721824623394455
victim,0.74,0.7251608726989324,0.7092365479476853,0.749047359825803,0.9721954543467626
victim,0.741,0.7253275274216825,0.7093328505476599,0.7493195427327164,0.9722032495511529
victim,0.742,0.7251485474066928,0.7092160057939526,0.749047359825803,0.9720785923584329
victim,0.743,0.7254048206315875,0.7092802172928927,0.7495917256396298,0.9720837891613596
victim,0.744,0.7254626240630688,0.7093765563453615,0.7495917256396298,0.9720915843657499
victim,0.745,0.7255907685259251,0.7094086751788463,0.7498639085465433,0.9720941827672134
victim,0.746,0.7256485928983076,0.7095050491328171,0.7498639085465433,0.9721019779716036
victim,0.747,0.7256328058442321,0.7094787373760246,0.7498639085465433,0.972042247776707
victim,0.748,0.7259855440469476,0.7097037238379993,0.7504082743603702,0.972060436586951
victim,0.749,0.7258258107828235,0.7096189570024014,0.7501360914534567,0.9719383777956944
victim,0.75,0.7260697636962872,0.709844089920232,0.7504082743603702,0.9719565666059383
victim,0.751,0.7262172468177104,0.7099084398513281,0.7506804572672836,0.9719617634088651
victim,0.752,0.7261189620363532,0.7099260871536752,0.7504082743603702,0.9717903680285657
victim,0.753,0.7261224934176175,0.7099319727891157,0.7504082743603702,0.9717332362351325
victim,0.754,0.7264175252704408,0.71006078200127,0.750952640174197,0.9717436298409862
victim,0.755,0.7266072666796968,0.7101955624120877,0.7512248230811105,0.9716968916534067
victim,0.756,0.7268321796021265,0.7103889620115282,0.7514970059880239,0.9717124820621872
victim,0.757,0.7265441898357358,0.7102718896100949,0.750952640174197,0.9715878248694672
victim,0.758,0.7264037487125157,0.7102192763426703,0.7506804572672836,0.971468364479674
victim,0.759,0.7265161813875141,0.7102252088630586,0.750952640174197,0.9714112326862409
victim,0.76,0.7266358823245052,0.7104247104247104,0.750952640174197,0.9713696913015881
victim,0.761,0.726822217633698,0.7105538140020898,0.7512248230811105,0.9713800849074419
victim,0.762,0.7268451798345255,0.710592084336802,0.7512248230811105,0.9713255515154721
victim,0.763,0.7274938888775047,0.7109474449899982,0.7523135547087643,0.9713541339315697
victim,0.764,0.7271778624866145,0.710783644881066,0.7517691888949374,0.9710528845556232
victim,0.765,0.727025228821636,0.7107107107107107,0.7514970059880239,0.9708165621775005
victim,0.766,0.7273048065033729,0.7108137629710541,0.7520413718018508,0.9707672255884574
victim,0.767,0.7276390478460526,0.7110079213329691,0.7525857376156777,0.970782815997238
victim,0.768,0.727482798932686,0.7109289617486338,0.7523135547087643,0.9706036254125483
victim,0.769,0.72772768547127,0.7111556507083314,0.7525857376156777,0.9706218142227923
victim,0.77,0.7272990092254465,0.7109855561124527,0.7517691888949374,0.970377696640279
victim,0.771,0.7269444106731429,0.7109389243391068,0.750952640174197,0.9702011044570527
victim,0.772,0.72698693708176,0.711009801686802,0.750952640174197,0.9701491694665463
victim,0.773,0.7268428038606838,0.7109510349229506,0.7506804572672836,0.9700868408701863
victim,0.774,0.7266712385516463,0.7110280032837727,0.7501360914534567,0.9699777740862467
victim,0.775,0.7265307290056988,0.7109752759784692,0.7498639085465433,0.9698583136964536
victim,0.776,0.7265301355726312,0.7111557421946321,0.7495917256396298,0.9696999103234711
victim,0.777,0.7262917002673845,0.7111212605617722,0.749047359825803,0.9694090545533784
victim,0.778,0.7261937955231073,0.7111395412592525,0.7487751769188895,0.9692376591730789
victim,0.779,0.7261275812252831,0.7112106393674877,0.7485029940119761,0.9691857241825726
victim,0.78,0.7257022299087401,0.7110460863204097,0.7476864452912357,0.9688844748066263
victim,0.781,0.7258732893840799,0.7111497301747004,0.7479586281981492,0.9688351382175834
victim,0.782,0.7255027575813282,0.7110765429839412,0.7471420794774088,0.9685988158394604
victim,0.783,0.7258804006927095,0.7113430376270256,0.7476864452912357,0.9685624712577345
victim,0.784,0.7257127969844601,0.7114266086558277,0.7471420794774088,0.9683962726803619
victim,0.785,0.7257286670550873,0.7116345140448153,0.7468698965704954,0.9682975995022761
victim,0.786,0.7257556593982752,0.7116795012834618,0.7468698965704954,0.9681859343168732
victim,0.787,0.725782669068842,0.711724517401073,0.7468698965704954,0.9680742691314702
victim,0.788,0.7256066143592137,0.7116125481563016,0.746597713663582,0.967892480145317
victim,0.789,0.7255088771340508,0.7116311080523056,0.7463255307566685,0.9677210847650175
victim,0.79,0.7253682438253226,0.711578174475701,0.7460533478497551,0.9676016243752243
victim,0.791,0.7253414780961231,0.7117150201983107,0.7457811649428416,0.9675548861876448
victim,0.792,0.7259730895182505,0.7120418848167538,0.7468698965704954,0.9675808702022791
victim,0.793,0.7259698762571435,0.7122179846528512,0.746597713663582,0.9674795986227298
victim,0.794,0.7259932837282207,0.7122569971046465,0.746597713663582,0.9674250652307601
victim,0.795,0.7262238206971637,0.7124597701149425,0.7468698965704954,0.9673835238461075
victim,0.796,0.7263062532517552,0.7125971577059284,0.7468698965704954,0.967336785658528
victim,0.797,0.7267010504952767,0.7128922425692463,0.7474142623843223,0.9673601712716987
victim,0.798,0.726837269698397,0.7129378193031712,0.7476864452912357,0.9672485060862959
victim,0.799,0.7269614848965749,0.712963389362192,0.7479586281981492,0.9670199789125631
victim,0.8,0.7269888686369158,0.713009028929427,0.7479586281981492,0.9669083137271601
victim,0.801,0.7269009836150484,0.7132254644355324,0.7474142623843223,0.9667525087556412
victim,0.802,0.7269341273681439,0.7134621592953005,0.7471420794774088,0.9667135657724519
victim,0.803,0.7271812428758548,0.7136925632035431,0.7474142623843223,0.9667317545826959
victim,0.804,0.7273076547321632,0.7139032496307238,0.7474142623843223,0.96663308140461
victim,0.805,0.7269413208247529,0.7138370589322003,0.746597713663582,0.966339627233054
victim,0.806,0.7269609415452959,0.7138697601331052,0.746597713663582,0.9660539682658882
victim,0.807,0.7271391779381533,0.7141668207878675,0.746597713663582,0.9660773538790589
victim,0.808,0.7275591218672995,0.7145038167938933,0.7471420794774088,0.9660462061002599
victim,0.809,0.7278862752184947,0.7148676171079429,0.7474142623843223,0.9660747885163576
victim,0.81,0.727801276235408,0.7149074074074075,0.7471420794774088,0.9660202551243878
victim,0.811,0.7278689201611177,0.7150201472835903,0.7471420794774088,0.9659137867419116
victim,0.812,0.727952458180882,0.7151593773165307,0.7471420794774088,0.9658670485543321
victim,0.8130000000000001,0.7276022434512722,0.7151200519143414,0.7463255307566685,0.9656333245776727
victim,0.8140000000000001,0.7278625755851099,0.7153724835327953,0.746597713663582,0.9654801180076171
victim,0.8150000000000001,0.7281788378408989,0.7157181320211679,0.7468698965704954,0.965391838435385
victim,0.8160000000000001,0.72850450946815,0.7158980075240352,0.7474142623843223,0.9652905668558358
victim,0.8170000000000001,0.7283631287341659,0.7160252835099461,0.7468698965704954,0.9650698348864932
victim,0.8180000000000001,0.7286359529255834,0.7162985352243664,0.7471420794774088,0.9650334903047675
victim,0.8190000000000001,0.7289861649010452,0.716519311307585,0.7476864452912357,0.9648776853332486
victim,0.8200000000000001,0.7296059828636541,0.7168265201601639,0.7487751769188895,0.9648439391529862
victim,0.8210000000000001,0.7296228071879416,0.7168545607006429,0.7487751769188895,0.9646154119792534
victim,0.8220000000000001,0.7297515175840004,0.7170690780274075,0.7487751769188895,0.9645167388011676
victim,0.8230000000000001,0.7297112931981689,0.7171834926556306,0.7485029940119761,0.9644102704186915
victim,0.8240000000000001,0.7297471879829627,0.7174247725682295,0.7482308111050626,0.9643713274355024
victim,0.8250000000000001,0.7301460026479845,0.7179080084053234,0.7485029940119761,0.9642934414691238
victim,0.8260000000000001,0.7302394370216674,0.7180637323614616,0.7485029940119761,0.964132439694678
victim,0.8270000000000001,0.7303128385585071,0.7181860682561945,0.7485029940119761,0.9639688395187687
victim,0.8280000000000001,0.7304424549721775,0.7184020956123117,0.7485029940119761,0.9638701663406829
victim,0.8290000000000001,0.7300569340859799,0.7183039266158094,0.7476864452912357,0.9635741137676634
victim,0.8300000000000001,0.7301463578608405,0.7184529662405769,0.7476864452912357,0.9634702437866507
victim,0.8310000000000001,0.7300030960136108,0.7183956517664699,0.7474142623843223,0.9631196578216614
victim,0.8320000000000001,0.7299845056476199,0.7183646678231516,0.7474142623843223,0.9628288020515687
victim,0.833,0.7300063355251843,0.7184010509524257,0.7474142623843223,0.9625431430844029
victim,0.834,0.730133247682764,0.7187940264863342,0.7471420794774088,0.9624003301202011
victim,0.835,0.7302958745726735,0.7188836160315745,0.7474142623843223,0.9622341315428283
victim,0.836,0.7300072095839094,0.7189468735307945,0.746597713663582,0.9620082027705591
victim,0.837,0.7299245148632612,0.719171959538932,0.7460533478497551,0.9618523977990401
victim,0.838,0.7303746537863669,0.7195592805348903,0.746597713663582,0.9617667166282713
victim,0.839,0.7303085555313923,0.7196305720478748,0.7463255307566685,0.9614836560625689
victim,0.84,0.7298910421409976,0.7196605374823197,0.7452367991290147,0.9612551288888362
victim,0.841,0.7299994371641272,0.7200226511254778,0.7449646162221013,0.9611097175231709
victim,0.842,0.7301354498133588,0.7202493388741972,0.7449646162221013,0.960953912551652
victim,0.843,0.7301695373137485,0.7203061513748464,0.7449646162221013,0.9607851155728159
victim,0.844,0.7299203433676209,0.7204351939451277,0.7441480675013609,0.9603332580282773
victim,0.845,0.7297346763755675,0.7204886595009233,0.743603701687534,0.9599333354742452
victim,0.846,0.7296236819863813,0.720485124123555,0.7433315187806205,0.959702209899049
victim,0.847,0.7297919120773081,0.7205840523371575,0.743603701687534,0.9594788795282432
victim,0.848,0.7293635341642946,0.7205959102339041,0.7425149700598802,0.9591334903661808
victim,0.849,0.7295210632815372,0.7208584587626419,0.7425149700598802,0.9589802837961252
victim,0.85,0.7298343894081855,0.7208363031598954,0.7433315187806205,0.9586322962325993
victim,0.851,0.7299398556811819,0.7210120802815562,0.7433315187806205,0.9583570308712871
victim,0.852,0.7300249152045559,0.7211538461538463,0.7433315187806205,0.9580791671085116
victim,0.853,0.7295614694983783,0.7209258024573769,0.7425149700598802,0.9577155891362051
victim,0.854,0.7293452724258163,0.7211098398169338,0.7416984213391399,0.9573831919814598
victim,0.855,0.7293583192194482,0.7213130397442626,0.7414262384322264,0.9571676568150442
victim,0.856,0.7303723778343891,0.7219144058081772,0.7430593358737071,0.957097566053056
victim,0.857,0.7298151237937822,0.7218929254302103,0.7416984213391399,0.9567495784895301
victim,0.858,0.7301283552899769,0.722052067381317,0.7422427871529668,0.9563574511398882
victim,0.859,0.7298096351784369,0.7220652330092437,0.7414262384322264,0.9560120619778258
victim,0.86,0.7297196410364293,0.7222781533151158,0.7408818726183996,0.9557393950179771
victim,0.861,0.7293642611266469,0.7222302192793053,0.7400653238976592,0.9553316772595546
victim,0.862,0.7295035135982455,0.7224623067319698,0.7400653238976592,0.9551758722880356
victim,0.863,0.7290681032047227,0.722280988556592,0.7392487751769189,0.9544695035551302
victim,0.864,0.7292363907432812,0.7223800125162471,0.7395209580838323,0.9540150476091283
victim,0.865,0.729624510359989,0.7226639680015421,0.7400653238976592,0.9537475774522063
victim,0.866,0.7285077788834606,0.7222543910442,0.7378878606423517,0.9529087563221906
victim,0.867,0.729308086052225,0.7226809599690956,0.7392487751769189,0.9528828053463185
victim,0.868,0.728723741375765,0.7226143285313739,0.7378878606423517,0.9523582255995662
victim,0.869,0.728271592158265,0.722405112316034,0.7370713119216113,0.9515921266717643
victim,0.87,0.7280855494836331,0.7226394070054745,0.736254763200871,0.9514363217002453
victim,0.871,0.7279391708359098,0.7227583531351534,0.7357103973870441,0.9510987277425731
victim,0.872,0.727660276409082,0.7226564396329919,0.7351660315732172,0.9505715495943574
victim,0.873,0.7275611189138466,0.722854087683484,0.7346216657593904,0.9501820206461788
victim,0.874,0.7271035915665185,0.7226359079184308,0.7338051170386499,0.9494730535118101
victim,0.875,0.7263434966321144,0.7222763593841356,0.7324442025040827,0.9487536927715876
victim,0.876,0.7258251225553222,0.7221382236745842,0.7313554708764289,0.9482239162219086
victim,0.877,0.7253163069517077,0.7220160187536627,0.7302667392487752,0.9475798760853631
victim,0.878,0.7248102903502576,0.7217170235650728,0.7294501905280348,0.9469228439415007
victim,0.879,0.7247112848027129,0.7219149248617162,0.728905824714208,0.9465333149933222
victim,0.88,0.7242569369280992,0.7217020442178537,0.7280892759934676,0.9457672160655202
victim,0.881,0.7241329240204061,0.7216768113096407,0.7278170930865542,0.9451881029267982
victim,0.882,0.7237765368973523,0.7216271985850448,0.7270005443658138,0.9447803851683758
victim,0.883,0.7233119133588903,0.7217601023773195,0.7256396298312466,0.9440974020486411
victim,0.884,0.7217612005682019,0.7208086785009861,0.7231899836690255,0.9427002219528487
victim,0.885,0.7210919773352177,0.7206005828023906,0.7218290691344583,0.9418769912316136
victim,0.886,0.7213297880731286,0.7209969340322422,0.7218290691344583,0.941617316279082
victim,0.887,0.7209987778321647,0.7208081608398536,0.7212847033206314,0.9409109475461765
victim,0.888,0.7206609773725888,0.7207895258877206,0.7204681545998911,0.9402747026140215
victim,0.889,0.7202858196328836,0.7203457182594875,0.7201959716929777,0.939319019495676
victim,0.89,0.7193711937143742,0.720091528627568,0.7182906913445836,0.9385503221664107
victim,0.891,0.7192839088290701,0.7201275090900036,0.7180185084376701,0.9380335376240486
victim,0.892,0.7190435931445531,0.7202713487629688,0.7172019597169298,0.9375245482860769
victim,0.893,0.7177786110419495,0.7197961427001099,0.7147523135547088,0.9365091349728348
victim,0.894,0.7181755311707179,0.7202762209767815,0.7150244964616222,0.9361975250297969
victim,0.895,0.7181902497124686,0.7203007518796993,0.7150244964616222,0.935506746705672
victim,0.896,0.7173127401547581,0.7201084228491115,0.713119216113228,0.9348003779727666
victim,0.897,0.7162705224693962,0.7198230355437133,0.7109417528579205,0.9339719504486046
victim,0.898,0.7160068270741498,0.7195649984895781,0.710669569951007,0.9332032531193392
victim,0.899,0.7153458916413618,0.7195521710625852,0.7090364725095264,0.9325098763937508
victim,0.9,0.7152706592982342,0.719608239095315,0.708764289602613,0.9321099538397186
victim,0.901,0.7147716191033966,0.7195023265223548,0.7076755579749592,0.9312945183228738
victim,0.902,0.7138503327466031,0.7190555808886863,0.7060424605334785,0.9302817034110951
victim,0.903,0.7138954569997439,0.7191307879772542,0.7060424605334785,0.9294792599015673
victim,0.904,0.7137947168010884,0.7189628876461617,0.7060424605334785,0.9288326213635585
victim,0.905,0.7129850878372173,0.718520782396088,0.7046815459989113,0.9277626746583467
victim,0.906,0.7122367871517996,0.7183623462147123,0.7030484485574305,0.9267706469582755
victim,0.907,0.7122368419624411,0.7185438928370571,0.7027762656505171,0.9262642560217672
victim,0.908,0.7122938714754878,0.7188203972967439,0.7025040827436037,0.9258799238765155
victim,0.909,0.7123201092149621,0.7186826715912589,0.7027762656505171,0.925004758164774
victim,0.91,0.711692785183222,0.7185444078947367,0.7014153511159499,0.9241295924530325
victim,0.911,0.7108326666361282,0.7181996086105674,0.6997822536744692,0.9231245727456442
victim,0.912,0.709838138882975,0.7179937045255173,0.6976047904191617,0.9221870784375428
victim,0.913,0.7087412809353488,0.7176172501163453,0.6954273271638541,0.9211223285352577
victim,0.914,0.7079165907469094,0.7175129533678756,0.69352204681546,0.9202497612249796
victim,0.915,0.7083005906780386,0.7172456768967129,0.6948829613500273,0.9191928065270849
victim,0.916,0.7077570259160045,0.7170655567117585,0.6937942297223735,0.91831504241388
victim,0.917,0.7068922801565624,0.7168945006782844,0.6918889493739793,0.9170918891386126
victim,0.918,0.7062080761886672,0.7166614370881706,0.690528034839412,0.9160375328421815
victim,0.919,0.7047412352579249,0.7160312549163564,0.6878062057702776,0.914552073174157
victim,0.92,0.7028190597260551,0.7151865475564898,0.6842678279804029,0.9132250168791148
victim,0.921,0.701518848569541,0.7150155369463318,0.6812738160043549,0.9122329891790436
victim,0.922,0.7003369546744287,0.7143159006867407,0.6793685356559608,0.910628069121226
victim,0.923,0.6982770631654681,0.7136045772409408,0.6752857920522591,0.9090802808568414
victim,0.924,0.6964827313941682,0.7131543980866332,0.6714752313554708,0.9075506814027008
victim,0.925,0.694162367948637,0.7120089547465488,0.6673924877517692,0.9057431851470226
victim,0.926,0.6932342374075379,0.7115508021390374,0.6657593903102885,0.9042135856928821
victim,0.927,0.6924746561764978,0.7111921097770154,0.6643984757757213,0.9030943023986273
victim,0.928,0.6900417938412282,0.7102220788299187,0.6597713663581927,0.9012997981502662
victim,0.929,0.6869437433524221,0.7090506773166388,0.6537833424060969,0.8992040445259587
victim,0.93,0.6842292646776702,0.7079741963462893,0.6486118671747414,0.8968849605308453
victim,0.931,0.6812014957004229,0.7063755648717809,0.643440391943386,0.8943009717415115
victim,0.932,0.6794264899341684,0.7054132299120555,0.640446379967338,0.8925090658946138
victim,0.933,0.6760182709776855,0.704087791495199,0.6339139902014154,0.8900601279038536
victim,0.934,0.6721576839401094,0.7021898615477963,0.6271094175285792,0.886998297555347
victim,0.935,0.6684286923772045,0.7006927126627875,0.6200326619488297,0.8844247023718668
victim,0.936,0.6637994430509166,0.6976951341721411,0.61295590636908,0.8810044578152185
victim,0.937,0.6604788411778522,0.6956084478712705,0.6077844311377245,0.8785087485981167
victim,0.9380000000000001,0.6570042365754957,0.6936280008974647,0.6020685900925422,0.875963702791972
victim,0.9390000000000001,0.6525445420332383,0.6912759242560866,0.5944474686989657,0.8729356186237278
victim,0.9400000000000001,0.648586708446599,0.6893973719981876,0.5873707131192161,0.8701127090548075
victim,0.9410000000000001,0.6439239022937095,0.6868882312770317,0.5794774088187262,0.8670196978887399
victim,0.9420000000000001,0.6382863429045584,0.6836617781851513,0.570223189983669,0.8629060766065034
victim,0.9430000000000001,0.6356801778399648,0.682221454084572,0.5658682634730539,0.8601740780500408
victim,0.9440000000000001,0.6314484173858832,0.6798863570476025,0.5587915078933043,0.8566967347387214
victim,0.9450000000000001,0.6250773621397311,0.6761632319458228,0.5484485574305934,0.852328602268118
victim,0.9460000000000001,0.617896267190746,0.6714529512152062,0.5375612411540556,0.8470982630543281
victim,0.9470000000000001,0.6116646533546809,0.6674178626497449,0.528034839412085,0.8423743478158086
victim,0.9480000000000001,0.6043310008469684,0.6613645876935956,0.5187806205770278,0.8364376068303512
victim,0.9490000000000001,0.5989172209890579,0.6577852794020135,0.5106151333696244,0.8319811947875158
victim,0.9500000000000001,0.592701387800229,0.6534135813727279,0.5016330974414807,0.8270209571708733
victim,0.9510000000000001,0.5866107224054565,0.6481617647058824,0.49428415895481764,0.8218373561446628
victim,0.9520000000000001,0.5810815523493973,0.6438457736035592,0.4869352204681546,0.817061505915637
victim,0.9530000000000001,0.5746424524876601,0.6391019644527596,0.4779531845400109,0.8118649459208716
victim,0.9540000000000001,0.5676207153142395,0.6335685483870968,0.46869896570495373,0.8060554935683597
victim,0.9550000000000001,0.5581795827342575,0.6263617251704147,0.4559063690800218,0.799238390068234
victim,0.9560000000000001,0.5497644239047743,0.6192317607630833,0.44556341861731086,0.7924368769768889
victim,0.9570000000000001,0.542115309442046,0.6133785369670101,0.4352204681545999,0.7864066926550346
victim,0.9580000000000001,0.5345054830023255,0.6070464273954561,0.4256940664126293,0.780636183285712
victim,0.9590000000000001,0.5247779273299784,0.5999065981719928,0.412084921066957,0.7738087192184948
victim,0.96,0.5129421543189495,0.5897974391978863,0.39765922700054435,0.7651165940634039
victim,0.961,0.5035110137069383,0.5820629034473286,0.38568317909635275,0.7581670712049301
victim,0.962,0.4929738187413898,0.5706703910614526,0.3764289602612956,0.7489269806899164
victim,0.963,0.4831047236179973,0.5607542889550545,0.3666303756124115,0.7409776018882189
victim,0.964,0.468473746614394,0.547801009372747,0.34948285247686445,0.731462212973131
victim,0.965,0.45523712781176706,0.5344498310562656,0.3364180729450191,0.7216741570981942
victim,0.966,0.4421021654232219,0.5223568117242411,0.321720195971693,0.7128833587650176
victim,0.967,0.42863455517275395,0.5071690054911531,0.31083287969515516,0.7026564043140974
victim,0.968,0.4158393935356581,0.492920491675743,0.3002177463255308,0.6931332532333813
victim,0.969,0.39969976510455313,0.47690842723377247,0.28388677191072403,0.6832049497569439
victim,0.97,0.3828851793882277,0.45904561289799883,0.26864452912357106,0.6727104921103397
victim,0.971,0.3693794814674892,0.4447016035708381,0.25639629831246596,0.6640625397801271
victim,0.972,0.3517786129117313,0.42552831783601014,0.24115405552531302,0.6535265407488703
victim,0.973,0.3338570959227933,0.40563916277460643,0.2261839956450735,0.6430554687154368
victim,0.974,0.3126701300164295,0.381577779749756,0.20930865541643984,0.6311560357686501
victim,0.975,0.29260724308353103,0.35975277222323215,0.19188894937397932,0.6207472923315767
victim,0.976,0.26993090023659516,0.33320909429742823,0.17501360914534567,0.6090478041424249
victim,0.977,0.2504851529083759,0.3091464578957418,0.16249319542732715,0.5987455290878275
victim,0.978,0.22591482187585482,0.2808977751641674,0.14344039194338595,0.5873732742892563
victim,0.979,0.20584592134857077,0.2567038264537511,0.12955906369080022,0.577948796386626
victim,0.98,0.18570081601018903,0.23165704863973618,0.11676646706586827,0.5686074342920631
victim,0.981,0.1664044199130839,0.2092949731267784,0.10206859009254218,0.560660653891829
victim,0.982,0.14367311746245154,0.18120805369127516,0.08737071311921611,0.5511842409986922
victim,0.983,0.12273275502717239,0.15483584738243122,0.07457811649428416,0.5427362334261148
victim,0.984,0.10254624810106204,0.1288127905658238,0.06314643440391943,0.5348076087973626
victim,0.985,0.08434748206273118,0.10610263522884883,0.051714752313554706,0.5281644990789999
victim,0.986,0.06644465080534118,0.08406715979805095,0.040010887316276535,0.521957656496395
victim,0.987,0.04986388255629196,0.06278348054428265,0.030484485574305935,0.5161507695065846
victim,0.988,0.03303580422357512,0.04308362580176692,0.017964071856287425,0.5109307908598864
victim,0.989,0.019234725221209836,0.02570694087403599,0.009526401741970605,0.5064353697563374
victim,0.99,0.008859236190874285,0.012587930396149574,0.00326619488296135,0.503100806370458
victim,0.991,0.0036008350408200094,0.005457025920873124,0.0008165487207403375,0.5013218594921153
victim,0.992,0.0016426082628173222,0.0027376804380288703,0.0,0.5006778193555699
victim,0.993,0.0007474772642332128,0.001245795440388688,0.0,0.5003116429818001
victim,0.994,0.0,0.0,0.0,0.5
victim,0.995,0.0,0.0,0.0,0.5
victim,0.996,0.0,0.0,0.0,0.5
victim,0.997,0.0,0.0,0.0,0.5
victim,0.998,0.0,0.0,0.0,0.5
victim,0.999,0.0,0.0,0.0,0.5
victim,1.0,0.0,0.0,0.0,0.5
path,0.0,0.13233433795102376,0.22055722991837295,0.0,0.5
path,0.001,0.49202062100187605,0.6209779357470934,0.29858464888405006,0.9131465695788687
path,0.002,0.5091417962612338,0.6331822534312161,0.3230811105062602,0.9173639938403337
path,0.003,0.5223680368602492,0.6405281107895825,0.3451279259662493,0.9198371644370378
path,0.004,0.5334079534150532,0.6458631921824104,0.3647250952640174,0.9215728761065025
path,0.005,0.5419862942649838,0.6501803870121351,0.37969515514425695,0.9229528647565304
path,0.006,0.5483356082027664,0.6536858213286898,0.39031028851388133,0.9240597030083182
path,0.007,0.5546127805456245,0.6567081091111524,0.4014697876973326,0.9250101314642472
path,0.008,0.5591587886361027,0.659022586394956,0.40936309199782256,0.9257502442720134
path,0.009000000000000001,0.5631013854444196,0.6612386545648692,0.41589548176374525,0.9264389116567638
path,0.01,0.56661702769795,0.6631060423526892,0.42188350571584105,0.9270252685491984
path,0.011,0.570267599119741,0.6646539462737836,0.4286880783886772,0.9274918440562474
path,0.012,0.5722143267392937,0.6660839395936151,0.43140990745781166,0.9279329870286463
path,0.013000000000000001,0.5743781553036829,0.6673314020076805,0.4349482852476865,0.9282854758138408
path,0.014,0.5771765053202179,0.6685476685476686,0.44011976047904194,0.9286410053820392
path,0.015,0.5791936367057469,0.6697320909349093,0.44338595536200326,0.929014005843307
path,0.016,0.5810938201443526,0.6709030553485537,0.4463799673380512,0.9293380213108475
path,0.017,0.5819668437130321,0.6718137288158591,0.4471965160587915,0.9295938942672567
path,0.018000000000000002,0.5837885410863048,0.6726724278493396,0.45046271094175283,0.9298182531230081
path,0.019,0.5857964390925652,0.6734785507285813,0.4542732716385411,0.9300255279881671
path,0.02,0.5869234205732814,0.6742681215687878,0.4559063690800218,0.9302415382998608
path,0.021,0.5888671341188845,0.6749672703469343,0.45971692977681,0.9304435054039658
path,0.022,0.5896957901187974,0.6756225425950196,0.4608056614044638,0.9306023756291129
path,0.023,0.5913264797024056,0.6763443505836682,0.4637996733805117,0.9307667470665524
path,0.024,0.5928685419603354,0.6769184463628528,0.46679368535655963,0.9309288515259418
path,0.025,0.5940258276712089,0.6775770689820457,0.46869896570495373,0.9311165819712199
path,0.026000000000000002,0.5956143997370567,0.6782286811077599,0.47169297768100166,0.9312726048646016
path,0.027,0.5961515964255281,0.6787610983793277,0.47223734349482854,0.9313771823349676
path,0.028,0.5971015650993743,0.679255647874751,0.4738704409363092,0.9315136608084684
path,0.029,0.5980529617428685,0.6797525773195876,0.47550353837778986,0.9316068489517728
path,0.03,0.5992915381974179,0.6801837739690225,0.4779531845400109,0.9317089659928504
path,0.031,0.6005424203119509,0.6806354800517636,0.4804028307022319,0.9317879174773278
path,0.032,0.6013744334910356,0.6811148923271931,0.4817637452367991,0.9319042711772323
path,0.033,0.602052919273879,0.6815198808801632,0.48285247686445293,0.9319978462230136
path,0.034,0.6025445991016609,0.6817949814459726,0.48366902558519326,0.9320226984039484
path,0.035,0.6035107338435726,0.6821350191168961,0.48557430593358736,0.9320963421273718
path,0.036000000000000004,0.6051533607822025,0.6825138121546961,0.48911268372346217,0.9321669450677914
path,0.037,0.6061317305681369,0.6828742415656572,0.49101796407185627,0.9322318533446803
path,0.038,0.607040784761347,0.6833006002600205,0.492651061513337,0.9323311230539923
path,0.039,0.6076704283899576,0.683624185222602,0.49373979314099076,0.9323846420038197
path,0.04,0.6085005726988854,0.6839190274431614,0.4953728905824714,0.932444049068416
path,0.041,0.6093418349901477,0.6842323996342782,0.49700598802395207,0.9325235809066089
path,0.042,0.6104761957143012,0.68448990339972,0.4994556341861731,0.9325715986441439
path,0.043000000000000003,0.6111456471423498,0.6848798346946983,0.5005443658138269,0.9326739091364598
path,0.044,0.6124006311845855,0.685156922052335,0.5032661948829613,0.9327276215375255
path,0.045,0.6129963603437071,0.6854239828991018,0.5043549265106151,0.9327929167168914
path,0.046,0.6133916212750669,0.6857198405754835,0.504899292324442,0.9328667538915534
path,0.047,0.6141260761572517,0.6860366556894133,0.5062602068590093,0.9329174255096151
path,0.048,0.6144992917432524,0.6862957711235299,0.5068045726728362,0.93296544324715
path,0.049,0.6158004346779271,0.6866497899685647,0.5095264017419706,0.9330563644124044
path,0.05,0.6162379831017453,0.6868346715277681,0.5103429504627109,0.9330527432756851
path,0.051000000000000004,0.6163938974341446,0.6870945287484338,0.5103429504627109,0.93310076101322
path,0.052000000000000005,0.6168817999240804,0.6873633337511665,0.5111594991834513,0.9331660561925859
path,0.053,0.616987312610721,0.6875391882289009,0.5111594991834513,0.933159587724101
path,0.054,0.6177329542902854,0.68787464800513,0.5125204137180185,0.9332592443358901
path,0.055,0.6183018967548228,0.6880970643609232,0.5136091453456723,0.9332958727463634
path,0.056,0.6186238507558592,0.6882707438200992,0.5141535111594991,0.9333326946080751
path,0.057,0.6188553810401916,0.6884751723560442,0.5144256940664126,0.9333491982449522
path,0.058,0.6196591186973982,0.6887260034904015,0.5160587915078934,0.9334087987607871
path,0.059000000000000004,0.6202221377458389,0.6889385474860334,0.5171475231355471,0.9334570099495605
path,0.06,0.6205281918153595,0.6890857270593497,0.517691888949374,0.9334564295958451
path,0.061,0.6214295538223372,0.68931781017205,0.5195971692977681,0.9335103354481493
path,0.062,0.6219818390833101,0.6895124645219021,0.5206859009254219,0.9335384218633263
path,0.063,0.622659285624555,0.6897342657342657,0.5220468154599891,0.9336039104939305
path,0.064,0.6226326286227971,0.6898712926692782,0.5217746325530757,0.9336149129185152
path,0.065,0.6229332251077081,0.6900093762682451,0.5223189983669025,0.9336114852330344
path,0.066,0.6233028535476856,0.6902625131256562,0.5228633641807294,0.933656655638804
path,0.067,0.6233956502557477,0.6904171743057599,0.5228633641807294,0.9337022129470502
path,0.068,0.6238059102175342,0.6905565750949105,0.5236799129014698,0.9336843551515039
path,0.069,0.6246165359662554,0.690818886381792,0.5253130103429504,0.9337468029991043
path,0.07,0.6249446831567979,0.6910028878234783,0.5258573761567773,0.933800902302647
path,0.07100000000000001,0.6251530043193093,0.6911686344897215,0.5261295590636909,0.9338348768325934
path,0.07200000000000001,0.6255570999055583,0.691297761319643,0.5269461077844312,0.9338286018153471
path,0.073,0.6261322721851067,0.6915305607004545,0.528034839412085,0.9338969377777168
path,0.074,0.6262034094490445,0.6916491228070175,0.528034839412085,0.9339022455387707
path,0.075,0.6263147388198124,0.6918346717582973,0.528034839412085,0.9339419147322479
path,0.076,0.6267760823450657,0.6920592118198926,0.5288513881328253,0.9339929732527865
path,0.077,0.6269724508778618,0.6922050374366105,0.5291235710397387,0.9340356832292676
path,0.078,0.6270483100299682,0.6923314693567877,0.5291235710397387,0.9340726985422179
path,0.079,0.6273302665166465,0.6924384862920338,0.5296679368535656,0.9341040191916372
path,0.08,0.6275222014259717,0.6925769225363002,0.5299401197604791,0.934115021616222
path,0.081,0.627609834879785,0.6927229782926555,0.5299401197604791,0.934157731592703
path,0.082,0.628127815111932,0.692860457594465,0.5310288513881328,0.934183164127353
path,0.083,0.6287270607797149,0.6931333792890003,0.5321175830157866,0.9342628894167844
path,0.084,0.628642262694233,0.6931735044178062,0.5318454001088732,0.9342598486337805
path,0.085,0.6289185326601334,0.6932710438184224,0.5323897659227,0.9342883219514345
path,0.08600000000000001,0.6293395022251327,0.6934282939462608,0.5332063146434404,0.9343194491496154
path,0.08700000000000001,0.629933169170223,0.6936919177696423,0.5342950462710941,0.9343963271072813
path,0.088,0.6301299689192843,0.6938384620801353,0.5345672291780076,0.9344390370837623
path,0.089,0.6303216328680024,0.6939764467233899,0.534839412084921,0.9344644696184126
path,0.09,0.6303927273408372,0.6940949375114479,0.534839412084921,0.9344842074895319
path,0.091,0.6309176550495805,0.6942439959409178,0.5359281437125748,0.9344980572458819
path,0.092,0.6311211862918538,0.6944017594067641,0.5362003266194882,0.9345291844440629
path,0.093,0.6312953871492993,0.6945106388978977,0.5364725095264018,0.9345460749834169
path,0.094,0.6312069725749081,0.694544736545188,0.5362003266194882,0.934496896538451
path,0.095,0.6315011383182076,0.6946721022414694,0.5367446924333152,0.9345339118514013
path,0.096,0.631675409926997,0.6947810996515091,0.5370168753402287,0.9345508023907552
path,0.097,0.6315973774389936,0.6948325007761126,0.5367446924333152,0.9345361788294513
path,0.098,0.6313928292845052,0.69485449772785,0.5362003266194882,0.934513013272851
path,0.099,0.6313435208769418,0.6949537723198532,0.5359281437125748,0.9345270564804395
path,0.1,0.6315649759664065,0.6951414088643519,0.5362003266194882,0.9345667256739167
path,0.101,0.6316149978144407,0.6952247786110758,0.5362003266194882,0.934531783887778
path,0.10200000000000001,0.6318813376804981,0.6953057678452866,0.5367446924333152,0.9345257023217702
path,0.10300000000000001,0.631935115059145,0.6953953968096981,0.5367446924333152,0.9345368981975934
path,0.10400000000000001,0.6323214271043218,0.6954948844044994,0.5375612411540556,0.9345509414051819
path,0.105,0.6322663695675135,0.6955845771144278,0.5372890582471421,0.9345621372810051
path,0.106,0.6323143029895596,0.6956644661511713,0.5372890582471421,0.9345704858250627
path,0.107,0.6325117006015425,0.6958120068998671,0.5375612411540556,0.9346131958015438
path,0.108,0.6326397683686782,0.695843997907151,0.537833424060969,0.934592877576709
path,0.109,0.6328084342331816,0.6959436524100476,0.5381056069678825,0.9346069207842975
path,0.11,0.6329771220893137,0.6960433435656589,0.5383777898747959,0.9346209639918861
path,0.111,0.6333702390463306,0.6961541726801935,0.5391943385955362,0.9346234244211746
path,0.112,0.6336722530718099,0.6962946188467743,0.5397387044093631,0.9346344268457591
path,0.113,0.6339432231349269,0.6963833250760847,0.54028307022319,0.9346600528316478
path,0.114,0.6339787131612618,0.6964424751199761,0.54028307022319,0.9346771368222402
path,0.115,0.6340105732220194,0.696495575221239,0.54028307022319,0.9346480831508708
path,0.116,0.6340519972416168,0.6965646152539011,0.54028307022319,0.9346680144732287
path,0.117,0.6343348550498713,0.6966731343917743,0.5408274360370169,0.934699335122648
path,0.11800000000000001,0.6342748826892943,0.6967546357287548,0.5405552531301034,0.9346932535566402
path,0.11900000000000001,0.6341860805566539,0.6967880874456298,0.54028307022319,0.93465850522174
path,0.12,0.6342646410310862,0.6969190215696834,0.54028307022319,0.9346666603145593
path,0.121,0.6344387105134268,0.697027682102309,0.5405552531301034,0.9346979809639786
path,0.122,0.634583153874726,0.697086965766532,0.5408274360370169,0.934715064954571
path,0.123,0.6346269944916545,0.697160033461413,0.5408274360370169,0.9346917059467325
path,0.124,0.6347841001088407,0.6972404208854476,0.5410996189439303,0.9347000544907902
path,0.125,0.634736126041711,0.6973419193781738,0.5408274360370169,0.9346996675883132
path,0.126,0.6348992035145845,0.6974322598950206,0.5410996189439303,0.9347108634641363
path,0.127,0.6349178000206799,0.6974632540718462,0.5410996189439303,0.934704975349367
path,0.128,0.6349363996931259,0.6974942535259229,0.5410996189439303,0.9346990872345977
path,0.129,0.6348358276815378,0.697508088777885,0.5408274360370169,0.9346586442361667
path,0.13,0.6349937976726697,0.6975899168251626,0.5410996189439303,0.934652562670159
path,0.131,0.6352590758893051,0.6976691366436704,0.5416439847577572,0.9346753413242821
path,0.132,0.6353976619665653,0.6977186581678284,0.5419161676646707,0.9346895779831091
path,0.133,0.635423024547659,0.6977609291363178,0.5419161676646707,0.9346721070900399
path,0.134,0.6356661406574134,0.697803212110024,0.5424605334784975,0.9346546361969704
path,0.135,0.635679624750097,0.69782568559783,0.5424605334784975,0.9346314706403702
path,0.136,0.6359211575467527,0.6978653297163715,0.5430048992923244,0.9346428599674319
path,0.137,0.6359635898537215,0.6979360502279862,0.5430048992923244,0.9346483611797243
path,0.138,0.6362527291859388,0.6980550385724636,0.5435492651061513,0.9346825291609091
path,0.139,0.6362951909309893,0.6981258081475481,0.5435492651061513,0.9346880303732014
path,0.14,0.6362466523328246,0.6982263657552158,0.5432770821992379,0.9347020735807898
path,0.14100000000000001,0.6362653227742345,0.6982574831575655,0.5432770821992379,0.9346961854660205
path,0.14200000000000002,0.6366463512392846,0.6983481647854888,0.5440936309199782,0.9347073813418438
path,0.14300000000000002,0.6366709899502714,0.6983892293038002,0.5440936309199782,0.9347043405588399
path,0.14400000000000002,0.6367246128969264,0.6984786008815584,0.5440936309199782,0.9347299665447285
path,0.145,0.6368700581284159,0.6985395543294322,0.5443658138268916,0.9347326204252554
path,0.146,0.6369058220819905,0.698599160918723,0.5443658138268916,0.9347497044158478
path,0.147,0.6371669394845199,0.6986714460470541,0.5449101796407185,0.9347407755180746
path,0.148,0.6369567956922191,0.6986841169357708,0.5443658138268916,0.9347147626297091
path,0.149,0.6372520830113484,0.6988133519251016,0.5449101796407185,0.9347517779426593
path,0.15,0.6373014658336313,0.6988956566289065,0.5449101796407185,0.9347456963766515
path,0.151,0.6374418335283828,0.69894814751555,0.545182362547632,0.9347310728153476
path,0.152,0.637720108803726,0.6990490290985707,0.5457267283614589,0.9347451160229361
path,0.153,0.6377217685392644,0.6990517953244683,0.5457267283614589,0.934716255802805
path,0.154,0.6377584325910772,0.6991129020774893,0.5457267283614589,0.934718909683332
path,0.155,0.6378130292399651,0.6992038964923024,0.5457267283614589,0.9347301055591553
path,0.156,0.6378437400990167,0.6992550812573887,0.5457267283614589,0.9347299121079167
path,0.157,0.6380819237165265,0.6992891434106869,0.5462710941752857,0.9346951637730164
path,0.158,0.6379747237157946,0.699291932014076,0.5459989112683723,0.9346663035528855
path,0.159,0.6380792922564991,0.6992847576439746,0.5462710941752857,0.934634596000989
path,0.16,0.6380980643443803,0.6993160444571102,0.5462710941752857,0.9346287078862198
path,0.161,0.638266733663149,0.6994157047171156,0.5465432770821992,0.9346571812038738
path,0.162,0.6383333721818734,0.6995267689149894,0.5465432770821992,0.9346740717432278
path,0.163,0.6383521647174129,0.6995580898075553,0.5465432770821992,0.9346681836284585
path,0.164,0.6385029257945416,0.6996279029981609,0.5468154599891126,0.9346881149508163
path,0.165,0.6381634248769588,0.6996064339493498,0.5459989112683723,0.934592992295127
path,0.166,0.638302228580372,0.6996563181837628,0.5462710941752857,0.9346072289539542
path,0.167,0.6383441385087247,0.6997261680643506,0.5462710941752857,0.9346271602763119
path,0.168,0.6384666860824946,0.6997489587493582,0.5465432770821992,0.9346039947197118
path,0.169,0.6386989600358517,0.699773171462402,0.5470876428960262,0.9345663990530462
path,0.17,0.6387306140456632,0.6998259281454213,0.5470876428960262,0.9345517754917422
path,0.171,0.6387314657025652,0.6998273475735913,0.5470876428960262,0.9345373453816767
path,0.17200000000000001,0.6387554327345459,0.6998672926268925,0.5470876428960262,0.9345487347087382
path,0.17300000000000001,0.638890837522957,0.6999115120029685,0.5473598258029396,0.9345168337056033
path,0.17400000000000002,0.6390296807765862,0.6999614621544082,0.5476320087098531,0.9345310703644304
path,0.17500000000000002,0.6391633896109914,0.7000028549404745,0.5479041916167665,0.9345280295814266
path,0.176,0.6391942266852528,0.7000542500642436,0.5479041916167665,0.9345278361301881
path,0.177,0.6393699329486083,0.7001656385652273,0.54817637452368,0.9345447266695419
path,0.178,0.6394067907588743,0.7002270682490038,0.54817637452368,0.9345473805500689
path,0.179,0.6394265186157106,0.7002599480103978,0.54817637452368,0.9345270623252342
path,0.18,0.6395722663405682,0.7003214056138847,0.5484485574305934,0.9345297162057611
path,0.181,0.639608283384529,0.700381434020486,0.5484485574305934,0.9345468001963535
path,0.182,0.6396623205290312,0.7004714959279896,0.5484485574305934,0.9345724261822421
path,0.183,0.6397900793997491,0.7005029721079105,0.5487207403375068,0.9345665380674728
path,0.184,0.6399530106696867,0.7005930689531976,0.5489929232444203,0.9345921640533614
path,0.185,0.6400645022838762,0.7005974330389045,0.5492651061513337,0.934548873723165
path,0.186,0.6400894098614398,0.7006389456681771,0.5492651061513337,0.934545832940161
path,0.187,0.6401374873290844,0.7007190747809181,0.5492651061513337,0.9345686115942843
path,0.188,0.6404890270409034,0.7007606084867894,0.550081654872074,0.9345655708112803
path,0.189,0.6404959161667306,0.7007720903631683,0.550081654872074,0.9345539880329803
path,0.19,0.6405199646255626,0.7008121711278883,0.550081654872074,0.934565377360042
path,0.191,0.6405620560485594,0.7008823234995496,0.550081654872074,0.9345853086823998
path,0.192,0.6406795862850958,0.7008967519558347,0.5503538377789875,0.9345448656839687
path,0.193,0.6407156772596934,0.700956903580164,0.5503538377789875,0.9345619496745612
path,0.194,0.640855515205195,0.7010085115513911,0.5506260206859009,0.9345617562233226
path,0.195,0.6411334382396364,0.7011088060662422,0.5511703864997278,0.9345902295409767
path,0.196,0.6411514946101927,0.7011389000171693,0.5511703864997278,0.9345987715362729
path,0.197,0.6411704411808945,0.7011704776350056,0.5511703864997278,0.9345928834215036
path,0.198,0.6412005425164922,0.7012206465276685,0.5511703864997278,0.9346071200803305
path,0.199,0.6413343910165135,0.7012622720897616,0.5514425694066413,0.9346040792973267
path,0.2,0.6416980364300838,0.7013239819652186,0.5522591181273816,0.9346067331778536
path,0.201,0.6419699964166117,0.7014143380668805,0.5528034839412085,0.9346323591637422
path,0.202,0.6422359443917633,0.701494674149582,0.5533478497550354,0.9346551378178655
path,0.203,0.6422600493573718,0.7015348490922627,0.5533478497550354,0.934666527144927
path,0.20400000000000001,0.6422721028755831,0.7015549382892815,0.5533478497550354,0.9346722218084579
path,0.20500000000000002,0.6424472827301144,0.7016654494422249,0.5536200326619488,0.9347035424578773
path,0.20600000000000002,0.6424843626394122,0.7017272492910545,0.5536200326619488,0.9347061963384042
path,0.20700000000000002,0.642498232218531,0.7017503652562523,0.5536200326619488,0.934683030781804
path,0.20800000000000002,0.6425121049766496,0.7017734865197833,0.5536200326619488,0.9346598652252038
path,0.209,0.642785053312424,0.7018654898701894,0.5541643984757757,0.934671061101027
path,0.21,0.6428031553296147,0.7018956598988408,0.5541643984757757,0.9346796030963233
path,0.211,0.6429482371959072,0.7019560077380527,0.5544365813826891,0.9346966870869157
path,0.212,0.6428834398351879,0.7020294674081293,0.5541643984757757,0.9346877581891424
path,0.213,0.6429257034883538,0.7020999068300724,0.5541643984757757,0.9347076895115003
path,0.214,0.6429568126179434,0.7021517553793885,0.5541643984757757,0.9347074960602617
path,0.215,0.6430232565944511,0.7022624953402347,0.5541643984757757,0.9347388167096813
path,0.216,0.6430836783991436,0.7023631983480556,0.5541643984757757,0.9347672900273352
path,0.217,0.6430119897025258,0.7024251724583016,0.5538922155688623,0.9347699439078623
path,0.218,0.6429412354702876,0.7024887040091802,0.5536200326619488,0.9347581676783236
path,0.219,0.64295937409301,0.7025189350470507,0.5536200326619488,0.9347667096736199
path,0.22,0.64310545659037,0.7025809506047085,0.5538922155688623,0.9347693635541467
path,0.221,0.6431175525020604,0.7026011104575257,0.5538922155688623,0.9347750582176775
path,0.222,0.6432231611379751,0.7025956695794414,0.5541643984757757,0.9347289205557157
path,0.223,0.6432301382736347,0.702607298138874,0.5541643984757757,0.9347173377774156
path,0.224,0.6432482867272216,0.7026375455615188,0.5541643984757757,0.9347258797727118
path,0.225,0.6434911636902665,0.7026794299573759,0.5547087642896026,0.934722838989708
path,0.226,0.6436726579203335,0.7028004650695451,0.554980947196516,0.9347570069708928
path,0.227,0.6438187862800809,0.7028625570645152,0.5552531301034295,0.9347596608514197
path,0.228,0.6439458225697247,0.7028928289426458,0.5555253130103429,0.9347682028467159
path,0.229,0.6440929024204327,0.7029565067558835,0.5557974959172564,0.9347564266171773
path,0.23,0.6443367533090375,0.703000014361007,0.5563418617310832,0.9347389557241079
path,0.231,0.6444656799027685,0.7030334367459498,0.5566140446379967,0.9347186374992732
path,0.232,0.6445141538239415,0.7031142266145715,0.5566140446379967,0.9347414161533965
path,0.233,0.6444183438649779,0.7031359986209076,0.5563418617310832,0.9347326807068617
path,0.234,0.6445696452099484,0.7032067122579162,0.5566140446379967,0.9347526120292196
path,0.23500000000000001,0.6446009026416807,0.7032588079774701,0.5566140446379967,0.934752418577981
path,0.23600000000000002,0.6446251557331157,0.7032992297965284,0.5566140446379967,0.9347638079050427
path,0.23700000000000002,0.6446372833243753,0.7033194424486277,0.5566140446379967,0.9347695025685734
path,0.23800000000000002,0.6446858006610968,0.7034003046764968,0.5566140446379967,0.9347922812226968
path,0.23900000000000002,0.6448432023181624,0.7034811855003306,0.5568862275449101,0.9348150598768199
path,0.24,0.6448572423620115,0.7035045855734123,0.5568862275449101,0.9347918943202198
path,0.241,0.6449792049535763,0.7035264012880781,0.5571584104518236,0.934783158873685
path,0.242,0.6450156177929787,0.7035870893537488,0.5571584104518236,0.9348002428642774
path,0.243,0.6449259097299513,0.7036190311866454,0.5568862275449101,0.9347943547495081
path,0.244,0.6449380503375609,0.7036392655326614,0.5568862275449101,0.934800049413039
path,0.245,0.6449744763503579,0.7036999755539897,0.5568862275449101,0.9348171334036314
path,0.246,0.6449744763503579,0.7036999755539897,0.5568862275449101,0.9348171334036314
path,0.247,0.6449926917139864,0.7037303344933706,0.5568862275449101,0.9348256753989276
path,0.248,0.6451440735046281,0.7038011822064978,0.5571584104518236,0.9348456067212854
path,0.249,0.6452903524725188,0.7038635252150398,0.5574305933587371,0.9348482606018123
path,0.25,0.6454539040844398,0.7039546559636327,0.5577027762656506,0.9348738865877009
path,0.251,0.6455880500230095,0.7039967772566397,0.557974959172564,0.934870845804697
path,0.252,0.6454811105062601,0.704,0.5577027762656506,0.9348419855845661
path,0.253,0.6455054226968898,0.704040520317716,0.5577027762656506,0.9348533749116277
path,0.254,0.6454218336824837,0.7040826605649815,0.5574305933587371,0.9348503341286238
path,0.255,0.6454420128184517,0.7041162924582614,0.5574305933587371,0.934830015903789
path,0.256,0.6454317917219853,0.704099257297484,0.5574305933587371,0.9347954610201272
path,0.257,0.6454276503935444,0.7040923550834159,0.5574305933587371,0.9347637534682309
path,0.258,0.6456716640364261,0.7041361339456674,0.557974959172564,0.9347462825751616
path,0.259,0.6457152172869721,0.7042087226965775,0.557974959172564,0.9347517837874538
path,0.26,0.6457283588094225,0.7042306252339947,0.557974959172564,0.9347430483409191
path,0.261,0.6458494011552747,0.7042509072058061,0.5582471420794775,0.9347487430044499
path,0.262,0.6458686313068622,0.7042829574584522,0.5582471420794775,0.9347428548896807
path,0.263,0.6457982284188312,0.7043470745830093,0.557974959172564,0.9347310786601422
path,0.264,0.6458600886925803,0.7044501750392578,0.557974959172564,0.9347451218677306
path,0.265,0.6459046810753657,0.7045244956772335,0.557974959172564,0.9347361929699575
path,0.266,0.6460389026577388,0.7045667430432464,0.5582471420794775,0.9347331521869535
path,0.267,0.645949290167361,0.7045988441638924,0.557974959172564,0.9347272640721843
path,0.268,0.6459929298903958,0.704671577035617,0.557974959172564,0.9347327652844766
path,0.269,0.6462594360880562,0.7047528434891666,0.5585193249863909,0.9347555439385998
path,0.27,0.6464628465623017,0.7047289504036909,0.5590636908002178,0.9346892815030416
path,0.271,0.6463559491215056,0.7047322432736397,0.5587915078933043,0.9346604212829107
path,0.272,0.6463477060645668,0.7047185048454084,0.5587915078933043,0.934597006179118
path,0.273,0.6462581150647921,0.7047506417837262,0.5585193249863909,0.9345911180643487
path,0.274,0.6462417964833427,0.7047234441479773,0.5585193249863909,0.9345537158489214
path,0.275,0.64615830755877,0.7047657512116317,0.5582471420794775,0.9345506750659176
path,0.276,0.6465276271834619,0.7048369181056245,0.5590636908002178,0.9345706063882754
path,0.277,0.6463932028312552,0.7047943327898891,0.5587915078933043,0.934484219179121
path,0.278,0.6463097269932866,0.7048366616645504,0.5585193249863909,0.9344811783961171
path,0.279,0.6460715352737357,0.7048025860078503,0.557974959172564,0.9344120686287934
path,0.28,0.6460908351627477,0.7048347524895368,0.557974959172564,0.9344061805140242
path,0.281,0.6462068036031445,0.7048465779522559,0.5582471420794775,0.9343945977357241
path,0.28200000000000003,0.6463349817266579,0.7048787528868359,0.5585193249863909,0.9343887096209548
path,0.28300000000000003,0.6463542900315111,0.7049109333949246,0.5585193249863909,0.9343828215061856
path,0.28400000000000003,0.6459950101424559,0.7048564993936595,0.5577027762656506,0.9343080170753311
path,0.28500000000000003,0.6460143206359128,0.704888683549421,0.5577027762656506,0.9343021289605619
path,0.28600000000000003,0.6460173009962029,0.7048936508165711,0.5577027762656506,0.9342588386303654
path,0.28700000000000003,0.6460366176040406,0.7049258451629674,0.5577027762656506,0.9342529505155961
path,0.28800000000000003,0.6462859017053448,0.7049784081225898,0.5582471420794775,0.9342527570643576
path,0.289,0.6464212070056355,0.7050224616851319,0.5585193249863909,0.9342352861712881
path,0.29,0.6466705060076097,0.7050750494792043,0.5590636908002178,0.9342350927200498
path,0.291,0.646694953471654,0.7051157952526114,0.5590636908002178,0.9342464820471114
path,0.292,0.6465951934733303,0.7051309838600142,0.5587915078933043,0.9342060390486804
path,0.293,0.6465117762373309,0.7051734104046242,0.5585193249863909,0.9342029982656764
path,0.294,0.6465729272774007,0.7052753288047405,0.5585193249863909,0.9342314715833304
path,0.295,0.6467001491992082,0.7053059100698108,0.5587915078933043,0.9342400135786266
path,0.296,0.6465994038887454,0.705319456490315,0.5585193249863909,0.9342140006902611
path,0.297,0.6467154004280515,0.7053313287845497,0.5587915078933043,0.934202417911961
path,0.298,0.6467459911956615,0.7053823133972329,0.5587915078933043,0.934216654570788
path,0.299,0.6468010657234708,0.7054741042769151,0.5587915078933043,0.9342422805566766
path,0.3,0.6469242009057943,0.705497874309512,0.5590636908002178,0.9342191150000765
path,0.301,0.6469609307077773,0.7055590906461503,0.5590636908002178,0.9342361989906689
path,0.302,0.6469864343623486,0.7056015967371024,0.5590636908002178,0.934233158207665
path,0.303,0.6469884617833113,0.7056049757720403,0.5590636908002178,0.934204297987534
path,0.304,0.646773757249135,0.7056100454242976,0.5585193249863909,0.9341610076573374
path,0.305,0.6468166334798497,0.7056815058088224,0.5585193249863909,0.9341809389796953
path,0.306,0.646848282149785,0.7057342535920477,0.5585193249863909,0.9341807455284569
path,0.307,0.6468217147132412,0.7056899745311415,0.5585193249863909,0.9341087884293678
path,0.308,0.6468400971093593,0.7057206118580049,0.5585193249863909,0.934117330424664
path,0.309,0.6468707379834414,0.705771679981475,0.5585193249863909,0.9341315670834911
path,0.31,0.6470041270385236,0.7058125398020031,0.5587915078933043,0.9341429564105527
path,0.311,0.6470225158206979,0.7058431877722936,0.5587915078933043,0.9341514984058489
path,0.312,0.6470776917502574,0.7059351476548928,0.5587915078933043,0.9341771243917375
path,0.313,0.647103243378537,0.7059777337020254,0.5587915078933043,0.9341740836087337
path,0.314,0.6471400412681417,0.7060390635180334,0.5587915078933043,0.9341911675993261
path,0.315,0.6471645767466532,0.7060799559822192,0.5587915078933043,0.9342025569263877
path,0.316,0.6471727662713163,0.7060936051899908,0.5587915078933043,0.9341765440380221
path,0.317,0.6470771916967765,0.7061157695037001,0.5585193249863909,0.9341678085914874
path,0.318,0.6472116382074348,0.7061583917501884,0.5587915078933043,0.9341647678084835
path,0.319,0.6472310792429556,0.7061907934760566,0.5587915078933043,0.9341588796937143
path,0.32,0.6473706416757865,0.7062419422594991,0.5590636908002178,0.9341731163525413
path,0.321,0.6473502137340676,0.7062078956899674,0.5590636908002178,0.9341040065852176
path,0.322,0.6476047955458337,0.7062692881670264,0.5596080566140447,0.93412109057581
path,0.323,0.6475945810459657,0.7062522640005796,0.5596080566140447,0.9340865356921484
path,0.324,0.6477402973473131,0.7063136692315497,0.5598802395209581,0.9341036196827408
path,0.325,0.6477536145609193,0.70633586458756,0.5598802395209581,0.934094884236206
path,0.326,0.6477730761266534,0.7063683005304501,0.5598802395209581,0.9340889961214367
path,0.327,0.6477812909207892,0.7063819918540098,0.5598802395209581,0.9340629832330711
path,0.328,0.6477895073820815,0.7063956859561638,0.5598802395209581,0.9340369703447056
path,0.329,0.6480451592778067,0.7064588619064878,0.560424605334785,0.9340396242252325
path,0.33,0.6480523434750574,0.7064708355685723,0.560424605334785,0.9340280414469324
path,0.331,0.6483141556495957,0.7065442786502516,0.5609689711486119,0.9340335426592248
path,0.332,0.6483090490374693,0.706535767630041,0.5609689711486119,0.9340162652173939
path,0.333,0.648219660578248,0.7065682421359476,0.5606967882416984,0.9340103771026246
path,0.334,0.6482278929139451,0.7065819626954428,0.5606967882416984,0.9339843642142589
path,0.335,0.6481211041008419,0.7065854366115464,0.560424605334785,0.9339555039941281
path,0.336,0.6477853113404375,0.7065701478246993,0.5596080566140447,0.9339065190004008
path,0.337,0.6477986544004924,0.7065923862581244,0.5596080566140447,0.933897783553866
path,0.338,0.6478058481461693,0.7066043758342524,0.5596080566140447,0.9338862007755659
path,0.339,0.6479280676013576,0.7066266196549572,0.5598802395209581,0.9338774653290313
path,0.34,0.6479526762335446,0.7066676340419357,0.5598802395209581,0.9338888546560928
path,0.341,0.6480882529128074,0.7067121399027646,0.5601524224278716,0.9338713837630235
path,0.342,0.6481251789016267,0.7067736832174634,0.5601524224278716,0.9338884677536159
path,0.343,0.6481272746916137,0.7067771762007751,0.5601524224278716,0.933859607533485
path,0.34400000000000003,0.6482874977328629,0.7068627593315815,0.560424605334785,0.9338535259674772
path,0.34500000000000003,0.6484220536635047,0.7069055639447089,0.5606967882416984,0.9338504851844733
path,0.34600000000000003,0.6484590074582686,0.7069671536026487,0.5606967882416984,0.9338675691750657
path,0.34700000000000003,0.6483645617017202,0.7069911992796769,0.560424605334785,0.9338444036184655
path,0.34800000000000003,0.6481325486835159,0.7069674214585543,0.5598802395209581,0.9337781411829074
path,0.34900000000000003,0.6482609602556655,0.7069999854741948,0.5601524224278716,0.933772253068138
path,0.35000000000000003,0.6481777916652025,0.707042826428032,0.5598802395209581,0.9337692122851342
path,0.35100000000000003,0.6484089204561815,0.7070651305371125,0.560424605334785,0.9337604768385994
path,0.352,0.6484397401375754,0.707116496672769,0.560424605334785,0.9337747134974266
path,0.353,0.6484643991069748,0.7071575949551014,0.560424605334785,0.933786102824488
path,0.354,0.6483812479800857,0.7072004650148951,0.5601524224278716,0.9337830620414842
path,0.355,0.6482857682397158,0.7072227873855543,0.5598802395209581,0.9337743265949496
path,0.356,0.6483227719318645,0.7072844602058019,0.5598802395209581,0.933791410585542
path,0.357,0.6483187290443314,0.7072777220599136,0.5598802395209581,0.9337597030336455
path,0.358,0.6483321289508086,0.7073000552373755,0.5598802395209581,0.933750967587111
path,0.359,0.6485632771307885,0.7073223916614575,0.560424605334785,0.9337422321405762
path,0.36,0.6485417890983243,0.7072865782740172,0.560424605334785,0.9336875524833181
path,0.361,0.6485685974775031,0.7073312589059819,0.560424605334785,0.9336700815902488
path,0.362,0.6485707262660685,0.7073348068869243,0.560424605334785,0.9336412213701177
path,0.363,0.6488193322751595,0.707386239692858,0.5609689711486119,0.9336554580289448
path,0.364,0.6488378502395495,0.7074171029668412,0.5609689711486119,0.933664000024241
path,0.365,0.6488512638285089,0.7074394589484402,0.5609689711486119,0.9336552645777063
path,0.366,0.6489418435631187,0.7074089699015144,0.5612411540555253,0.9335572945902517
path,0.367,0.6489665432376429,0.7074501360257213,0.5612411540555253,0.9335686839173134
path,0.368,0.6490035981399387,0.7075118941962142,0.5612411540555253,0.9335857679079058
path,0.369,0.6489019714530281,0.7075239716559723,0.5609689711486119,0.9335741851296058
path,0.37,0.6491156808168139,0.7075172433863974,0.5615133369624388,0.9335424775777093
path,0.371,0.6494866172142426,0.7075911049016184,0.5623298856831791,0.9335479787900016
path,0.372,0.6495298729109255,0.707663197729423,0.5623298856831791,0.9335679101123595
path,0.373,0.6496707239380677,0.7077164941700511,0.5626020685900925,0.9335677166611209
path,0.374,0.6496954501778012,0.7077577045696068,0.5626020685900925,0.9335791059881826
path,0.375,0.6497078143775576,0.7077783115692011,0.5626020685900925,0.9335848006517133
path,0.376,0.6497449112971421,0.7078401397685083,0.5626020685900925,0.9336018846423058
path,0.377,0.6496381963560044,0.7078437368045546,0.5623298856831791,0.9335730244221748
path,0.378,0.6496887551120902,0.707928001398031,0.5623298856831791,0.9335813729662326
path,0.379,0.6496920002978278,0.7079334100409269,0.5623298856831791,0.9335380826360361
path,0.38,0.6498751246376627,0.7080571620027095,0.5626020685900925,0.9335722506172209
path,0.381,0.6498649172922497,0.7080401497603543,0.5626020685900925,0.933537695733559
path,0.382,0.6501023169321609,0.708072905284322,0.5631464344039194,0.9335318076187897
path,0.383,0.6499967018227927,0.7080783353733171,0.562874251497006,0.9334885172885934
path,0.384,0.6501612974969764,0.708171206225681,0.5631464344039194,0.933514143274482
path,0.385,0.6502960308455131,0.7082143065352999,0.5634186173108329,0.9335111024914782
path,0.386,0.6504307694712542,0.7082574156402595,0.5636908002177463,0.9335080617084742
path,0.387,0.6504391469916729,0.7082713781742908,0.5636908002177463,0.9334820488201087
path,0.388,0.650458825335524,0.7083041754140424,0.5636908002177463,0.9334761607053393
path,0.389,0.65045481455398,0.7082974907781358,0.5636908002177463,0.9334444531534429
path,0.39,0.6504610108403134,0.7083078179220248,0.5636908002177463,0.9334473004852084
path,0.391,0.6503193279392062,0.7082531350247885,0.5634186173108329,0.9333724960543539
path,0.392,0.6503390104906993,0.708285939277277,0.5634186173108329,0.9333666079395847
path,0.393,0.6505713379863223,0.7083102412274305,0.5639629831246598,0.9333434423829845
path,0.394,0.6505859225593537,0.7083345488491496,0.5639629831246598,0.9333202768263844
path,0.395,0.6505921217910777,0.7083448809020231,0.5639629831246598,0.9333231241581497
path,0.396,0.6504741319032912,0.708329686360321,0.5636908002177463,0.9332741391644225
path,0.397,0.6504938270898997,0.7083625116713352,0.5636908002177463,0.9332682510496532
path,0.398,0.6508474430335323,0.7084075057635627,0.5645073489384866,0.9332507801565838
path,0.399,0.6508733497786723,0.7084506836721293,0.5645073489384866,0.93324773937358
path,0.4,0.6508766428358519,0.708456172100762,0.5645073489384866,0.9332044490433835
path,0.401,0.6511100928228458,0.7084823448698673,0.5650517147523135,0.9331668533767178
path,0.402,0.6511298083954875,0.7085152041576035,0.5650517147523135,0.9331609652619485
path,0.403,0.6512595012467195,0.7085499036383811,0.565323897659227,0.9331406470371137
path,0.404,0.651266809384915,0.7085620838687069,0.565323897659227,0.9331290642588137
path,0.405,0.6513062633104343,0.708627840411239,0.565323897659227,0.9331172880292751
path,0.406,0.6514235524998646,0.7086418671223473,0.5655960805661404,0.9330912751409095
path,0.40700000000000003,0.6513168865252394,0.7086455457692477,0.565323897659227,0.9330624149207785
path,0.40800000000000003,0.6514206527607749,0.7086370342238646,0.5655960805661404,0.9330451374789477
path,0.40900000000000003,0.6513128831456096,0.7086388734698648,0.565323897659227,0.9330307073688822
path,0.41000000000000003,0.6514714490270406,0.7087216946676407,0.5655960805661404,0.9330534860230053
path,0.41100000000000003,0.6513823204452582,0.7087546023026123,0.565323897659227,0.933047597908236
path,0.41200000000000003,0.6516271370518454,0.7087997194377065,0.5658682634730539,0.9330301270151666
path,0.41300000000000003,0.6516582115839635,0.7088515103245699,0.5658682634730539,0.9330443636739937
path,0.41400000000000003,0.6519070369830792,0.7089033087805449,0.5664126292868807,0.9330586003328207
path,0.41500000000000004,0.6520378961106347,0.708939952055195,0.5666848121937942,0.9330238519979204
path,0.41600000000000004,0.6523053896990428,0.7090228641599907,0.5672291780076211,0.9330466306520436
path,0.417,0.6522174058332504,0.7090576796549455,0.5669569951007076,0.9330263124272089
path,0.418,0.6522547306610261,0.7091198877012385,0.5669569951007076,0.9330433964178013
path,0.419,0.6524973638437696,0.709161365796593,0.5675013609145345,0.9330547857448629
path,0.42,0.6525109275187825,0.7091839719216145,0.5675013609145345,0.9330460502983282
path,0.421,0.6526769344955813,0.7092791949450034,0.5677735438214481,0.9330572461741513
path,0.422,0.6529444839243266,0.7093622001170276,0.568317909635275,0.9330800248282746
path,0.423,0.6526274646291642,0.7093782004389174,0.5675013609145345,0.9330395818298436
path,0.424,0.6525032830490041,0.7093526864099262,0.5672291780076211,0.9329877495043508
path,0.425,0.6525168632602925,0.7093753200954068,0.5672291780076211,0.9329790140578161
path,0.426,0.6525429034222137,0.7094187203652755,0.5672291780076211,0.9329759732748122
path,0.427,0.6527112332436427,0.7095178147963814,0.5675013609145345,0.9329583089305045
path,0.428,0.652714620934147,0.7095234609472221,0.5675013609145345,0.9329150186003079
path,0.429,0.6525864613749524,0.7094913169531731,0.5672291780076211,0.9328314787229188
path,0.43,0.6526000576196016,0.7095139773609219,0.5672291780076211,0.9328227432763841
path,0.431,0.6525949529404216,0.7095054695622885,0.5672291780076211,0.9328054658345533
path,0.432,0.6529300657352813,0.7095196250732279,0.5680457267283615,0.9327794529461877
path,0.433,0.652949901553459,0.7095526847701906,0.5680457267283615,0.9327735648314184
path,0.434,0.6531024286233249,0.709625441282025,0.568317909635275,0.9327934961537763
path,0.435,0.6531183030946164,0.7096518987341772,0.568317909635275,0.9327559004871105
path,0.436,0.6531767264337908,0.7097492709661346,0.568317909635275,0.9327526662528682
path,0.437,0.6533230451505311,0.7098116802227595,0.5685900925421884,0.9327697502434606
path,0.438,0.6534693704531315,0.7098741004558179,0.5688622754491018,0.9327868342340531
path,0.439,0.6536043564713089,0.7099176218815045,0.5691344583560153,0.9327837934510491
path,0.44,0.6533673384198748,0.7098855023383325,0.5685900925421884,0.93270025357366
path,0.441,0.6535023320317315,0.7099290364201513,0.5688622754491018,0.9326972127906562
path,0.442,0.653521068886991,0.7099602645122506,0.5688622754491018,0.9327057547859524
path,0.443,0.6534019885983233,0.7099432526357465,0.5685900925421884,0.9326711999022906
path,0.444,0.6536407605231417,0.709978295301226,0.5691344583560153,0.9326508816774558
path,0.445,0.6537468160827602,0.7099735992959811,0.5694066412629287,0.932604744015494
path,0.446,0.6537479594665808,0.7099755049356822,0.5694066412629287,0.9325903139054285
path,0.447,0.653835268446321,0.7099395646306402,0.5696788241698422,0.9325356342481703
path,0.448,0.6538477655488228,0.7099603931348101,0.5696788241698422,0.9325413289117013
path,0.449,0.6538563014649528,0.7099746196616933,0.5696788241698422,0.9325153160233356
path,0.45,0.6538761953662511,0.710007776163857,0.5696788241698422,0.9325094279085664
path,0.451,0.6538909870334155,0.7100324289424643,0.5696788241698422,0.9324862623519661
path,0.452,0.6539120345109073,0.7100675080716172,0.5696788241698422,0.9324659441271314
path,0.453,0.6540306009812966,0.7100836635843241,0.5699510070767556,0.9324255011287004
path,0.454,0.6541491702976368,0.7100998238402819,0.570223189983669,0.9323850581302693
path,0.455,0.6539235044146701,0.7100866245778886,0.5696788241698422,0.9323216430264765
path,0.456,0.6539030705918452,0.7100525682065139,0.5696788241698422,0.9322525332591529
path,0.457,0.6541469894819762,0.7100961891475144,0.570223189983669,0.932249492476149
path,0.458,0.6541868333866495,0.7101625956553032,0.570223189983669,0.9322377162466104
path,0.459,0.6545521589597436,0.7102271057966332,0.5710397387044094,0.9322403701271373
path,0.46,0.6544342205207702,0.710211997002953,0.5707675557974959,0.93219138513341
path,0.461,0.6543464344423126,0.710247142143466,0.5704953728905825,0.9321710669085753
path,0.462,0.6543083622348517,0.7101836884643644,0.5704953728905825,0.93207898503589
path,0.463,0.6543647251912706,0.7102776267250628,0.5704953728905825,0.9321046110217787
path,0.464,0.654365878954287,0.7102795496634233,0.5704953728905825,0.9320901809117131
path,0.465,0.6545009633164848,0.7103232349958106,0.5707675557974959,0.9320871401287092
path,0.466,0.6545220703916808,0.7103584134544706,0.5707675557974959,0.9320668219038746
path,0.467,0.6545420258475798,0.7103916725476358,0.5707675557974959,0.9320609337891053
path,0.468,0.6544656470976516,0.7104458299023644,0.5704953728905825,0.9320607403378667
path,0.46900000000000003,0.654594484452465,0.7104791035557777,0.5707675557974959,0.9320548522230974
path,0.47000000000000003,0.6547193768248827,0.7105058022385317,0.5710397387044094,0.9320172565564318
path,0.47100000000000003,0.6547507291239842,0.7105580560703674,0.5710397387044094,0.9320314932152588
path,0.47200000000000003,0.6549035032537466,0.7106312243486957,0.5713119216113228,0.9320514245376166
path,0.47300000000000003,0.654815777782779,0.7106664705016921,0.5710397387044094,0.9320311063127819
path,0.47400000000000003,0.6548471468611503,0.7107187522989775,0.5710397387044094,0.9320453429716089
path,0.47500000000000003,0.6550376012322381,0.710854720979515,0.5713119216113228,0.9320823582845591
path,0.47600000000000003,0.6550120666339907,0.7108121633157694,0.5713119216113228,0.9319959710754047
path,0.47700000000000004,0.6551962798170103,0.7109377300161932,0.5715841045182363,0.9320301390565895
path,0.47800000000000004,0.655066978826797,0.7109036836371131,0.5713119216113228,0.9319610292892658
path,0.47900000000000004,0.655175433643308,0.7109029863933557,0.5715841045182363,0.931886031407173
path,0.48,0.6554320446962504,0.7109677609390418,0.5721284703320632,0.9318886852877
path,0.481,0.6554634598917436,0.7110201195981972,0.5721284703320632,0.9319029219465269
path,0.482,0.6554732725238452,0.7110364739850332,0.5721284703320632,0.9318624789480958
path,0.483,0.6554984122931081,0.7110783736004714,0.5721284703320632,0.9318738682751575
path,0.484,0.6556273208471125,0.7111117659192031,0.5724006532389766,0.9318679801603882
path,0.485,0.6556787971693363,0.7111975597895761,0.5724006532389766,0.931876328704446
path,0.486,0.6554594872037449,0.7111949537228084,0.5718562874251497,0.9318157609324185
path,0.487,0.6555833025246655,0.7112198573197337,0.5721284703320632,0.9317925953758184
path,0.488,0.6558273932256953,0.7112637646122322,0.57267283614589,0.9317895545928145
path,0.489,0.6559928923295015,0.7113581411806335,0.5729450190528035,0.9318151805787032
path,0.49,0.6561218310949952,0.7113915838518474,0.5732172019597169,0.9318092924639338
path,0.491,0.6561595951875673,0.7114545240061342,0.5732172019597169,0.9318263764545263
path,0.492,0.6561493829958845,0.711437503686663,0.5732172019597169,0.9317918215708645
path,0.493,0.6562186369526749,0.7115529269479802,0.5732172019597169,0.9318231422202838
path,0.494,0.6563412964565347,0.7115759041831377,0.5734893848666304,0.9318144067737493
path,0.495,0.6564474488477783,0.7115713695639346,0.5737615677735438,0.9317682691117872
path,0.496,0.6562572841596134,0.7116173389595444,0.5732172019597169,0.931750798218718
path,0.497,0.6563988526628983,0.7116718311937437,0.5734893848666304,0.9317506047674795
path,0.498,0.656565638355322,0.7117683520765075,0.5737615677735438,0.9317618006433026
path,0.499,0.6566844101145399,0.7117848497372616,0.5740337506804573,0.9317213576448715
path,0.5,0.6569423839545107,0.7118518955946617,0.5745781164942841,0.9317095814153329
path,0.501,0.6570890936273032,0.7119149564447069,0.5748502994011976,0.9317266654059253
path,0.502,0.657238218830684,0.711982043179066,0.575122482308111,0.9317148891763869
path,0.503,0.657264659506222,0.7120261109716294,0.575122482308111,0.931711848393383
path,0.504,0.6572607614518828,0.7120196142143974,0.575122482308111,0.9316801408414865
path,0.505,0.6574074968097912,0.7120827178729691,0.5753946652150245,0.931697224832079
path,0.506,0.6574465750724334,0.712147848310706,0.5753946652150245,0.9316998787126058
path,0.507,0.657437577686979,0.7121328526682821,0.5753946652150245,0.9316508937188785
path,0.508,0.6574691443259365,0.7121854637332112,0.5753946652150245,0.9316651303777056
path,0.509,0.6574309963781585,0.7121218838202479,0.5753946652150245,0.9315730485050203
path,0.51,0.6574637792143073,0.7121765218804958,0.5753946652150245,0.9315728550537818
path,0.511,0.6575573374130449,0.7121509969404496,0.5756668481219379,0.9315210227282892
path,0.512,0.6575901290993273,0.7122056497509203,0.5756668481219379,0.9315208292770507
path,0.513,0.6576039753672778,0.7122287268641712,0.5756668481219379,0.9315120938305159
path,0.514,0.6576127185204756,0.7122432987861674,0.5756668481219379,0.9314860809421505
path,0.515,0.6575745509863433,0.7121796862292803,0.5756668481219379,0.9313939990694652
path,0.516,0.6574768438427538,0.71219829626124,0.5753946652150245,0.9313391259609687
path,0.517,0.6575830331784877,0.7121938232161875,0.5756668481219379,0.9312929882990066
path,0.518,0.6575791366275897,0.712187328964691,0.5756668481219379,0.9312612807471103
path,0.519,0.6574790093489248,0.7122019054381916,0.5753946652150245,0.9312352678587448
path,0.52,0.6575118342460382,0.7122566136000473,0.5753946652150245,0.9312350744075062
path,0.521,0.6576294595399812,0.7122712004853435,0.5756668481219379,0.9312090615191407
path,0.522,0.6578634999297892,0.7122983572591388,0.5762112139357648,0.931171465852475
path,0.523,0.6579709102105982,0.7122959191225448,0.5764833968426782,0.9311108980804477
path,0.524,0.6581316154493126,0.7123823059157932,0.5767555797495917,0.9311192466245053
path,0.525,0.6585732005404145,0.7123924599825271,0.5778443113772455,0.9310470960741779
path,0.526,0.6586124002217708,0.7124577927847876,0.5778443113772455,0.9310497499547048
path,0.527,0.6584945266995359,0.7124427921856717,0.577572128470332,0.9310007649609775
path,0.528,0.6584918563208084,0.7124383415544594,0.577572128470332,0.9309546272990157
path,0.529,0.6584675144200162,0.7123977717198056,0.577572128470332,0.9308538099797957
path,0.53,0.658719369440714,0.712454619545084,0.5781164942841589,0.9308391864184917
path,0.531,0.6587495990920744,0.7125050022973515,0.5781164942841589,0.9307928553052913
path,0.532,0.6589103939396683,0.7125915384387322,0.5783886771910725,0.9308012038493492
path,0.533,0.6590395086006603,0.7126252742691099,0.5786608600979859,0.9307953157345799
path,0.534,0.6594117339672758,0.712701284066309,0.5794774088187262,0.9308008169468722
path,0.535,0.6591671965895182,0.7126566323125973,0.5789330430048993,0.9307288598477832
path,0.536,0.6590708051258316,0.7126774351443955,0.5786608600979859,0.9306595566292212
path,0.537,0.6589605029201033,0.712675053406124,0.5783886771910725,0.9305989888571937
path,0.538,0.6593098427535908,0.7127129206481095,0.5792052259118128,0.9305642405222935
path,0.539,0.6593702108265524,0.71263207883177,0.5794774088187262,0.9304376037659464
path,0.54,0.6594776497607737,0.7126296884508632,0.5797495917256397,0.930377035993919
path,0.541,0.6592877492575892,0.7126760981547734,0.5792052259118128,0.9303595651008497
path,0.542,0.6593595583724841,0.7126143247416559,0.5794774088187262,0.9302530531180989
path,0.543,0.6594721159174955,0.7126204653787328,0.5797495917256397,0.9302097627879025
path,0.544,0.6594196655825115,0.7125330481537594,0.5797495917256397,0.930051418479659
path,0.545,0.6594641201763445,0.7126071391434811,0.5797495917256397,0.9300713498020168
path,0.546,0.6599553534129976,0.712700040119467,0.5808383233532934,0.9300364080158781
path,0.547,0.6599947140938809,0.7127656412542726,0.5808383233532934,0.930039061896405
path,0.548,0.660065872179774,0.7128842380640943,0.5808383233532934,0.930055952435759
path,0.549,0.6599289178267861,0.7128374360803901,0.58056614044638,0.9299984254467355
path,0.55,0.6599275013607527,0.7128350753036679,0.58056614044638,0.929937857674708
path,0.551,0.6599388045011787,0.7128539138710445,0.58056614044638,0.9298829845662115
path,0.552,0.659919541830797,0.7128218094204084,0.58056614044638,0.9297994446888225
path,0.553,0.6599907630378115,0.7129405114320991,0.58056614044638,0.9298163352281763
path,0.554,0.6598856075344881,0.7129467075311692,0.5802939575394666,0.92977304489798
path,0.555,0.6601440255110742,0.7130144936162612,0.5808383233532934,0.9297612686684413
path,0.556,0.6602629904550293,0.7130313132515776,0.5811105062602069,0.9297208256700102
path,0.557,0.660534168901661,0.7131203667867457,0.5816548720740338,0.9297147441040026
path,0.558,0.660646776673854,0.7131265911357918,0.5819270549809472,0.929671453773806
path,0.559,0.6607772532254244,0.7131625967838,0.5821992378878607,0.9296511355489712
path,0.56,0.6609141081540972,0.7132092330603127,0.5824714207947741,0.9296336646559019
path,0.561,0.6607911054707487,0.7131856838593408,0.5821992378878607,0.9295674022203437
path,0.562,0.6608242231815993,0.7132408800440916,0.5821992378878607,0.9295672087691053
path,0.5630000000000001,0.6609317166150402,0.7132385804952177,0.5824714207947741,0.9295066409970778
path,0.5640000000000001,0.6608214632706544,0.713236280192517,0.5821992378878607,0.9294460732250505
path,0.5650000000000001,0.6609519673224102,0.7132723316741677,0.5824714207947741,0.9294257550002157
path,0.5660000000000001,0.6609135690631327,0.7132083345753718,0.5824714207947741,0.9293336731275305
path,0.5670000000000001,0.6611081602560108,0.7131697426876175,0.583015786608601,0.929218425698245
path,0.5680000000000001,0.6612386695936188,0.7132058029790216,0.5832879695155144,0.9291981074734101
path,0.5690000000000001,0.6613628033080357,0.7132312372317741,0.5835601524224279,0.92917494191681
path,0.5700000000000001,0.6613243786281362,0.7131671960986085,0.5835601524224279,0.9290828600441248
path,0.5710000000000001,0.661285944778353,0.713103139682303,0.5835601524224279,0.9289907781714395
path,0.5720000000000001,0.6611692938702022,0.7130901767733273,0.5832879695155144,0.9289273630676467
path,0.5730000000000001,0.6610577774867722,0.713085771405553,0.583015786608601,0.9288812254056849
path,0.5740000000000001,0.6611703908859754,0.7130920051329493,0.5832879695155144,0.9288379350754883
path,0.5750000000000001,0.6611984256285554,0.7131387297039159,0.5832879695155144,0.9288204641824189
path,0.5760000000000001,0.6610984356565597,0.7131535350218654,0.583015786608601,0.9287944512940534
path,0.577,0.6611405098484086,0.7132236586749469,0.583015786608601,0.9287682449544493
path,0.578,0.6614836620152752,0.7132512131392311,0.5838323353293413,0.9287306492877836
path,0.579,0.6615732331352522,0.7132190430679171,0.5841045182362548,0.9286471094103945
path,0.58,0.6616153393860941,0.7132892201526536,0.5841045182362548,0.9286209030707906
path,0.581,0.6615589283413938,0.71319520174482,0.5841045182362548,0.9285058490927436
path,0.582,0.6617227084292953,0.7132867132867132,0.5843767011431682,0.9284853374166703
path,0.583,0.6615471026292481,0.7133569474958525,0.5838323353293413,0.9284591310770662
path,0.584,0.6616801963876942,0.7133973151553205,0.5841045182362548,0.9284099526321005
path,0.585,0.661847926353024,0.7134954098262613,0.5843767011431682,0.9284211485079237
path,0.586,0.6617927913227366,0.7135849733803913,0.5841045182362548,0.9284150669419159
path,0.587,0.6619298063659094,0.7136318765144035,0.5843767011431682,0.9283975960488464
path,0.588,0.6616529784152707,0.7135334071392238,0.5838323353293413,0.9282364044088376
path,0.589,0.6617412776239749,0.7134991172157884,0.5841045182362548,0.928167294641514
path,0.59,0.6618718925784794,0.7135353535353536,0.5843767011431682,0.9281469764166792
path,0.591,0.6617193347958115,0.7134625458355158,0.5841045182362548,0.9280376171021631
path,0.592,0.6617590422733961,0.7135287249648236,0.5841045182362548,0.92804027098269
path,0.593,0.662043413479293,0.7136397664321006,0.5846488840500816,0.9280398840802131
path,0.594,0.6620728605969858,0.7136888449615886,0.5846488840500816,0.9280079830770782
path,0.595,0.6620638369808235,0.713673805601318,0.5846488840500816,0.9279589980833509
path,0.596,0.6620496646129777,0.7136501849882416,0.5846488840500816,0.9278927356477927
path,0.597,0.6620675629687675,0.7136800155812247,0.5846488840500816,0.9278407098710616
path,0.598,0.6618741396088339,0.71372055385722,0.5841045182362548,0.9277915314260958
path,0.599,0.6618457824721258,0.7136732919627063,0.5841045182362548,0.9276590065549795
path,0.6,0.661894528515528,0.7137545353683769,0.5841045182362548,0.9276356475471408
path,0.601,0.6620723342556151,0.7136879677259708,0.5846488840500816,0.9274829979024282
path,0.602,0.6622681190274715,0.7136513651365136,0.5851932498639085,0.9273533203630773
path,0.603,0.6620142815857021,0.7135912132761156,0.5846488840500816,0.927232378270261
path,0.604,0.6619284875827587,0.7136296785424857,0.5843767011431682,0.9271976299353606
path,0.605,0.6620231558714398,0.7136060037523452,0.5846488840500816,0.9271313674998025
path,0.606,0.6621628149285441,0.7136573135762434,0.5849210669569951,0.9270850363866021
path,0.607,0.6620706110091434,0.7136850956485179,0.5846488840500816,0.9270474407199365
path,0.608,0.6620872857599399,0.7137128868998454,0.5846488840500816,0.9270098450532709
path,0.609,0.6620756204349098,0.7136934446914619,0.5846488840500816,0.9269147223975817
path,0.61,0.6621103311023421,0.7137512958038491,0.5846488840500816,0.9269000988362777
path,0.611,0.6621205865121004,0.7137683881534462,0.5846488840500816,0.9268596558378466
path,0.612,0.6620438326246453,0.7138219202789634,0.5843767011431682,0.9267988946145808
path,0.613,0.662055375356469,0.7138411581653361,0.5843767011431682,0.9267440215060843
path,0.614,0.6621042885651722,0.7139226801798416,0.5843767011431682,0.9267206624982456
path,0.615,0.662220838120296,0.7139354741671055,0.5846488840500816,0.9266340818378526
path,0.616,0.6622504550522147,0.7139848357203035,0.5846488840500816,0.9266021808347178
path,0.617,0.6623592901852478,0.7139847723374162,0.5849210669569951,0.9265271829526249
path,0.618,0.6623592521394894,0.7139847089278188,0.5849210669569951,0.9264521850705321
path,0.619,0.6624977662941055,0.7140341105809035,0.5851932498639085,0.9264202840673972
path,0.62,0.6624822679545962,0.7140082800150547,0.5851932498639085,0.9263684517419044
path,0.621,0.6625183714548013,0.7140684525153964,0.5851932498639085,0.926339398070535
path,0.622,0.6624159236199569,0.7140791613952648,0.5849210669569951,0.9262672475202076
path,0.623,0.6624158974826866,0.7140791178331475,0.5849210669569951,0.9261922496381148
path,0.624,0.6623534968491053,0.7141565720484543,0.5846488840500816,0.926197750850407
path,0.625,0.662363818108746,0.7141737741478557,0.5846488840500816,0.9261573078519759
path,0.626,0.6623793112834742,0.7141995961057359,0.5846488840500816,0.9261341422953757
path,0.627,0.6623599229129498,0.7141672821548618,0.5846488840500816,0.9260506024179866
path,0.628,0.6625101342800467,0.714236179162081,0.5849210669569951,0.9260388261884481
path,0.629,0.6623443746850465,0.7141413684416896,0.5846488840500816,0.9258487743283083
path,0.63,0.6626176969768793,0.7142339950521932,0.5851932498639085,0.925828262652235
path,0.631,0.6626877722876179,0.7141693319654819,0.585465432770822,0.9257361807795497
path,0.632,0.6625918167560902,0.7141908613508782,0.5851932498639085,0.9256668775609878
path,0.633,0.6624958674638342,0.7142124011350601,0.5849210669569951,0.9255975743424256
path,0.634,0.6625217377711121,0.7142555183138569,0.5849210669569951,0.9255339657873944
path,0.635,0.6626603778211618,0.714305129792664,0.5851932498639085,0.9255020647842596
path,0.636,0.6629066062837808,0.7143526000211445,0.5857376156777354,0.9254845938911902
path,0.637,0.6630154879339426,0.7143526141668051,0.5860097985846489,0.9254095960090973
path,0.638,0.662786094537116,0.7143332023813121,0.585465432770822,0.9253144733534081
path,0.639,0.6630465962969484,0.7144044614384814,0.5860097985846489,0.9252882670138041
path,0.64,0.6630569720208874,0.7144217543117131,0.5860097985846489,0.925247824015373
path,0.641,0.6631554996227367,0.7144045117101863,0.5862819814915623,0.9251382712496183
path,0.642,0.6630038649923388,0.7143332425974654,0.5860097985846489,0.9250144818250368
path,0.643,0.6633745759524697,0.7144067283838568,0.5868263473053892,0.9249738453753671
path,0.644,0.6632722036378342,0.71441756313074,0.5865541643984757,0.9249016948250397
path,0.645,0.6631918779892372,0.7144651423210204,0.5862819814915623,0.9248842239319703
path,0.646,0.6632360197214262,0.7145387118746688,0.5862819814915623,0.9248435874823008
path,0.647,0.6631271787334917,0.7145387654993869,0.5860097985846489,0.9247685896002079
path,0.648,0.6629521424004782,0.7144284935489733,0.5857376156777354,0.9246045506284336
path,0.649,0.6629794361824779,0.7144739831856395,0.5857376156777354,0.9245265119633369
path,0.65,0.6634513475662827,0.7145346810735449,0.5868263473053892,0.9244224604098745
path,0.651,0.6634942568631004,0.7146061965682411,0.5868263473053892,0.9243962540702705
path,0.652,0.6635254931340546,0.7146582570198315,0.5868263473053892,0.9243499229570702
path,0.653,0.6636045202877084,0.7146085136713123,0.5870985302123026,0.9242318281960193
path,0.654,0.6633699213264069,0.7145804259450277,0.5865541643984757,0.9241194280984992
path,0.655,0.6630910884951695,0.7144786151021832,0.5860097985846489,0.9239726665685559
path,0.656,0.6631353476584054,0.7145523803742432,0.5860097985846489,0.9239320301188862
path,0.657,0.6628243965434593,0.7145784943298265,0.5851932498639085,0.9238338666801933
path,0.658,0.6624379479388556,0.7144787791359805,0.5843767011431682,0.9236726750401845
path,0.659,0.6620879228137744,0.7144397697413387,0.5835601524224279,0.923557427610899
path,0.66,0.6621126851789858,0.7144810403500244,0.5835601524224279,0.9235082491659332
path,0.661,0.6619569529947904,0.7144029419809743,0.5832879695155144,0.9233527521894551
path,0.662,0.6620840804242241,0.7144333657587548,0.5835601524224279,0.923300726412724
path,0.663,0.6623539860994282,0.7145202980082105,0.5841045182362548,0.9232485071847543
path,0.664,0.6623866172593693,0.714574683274779,0.5841045182362548,0.9231877459614886
path,0.665,0.6623579772547958,0.7145269499338232,0.5841045182362548,0.9230552210903722
path,0.666,0.6624127867677136,0.7146182991220195,0.5841045182362548,0.9230491395243644
path,0.667,0.6621859715294143,0.7146031842674053,0.5835601524224279,0.9229251566485442
path,0.668,0.6620901946573979,0.7146250114186535,0.5832879695155144,0.9228558534299822
path,0.669,0.6620967675951408,0.7146359663148918,0.5832879695155144,0.9227837028796547
path,0.67,0.6621177225755022,0.7146708912821607,0.5832879695155144,0.9227028168827927
path,0.671,0.6617728688984104,0.7146405009675011,0.5824714207947741,0.9226048468953381
path,0.672,0.6618055890756747,0.7146950345962751,0.5824714207947741,0.9225440856720721
path,0.673,0.6618069594028677,0.7146973184749302,0.5824714207947741,0.9224546576799139
path,0.674,0.6621319722873596,0.7148760960731987,0.583015786608601,0.9224713547680292
path,0.675,0.6622200434192211,0.7148414260216923,0.5832879695155144,0.9223272471186128
path,0.676,0.6619971469905396,0.714832842516441,0.5827436037016875,0.9222349717946892
path,0.677,0.6620652533272586,0.7149463530776393,0.5827436037016875,0.9222345848922122
path,0.678,0.6619747835315509,0.7149770253560688,0.5824714207947741,0.922182559115481
path,0.679,0.6620719727211318,0.7149575520674281,0.5827436037016875,0.9220874364597919
path,0.68,0.6619291841536867,0.7149010263929618,0.5824714207947741,0.9219376341468446
path,0.681,0.662085340270554,0.714979831316465,0.5827436037016875,0.9218681374770441
path,0.682,0.6619083539247277,0.7150477646159724,0.5821992378878607,0.9217957934754781
path,0.683,0.6618598409947178,0.7151483650038983,0.5819270549809472,0.9218069893513012
path,0.684,0.6617432927865482,0.7151355732615577,0.5816548720740338,0.9216685763654155
path,0.685,0.6616294079240737,0.7151272204287091,0.5813826891671203,0.921501303159399
path,0.686,0.6617685506109008,0.7151776696354788,0.5816548720740338,0.9214694021562642
path,0.687,0.6619235200405993,0.715254496747034,0.5819270549809472,0.9214143355965291
path,0.6880000000000001,0.6619027148610067,0.715219821447713,0.5819270549809472,0.9212702279471127
path,0.6890000000000001,0.6615329947094875,0.715147987009008,0.5811105062602069,0.9210714406404381
path,0.6900000000000001,0.6615201944049927,0.7153081084394587,0.5808383233532934,0.9210680129549573
path,0.6910000000000001,0.6613106343336137,0.7153217521963785,0.5802939575394666,0.9209064344124714
path,0.6920000000000001,0.660872722122881,0.7153177195969265,0.5792052259118128,0.9207852988684168
path,0.6930000000000001,0.6609044336137317,0.7153705720816778,0.5792052259118128,0.9207389677552164
path,0.6940000000000001,0.6608208458970514,0.7154127144918194,0.5789330430048993,0.9206147914281577
path,0.6950000000000001,0.6606963887470274,0.7153867411797217,0.5786608600979859,0.9204879612205722
path,0.6960000000000001,0.6604841722052774,0.7153959574860232,0.5781164942841589,0.9203552428982174
path,0.6970000000000001,0.6600002444163104,0.7153152322561808,0.5770277626565051,0.9201391781497119
path,0.6980000000000001,0.6597239819539581,0.7153991606327537,0.5762112139357648,0.9200408212597804
path,0.6990000000000001,0.6597347739249403,0.7154171472510573,0.5762112139357648,0.9199253803792565
path,0.7000000000000001,0.6596419539650074,0.7154439025891113,0.5759390310288514,0.9198272169405635
path,0.7010000000000001,0.6593769166361367,0.7153650842502116,0.5753946652150245,0.9196717199640854
path,0.7020000000000001,0.6592537587863644,0.7153412764385333,0.575122482308111,0.9195304596464344
path,0.7030000000000001,0.6591609389782185,0.7153680320295658,0.5748502994011976,0.9194322962077413
path,0.704,0.6593399773504713,0.7154849740453783,0.575122482308111,0.9194174791951989
path,0.705,0.6591851120563187,0.7154083204930661,0.5748502994011976,0.9192475521086554
path,0.706,0.6590553287210836,0.7153734702056167,0.5745781164942841,0.919103444459239
path,0.707,0.6587064341061335,0.7153363449945265,0.5737615677735438,0.918973766919888
path,0.708,0.6583192869868374,0.7152354656095267,0.5729450190528035,0.9187375773977862
path,0.709,0.6582212060577697,0.7152534526656894,0.57267283614589,0.9186221365172623
path,0.71,0.6582544522739335,0.7153088630259624,0.57267283614589,0.9185613752939965
path,0.711,0.658050226850473,0.7153313978627462,0.5721284703320632,0.9184170741933415
path,0.712,0.6579402718408018,0.7153295947845699,0.5718562874251497,0.9182815085392213
path,0.713,0.6579577345787515,0.7153586993478194,0.5718562874251497,0.9181689149904628
path,0.714,0.6580270730007988,0.7152928081132892,0.5721284703320632,0.9180018352356847
path,0.715,0.657968716491678,0.7153770025360302,0.5718562874251497,0.917978476227846
path,0.716,0.6581162100226645,0.7154413698163987,0.5721284703320632,0.9179349924464111
path,0.717,0.6580500584903695,0.7155125725338493,0.5718562874251497,0.9178482183347796
path,0.718,0.6585163772300876,0.715563949348277,0.5729450190528035,0.9177413194495518
path,0.719,0.6583347676682232,0.7156241772877208,0.5724006532389766,0.9176516980061551
path,0.72,0.658243468445151,0.7156534671872097,0.5721284703320632,0.9175391044573965
path,0.721,0.6582172055031061,0.7156096956171347,0.5721284703320632,0.9173777193661492
path,0.722,0.6578656682212536,0.7155681659612075,0.5713119216113228,0.9172019041648363
path,0.723,0.6575485299969881,0.7154025127966496,0.5707675557974959,0.9169342005420766
path,0.724,0.6572938320283517,0.7153409267248068,0.570223189983669,0.9167382605671677
path,0.725,0.6571640192639538,0.7153060273887526,0.5699510070767556,0.9165191550356584
path,0.726,0.6570420795281419,0.7152842497670083,0.5696788241698422,0.9163634646079418
path,0.727,0.6571512133727211,0.7152846842366981,0.5699510070767556,0.9162134688437561
path,0.728,0.6568897455063374,0.7152118150019432,0.5694066412629287,0.9160146815370815
path,0.729,0.6567718421384864,0.7151967646601337,0.5691344583560153,0.9158157007791685
path,0.73,0.6562076825250782,0.715163774994165,0.5677735438214481,0.9156571630196866
path,0.731,0.6555453892012162,0.715148684415382,0.5661404463799673,0.9154581822617736
path,0.732,0.6551963378851311,0.7151112980357338,0.565323897659227,0.9152535068403298
path,0.733,0.655083711896811,0.715105043326476,0.5650517147523135,0.9150718035242478
path,0.734,0.6548782003453091,0.715125434616524,0.5645073489384866,0.9149419325336583
path,0.735,0.6547815722619508,0.7151458430822024,0.5642351660315732,0.9148120615430688
path,0.736,0.6545194179596339,0.7152532850588345,0.5634186173108329,0.9147193993166681
path,0.737,0.6543800276484356,0.7152024231447798,0.5631464344039194,0.9145263066735243
path,0.738,0.6543159732149062,0.7150956657555642,0.5631464344039194,0.9143189773715537
path,0.739,0.6538553391750224,0.7150537634408602,0.5620577027762657,0.914068164288148
path,0.74,0.6534538698403601,0.7149290136969166,0.5612411540555253,0.9138262801025154
path,0.741,0.6533518758497494,0.714940478983841,0.5609689711486119,0.9136791316700952
path,0.742,0.6530658952185175,0.714826755141006,0.560424605334785,0.913440094816228
path,0.743,0.6527487755050195,0.7148425880990027,0.5596080566140447,0.9133390840457696
path,0.744,0.6526118909132589,0.7147959023840106,0.5593358737071312,0.9131171311824948
path,0.745,0.6522706717702793,0.7147715696262049,0.5585193249863909,0.912900872982751
path,0.746,0.6516686836299657,0.7146755324153938,0.5571584104518236,0.9126213931304528
path,0.747,0.6516554088809907,0.7148348631050443,0.5568862275449101,0.9125718277830102
path,0.748,0.6512886071770092,0.714767892745569,0.5560696788241698,0.9123297501461392
path,0.749,0.6508142450426027,0.714703110273327,0.554980947196516,0.9120732423992026
path,0.75,0.6506289465559045,0.7147571900047147,0.5544365813826891,0.9119519134039094
path,0.751,0.6504447286051148,0.7146316153580076,0.5541643984757757,0.9117100292182769
path,0.752,0.6503976485780965,0.7145531486463103,0.5541643984757757,0.9114651042496404
path,0.753,0.6497040253483167,0.7144858415576646,0.552531301034295,0.9112230266127694
path,0.754,0.6491970548518302,0.7143667118152895,0.5514425694066413,0.9109378520969404
path,0.755,0.6487859074127895,0.7144072871686575,0.5503538377789875,0.9107531079978544
path,0.756,0.6483593092520641,0.714240656047942,0.5495372890582472,0.9103959763829365
path,0.757,0.6477243077189918,0.7140895965158663,0.54817637452368,0.9100878297617458
path,0.758,0.6473832942931131,0.7138841513486198,0.5476320087098531,0.9096760184895697
path,0.759,0.6469666536033549,0.7139155712841254,0.5465432770821992,0.9095489948307457
path,0.76,0.6464303046548647,0.7139289327263532,0.545182362547632,0.9093874162882598
path,0.761,0.6461595031878508,0.7138405074905478,0.5446379967338051,0.9090502159956997
path,0.762,0.6456764474021264,0.713761235599443,0.5435492651061513,0.9088802889091562
path,0.763,0.6452122038258098,0.7137133173906847,0.5424605334784975,0.9085833381637887
path,0.764,0.6449317311746497,0.7136087735146358,0.5419161676646707,0.908272150759594
path,0.765,0.6448212475662808,0.7136060894386298,0.5416439847577572,0.9080615872233809
path,0.766,0.6442234980507101,0.7135171166023901,0.54028307022319,0.9077243869308207
path,0.767,0.6438108725829407,0.713373773303268,0.5394665215024497,0.907433517751461
path,0.768,0.6436431635164515,0.7134571687350039,0.5389221556886228,0.9072745930895021
path,0.769,0.6435162160558208,0.7134270449052283,0.5386499727817093,0.9070121972277962
path,0.77,0.6430244328109371,0.7133332272488583,0.5375612411540556,0.9067038571553672
path,0.771,0.6428063042833184,0.7133325902453783,0.5370168753402287,0.9064788635090886
path,0.772,0.642358127684845,0.7133114503330251,0.5359281437125748,0.9062337450892137
path,0.773,0.6425330646611294,0.7132401014176143,0.5364725095264018,0.9059310996803154
path,0.774,0.6426170231260677,0.7131985769212361,0.5367446924333152,0.9057408543689369
path,0.775,0.6426844738171513,0.7131295394684332,0.5370168753402287,0.9054987767320659
path,0.776,0.6424997939062335,0.713003194888179,0.5367446924333152,0.9051674645542751
path,0.777,0.6419081955618781,0.7129244740039649,0.5353837778987479,0.9048331115934803
path,0.778,0.6416718463843212,0.712893469250588,0.534839412084921,0.9044957178496817
path,0.779,0.6408007224829079,0.7127117829804951,0.5329341317365269,0.9041357389029983
path,0.78,0.6402568374922896,0.7127125843525094,0.5315732172019597,0.9038213172645615
path,0.781,0.6402712503071555,0.7127366057106193,0.5315732172019597,0.9035875881717481
path,0.782,0.6399605459976265,0.7125816757372891,0.5310288513881328,0.9032044436684645
path,0.783,0.6397558474066845,0.7126034219616034,0.5304844855743059,0.9029851446857169
path,0.784,0.6396420772456123,0.7125952602977588,0.5302123026673925,0.9027284434875418
path,0.785,0.6388333112695008,0.7125175039031691,0.5283070223189984,0.9023046625345887
path,0.786,0.6386927902384198,0.7122833021847007,0.5283070223189984,0.9018121587167889
path,0.787,0.6380509254732363,0.7123022592037153,0.5266739248775177,0.9015322919620138
path,0.788,0.6373669675231912,0.7120696056433519,0.5253130103429504,0.9010253580341485
path,0.789,0.6372215995195102,0.712190236179768,0.5247686445291235,0.9008605452574204
path,0.79,0.6364356710346981,0.7119690869994016,0.5231355470876429,0.9004314565434135
path,0.791,0.6358304718114823,0.7118676979837535,0.5217746325530757,0.9000769788090224
path,0.792,0.6354205045373561,0.7117287850073699,0.5209580838323353,0.8996533913073078
path,0.793,0.6348345229943813,0.71165942545879,0.5195971692977681,0.8993218856782784
path,0.794,0.63474658948872,0.7115128696160212,0.5195971692977681,0.8988665906246673
path,0.795,0.6341600280543275,0.7114425435817452,0.5182362547632009,0.8984600871135452
path,0.796,0.6337862859286083,0.7113640058527069,0.5174197060424606,0.8981863019247778
path,0.797,0.6332125082285126,0.7111335307709832,0.5163309744148068,0.8977255056588744
path,0.798,0.632422028873865,0.7109047968075576,0.514697876973326,0.8972502792829056
path,0.799,0.631401543254174,0.7108370848828864,0.512248230811105,0.8967399176695596
path,0.8,0.6307154890845269,0.7107823928944619,0.5106151333696244,0.8963823991521647
path,0.801,0.6304517291203033,0.7107057034966406,0.5100707675557975,0.8959297579790806
path,0.802,0.6301795829873843,0.7106150371509934,0.5095264017419706,0.8954886995842966
path,0.803,0.6298012698742141,0.7103474258382612,0.5089820359281437,0.895019361323097
path,0.804,0.6293018142866807,0.7100593656728656,0.5081654872074034,0.8944404702961428
path,0.805,0.6289163302702316,0.709961258125944,0.5073489384866631,0.8940427022315554
path,0.806,0.628133501578303,0.7097452752670501,0.5057158410451824,0.8935414629672209
path,0.807,0.6273051714107479,0.7094534566154455,0.5040827436037016,0.8929770020503321
path,0.808,0.6266358351412733,0.7094266277939747,0.502449646162221,0.8925818878662716
path,0.809,0.6254613608682078,0.7092837233849554,0.49972781709308656,0.8920688723723985
path,0.81,0.6251836870596577,0.7093652995178653,0.49891126837234623,0.891759951946254
path,0.811,0.6241718289098684,0.7089490561671461,0.49700598802395207,0.8911208800497493
path,0.812,0.6236283188391283,0.7087690271343482,0.4959172563962983,0.8906887505527386
path,0.8130000000000001,0.622782000145716,0.7084472276063151,0.49428415895481764,0.8900580272002916
path,0.8140000000000001,0.6216603891596448,0.7082109734043436,0.4918345127925966,0.8894183749500715
path,0.8150000000000001,0.6208737898574369,0.7079887061949842,0.49020141535111594,0.8889315657958026
path,0.8160000000000001,0.6199536517084769,0.707543874241038,0.4885683179096353,0.888122373361516
path,0.8170000000000001,0.6189539901121884,0.7075108690220379,0.48611867174741424,0.8876666914054281
path,0.8180000000000001,0.6185625882830975,0.7074028984540466,0.4853021230266739,0.8872227856788786
path,0.8190000000000001,0.6171409769298515,0.7070295541826683,0.48230811105062604,0.8865806729993702
path,0.8200000000000001,0.6159543547544792,0.7066849479985287,0.479858464888405,0.8859009646531959
path,0.8210000000000001,0.6154177743277374,0.7066979236436705,0.4784975503538378,0.8854566720241696
path,0.8220000000000001,0.6141746319068575,0.7062591170503513,0.47604790419161674,0.8847397549138067
path,0.8230000000000001,0.6135346104537106,0.706099690984818,0.47468698965704953,0.8841200339859445
path,0.8240000000000001,0.6124758965856745,0.7056053547703538,0.47278170930865543,0.8833455898865581
path,0.8250000000000001,0.6111371596429781,0.705188679245283,0.47005988023952094,0.8825305093375022
path,0.8260000000000001,0.610850945631267,0.7050745664349821,0.46951551442569406,0.88201160572886
path,0.8270000000000001,0.6097379450345052,0.7048526628818599,0.46706586826347307,0.8813776481421707
path,0.8280000000000001,0.6085746513433676,0.7043654822335025,0.4648884050081655,0.8806060513745497
path,0.8290000000000001,0.6070274338449397,0.7037827943868212,0.4618943930321176,0.8797078178505817
path,0.8300000000000001,0.6058690475550145,0.7033037927404842,0.45971692977681,0.8788496404225679
path,0.8310000000000001,0.6049649005819407,0.7028856127463483,0.45808383233532934,0.8780806975354738
path,0.8320000000000001,0.6039786856707738,0.7023306528553905,0.4564507348938487,0.877116008124709
path,0.833,0.6026897190119133,0.7019969278033793,0.4537289058247142,0.8763381363398419
path,0.834,0.6016652444572228,0.7013782018398823,0.45209580838323354,0.8753592102702501
path,0.835,0.6004935096050208,0.7008769525897508,0.44991834512792594,0.8745126156205363
path,0.836,0.5981250298892882,0.7001956812798242,0.4450190528034839,0.8734011646798283
path,0.837,0.5968255896404138,0.699663044973181,0.44256940664126293,0.8725777355867146
path,0.838,0.5959176446529342,0.6992385349550355,0.4409363091997823,0.8716616442672003
path,0.839,0.5948221337867532,0.69868287041033,0.4390310288513881,0.8706853720781356
path,0.84,0.5937389702558662,0.6983292400290566,0.4368535655960806,0.8698757927413718
path,0.841,0.592597474147153,0.6978783886847397,0.434676102340773,0.8689251465381957
path,0.842,0.5915790193836437,0.6972696957065445,0.4330430048992923,0.8679230549120038
path,0.843,0.5901745253683537,0.6967434250604843,0.4303211758301579,0.8669408946081698
path,0.844,0.5894572712417068,0.6962738226011752,0.42923244420250406,0.8661056892855177
path,0.845,0.5880556000103059,0.6953893460523787,0.4270549809471965,0.8649370982582629
path,0.846,0.5862387925631651,0.6947202521670608,0.4235166031573217,0.8638197592027856
path,0.847,0.5842537923403459,0.6937708369889454,0.41997822536744694,0.8626080712965731
path,0.848,0.582568832415317,0.6927771231599866,0.41725639629831246,0.861298413402906
path,0.849,0.5805333771022881,0.6919250714361308,0.4134458356015242,0.8598902051680688
path,0.85,0.5786697769324496,0.6909965344083739,0.4101796407185629,0.8585832011549286
path,0.851,0.577069309461341,0.6903250966072251,0.40718562874251496,0.8574254191010202
path,0.852,0.5754690569748399,0.6894725618424794,0.40446379967338053,0.8561527765203034
path,0.853,0.5736630705022723,0.6884585923722322,0.4014697876973326,0.8548142584065053
path,0.854,0.5722439965415433,0.6877265665458311,0.3990201415351116,0.8536450870255352
path,0.855,0.5709370390936968,0.6869999463029587,0.396842678279804,0.852522053306527
path,0.856,0.5690799983333229,0.685900886353034,0.39384866630375615,0.8511375909820056
path,0.857,0.5671270838322864,0.6850049473778896,0.39031028851388133,0.8498159634075614
path,0.858,0.5646218319329772,0.6839142671573935,0.38568317909635275,0.8483333376443468
path,0.859,0.5629335369319982,0.6827335395972426,0.38323353293413176,0.8467874902285779
path,0.86,0.561110506260207,0.681691163128289,0.38023952095808383,0.8453335312342559
path,0.861,0.5586815399952043,0.6803647150890858,0.37615677735438213,0.8436842126187402
path,0.862,0.55632163842633,0.6793348301480387,0.371801850843767,0.8422215181778834
path,0.863,0.5537614810736338,0.6783340961098397,0.36690255851932496,0.8408106560625194
path,0.864,0.5513139949477277,0.6767953263645216,0.36309199782253676,0.8388993284877748
path,0.865,0.5492845869014862,0.6752275323335422,0.3603701687534023,0.8371583149020507
path,0.866,0.5468127512409227,0.6740110905730129,0.35601524224278713,0.8355287341576543
path,0.867,0.5441498734351503,0.6722947899658602,0.3519324986390855,0.833467797721201
path,0.868,0.5420047405675568,0.6707155765039029,0.34893848666303756,0.831426599155867
path,0.869,0.5401778022803352,0.6691223215287387,0.34676102340773,0.829500841471057
path,0.87,0.5372587553257885,0.6677048934253978,0.34158954817637455,0.827733234643252
path,0.871,0.5348931844930678,0.6663026491687222,0.3377789874795863,0.825985752589043
path,0.872,0.5321129833500124,0.6651166307512003,0.3326075122482308,0.8242606622864806
path,0.873,0.5289101878215449,0.6626819225441642,0.3282525857376157,0.8218236301689439
path,0.874,0.525505452090923,0.6604550131473649,0.3230811105062602,0.8194378500231845
path,0.875,0.5232198048686136,0.6586416090942147,0.3200870985302123,0.8172643200379726
path,0.876,0.5205473476316407,0.6567278874971183,0.3162765378334241,0.8151718695008613
path,0.877,0.5177356774961566,0.654945054945055,0.31192161132280893,0.8132550407138244
path,0.878,0.5159182462672265,0.6533676450670433,0.30974414806750133,0.8114443370070614
path,0.879,0.5126156094860214,0.6505850795008358,0.3056614044637997,0.8086963109365686
path,0.88,0.5099680983433709,0.6485314794563349,0.3021230266739249,0.8063876021997134
path,0.881,0.5073408627300843,0.6456043956043955,0.29994556341861733,0.8035330641464697
path,0.882,0.504432907412539,0.6434796324776213,0.29586281981491563,0.8011898005259529
path,0.883,0.501707453421533,0.6409332171433099,0.2928688078388677,0.798686119070381
path,0.884,0.4996528491349781,0.6385976082933721,0.29123571039738705,0.7962769799167828
path,0.885,0.4971116899336696,0.6365398062131655,0.2879695155144257,0.7941873767114371
path,0.886,0.4949155498452151,0.6345126701738887,0.2855198693522047,0.7918984058457013
path,0.887,0.4919220174216398,0.6315194574519619,0.28252585737615676,0.78904936900475
path,0.888,0.48944641804345174,0.6292080112010714,0.27980402830702233,0.7865821225084129
path,0.889,0.48663263390338707,0.6265143789516622,0.2768100163309744,0.7839658475040825
path,0.89,0.48305189384851,0.6236312184718861,0.2721829069134458,0.7812028109698088
path,0.891,0.47993610972507494,0.6206157081881353,0.2689167120304845,0.7783621226729153
path,0.892,0.47769943147738203,0.6177951874650253,0.26755579749591724,0.7757373056732887
path,0.893,0.47501281060906264,0.6147691281880313,0.2653783342406097,0.7729773099220187
path,0.894,0.47222349835274274,0.6117533718689788,0.26292868807838865,0.7702951593846072
path,0.895,0.4688680520319999,0.6083384245897149,0.25966249319542734,0.7672589180152815
path,0.896,0.4656544756683152,0.6047970166963301,0.25694066412629285,0.7642171754336635
path,0.897,0.46225624602039117,0.6014922191430399,0.2534022863364181,0.7612640870392497
path,0.898,0.4589655965571374,0.5974594455411554,0.2512248230811105,0.7578625589621869
path,0.899,0.4549909712759346,0.5931939885990671,0.2476864452912357,0.7544211682404083
path,0.9,0.4511543377978352,0.5889770627242091,0.24442025040827436,0.7509361002859563
path,0.901,0.4471091281979465,0.5849568757935291,0.24033750680457266,0.7476004477419746
path,0.902,0.4437329780752992,0.5807816010926553,0.2381600435492651,0.7443084724306663
path,0.903,0.43948070481474555,0.576416308060867,0.23407729994556342,0.7408551120281107
path,0.904,0.43488482270402584,0.5723856099685134,0.2286336418072945,0.7376460962404761
path,0.905,0.42987780159067046,0.5676696802051004,0.2231899836690256,0.7340634452010465
path,0.906,0.42542651632759126,0.5636985215875387,0.21801850843767012,0.7309579006131587
path,0.907,0.4215884099174502,0.5592976855546689,0.21502449646162222,0.7276021232955807
path,0.908,0.4179380787479224,0.5546654424423275,0.21284703320631465,0.7242469263317182
path,0.909,0.4138302434729135,0.5501779688438959,0.20930865541643984,0.7209632995644676
path,0.91,0.4091678785825119,0.5453106450336367,0.20495372890582472,0.7174957025030849
path,0.911,0.40511220131684395,0.541091556722049,0.20114316820903647,0.7144507256872246
path,0.912,0.4014265533503454,0.5365819075526987,0.19869352204681545,0.711056578898027
path,0.913,0.39708517699201096,0.5313422882728399,0.19569951007076755,0.7074420268554625
path,0.914,0.3925735961808956,0.5261819054475642,0.19216113228089277,0.7039368341274141
path,0.915,0.3868240395989776,0.5202284165698801,0.18671747414262385,0.7000175631491399
path,0.916,0.3807527930556198,0.5141016882990144,0.18072945019052802,0.696069625401973
path,0.917,0.37527468396748637,0.5078747908258687,0.1763745236799129,0.692086939319906
path,0.918,0.37010205623226194,0.5016126631270779,0.1728361458900381,0.6882024166765319
path,0.919,0.36431333089000584,0.4948680718970611,0.16848121937942298,0.6840587324056944
path,0.92,0.35845318394887676,0.48800444466892273,0.16412629286880784,0.6799497964697572
path,0.921,0.35154595316624204,0.4810287751464223,0.15732172019597168,0.6758987744253204
path,0.922,0.34595262870149307,0.47424694150303276,0.15351115949918345,0.671898617450184
path,0.923,0.33937522856946345,0.4665508028326114,0.14861186717474142,0.6675626143411566
path,0.924,0.33288949795482614,0.45882599141990166,0.14398475775721284,0.6633595230057227
path,0.925,0.32671749224839486,0.4514425995829263,0.13962983124659772,0.6593109613905743
path,0.926,0.3191630352388614,0.44229948805460756,0.13445835601524225,0.6544862690517051
path,0.927,0.31292756350085205,0.43517323004088665,0.12955906369080022,0.6507109122716088
path,0.928,0.306965434683806,0.427776722477002,0.12574850299401197,0.6468810692854928
path,0.929,0.30115255536792174,0.42026605353916907,0.12248230811105063,0.643074391855977
path,0.93,0.2951135314103827,0.41274138740779626,0.11867174741426238,0.6392787168510459
path,0.931,0.28803699621860174,0.40385044642857143,0.11431682090364725,0.6349427137420186
path,0.932,0.28175440011147923,0.39628273725711066,0.10996189439303211,0.6312649400468998
path,0.933,0.27444151879083845,0.3871793413343951,0.10533478497550354,0.6269951993734306
path,0.934,0.2671535448812753,0.3781174577634755,0.10070767555797495,0.622799876228339
path,0.935,0.2610371091969037,0.3699194062735548,0.09771366358192705,0.619088128003274
path,0.936,0.2534128629419778,0.35975270297987044,0.09390310288513881,0.6145911267054762
path,0.937,0.2468487518359143,0.35062707051585423,0.09118127381600435,0.6106350338654901
path,0.9380000000000001,0.24068500440706897,0.3418058003046504,0.08900381056069678,0.6068568297536283
path,0.9390000000000001,0.23420523945325086,0.33282074476104323,0.08628198149156233,0.6030932492030705
path,0.9400000000000001,0.22755355416739687,0.32427497641581204,0.08247142079477408,0.5995711659356684
path,0.9410000000000001,0.22006440477113992,0.3145148898245183,0.0783886771910724,0.5956408925328094
path,0.9420000000000001,0.21327310706282993,0.30573643410852713,0.07457811649428416,0.5921679877103729
path,0.9430000000000001,0.20726631238473459,0.29735820708651556,0.07212847033206314,0.5888929029384184
path,0.9440000000000001,0.20055689037486454,0.28799038978282177,0.06940664126292868,0.585310251898989
path,0.9450000000000001,0.1930060328082628,0.2774016351558508,0.06641262928688078,0.5813541590590029
path,0.9460000000000001,0.18490255858955212,0.26698058440301875,0.061785519869352205,0.5775391330854293
path,0.9470000000000001,0.17784532523907642,0.2570330815316489,0.05906369080021775,0.5739656043950114
path,0.9480000000000001,0.17011243809170903,0.24668531008389538,0.055253130103429506,0.5703197317030274
path,0.9490000000000001,0.16345024874317665,0.2373962138824311,0.05253130103429505,0.5671111028178698
path,0.9500000000000001,0.15589215061083278,0.22752121273099238,0.048448557430593356,0.5637644478493034
path,0.9510000000000001,0.14784821091815809,0.21683647564566902,0.04436581382689167,0.5602028888396624
path,0.9520000000000001,0.14107687737637065,0.20700256191289498,0.042188350571584106,0.5569917995252164
path,0.9530000000000001,0.133762268414561,0.19698901023185314,0.038922155688622756,0.5537697077861856
path,0.9540000000000001,0.12612921262326676,0.18626325856372805,0.03592814371257485,0.5503862309559074
path,0.9550000000000001,0.11939638463881361,0.17685643130239576,0.03320631464344039,0.5474800540284096
path,0.9560000000000001,0.11283667029237104,0.1675566714998055,0.030756668481219378,0.5446488749830047
path,0.9570000000000001,0.10689499117874388,0.15874260460474732,0.029123571039738703,0.5420104016782665
path,0.9580000000000001,0.10124833525099673,0.1502387877482136,0.027762656505171474,0.5395042597934062
path,0.9590000000000001,0.09355128207908703,0.13922491850778704,0.025040827436037017,0.5362795141738484
path,0.96,0.08760894688538179,0.1298653923321052,0.024224278715296678,0.5335783995702714
path,0.961,0.08175687089030971,0.12047484288286965,0.02367991290146979,0.5309201883944139
path,0.962,0.07552301901383818,0.11081091084051964,0.022591181273816003,0.5281991424684791
path,0.963,0.0697622319193131,0.10211687537268933,0.021230266739248774,0.5258141361276736
path,0.964,0.06418775174672735,0.09355189617014892,0.020141535111594992,0.5234811555635991
path,0.965,0.058325030258484,0.08432505950357022,0.019324986390854653,0.521012802796643
path,0.966,0.05312348273624232,0.07692600053209685,0.017419706042460535,0.5190735822579599
path,0.967,0.04784111113581589,0.0683035031359951,0.01714752313554709,0.5168040167976782
path,0.968,0.04205338749485761,0.05920166288155818,0.01633097441480675,0.5144366748011804
path,0.969,0.03761010853867394,0.05215910849713666,0.015786608600979857,0.5126387145801483
path,0.97,0.0327356024326653,0.044579297467615825,0.014970059880239521,0.5107086163904768
path,0.971,0.028102870773633867,0.037765354392274915,0.013609145345672292,0.5090055853738954
path,0.972,0.02412039785208021,0.03203517587939698,0.012248230811105062,0.507587341970666
path,0.973,0.019966990378149134,0.026020106445890003,0.010887316276537834,0.5061001822513516
path,0.974,0.016361801713029638,0.021281645569620256,0.008982035928143712,0.5049409070243471
path,0.975,0.013943141673146593,0.017613456045699777,0.008437670114316821,0.5040662259594562
path,0.976,0.010273298149652235,0.013130147614689853,0.005988023952095809,0.5029703658362445
path,0.977,0.008458831334138179,0.010287491526775388,0.005715841045182362,0.502297125958555
path,0.978,0.006765450864169316,0.007828101286045212,0.005171475231355471,0.5017017312947238
path,0.979,0.005464277659493564,0.005840934549527924,0.004899292324442025,0.5012470165948283
path,0.98,0.004203477543062045,0.004646877378520211,0.003538377789874796,0.5009963969626611
path,0.981,0.0029528303540490896,0.003288286481934475,0.0024496461622210124,0.5006799017974126
path,0.982,0.0021589732159040297,0.002328101794243969,0.001905280348394121,0.500472572495442
path,0.983,0.0011943681625689935,0.0014462477904547643,0.0008165487207403375,0.5002796733035367
path,0.984,0.0007966175266884991,0.000964785335262904,0.0005443658138268917,0.5001873979796129
path,0.985,0.00030195441779353604,0.0003218020917135962,0.00027218290691344586,0.5000491784449658
path,0.986,0.00014485172816159012,0.00024141954693598355,0.0,0.5000461376619619
path,0.987,4.8291681757817215e-05,8.04861362630287e-05,0.0,0.5000115827783
path,0.988,4.829556888155512e-05,8.049261480259187e-05,0.0,0.5000172774418309
path,0.989,4.829751267809708e-05,8.049585446349514e-05,0.0,0.5000201247735963
path,0.99,0.0,0.0,0.0,0.5
path,0.991,0.0,0.0,0.0,0.5
path,0.992,0.0,0.0,0.0,0.5
path,0.993,0.0,0.0,0.0,0.5
path,0.994,0.0,0.0,0.0,0.5
path,0.995,0.0,0.0,0.0,0.5
path,0.996,0.0,0.0,0.0,0.5
path,0.997,0.0,0.0,0.0,0.5
path,0.998,0.0,0.0,0.0,0.5
path,0.999,0.0,0.0,0.0,0.5
path,1.0,0.0,0.0,0.0,0.5
