role,threshold,objective,node_f1,exact_set_attack,node_balanced_accuracy
source,0.0,0.053042657282636685,0.08840442880439447,0.0,0.5
source,0.001,0.7549914802291118,0.6912714109788408,0.8505715841045183,0.9779525196210679
source,0.002,0.7703221188162945,0.7028504194025884,0.8715296679368536,0.9789597748938695
source,0.003,0.7772215259080903,0.7078170414563254,0.8813282525857377,0.9791974682873187
source,0.004,0.7813487478331983,0.7105222734254992,0.8875884594447468,0.9793102691772939
source,0.005,0.7851368315971987,0.7126622751261603,0.8938486663037561,0.9794655608401137
source,0.006,0.7885061046737692,0.7142857142857142,0.8998366902558519,0.9796198672979697
source,0.007,0.791267370942397,0.7161659956642924,0.9039194338595536,0.979797712029058
source,0.008,0.7929426182210215,0.7171435217492439,0.9066412629286881,0.9798405430531014
source,0.009000000000000001,0.7940240298623532,0.7178571428571429,0.9082743603701687,0.9797598070298336
source,0.01,0.7950144598161218,0.7186005830903791,0.909635274904736,0.9796816863702581
source,0.011,0.796627088991362,0.7194737456696898,0.9123571039738705,0.9797140559395316
source,0.012,0.7973869677092791,0.7203772996570003,0.9129014697876974,0.9797490408724976
source,0.013000000000000001,0.7985576058252432,0.7210581762846776,0.9148067501360915,0.9797631028959237
source,0.014,0.7991132293859418,0.7216213050099575,0.9153511159499184,0.9798154101697731
source,0.015,0.7995906736684901,0.7218726796670444,0.9161676646706587,0.97964150625854
source,0.016,0.8004986392558326,0.7224786792895704,0.9175285792052259,0.9795990154856954
source,0.017,0.8008560419268416,0.7227114398653673,0.9180729450190528,0.9795712316900419
source,0.018000000000000002,0.8012854861942729,0.7230642697685349,0.9186173108328797,0.9795052026439651
source,0.019,0.8022147670567066,0.7235243395782708,0.9202504082743603,0.9794983417578514
source,0.02,0.8025619776489801,0.723921568627451,0.9205225911812738,0.9795349568495462
source,0.021,0.8026934188300672,0.7241406372625961,0.9205225911812738,0.9794071442798136
source,0.022,0.8032458805563766,0.7245170409926182,0.9213391399020141,0.9793924373026226
source,0.023,0.8035831418880802,0.724716232669573,0.9218835057158411,0.9794107448484699
source,0.024,0.8036214098287626,0.7247800125707102,0.9218835057158411,0.9793672688706616
source,0.025,0.8039524770762685,0.7251503360452777,0.9221556886227545,0.9794012685986637
source,0.026000000000000002,0.8046617512676624,0.7256066386124985,0.9232444202504083,0.9794431144177433
source,0.027,0.8051596592570278,0.7258921194476138,0.9240609689711486,0.9794692680546682
source,0.028,0.8053584329343095,0.7260419536384745,0.9243331518780621,0.9794336381679372
source,0.029,0.8059482809613416,0.7262992125984253,0.9254218835057159,0.9794571764411695
source,0.03,0.8065039034392416,0.7264994289764896,0.9265106151333696,0.9794754839870168
source,0.031,0.807271543309255,0.7268715524034671,0.9278715296679368,0.979509483715019
source,0.032,0.8076611946136751,0.727158060701616,0.9284158954817637,0.9795356373519437
source,0.033,0.8078259646782906,0.7272512222046996,0.9286880783886772,0.9794947767378279
source,0.034,0.8083935668200983,0.7276528599605522,0.9295046271094175,0.9795313918295225
source,0.035,0.8086974428982383,0.7277964095482343,0.9300489929232444,0.979544468647985
source,0.036000000000000004,0.8089485540140715,0.7280334728033473,0.9303211758301578,0.9795166848523315
source,0.037,0.8087611425817971,0.7280840309587744,0.929776810016331,0.9793731801004442
source,0.038,0.8088991897989166,0.7283141096539738,0.929776810016331,0.979394103009984
source,0.039,0.8092550706165581,0.7285443338074916,0.9303211758301578,0.9794150259195238
source,0.04,0.8093760099550029,0.7287458993715664,0.9303211758301578,0.9794333334653711
source,0.041,0.8096628945245347,0.7288611297782346,0.9308655416439847,0.979443794920141
source,0.042,0.8098582212453158,0.7290052190415942,0.9311377245508982,0.9794568717386034
source,0.043000000000000003,0.809966461097502,0.7291856187952379,0.9311377245508982,0.979423857215565
source,0.044,0.810292045310455,0.7295468038788838,0.9314099074578116,0.9793578281694881
source,0.045,0.8102139494521154,0.7295980993862602,0.9311377245508982,0.9792143234176008
source,0.046,0.8105183807003455,0.7297425742574258,0.931682090364725,0.9792274002360633
source,0.047,0.8104140045722243,0.7297500693151663,0.9314099074578116,0.97917869353087
source,0.048,0.8107184813552445,0.7298946200776485,0.9319542732716385,0.9791917703493324
source,0.049,0.8108794092870633,0.7299813780260709,0.9322264561785519,0.9791996164404098
source,0.05,0.8110750679033468,0.730126020448601,0.9324986390854655,0.9792126932588722
source,0.051000000000000004,0.8112707609187163,0.7302707202029411,0.9327708219923789,0.9792257700773346
source,0.052000000000000005,0.811292669728567,0.7303072348860257,0.9327708219923789,0.9791796787358338
source,0.053,0.8117061616080075,0.7304520222045995,0.9335873707131193,0.9791927555542961
source,0.054,0.8119019416145806,0.7305968669442792,0.9338595536200327,0.9792058323727585
source,0.055,0.8119238936387235,0.730633453651184,0.9338595536200327,0.9791597410312577
source,0.056,0.8121371223036966,0.7308073794881969,0.9341317365269461,0.9791754332134126
source,0.057,0.8121591030866326,0.7308440141264236,0.9341317365269461,0.9791293418719118
source,0.058,0.8121636875467257,0.7308516548932454,0.9341317365269461,0.9790806351667185
source,0.059000000000000004,0.8120511656322132,0.7308455736403335,0.9338595536200327,0.9789318996874463
source,0.06,0.8119642899830162,0.7308822361629476,0.9335873707131193,0.9788858083459455
source,0.061,0.8122562928474042,0.731005997061043,0.9341317365269461,0.9788475630955221
source,0.062,0.8127223119934769,0.7312383298240038,0.9349482852476865,0.9788684860050619
source,0.063,0.8129055453925028,0.7313622635511047,0.9352204681545999,0.9788302407546385
source,0.064,0.8128187417620316,0.7313990461049285,0.9349482852476865,0.9787841494131377
source,0.065,0.812805929887293,0.7313776929803641,0.9349482852476865,0.9787328273442522
source,0.066,0.8128582646059321,0.7314649175114292,0.9349482852476865,0.9787406734353294
source,0.067,0.8132156312282798,0.731697618006124,0.9354926510615134,0.9787615963448693
source,0.068,0.8134642135507743,0.7319304666056725,0.9357648339684268,0.9787825192544091
source,0.069,0.813551576939006,0.7320760722527254,0.9357648339684268,0.9787955960728715
source,0.07,0.8136389750932007,0.7322217358430498,0.9357648339684268,0.9788086728913339
source,0.07100000000000001,0.8137089186619976,0.7323383084577114,0.9357648339684268,0.9788191343461037
source,0.07200000000000001,0.8136047508951093,0.7323461507841732,0.9354926510615134,0.9787704276409104
source,0.073,0.8134703036723823,0.7323035273509036,0.9352204681545999,0.978667783503139
source,0.074,0.8135227880979936,0.7323910013935895,0.9352204681545999,0.9786756295942165
source,0.075,0.8138455408994898,0.7325660121868652,0.9357648339684268,0.9786913217763713
source,0.076,0.8139155731014118,0.7326827325234018,0.9357648339684268,0.9787017832311411
source,0.077,0.813933084638996,0.7327119184193754,0.9357648339684268,0.9787043985948336
source,0.078,0.8139553359778089,0.7327490039840637,0.9357648339684268,0.9786583072533328
source,0.079,0.8140078899965033,0.7328365940152208,0.9357648339684268,0.9786661533444103
source,0.08,0.8141518061524075,0.7328949990037856,0.9360370168753402,0.9786713840717953
source,0.081,0.8142957278944103,0.7329534133025146,0.9363091997822537,0.9786766147991802
source,0.082,0.8146011201159834,0.7330994897959185,0.9368535655960806,0.9786896916176426
source,0.083,0.8146234227302198,0.733136660819646,0.9368535655960806,0.9786436002761418
source,0.084,0.814784911258779,0.733224353095969,0.937125748502994,0.9786514463672192
source,0.085,0.8149464123757502,0.7333120663529787,0.9373979314099075,0.9786592924582966
source,0.08600000000000001,0.8151605792302382,0.7334875558391831,0.9376701143168209,0.9786749846404514
source,0.08700000000000001,0.815362044966736,0.7336418767954037,0.9379422972237343,0.9786393547537205
source,0.088,0.8154147386093772,0.733729699533139,0.9379422972237343,0.978647200844798
source,0.089,0.8151235976747104,0.7336073751845791,0.9373979314099075,0.9784880039107559
source,0.09,0.8148851388132825,0.733572854291417,0.9368535655960806,0.978336653067791
source,0.091,0.8149202828337692,0.7336314276588949,0.9368535655960806,0.9783418837951761
source,0.092,0.814925095633521,0.7336394489918147,0.9368535655960806,0.9782931770899828
source,0.093,0.8148386151338913,0.7336767700970408,0.9365813826891671,0.9782470857484821
source,0.094,0.8148913596896137,0.7337646776899114,0.9365813826891671,0.9782549318395595
source,0.095,0.8147921362887405,0.7337807606263983,0.9363091997822537,0.978157518429173
source,0.096,0.8146704999183343,0.7337594886136636,0.9360370168753402,0.9781061963602872
source,0.097,0.8147232736059318,0.7338474447596596,0.9360370168753402,0.9781140424513646
source,0.098,0.8148112578731479,0.7339940852050196,0.9360370168753402,0.978127119269827
source,0.099,0.8148640653136279,0.7340820976058196,0.9360370168753402,0.9781349653609044
source,0.1,0.8149344949372239,0.7341994803118129,0.9360370168753402,0.9781454268156744
source,0.101,0.8150049470883872,0.7343169005637519,0.9360370168753402,0.9781558882704442
source,0.10200000000000001,0.8148833257262007,0.7342956535647167,0.9357648339684268,0.9781045662015585
source,0.10300000000000001,0.8150098163470652,0.7343250159948816,0.9360370168753402,0.9781071815652509
source,0.10400000000000001,0.8150098163470652,0.7343250159948816,0.9360370168753402,0.9781071815652509
source,0.105,0.8152804235015817,0.7344131173765247,0.9365813826891671,0.9781150276563284
source,0.106,0.8152804235015817,0.7344131173765247,0.9365813826891671,0.9781150276563284
source,0.107,0.8153156711015037,0.7344718633763948,0.9365813826891671,0.9781202583837134
source,0.108,0.8153332970161515,0.7345012399008078,0.9365813826891671,0.9781228737474058
source,0.109,0.8152469377735303,0.7345387631010482,0.9363091997822537,0.9780767824059051
source,0.11,0.8152822012763197,0.734597535605697,0.9363091997822537,0.97808201313329
source,0.111,0.8152870936687531,0.7346056895930861,0.9363091997822537,0.9780333064280968
source,0.112,0.8153223674404113,0.7346644792125164,0.9363091997822537,0.9780385371554817
source,0.113,0.8153400064435137,0.7346938775510203,0.9363091997822537,0.9780411525191741
source,0.114,0.8155194497377977,0.7348114944368846,0.9365813826891671,0.9780516139739441
source,0.115,0.8156989156307948,0.7349291489872709,0.9368535655960806,0.9780620754287139
source,0.116,0.8156479278354363,0.7350256245996156,0.9365813826891671,0.9780212148145981
source,0.117,0.8156351958241254,0.7350044045807641,0.9365813826891671,0.9779698927457124
source,0.11800000000000001,0.8156224617734085,0.7349831811629025,0.9365813826891671,0.9779185706768266
source,0.11900000000000001,0.8156401218554514,0.7350126146329743,0.9365813826891671,0.9779211860405191
source,0.12,0.8158931925887501,0.7350714886459209,0.937125748502994,0.977926416767904
source,0.121,0.815910856914815,0.7351009291893623,0.937125748502994,0.9779290321315965
source,0.122,0.8159285226558939,0.7351303720911604,0.937125748502994,0.977931647495289
source,0.123,0.815981528370914,0.7352187149495272,0.937125748502994,0.9779394935863664
source,0.124,0.8159687995213802,0.7351975002003044,0.937125748502994,0.9778881715174808
source,0.125,0.8159914164778865,0.7352351951278148,0.937125748502994,0.97784208017598
source,0.126,0.816026769989433,0.7352941176470589,0.937125748502994,0.977847310903365
source,0.127,0.8160444488702419,0.7353235824484071,0.937125748502994,0.9778499262670574
source,0.128,0.8160494016775683,0.7353318371272844,0.937125748502994,0.9778012195618642
source,0.129,0.8160670842995985,0.7353613081640015,0.937125748502994,0.9778038349255567
source,0.13,0.816320200121694,0.7354202573249429,0.9376701143168209,0.9778090656529416
source,0.131,0.816573321614932,0.7354792159377882,0.9382144801306478,0.9778142963803265
source,0.132,0.8166440889692298,0.7355971615282845,0.9382144801306478,0.9778247578350965
source,0.133,0.8167706575171655,0.7356266538369016,0.9384866630375612,0.9778273731987889
source,0.134,0.8169680288938904,0.7357741508601676,0.9387588459444747,0.9778404500172513
source,0.135,0.8172211844426429,0.7358331662322037,0.9393032117583016,0.9778456807446362
source,0.136,0.8172388911844308,0.7358626774685169,0.9393032117583016,0.9778482961083287
source,0.137,0.8172793094937254,0.7359300413173413,0.9393032117583016,0.9778048201305204
source,0.138,0.8173020269300008,0.7359679037111335,0.9393032117583016,0.9777587287890196
source,0.139,0.8171804410715104,0.7359467158849254,0.9390310288513881,0.9777074067201339
source,0.14,0.8171804410715104,0.7359467158849254,0.9390310288513881,0.9777074067201339
source,0.14100000000000001,0.8171727293830787,0.7359338630708725,0.9390310288513881,0.9776073779460548
source,0.14200000000000002,0.8172081733000673,0.7359929362658534,0.9390310288513881,0.9776126086734398
source,0.14300000000000002,0.8172968079919222,0.7361406607522782,0.9390310288513881,0.9776256854919021
source,0.14400000000000002,0.817350005887753,0.7362293239119962,0.9390310288513881,0.9776335315829796
source,0.145,0.8174032165997802,0.7363180084320418,0.9390310288513881,0.977641377674057
source,0.146,0.817529829515399,0.7363475746867972,0.9393032117583016,0.9776439930377495
source,0.147,0.8175653132954015,0.7364067143201348,0.9393032117583016,0.9776492237651344
source,0.148,0.8176008027756098,0.7364658634538152,0.9393032117583016,0.9776544544925194
source,0.149,0.8176362979573973,0.7365250220901278,0.9393032117583016,0.9776596852199044
source,0.15,0.8176895514235456,0.7366137778670416,0.9393032117583016,0.9776675313109817
source,0.151,0.8178339340280592,0.7366729602699553,0.939575394665215,0.9776727620383667
source,0.152,0.8179605640515093,0.7367025550377632,0.9398475775721284,0.9776753774020592
source,0.153,0.8180138431948685,0.7367913536100285,0.9398475775721284,0.9776832234931366
source,0.154,0.8180316057636633,0.7368209578913532,0.9398475775721284,0.977685838856829
source,0.155,0.8180493697599158,0.7368505645517741,0.9398475775721284,0.9776884542205215
source,0.156,0.8182115434779051,0.7369393988104805,0.9401197604790419,0.977696300311599
source,0.157,0.8181988566873968,0.7369182541596334,0.9401197604790419,0.9776449782427132
source,0.158,0.8182166273136777,0.7369478718701016,0.9401197604790419,0.9776475936064057
source,0.159,0.8182521728519326,0.7370071144338598,0.9401197604790419,0.9776528243337907
source,0.16,0.818112839212789,0.7369563469732294,0.9398475775721284,0.9775988869012124
source,0.161,0.8181483894466035,0.7370155973629201,0.9398475775721284,0.9776041176285974
source,0.162,0.8181839453972682,0.7370748572806948,0.9398475775721284,0.9776093483559825
source,0.163,0.8184728207801963,0.7371934057096904,0.9403919433859553,0.9776198098107522
source,0.164,0.8186350557530024,0.7372823420597581,0.9406641262928688,0.9776276559018298
source,0.165,0.8185312947288994,0.7372908622908623,0.9403919433859553,0.9775789491966365
source,0.166,0.8186579603751696,0.7373205164300366,0.9406641262928688,0.977581564560329
source,0.167,0.8186579603751696,0.7373205164300366,0.9406641262928688,0.977581564560329
source,0.168,0.8186757542899736,0.7373501729547101,0.9406641262928688,0.9775841799240214
source,0.169,0.8186935496362497,0.7373798318651703,0.9406641262928688,0.9775867952877139
source,0.17,0.818838017786675,0.7374391568446035,0.9409363091997822,0.9775920260150988
source,0.171,0.818838017786675,0.7374391568446035,0.9409363091997822,0.9775920260150988
source,0.17200000000000001,0.8187037917362182,0.7373969020317844,0.9406641262928688,0.9774893818773274
source,0.17300000000000001,0.81886607365577,0.7374859166264285,0.9409363091997822,0.9774972279684048
source,0.17400000000000002,0.8188838794402444,0.7375155929338859,0.9409363091997822,0.9774998433320973
source,0.17500000000000002,0.8189194953085499,0.737574952714395,0.9409363091997822,0.9775050740594822
source,0.176,0.8188941453341693,0.7375327027570939,0.9409363091997822,0.9774024299217108
source,0.177,0.8188941453341693,0.7375327027570939,0.9409363091997822,0.9774024299217108
source,0.178,0.8191831479894217,0.7376514633066301,0.9414806750136091,0.9774128913764806
source,0.179,0.819309838820383,0.7376811594202899,0.9417528579205225,0.9774155067401731
source,0.18,0.8194543516236712,0.7377405588211612,0.942025040827436,0.9774207374675581
source,0.181,0.8194721735963447,0.7377702621089505,0.942025040827436,0.9774233528312506
source,0.182,0.8193023108750743,0.7376686128447756,0.9417528579205225,0.9773154779660941
source,0.183,0.8194290064252001,0.7376983168237095,0.942025040827436,0.9773180933297866
source,0.184,0.8194290064252001,0.7376983168237095,0.942025040827436,0.9773180933297866
source,0.185,0.8195735286689976,0.737757731958763,0.9422972237343494,0.9773233240571715
source,0.186,0.8196091834929343,0.7378171566653242,0.9422972237343494,0.9773285547845565
source,0.187,0.8196448440611637,0.7378765909457065,0.9422972237343494,0.9773337855119415
source,0.188,0.8198072188498586,0.7379657603222558,0.9425694066412629,0.9773416316030188
source,0.189,0.8197945515216705,0.7379446481086088,0.9425694066412629,0.9772903095341332
source,0.19,0.8197818821520937,0.7379235324926474,0.9425694066412629,0.9772389874652474
source,0.191,0.8197997207548129,0.7379532634971796,0.9425694066412629,0.9772416028289399
source,0.192,0.8198175607950281,0.7379829968975382,0.9425694066412629,0.9772442181926324
source,0.193,0.8198354022729126,0.7380127326940124,0.9425694066412629,0.9772468335563248
source,0.194,0.8198889353343211,0.7381019544630264,0.9425694066412629,0.9772546796474022
source,0.195,0.8198889353343211,0.7381019544630264,0.9425694066412629,0.9772546796474022
source,0.196,0.8199067825646216,0.7381316998468607,0.9425694066412629,0.9772572950110947
source,0.197,0.8197673963248364,0.7380808447184943,0.9422972237343494,0.9772033575785165
source,0.198,0.8197904280482966,0.7381192309242613,0.9422972237343494,0.9771572662370158
source,0.199,0.8198134671998475,0.7381576295101795,0.9422972237343494,0.977111174895515
source,0.2,0.8198134671998475,0.7381576295101795,0.9422972237343494,0.977111174895515
source,0.201,0.8198134671998475,0.7381576295101795,0.9422972237343494,0.977111174895515
source,0.202,0.8198313229722111,0.7381873891307854,0.9422972237343494,0.9771137902592075
source,0.203,0.8198007989401778,0.7381365157440632,0.9422972237343494,0.9770598528266292
source,0.20400000000000001,0.8196613992839621,0.7380856382549794,0.942025040827436,0.977005915394051
source,0.20500000000000002,0.8200415916642643,0.7381749264083229,0.9428415895481764,0.9770137614851284
source,0.20600000000000002,0.8200594521754283,0.7382046939269297,0.9428415895481764,0.9770163768488209
source,0.20700000000000002,0.8201130423528459,0.7382940108892921,0.9428415895481764,0.9770242229398983
source,0.20800000000000002,0.8201130423528459,0.7382940108892921,0.9428415895481764,0.9770242229398983
source,0.209,0.8201130423528459,0.7382940108892921,0.9428415895481764,0.9770242229398983
source,0.21,0.8200093696264954,0.7383026782833172,0.9425694066412629,0.9769755162347051
source,0.211,0.8200808528614429,0.7384218170082297,0.9425694066412629,0.9769859776894749
source,0.212,0.8200129459033755,0.7384900940160595,0.9422972237343494,0.9769425017116666
source,0.213,0.8201575798551655,0.7385496953311004,0.9425694066412629,0.9769477324390516
source,0.214,0.8203201050258249,0.7386391153442571,0.9428415895481764,0.976955578530129
source,0.215,0.8203558802493642,0.7386987407168226,0.9428415895481764,0.9769608092575139
source,0.216,0.8203737700271414,0.738728557013118,0.9428415895481764,0.9769634246212064
source,0.217,0.8203916612491567,0.738758375716477,0.9428415895481764,0.976966039984899
source,0.218,0.8203968998376793,0.7387671066973478,0.9428415895481764,0.9769173332797056
source,0.219,0.8204200371193876,0.7388056688335284,0.9428415895481764,0.9768712419382048
source,0.22,0.8204252806262484,0.7388144080116297,0.9428415895481764,0.9768225352330115
source,0.221,0.820478988712934,0.7389039214894392,0.9428415895481764,0.9768303813240891
source,0.222,0.8203395558713678,0.7388529886914378,0.9425694066412629,0.9767764438915109
source,0.223,0.8204715849225183,0.7388915818387461,0.9428415895481764,0.9767303525500101
source,0.224,0.8202106117092289,0.7388195370258152,0.9422972237343494,0.9766250930485462
source,0.225,0.8202285210386655,0.7388493859082095,0.9422972237343494,0.9766277084122386
source,0.226,0.8202822577106375,0.7389389470281628,0.9422972237343494,0.9766355545033161
source,0.227,0.8203360074117872,0.7390285298634124,0.9422972237343494,0.9766434005943935
source,0.228,0.8201965590668806,0.7389775712265103,0.942025040827436,0.9765894631618153
source,0.229,0.820341271581603,0.739037303479772,0.9422972237343494,0.9765946938892002
source,0.23,0.820395041474338,0.7391269199676637,0.9422972237343494,0.9766025399802776
source,0.231,0.820395041474338,0.7391269199676637,0.9422972237343494,0.9766025399802776
source,0.232,0.8202555881002456,0.7390759529487854,0.942025040827436,0.9765486025476994
source,0.233,0.8202555881002456,0.7390759529487854,0.942025040827436,0.9765486025476994
source,0.234,0.8203272995329149,0.7391954720032342,0.942025040827436,0.9765590640024693
source,0.23500000000000001,0.8203631639475191,0.7392552460275744,0.942025040827436,0.9765642947298543
source,0.23600000000000002,0.8203990341628453,0.7393150297197849,0.942025040827436,0.9765695254572392
source,0.23700000000000002,0.8202595742236073,0.7392640517589971,0.9417528579205225,0.976515588024661
source,0.23800000000000002,0.8202775109954564,0.7392939463787457,0.9417528579205225,0.9765182033883535
source,0.23900000000000002,0.8203133888915075,0.739353742872164,0.9417528579205225,0.9765234341157385
source,0.24,0.8203133888915075,0.739353742872164,0.9417528579205225,0.9765234341157385
source,0.241,0.8204402031788269,0.7393836447464209,0.942025040827436,0.9765260494794309
source,0.242,0.8204581457546347,0.7394135490394337,0.942025040827436,0.9765286648431234
source,0.243,0.820372515685502,0.7394522875288216,0.9417528579205225,0.9764825735016226
source,0.244,0.8203904635565584,0.7394822006472491,0.9417528579205225,0.9764851888653151
source,0.245,0.8205531890461097,0.7395719545252256,0.942025040827436,0.9764930349563925
source,0.246,0.8206070544470221,0.7396617301934126,0.942025040827436,0.9765008810474699
source,0.247,0.8207338856496091,0.7396916602597823,0.9422972237343494,0.9765034964111624
source,0.248,0.8207877684900975,0.7397814649939296,0.9422972237343494,0.9765113425022398
source,0.249,0.820805732344523,0.7398114047513054,0.9422972237343494,0.9765139578659323
source,0.25,0.8206662572246122,0.7397604014893963,0.942025040827436,0.9764600204333541
source,0.251,0.8207201559788191,0.7398502327464077,0.942025040827436,0.9764678665244315
source,0.252,0.8207560957545261,0.7399101323725863,0.942025040827436,0.9764730972518165
source,0.253,0.821027762656505,0.7399999999999999,0.9425694066412629,0.9764809433428939
source,0.254,0.8211419805979887,0.7400089079645302,0.9428415895481764,0.9764322366377006
source,0.255,0.8211779397269441,0.7400688398461226,0.9428415895481764,0.9764374673650855
source,0.256,0.8211779397269441,0.7400688398461226,0.9428415895481764,0.9764374673650855
source,0.257,0.8212139046808913,0.7401287814360344,0.9428415895481764,0.9764426980924705
source,0.258,0.8212372474276792,0.7401676860140143,0.9428415895481764,0.9763966067509697
source,0.259,0.8213641091116536,0.7401976668826961,0.9431137724550899,0.9763992221146622
source,0.26,0.821526956582719,0.7402876240631963,0.9433859553620033,0.9764070682057396
source,0.261,0.821526956582719,0.7402876240631963,0.9433859553620033,0.9764070682057396
source,0.262,0.8213928287826924,0.740245533001094,0.9431137724550899,0.9763044240679681
source,0.263,0.8213981955854884,0.7402544776724208,0.9431137724550899,0.9762557173627749
source,0.264,0.8215430675070967,0.7403144756038257,0.9433859553620033,0.9762609480901598
source,0.265,0.8216699422376579,0.7403444782168186,0.9436581382689168,0.9762635634538523
source,0.266,0.8217599719674775,0.740494527766518,0.9436581382689168,0.9762766402723148
source,0.267,0.8217599719674775,0.740494527766518,0.9436581382689168,0.9762766402723148
source,0.268,0.8217599719674775,0.740494527766518,0.9436581382689168,0.9762766402723148
source,0.269,0.821940895193757,0.7406146112057082,0.9439303211758302,0.9762871017270847
source,0.27,0.8218374190346072,0.7406236062117342,0.9436581382689168,0.9762383950218914
source,0.271,0.8219643107750925,0.7406536371746006,0.9439303211758302,0.9762410103855839
source,0.272,0.8219643107750925,0.7406536371746006,0.9439303211758302,0.9762410103855839
source,0.273,0.8220003523146143,0.7407137064071371,0.9439303211758302,0.9762462411129689
source,0.274,0.822018375276772,0.7407437446773998,0.9439303211758302,0.9762488564766613
source,0.275,0.8218968847028703,0.7407227156588392,0.9436581382689168,0.9761975344077756
source,0.276,0.8219149100771969,0.7407527579493836,0.9436581382689168,0.976200149771468
source,0.277,0.8221687115381839,0.7408128498418107,0.9442025040827436,0.9762053804988529
source,0.278,0.8221687115381839,0.7408128498418107,0.9442025040827436,0.9762053804988529
source,0.279,0.8222047725238975,0.7408729514846666,0.9442025040827436,0.9762106112262379
source,0.28,0.8222588749748152,0.7409631222361962,0.9442025040827436,0.9762184573173154
source,0.281,0.8222769120517928,0.7409931840311588,0.9442025040827436,0.9762210726810078
source,0.28200000000000003,0.8222949505924029,0.7410232482655089,0.9442025040827436,0.9762236880447003
source,0.28300000000000003,0.8224218637595891,0.7410533149395439,0.9444746869896571,0.9762263034083927
source,0.28400000000000003,0.8224399052279991,0.7410833840535606,0.9444746869896571,0.9762289187720852
source,0.28500000000000003,0.8224399052279991,0.7410833840535606,0.9444746869896571,0.9762289187720852
source,0.28600000000000003,0.8222877705641907,0.741011281551822,0.9442025040827436,0.9761236592706213
source,0.28700000000000003,0.822305813937793,0.7410413538411591,0.9442025040827436,0.9761262746343138
source,0.28800000000000003,0.8221662843144879,0.7409902597402597,0.9439303211758302,0.9760723372017355
source,0.289,0.822202374431855,0.7410504099358715,0.9439303211758302,0.9760775679291205
source,0.29,0.822202374431855,0.7410504099358715,0.9439303211758302,0.9760775679291205
source,0.291,0.8223292948506158,0.741080488695864,0.9442025040827436,0.976080183292813
source,0.292,0.8225103716902726,0.7412008281573498,0.9444746869896571,0.9760906447475829
source,0.293,0.8225284262736153,0.7412309191295875,0.9444746869896571,0.9760932601112753
source,0.294,0.8225645398384938,0.7412911084043848,0.9444746869896571,0.9760984908386603
source,0.295,0.8225825988203868,0.7413212067075398,0.9444746869896571,0.9761011062023528
source,0.296,0.8225825988203868,0.7413212067075398,0.9444746869896571,0.9761011062023528
source,0.297,0.8225825988203868,0.7413212067075398,0.9444746869896571,0.9761011062023528
source,0.298,0.8225825988203868,0.7413212067075398,0.9444746869896571,0.9761011062023528
source,0.299,0.8224430610776322,0.7412700990742246,0.9442025040827436,0.9760471687697746
source,0.3,0.8223396411606874,0.7412791878172589,0.9439303211758302,0.9759984620645814
source,0.301,0.8223757673445553,0.7413393981237054,0.9439303211758302,0.9760036927919663
source,0.302,0.8225388407882559,0.7414297319252641,0.9442025040827436,0.9760115388830437
source,0.303,0.822435434315886,0.7414388430759231,0.9439303211758302,0.9759628321778504
source,0.304,0.8223139560997665,0.7414178346536664,0.9436581382689168,0.9759115101089646
source,0.305,0.8222105498678632,0.7414269462051032,0.9433859553620033,0.9758628034037714
source,0.306,0.8223736539422126,0.7415173310577431,0.9436581382689168,0.9758706494948488
source,0.307,0.82240981522954,0.7415775998699556,0.9436581382689168,0.9758758802222338
source,0.308,0.8225548555583224,0.7416378784799837,0.9439303211758302,0.9758811109496188
source,0.309,0.8225729413462872,0.7416680214599252,0.9439303211758302,0.9758837263133112
source,0.31,0.8227179904957915,0.7417283147711566,0.9442025040827436,0.9758889570406961
source,0.311,0.8227179904957915,0.7417283147711566,0.9442025040827436,0.9758889570406961
source,0.312,0.8227179904957915,0.7417283147711566,0.9442025040827436,0.9758889570406961
source,0.313,0.8227360806949242,0.7417584651030446,0.9442025040827436,0.9758915724043886
source,0.314,0.822790360117527,0.7418489308073827,0.9442025040827436,0.9758994184954661
source,0.315,0.822790360117527,0.7418489308073827,0.9442025040827436,0.9758994184954661
source,0.316,0.822790360117527,0.7418489308073827,0.9442025040827436,0.9758994184954661
source,0.317,0.8228627532798405,0.7419695860779051,0.9442025040827436,0.9759098799502359
source,0.318,0.8228989586923037,0.7420299284320104,0.9442025040827436,0.9759151106776209
source,0.319,0.8229170636069902,0.7420601032898214,0.9442025040827436,0.9759177260413134
source,0.32,0.8229351699942198,0.7420902806018707,0.9442025040827436,0.9759203414050059
source,0.321,0.8229532778541719,0.7421204603684576,0.9442025040827436,0.9759229567686983
source,0.322,0.8229894979929624,0.7421808272664415,0.9442025040827436,0.9759281874960832
source,0.323,0.8229894979929624,0.7421808272664415,0.9442025040827436,0.9759281874960832
source,0.324,0.8228680406118818,0.7421598535692495,0.9439303211758302,0.9758768654271976
source,0.325,0.8228861538526946,0.7421900423039376,0.9439303211758302,0.97587948079089
source,0.326,0.8228861538526946,0.7421900423039376,0.9439303211758302,0.97587948079089
source,0.327,0.822904268567147,0.7422202334946915,0.9439303211758302,0.9758820961545825
source,0.328,0.8227646953856727,0.7421690667968432,0.9436581382689168,0.9758281587220043
source,0.329,0.8227828110620112,0.7421992595907408,0.9436581382689168,0.9758307740856969
source,0.33,0.8227828110620112,0.7421992595907408,0.9436581382689168,0.9758307740856969
source,0.331,0.8228371669358523,0.7422898527138092,0.9436581382689168,0.9758386201767743
source,0.332,0.8227338328060425,0.7422990844354019,0.9433859553620033,0.975789913471581
source,0.333,0.8227338328060425,0.7422990844354019,0.9433859553620033,0.975789913471581
source,0.334,0.8225942515554875,0.7422479042890859,0.9431137724550899,0.9757359760390028
source,0.335,0.8225942515554875,0.7422479042890859,0.9431137724550899,0.9757359760390028
source,0.336,0.8226123750545546,0.7422781101208644,0.9431137724550899,0.9757385914026953
source,0.337,0.8224602011428359,0.7422059422059422,0.9428415895481764,0.9756333319012314
source,0.338,0.8224602011428359,0.7422059422059422,0.9428415895481764,0.9756333319012314
source,0.339,0.8224602011428359,0.7422059422059422,0.9428415895481764,0.9756333319012314
source,0.34,0.8224964534682448,0.7422663627482905,0.9428415895481764,0.9756385626286161
source,0.341,0.8225145818444263,0.7422965767085928,0.9428415895481764,0.9756411779923087
source,0.342,0.8225327116964992,0.7423267931287144,0.9428415895481764,0.9756437933560012
source,0.343,0.8225508430246441,0.7423570120089559,0.9428415895481764,0.9756464087196937
source,0.34400000000000003,0.8225563899109569,0.7423662568194772,0.9428415895481764,0.9755977020145004
source,0.34500000000000003,0.8223134655992859,0.7423242935092433,0.9422972237343494,0.975495057876729
source,0.34600000000000003,0.8223316027730492,0.7423545221321822,0.9422972237343494,0.9754976732404214
source,0.34700000000000003,0.8223316027730492,0.7423545221321822,0.9422972237343494,0.9754976732404214
source,0.34800000000000003,0.8224586145867869,0.7423847532171363,0.9425694066412629,0.9755002886041139
source,0.34900000000000003,0.8223371512840795,0.7423637696505662,0.9422972237343494,0.9754489665352282
source,0.35000000000000003,0.8223552923772979,0.7423940048059301,0.9422972237343494,0.9754515818989207
source,0.35100000000000003,0.8223552923772979,0.7423940048059301,0.9422972237343494,0.9754515818989207
source,0.352,0.8223552923772979,0.7423940048059301,0.9422972237343494,0.9754515818989207
source,0.353,0.8223552923772979,0.7423940048059301,0.9422972237343494,0.9754515818989207
source,0.354,0.8223552923772979,0.7423940048059301,0.9422972237343494,0.9754515818989207
source,0.355,0.8223734349482852,0.7424242424242424,0.9422972237343494,0.9754541972626131
source,0.356,0.8223734349482852,0.7424242424242424,0.9422972237343494,0.9754541972626131
source,0.357,0.8222701165387223,0.7424335003462463,0.942025040827436,0.9754054905574199
source,0.358,0.8222575251915276,0.7424125147675887,0.942025040827436,0.9753541684885341
source,0.359,0.8222575251915276,0.7424125147675887,0.942025040827436,0.9753541684885341
source,0.36,0.8221542070534764,0.7424217731421122,0.9417528579205225,0.9753054617833409
source,0.361,0.8220145900152224,0.7423705333496312,0.9414806750136091,0.9752515243507627
source,0.362,0.8220145900152224,0.7423705333496312,0.9414806750136091,0.9752515243507627
source,0.363,0.821735348422181,0.7422680412371134,0.9409363091997822,0.9751436494856063
source,0.364,0.8217716466270583,0.7423285382452423,0.9409363091997822,0.9751488802129912
source,0.365,0.8217716466270583,0.7423285382452423,0.9409363091997822,0.9751488802129912
source,0.366,0.8217716466270583,0.7423285382452423,0.9409363091997822,0.9751488802129912
source,0.367,0.8216501718522741,0.7423075355585442,0.9406641262928688,0.9750975581441055
source,0.368,0.8215286950230187,0.7422865294477278,0.9403919433859553,0.9750462360752197
source,0.369,0.8215468482763679,0.7423167848699764,0.9403919433859553,0.9750488514389122
source,0.37,0.821565003009622,0.7423470427587332,0.9403919433859553,0.9750514668026047
source,0.371,0.8216013169165688,0.7424075659369777,0.9403919433859553,0.9750566975299896
source,0.372,0.8215887150607704,0.7423865628439805,0.9403919433859553,0.9750053754611039
source,0.373,0.8216068752017402,0.7424168297455969,0.9403919433859553,0.9750079908247964
source,0.374,0.8216431999263466,0.7424773709532742,0.9403919433859553,0.9750132215521813
source,0.375,0.8212424407141408,0.7423538047467579,0.939575394665215,0.9748540246181392
source,0.376,0.8212787712429213,0.7424143556280588,0.939575394665215,0.9748592553455241
source,0.377,0.8213151076988618,0.7424749163879598,0.939575394665215,0.974864486072909
source,0.378,0.8213151076988618,0.7424749163879598,0.939575394665215,0.974864486072909
source,0.379,0.8213332781499707,0.7425052004731411,0.939575394665215,0.9748671014366015
source,0.38,0.8214658943258775,0.74254477216171,0.9398475775721284,0.9748210100951007
source,0.381,0.8214658943258775,0.74254477216171,0.9398475775721284,0.9748210100951007
source,0.382,0.821326241417,0.7424934725848564,0.939575394665215,0.9747670726625226
source,0.383,0.821326241417,0.7424934725848564,0.939575394665215,0.9747670726625226
source,0.384,0.8213807719262273,0.742584356766902,0.939575394665215,0.9747749187535999
source,0.385,0.8213989517293143,0.7426146564387138,0.939575394665215,0.9747775341172924
source,0.386,0.8213989517293143,0.7426146564387138,0.939575394665215,0.9747775341172924
source,0.387,0.8213989517293143,0.7426146564387138,0.939575394665215,0.9747775341172924
source,0.388,0.8213989517293143,0.7426146564387138,0.939575394665215,0.9747775341172924
source,0.389,0.821259294251613,0.742563349247154,0.9393032117583016,0.9747235966847142
source,0.39,0.8211196342615215,0.7425120378682771,0.9390310288513881,0.974669659252136
source,0.391,0.8211196342615215,0.7425120378682771,0.9390310288513881,0.974669659252136
source,0.392,0.8211378145195392,0.7425423382983065,0.9390310288513881,0.9746722746158285
source,0.393,0.8211378145195392,0.7425423382983065,0.9390310288513881,0.9746722746158285
source,0.394,0.8209981515021777,0.7424910218739798,0.9387588459444747,0.9746183371832502
source,0.395,0.8209981515021777,0.7424910218739798,0.9387588459444747,0.9746183371832502
source,0.396,0.8209981515021777,0.7424910218739798,0.9387588459444747,0.9746183371832502
source,0.397,0.8211252058922672,0.74252132391952,0.9390310288513881,0.9746209525469427
source,0.398,0.8209855398470577,0.7424700024487797,0.9387588459444747,0.9745670151143645
source,0.399,0.8208822361362866,0.7424792848687701,0.9384866630375612,0.9745183084091713
source,0.4,0.8208822361362866,0.7424792848687701,0.9384866630375612,0.9745183084091713
source,0.401,0.8207607481693346,0.7424582601951258,0.9382144801306478,0.9744669863402855
source,0.402,0.820887806952451,0.7424885695623776,0.9384866630375612,0.974469601703978
source,0.403,0.8207845059705215,0.7424978565304373,0.9382144801306478,0.9744208949987847
source,0.404,0.8209115686937114,0.7425281724644781,0.9384866630375612,0.9744235103624772
source,0.405,0.8209297597395437,0.7425584908741987,0.9384866630375612,0.9744261257261697
source,0.406,0.8209297597395437,0.7425584908741987,0.9384866630375612,0.9744261257261697
source,0.40700000000000003,0.8207900795165303,0.7425071457737852,0.9382144801306478,0.9743721882935914
source,0.40800000000000003,0.8208082715328422,0.7425374658009718,0.9382144801306478,0.9743748036572839
source,0.40900000000000003,0.8208082715328422,0.7425374658009718,0.9382144801306478,0.9743748036572839
source,0.41000000000000003,0.8208082715328422,0.7425374658009718,0.9382144801306478,0.9743748036572839
source,0.41100000000000003,0.8208082715328422,0.7425374658009718,0.9382144801306478,0.9743748036572839
source,0.41200000000000003,0.8208082715328422,0.7425374658009718,0.9382144801306478,0.9743748036572839
source,0.41300000000000003,0.8205470949793625,0.7424650820877235,0.9376701143168209,0.97426954415582
source,0.41400000000000003,0.8205526677093284,0.7424743699710002,0.9376701143168209,0.9742208374506267
source,0.41500000000000004,0.8204857678740374,0.7425443255167906,0.9373979314099075,0.9741773614728184
source,0.41600000000000004,0.8202427746081307,0.7425022472828308,0.9368535655960806,0.974074717335047
source,0.417,0.8201212748801783,0.7424812030075189,0.9365813826891671,0.9740233952661612
source,0.418,0.8201212748801783,0.7424812030075189,0.9365813826891671,0.9740233952661612
source,0.419,0.8201212748801783,0.7424812030075189,0.9365813826891671,0.9740233952661612
source,0.42,0.8201212748801783,0.7424812030075189,0.9365813826891671,0.9740233952661612
source,0.421,0.8202665590541249,0.7425418880261544,0.9368535655960806,0.9740286259935462
source,0.422,0.8202665590541249,0.7425418880261544,0.9368535655960806,0.9740286259935462
source,0.423,0.8203029760177358,0.742602582965506,0.9368535655960806,0.9740338567209311
source,0.424,0.8201632679160642,0.7425511914006621,0.9365813826891671,0.9739799192883529
source,0.425,0.8201996898016019,0.742611894543225,0.9365813826891671,0.9739851500157379
source,0.426,0.8201996898016019,0.742611894543225,0.9365813826891671,0.9739851500157379
source,0.427,0.8202361176425639,0.7426726076114949,0.9365813826891671,0.9739903807431228
source,0.428,0.820223493756751,0.7426515678018069,0.9365813826891671,0.9739390586742371
source,0.429,0.820223493756751,0.7426515678018069,0.9365813826891671,0.9739390586742371
source,0.43,0.8200893666283613,0.7426094778590997,0.9363091997822537,0.9738364145364656
source,0.431,0.8201075857028917,0.742639842983317,0.9363091997822537,0.973839029900158
source,0.432,0.8201075857028917,0.742639842983317,0.9363091997822537,0.973839029900158
source,0.433,0.8201075857028917,0.742639842983317,0.9363091997822537,0.973839029900158
source,0.434,0.8199678633847711,0.7425884277243916,0.9360370168753402,0.9737850924675799
source,0.435,0.8199678633847711,0.7425884277243916,0.9360370168753402,0.9737850924675799
source,0.436,0.8199678633847711,0.7425884277243916,0.9360370168753402,0.9737850924675799
source,0.437,0.8200043049712133,0.7426491637017953,0.9360370168753402,0.9737903231949648
source,0.438,0.8200043049712133,0.7426491637017953,0.9360370168753402,0.9737903231949648
source,0.439,0.8200043049712133,0.7426491637017953,0.9360370168753402,0.9737903231949648
source,0.44,0.8200225279999316,0.7426795354163258,0.9360370168753402,0.9737929385586573
source,0.441,0.8199010256119106,0.7426584867075665,0.9357648339684268,0.9737416164897716
source,0.442,0.8199010256119106,0.7426584867075665,0.9357648339684268,0.9737416164897716
source,0.443,0.8199192511054696,0.7426888625301648,0.9357648339684268,0.9737442318534641
source,0.444,0.8202281472668533,0.7428407789232532,0.9363091997822537,0.9737573086719264
source,0.445,0.8202281472668533,0.7428407789232532,0.9363091997822537,0.9737573086719264
source,0.446,0.8202281472668533,0.7428407789232532,0.9363091997822537,0.9737573086719264
source,0.447,0.8200884147360625,0.7427893466432106,0.9360370168753402,0.9737033712393482
source,0.448,0.8201066486616,0.7428197365191064,0.9360370168753402,0.9737059866030406
source,0.449,0.8199669130890278,0.7427682991694284,0.9357648339684268,0.9736520491704626
source,0.45,0.8199725184142796,0.7427776413781816,0.9357648339684268,0.9736033424652693
source,0.451,0.8199725184142796,0.7427776413781816,0.9357648339684268,0.9736033424652693
source,0.452,0.8198510136084325,0.7427565886397118,0.9354926510615134,0.9735520203963834
source,0.453,0.8198510136084325,0.7427565886397118,0.9354926510615134,0.9735520203963834
source,0.454,0.8198874917907345,0.7428173856102153,0.9354926510615134,0.9735572511237685
source,0.455,0.8201417222707648,0.7428781925343811,0.9360370168753402,0.9735624818511535
source,0.456,0.8201108486640979,0.7428267365232697,0.9360370168753402,0.9735085444185752
source,0.457,0.8201290924644218,0.7428571428571428,0.9360370168753402,0.9735111597822677
source,0.458,0.820116460589992,0.7428360897330932,0.9360370168753402,0.973459837713382
source,0.459,0.820116460589992,0.7428360897330932,0.9360370168753402,0.973459837713382
source,0.46,0.8201347068606696,0.7428665001842225,0.9360370168753402,0.9734624530770744
source,0.461,0.8199949534842019,0.7428150331613853,0.9357648339684268,0.9734085156444963
source,0.462,0.8199949534842019,0.7428150331613853,0.9357648339684268,0.9734085156444963
source,0.463,0.8197336853578969,0.7427424968267616,0.9352204681545999,0.9733032561430323
source,0.464,0.8197336853578969,0.7427424968267616,0.9352204681545999,0.9733032561430323
source,0.465,0.8197519330648044,0.7427729096716075,0.9352204681545999,0.9733058715067247
source,0.466,0.8197519330648044,0.7427729096716075,0.9352204681545999,0.9733058715067247
source,0.467,0.8197701822661396,0.7428033250071661,0.9352204681545999,0.9733084868704172
source,0.468,0.8197701822661396,0.7428033250071661,0.9352204681545999,0.9733084868704172
source,0.46900000000000003,0.8197884329620857,0.7428337428337429,0.9352204681545999,0.9733111022341097
source,0.47000000000000003,0.8197884329620857,0.7428337428337429,0.9352204681545999,0.9733111022341097
source,0.47100000000000003,0.819794047932684,0.7428431011180734,0.9352204681545999,0.9732623955289164
source,0.47200000000000003,0.819794047932684,0.7428431011180734,0.9352204681545999,0.9732623955289164
source,0.47300000000000003,0.8198123025960471,0.7428735255570118,0.9352204681545999,0.9732650108926089
source,0.47400000000000003,0.8198123025960471,0.7428735255570118,0.9352204681545999,0.9732650108926089
source,0.47500000000000003,0.8199576895718159,0.7429343819120177,0.9354926510615134,0.9732702416199939
source,0.47600000000000003,0.819926794582636,0.7428828902633843,0.9354926510615134,0.9732163041874156
source,0.47700000000000004,0.8199633133433715,0.7429437548646102,0.9354926510615134,0.9732215349148006
source,0.47800000000000004,0.8199633133433715,0.7429437548646102,0.9354926510615134,0.9732215349148006
source,0.47900000000000004,0.8199633133433715,0.7429437548646102,0.9354926510615134,0.9732215349148006
source,0.48,0.8199998380885818,0.7430046294399607,0.9354926510615134,0.9732267656421856
source,0.481,0.819987202596933,0.7429835702872128,0.9354926510615134,0.9731754435732998
source,0.482,0.820023735286314,0.7430444581028478,0.9354926510615134,0.9731806743006848
source,0.483,0.820047640318872,0.7430842998237778,0.9354926510615134,0.973134582959184
source,0.484,0.8200841869461841,0.743145210869298,0.9354926510615134,0.973139813686569
source,0.485,0.8201024625067432,0.7431756701368964,0.9354926510615134,0.9731424290502615
source,0.486,0.8201024625067432,0.7431756701368964,0.9354926510615134,0.9731424290502615
source,0.487,0.8201207395654834,0.7432061319014633,0.9354926510615134,0.9731450444139539
source,0.488,0.8202661713410089,0.7432670629227301,0.9357648339684268,0.9731502751413388
source,0.489,0.8202661713410089,0.7432670629227301,0.9357648339684268,0.9731502751413388
source,0.49,0.8202844528953974,0.7432975321800444,0.9357648339684268,0.9731528905050313
source,0.491,0.8201995204492056,0.7433374333743338,0.9354926510615134,0.9731067991635305
source,0.492,0.820223469019701,0.7433773476584926,0.9354926510615134,0.9730607078220297
source,0.493,0.8202417600350216,0.743407832684027,0.9354926510615134,0.9730633231857222
source,0.494,0.8202417600350216,0.743407832684027,0.9354926510615134,0.9730633231857222
source,0.495,0.820101966789399,0.7433562992125984,0.9352204681545999,0.973009385753144
source,0.496,0.820101966789399,0.7433562992125984,0.9352204681545999,0.973009385753144
source,0.497,0.8201385522852178,0.743417275038963,0.9352204681545999,0.9730146164805289
source,0.498,0.8201385522852178,0.743417275038963,0.9352204681545999,0.9730146164805289
source,0.499,0.8199987554673531,0.7433657356137976,0.9349482852476865,0.9729606790479508
source,0.5,0.8200170499481312,0.7433962264150944,0.9349482852476865,0.9729632944116432
source,0.501,0.8200170499481312,0.7433962264150944,0.9349482852476865,0.9729632944116432
source,0.502,0.8200536434123898,0.7434572155221921,0.9349482852476865,0.9729685251390281
source,0.503,0.8200536434123898,0.7434572155221921,0.9349482852476865,0.9729685251390281
source,0.504,0.8201808155590053,0.7434877138286088,0.9352204681545999,0.9729711405027206
source,0.505,0.820199116044249,0.7435182146373484,0.9352204681545999,0.9729737558664131
source,0.506,0.8200466837294031,0.7434456160505477,0.9349482852476865,0.9728684963649492
source,0.507,0.8200466837294031,0.7434456160505477,0.9349482852476865,0.9728684963649492
source,0.508,0.8200157493526443,0.7433940587559495,0.9349482852476865,0.9728145589323709
source,0.509,0.8200157493526443,0.7433940587559495,0.9349482852476865,0.9728145589323709
source,0.51,0.8201429244494811,0.7434245619794018,0.9352204681545999,0.9728171742960634
source,0.511,0.8201429244494811,0.7434245619794018,0.9352204681545999,0.9728171742960634
source,0.512,0.8201429244494811,0.7434245619794018,0.9352204681545999,0.9728171742960634
source,0.513,0.8201612278855577,0.7434550677061962,0.9352204681545999,0.9728197896597559
source,0.514,0.8199182124211651,0.7434129524747599,0.934676102340773,0.9727171455219845
source,0.515,0.8199182124211651,0.7434129524747599,0.934676102340773,0.9727171455219845
source,0.516,0.8196568812872962,0.7433403111275295,0.9341317365269461,0.9726118860205205
source,0.517,0.8194138472548277,0.7432981649493,0.9335873707131193,0.972509241882749
source,0.518,0.8195776529474383,0.7433897191657087,0.9338595536200327,0.9725170879738264
source,0.519,0.8195776529474383,0.7433897191657087,0.9338595536200327,0.9725170879738264
source,0.52,0.8195959667980439,0.7434202422500512,0.9338595536200327,0.9725197033375189
source,0.521,0.8193163021992285,0.7433170451279102,0.9333151878062058,0.9724118284723625
source,0.522,0.8191764660858668,0.7432654402102498,0.9330430048992924,0.9723578910397843
source,0.523,0.8191764660858668,0.7432654402102498,0.9330430048992924,0.9723578910397843
source,0.524,0.8191764660858668,0.7432654402102498,0.9330430048992924,0.9723578910397843
source,0.525,0.8191764660858668,0.7432654402102498,0.9330430048992924,0.9723578910397843
source,0.526,0.8189150989870959,0.7431927389215162,0.9324986390854655,0.9722526315383203
source,0.527,0.8187935684655885,0.7431716433236129,0.9322264561785519,0.9722013094694346
source,0.528,0.8186720358644163,0.7431505442596015,0.9319542732716385,0.9721499874005488
source,0.529,0.8187992252581444,0.7431810713112061,0.9322264561785519,0.9721526027642413
source,0.53,0.8187992252581444,0.7431810713112061,0.9322264561785519,0.9721526027642413
source,0.531,0.8188175429939529,0.7432116008708869,0.9322264561785519,0.9721552181279338
source,0.532,0.8188358622347928,0.7432421329389532,0.9322264561785519,0.9721578334916263
source,0.533,0.8188725052323083,0.7433032046014791,0.9322264561785519,0.9721630642190113
source,0.534,0.8187509754767874,0.7432821102802202,0.9319542732716385,0.9721117421501255
source,0.535,0.8187876264684187,0.7433431952662722,0.9319542732716385,0.9721169728775105
source,0.536,0.8187932985085074,0.74335264866642,0.9319542732716385,0.9720682661723172
source,0.537,0.8187932985085074,0.74335264866642,0.9319542732716385,0.9720682661723172
source,0.538,0.8187932985085074,0.74335264866642,0.9319542732716385,0.9720682661723172
source,0.539,0.8188116287562963,0.7433831990794016,0.9319542732716385,0.9720708815360097
source,0.54,0.8186900987846076,0.7433621043978627,0.931682090364725,0.9720195594671239
source,0.541,0.818550234510931,0.743310452546344,0.9314099074578116,0.9719656220345457
source,0.542,0.8185742404754165,0.7433504624871531,0.9314099074578116,0.971919530693045
source,0.543,0.818434369544089,0.7432987995395495,0.9311377245508982,0.9718655932604667
source,0.544,0.8184527052460879,0.7433293590428811,0.9311377245508982,0.9718682086241592
source,0.545,0.8184400410970338,0.7433082521277908,0.9311377245508982,0.9718168865552734
source,0.546,0.8182564851940087,0.7431837808940247,0.9308655416439847,0.9716576896212313
source,0.547,0.818274823336324,0.7432143444645501,0.9308655416439847,0.9716603049849237
source,0.548,0.8182931629870203,0.7432449105490438,0.9308655416439847,0.9716629203486162
source,0.549,0.8183481909912562,0.7433366238894372,0.9308655416439847,0.9716707664396937
source,0.55,0.8182449949819319,0.7433460858118391,0.9305933587370713,0.9716220597345004
source,0.551,0.8179652095443337,0.7432426872917266,0.9300489929232444,0.971514184869344
source,0.552,0.8179652095443337,0.7432426872917266,0.9300489929232444,0.971514184869344
source,0.553,0.8180019053363417,0.743303846945073,0.9300489929232444,0.971519415596729
source,0.554,0.8180386071680634,0.7433650166646093,0.9300489929232444,0.971524646324114
source,0.555,0.8180386071680634,0.7433650166646093,0.9300489929232444,0.971524646324114
source,0.556,0.8180259343570679,0.7433438953129502,0.9300489929232444,0.9714733242552283
source,0.557,0.8180442885273225,0.7433744855967078,0.9300489929232444,0.9714759396189208
source,0.558,0.8180626442082706,0.7434050783982881,0.9300489929232444,0.9714785549826133
source,0.559,0.8180993601029933,0.7434662715561593,0.9300489929232444,0.9714837857099982
source,0.56,0.818117720317141,0.7434968719130721,0.9300489929232444,0.9714864010736906
source,0.561,0.818117720317141,0.7434968719130721,0.9300489929232444,0.9714864010736906
source,0.562,0.8181544452799423,0.7435580801844076,0.9300489929232444,0.9714916318010756
source,0.5630000000000001,0.8181544452799423,0.7435580801844076,0.9300489929232444,0.9714916318010756
source,0.5640000000000001,0.818123413083347,0.7435063598567488,0.9300489929232444,0.9714376943684973
source,0.5650000000000001,0.818123413083347,0.7435063598567488,0.9300489929232444,0.9714376943684973
source,0.5660000000000001,0.8182690162132537,0.7435675764686509,0.9303211758301578,0.9714429250958823
source,0.5670000000000001,0.8182873834650397,0.7435981885549608,0.9303211758301578,0.9714455404595748
source,0.5680000000000001,0.8183057522292183,0.7436288031619253,0.9303211758301578,0.9714481558232673
source,0.5690000000000001,0.8183057522292183,0.7436288031619253,0.9303211758301578,0.9714481558232673
source,0.5700000000000001,0.8183057522292183,0.7436288031619253,0.9303211758301578,0.9714481558232673
source,0.5710000000000001,0.8181842119838076,0.7436076913575164,0.9300489929232444,0.9713968337543815
source,0.5720000000000001,0.8182025832518144,0.7436383101375277,0.9300489929232444,0.971399449118074
source,0.5730000000000001,0.8182209560327938,0.74366893143916,0.9300489929232444,0.9714020644817665
source,0.5740000000000001,0.8182209560327938,0.74366893143916,0.9300489929232444,0.9714020644817665
source,0.5750000000000001,0.8182577061344174,0.7437301816085328,0.9300489929232444,0.9714072952091514
source,0.5760000000000001,0.8182577061344174,0.7437301816085328,0.9300489929232444,0.9714072952091514
source,0.577,0.8181361677691451,0.7437090729376878,0.929776810016331,0.9713559731402657
source,0.578,0.8181361677691451,0.7437090729376878,0.929776810016331,0.9713559731402657
source,0.579,0.818154546082315,0.7437397034596376,0.929776810016331,0.9713585885039582
source,0.58,0.8178747059947014,0.7436362138561662,0.9292324442025041,0.9712507136388018
source,0.581,0.8178436552770803,0.743584462660131,0.9292324442025041,0.9711967762062235
source,0.582,0.8177404858315755,0.7435939688555656,0.9289602612955906,0.9711480695010302
source,0.583,0.8174973841506783,0.7435517099299547,0.9284158954817637,0.9710454253632588
source,0.584,0.8173758301758112,0.7435305752431185,0.9281437125748503,0.9709941032943731
source,0.585,0.8174125991814278,0.7435918569191461,0.9281437125748503,0.970999334021758
source,0.586,0.8173094328703483,0.7436013683386227,0.9278715296679368,0.9709506273165648
source,0.587,0.8171694889311013,0.7435495837111532,0.9275993467610234,0.9708966898839866
source,0.588,0.8170479306694263,0.7435284418796372,0.92732716385411,0.9708453678151008
source,0.589,0.8169079810841015,0.743476647842038,0.9270549809471965,0.9707914303825226
source,0.59,0.8168769020993832,0.7434248495341743,0.9270549809471965,0.9707374929499444
source,0.591,0.8168458205521894,0.743373046955518,0.9270549809471965,0.9706835555173662
source,0.592,0.8168458205521894,0.743373046955518,0.9270549809471965,0.9706835555173662
source,0.593,0.8165659034435766,0.7432694289837147,0.9265106151333696,0.9705756806522097
source,0.594,0.8165659034435766,0.7432694289837147,0.9265106151333696,0.9705756806522097
source,0.595,0.8165842905820854,0.7433000742145626,0.9265106151333696,0.9705782960159022
source,0.596,0.8163821404465594,0.743144612593295,0.9262384322264562,0.9704164837181676
source,0.597,0.8164062072206028,0.7431847238833671,0.9262384322264562,0.9703703923766669
source,0.598,0.8164245983298302,0.7432153757320795,0.9262384322264562,0.9703730077403593
source,0.599,0.8164613850997889,0.7432766870153441,0.9262384322264562,0.9703782384677442
source,0.6,0.8164981779396708,0.7433380084151473,0.9262384322264562,0.9703834691951292
source,0.601,0.8165165766363025,0.7433686729095335,0.9262384322264562,0.9703860845588217
source,0.602,0.8163454914353958,0.7432649861792979,0.9259662493195427,0.9702782096936653
source,0.603,0.8162239070453092,0.7432438008004291,0.9256940664126293,0.9702268876247795
source,0.604,0.8162239070453092,0.7432438008004291,0.9256940664126293,0.9702268876247795
source,0.605,0.8162423072054215,0.7432744677339495,0.9256940664126293,0.970229502988472
source,0.606,0.8162607088840119,0.7433051371982669,0.9256940664126293,0.9702321183521645
source,0.607,0.8161391243840055,0.7432839516361985,0.9254218835057159,0.9701807962832787
source,0.608,0.8161391243840055,0.7432839516361985,0.9254218835057159,0.9701807962832787
source,0.609,0.816126410948405,0.7432627625768644,0.9254218835057159,0.970129474214393
source,0.61,0.8161448161344367,0.743293437886917,0.9254218835057159,0.9701320895780855
source,0.611,0.8162000408088987,0.7433854790110207,0.9254218835057159,0.9701399356691629
source,0.612,0.8162000408088987,0.7433854790110207,0.9254218835057159,0.9701399356691629
source,0.613,0.8162000408088987,0.7433854790110207,0.9254218835057159,0.9701399356691629
source,0.614,0.8162000408088987,0.7433854790110207,0.9254218835057159,0.9701399356691629
source,0.615,0.8162184520731359,0.7434161644514159,0.9254218835057159,0.9701425510328554
source,0.616,0.8160968683504853,0.7433949801849407,0.9251497005988024,0.9700912289639696
source,0.617,0.8161336974305043,0.7434563619849723,0.9251497005988024,0.9700964596913546
source,0.618,0.8162609874140944,0.7434870566863466,0.9254218835057159,0.9700990750550471
source,0.619,0.8162794057557133,0.7435177539223783,0.9254218835057159,0.9701016904187396
source,0.62,0.8162851179395948,0.7435272742288473,0.9254218835057159,0.9700529837135463
source,0.621,0.8163219642220261,0.7435886846995663,0.9254218835057159,0.9700582144409312
source,0.622,0.8163219642220261,0.7435886846995663,0.9254218835057159,0.9700582144409312
source,0.623,0.8163588165914824,0.7436501053153265,0.9254218835057159,0.9700634451683161
source,0.624,0.8162556671044527,0.7436596447748864,0.9251497005988024,0.9700147384631229
source,0.625,0.8162740980923855,0.7436903630881077,0.9251497005988024,0.9700173538268153
source,0.626,0.816134087050318,0.743638466622604,0.924877517691889,0.9699634163942372
source,0.627,0.8161525190361062,0.7436691865989177,0.924877517691889,0.9699660317579297
source,0.628,0.8161709525448213,0.743699909113443,0.924877517691889,0.9699686471216221
source,0.629,0.8160309378801129,0.7436480066102046,0.9246053347849755,0.9699147096890439
source,0.63,0.8160493723869698,0.7436787307882994,0.9246053347849755,0.9699173250527364
source,0.631,0.816067808417151,0.743709457505268,0.9246053347849755,0.9699199404164289
source,0.632,0.816067808417151,0.743709457505268,0.9246053347849755,0.9699199404164289
source,0.633,0.8159462271575717,0.7436882773439114,0.9243331518780621,0.9698686183475431
source,0.634,0.8159646657099027,0.7437190082644629,0.9243331518780621,0.9698712337112356
source,0.635,0.8159703975863697,0.743728561391908,0.9243331518780621,0.9698225270060423
source,0.636,0.8159703975863697,0.743728561391908,0.9243331518780621,0.9698225270060423
source,0.637,0.8159888401858422,0.7437592990576956,0.9243331518780621,0.9698251423697348
source,0.638,0.8158488141228675,0.7437073775573465,0.9240609689711486,0.9697712049371565
source,0.639,0.8157272285578812,0.7436861902203117,0.9237887860642352,0.9697198828682709
source,0.64,0.8156056408908895,0.7436649993799347,0.9235166031573218,0.9696685607993851
source,0.641,0.8156056408908895,0.7436649993799347,0.9235166031573218,0.9696685607993851
source,0.642,0.8156240864882284,0.7436957420421662,0.9235166031573218,0.9696711761630776
source,0.643,0.8156425336106901,0.743726487246269,0.9235166031573218,0.9696737915267701
source,0.644,0.8156609822584637,0.7437572349925583,0.9235166031573218,0.9696764068904626
source,0.645,0.815629819003037,0.7437052962335138,0.9235166031573218,0.9696224694578843
source,0.646,0.8153681870313443,0.7436321534899106,0.9229722373434949,0.9695172099564204
source,0.647,0.8153370155179711,0.7435802009676219,0.9229722373434949,0.9694632725238421
source,0.648,0.815355465113562,0.7436109502936068,0.9229722373434949,0.9694658878875346
source,0.649,0.815355465113562,0.7436109502936068,0.9229722373434949,0.9694658878875346
source,0.65,0.8153076855734414,0.7437127729980145,0.9227000544365814,0.9694250272734188
source,0.651,0.8153076855734414,0.7437127729980145,0.9227000544365814,0.9694250272734188
source,0.652,0.8153261438015199,0.7437435367114789,0.9227000544365814,0.9694276426371113
source,0.653,0.8152045495136999,0.7437223348363878,0.922427871529668,0.9693763205682255
source,0.654,0.8150644928907699,0.7436703624027801,0.9221556886227545,0.9693223831356474
source,0.655,0.8151014148781461,0.7437318990484071,0.9221556886227545,0.9693276138630323
source,0.656,0.8152529611506629,0.7438030208979929,0.922427871529668,0.969284137885224
source,0.657,0.8152529611506629,0.7438030208979929,0.922427871529668,0.969284137885224
source,0.658,0.8152899004224867,0.7438645863510327,0.922427871529668,0.969289368612609
source,0.659,0.8151498344260077,0.7438125982948431,0.9221556886227545,0.9692354311800307
source,0.66,0.8150282367234225,0.7437913907284769,0.9218835057158411,0.969184109111145
source,0.661,0.8150282367234225,0.7437913907284769,0.9218835057158411,0.969184109111145
source,0.662,0.8150282367234225,0.7437913907284769,0.9218835057158411,0.969184109111145
source,0.663,0.814906636913951,0.7437701796506333,0.9216113228089275,0.9691327870422592
source,0.664,0.8147723041350211,0.7437277469570257,0.9213391399020141,0.9690301429044879
source,0.665,0.814669174417435,0.7437373193656578,0.9210669569951007,0.9689814361992946
source,0.666,0.8148022729318579,0.7437776949517537,0.9213391399020141,0.9689353448577938
source,0.667,0.8148022729318579,0.7437776949517537,0.9213391399020141,0.9689353448577938
source,0.668,0.8145960257033747,0.7437968601134998,0.9207947740881872,0.9688379314474073
source,0.669,0.8146145127835764,0.7438276719138359,0.9207947740881872,0.9688405468110998
source,0.67,0.8146699832152557,0.7439201226333015,0.9207947740881872,0.9688483929021772
source,0.671,0.8146699832152557,0.7439201226333015,0.9207947740881872,0.9688483929021772
source,0.672,0.8147069711641748,0.7439817692148332,0.9207947740881872,0.9688536236295622
source,0.673,0.814273925870145,0.7438043928719438,0.9199782253674469,0.9686404892629418
source,0.674,0.8141893058178369,0.7438448147227058,0.9197060424605334,0.968594397921441
source,0.675,0.8140676907290918,0.7438235781794065,0.91943385955362,0.9685430758525553
source,0.676,0.814001583466013,0.7438948546788839,0.9191616766467066,0.968499599874747
source,0.677,0.814038597764044,0.7439565451756023,0.9191616766467066,0.9685048306021319
source,0.678,0.8140571072153255,0.7439873942610715,0.9191616766467066,0.9685074459658244
source,0.679,0.8139354939378183,0.7439661607365018,0.9188894937397931,0.9684561238969387
source,0.68,0.8136424891629208,0.743840729987557,0.9183451279259662,0.9682969269628965
source,0.681,0.813489600291605,0.7437673704733064,0.9180729450190528,0.9681916674614326
source,0.682,0.8135081127126738,0.7437982245084211,0.9180729450190528,0.9681942828251251
source,0.683,0.813619219501397,0.7439834024896266,0.9180729450190528,0.9682099750072799
source,0.684,0.813619219501397,0.7439834024896266,0.9180729450190528,0.9682099750072799
source,0.685,0.8134130254398724,0.7440026562629699,0.9175285792052259,0.9681125615968933
source,0.686,0.8134500835167242,0.7440644197243897,0.9175285792052259,0.9681177923242783
source,0.687,0.8134686148625312,0.7440953053007348,0.9175285792052259,0.9681204076879708
source,0.6880000000000001,0.8134686148625312,0.7440953053007348,0.9175285792052259,0.9681204076879708
source,0.6890000000000001,0.8134558669014851,0.7440740586989911,0.9175285792052259,0.968069085619085
source,0.6900000000000001,0.8135300117111541,0.7441976333817729,0.9175285792052259,0.9680795470738549
source,0.6910000000000001,0.8134674379935964,0.74409334385251,0.9175285792052259,0.9679716722086985
source,0.6920000000000001,0.8134859769856366,0.7441242421725771,0.9175285792052259,0.967974287572391
source,0.6930000000000001,0.8134732257020238,0.7441029900332226,0.9175285792052259,0.9679229655035053
source,0.6940000000000001,0.813510310326496,0.7441647977406761,0.9175285792052259,0.9679281962308902
source,0.6950000000000001,0.8133701416899858,0.744112638617768,0.9172563962983125,0.967874258798312
source,0.6960000000000001,0.8134975589457555,0.7441435454394418,0.9175285792052259,0.9678768741620045
source,0.6970000000000001,0.8133573871797612,0.744091381100727,0.9172563962983125,0.9678229367294262
source,0.6980000000000001,0.8133944789280818,0.7441532006812612,0.9172563962983125,0.9678281674568112
source,0.6990000000000001,0.8132914003544823,0.7441628583298712,0.916984213391399,0.9677794607516179
source,0.7000000000000001,0.8133099510925685,0.7441937762266816,0.916984213391399,0.9677820761153104
source,0.7010000000000001,0.8131883232254974,0.7441725183861719,0.9167120304844856,0.9677307540464246
source,0.7020000000000001,0.8131883232254974,0.7441725183861719,0.9167120304844856,0.9677307540464246
source,0.7030000000000001,0.8132068765169057,0.7442034405385192,0.9167120304844856,0.9677333694101171
source,0.704,0.8130852475416672,0.7441821808510639,0.9164398475775721,0.9676820473412314
source,0.705,0.8130724896087032,0.7441609176294572,0.9164398475775721,0.9676307252723457
source,0.706,0.8130782874245613,0.7441705806558875,0.9164398475775721,0.9675820185671524
source,0.707,0.8130840866864995,0.7441802460924509,0.9164398475775721,0.9675333118619591
source,0.708,0.8131026486548077,0.7442111827062982,0.9164398475775721,0.9675359272256516
source,0.709,0.813121212166474,0.7442421218924087,0.9164398475775721,0.9675385425893441
source,0.71,0.8130181448254794,0.7442517982620266,0.9161676646706587,0.9674898358841508
source,0.711,0.8130552815944891,0.7443136928770427,0.9161676646706587,0.9674950666115358
source,0.712,0.8129984250431097,0.744218931958077,0.9161676646706587,0.9673384850411861
source,0.713,0.8128953583808028,0.7442286094588412,0.9158954817637452,0.9672897783359928
source,0.714,0.8130599604518395,0.7443214909726267,0.9161676646706587,0.9672976244270703
source,0.715,0.8129383225107902,0.7443002163421535,0.9158954817637452,0.9672463023581845
source,0.716,0.8129383225107902,0.7443002163421535,0.9158954817637452,0.9672463023581845
source,0.717,0.8129754848749247,0.744362153615711,0.9158954817637452,0.9672515330855695
source,0.718,0.8128910174203857,0.7444028297960883,0.9156232988568318,0.9672054417440688
source,0.719,0.8129281941889789,0.7444647910770769,0.9156232988568318,0.9672106724714538
source,0.72,0.8129653771469948,0.74452676267377,0.9156232988568318,0.9672159031988387
source,0.721,0.8130397616374792,0.7446507368245774,0.9156232988568318,0.9672263646536086
source,0.722,0.8128368117573769,0.7444939422956826,0.9153511159499184,0.9670645523558739
source,0.723,0.8128368117573769,0.7444939422956826,0.9153511159499184,0.9670645523558739
source,0.724,0.8126710335320184,0.744399100524694,0.9150789330430049,0.9669079707855243
source,0.725,0.8126896334345842,0.7444301003623037,0.9150789330430049,0.9669105861492167
source,0.726,0.8126954632630163,0.7444398167430238,0.9150789330430049,0.9668618794440235
source,0.727,0.8124707733611568,0.7444282441158093,0.914534567229178,0.9667618506699445
source,0.728,0.8123677318307307,0.7444379635030414,0.9142623843222646,0.9667131439647512
source,0.729,0.812105816512088,0.7443643485145215,0.9137180185084377,0.9666078844632873
source,0.73,0.8121430393823724,0.7444263866316623,0.9137180185084377,0.9666131151906723
source,0.731,0.8120399996569638,0.7444361090272568,0.9134458356015243,0.966564408485479
source,0.732,0.8120586159894532,0.7444671362480724,0.9134458356015243,0.9665670238491715
source,0.733,0.8119241778230193,0.7444245279086248,0.9131736526946108,0.9664643797113999
source,0.734,0.8118613650258162,0.7443198399132864,0.9131736526946108,0.9663565048462435
source,0.735,0.8117396998600446,0.744298519908276,0.9129014697876974,0.9663051827773579
source,0.736,0.8116366534563416,0.7443082311733801,0.9126292868807839,0.9662564760721646
source,0.737,0.8116366534563416,0.7443082311733801,0.9126292868807839,0.9662564760721646
source,0.738,0.8116052362901977,0.7442558692298068,0.9126292868807839,0.9662025386395863
source,0.739,0.8113246477712093,0.7441511322407106,0.912084921066957,0.9660946637744299
source,0.74,0.8113432686186253,0.7441821669864042,0.912084921066957,0.9660972791381224
source,0.741,0.8113432686186253,0.7441821669864042,0.912084921066957,0.9660972791381224
source,0.742,0.8113618910192673,0.7442132043208075,0.912084921066957,0.9660998945018149
source,0.743,0.8110812898801885,0.7441084462982274,0.9115405552531302,0.9659920196366585
source,0.744,0.81122741036851,0.7441705251741543,0.9118127381600436,0.9659972503640435
source,0.745,0.81122741036851,0.7441705251741543,0.9118127381600436,0.9659972503640435
source,0.746,0.8112460363619651,0.7442015684965795,0.9118127381600436,0.9659998657277359
source,0.747,0.8112832930112014,0.7442636629119732,0.9118127381600436,0.9660050964551208
source,0.748,0.8111616159597301,0.7442423230974633,0.9115405552531302,0.965953774386235
source,0.749,0.8111488099340152,0.7442209797212718,0.9115405552531302,0.9659024523173494
source,0.75,0.8111674426311914,0.7442520342165657,0.9115405552531302,0.9659050676810418
source,0.751,0.8110830344274063,0.7442928091481993,0.9112683723462166,0.9658589763395411
source,0.752,0.8109613540260656,0.7442714637505741,0.9109961894393032,0.9658076542706553
source,0.753,0.8107179868077359,0.7442287622625756,0.9104518236254763,0.9657050101328839
source,0.754,0.8107424596493471,0.7442695503319277,0.9104518236254763,0.9656589187913831
source,0.755,0.810711000848938,0.7442171189979124,0.9104518236254763,0.9656049813588048
source,0.756,0.810711000848938,0.7442171189979124,0.9104518236254763,0.9656049813588048
source,0.757,0.810711000848938,0.7442171189979124,0.9104518236254763,0.9656049813588048
source,0.758,0.8107296458976414,0.7442481940790847,0.9104518236254763,0.9656075967224973
source,0.759,0.8106981839349074,0.7441957574745283,0.9104518236254763,0.9655536592899191
source,0.76,0.8105321996027991,0.7441005721922899,0.9101796407185628,0.9653970777195694
source,0.761,0.8106067992674995,0.7442249049667906,0.9101796407185628,0.9654075391743393
source,0.762,0.8106441084493502,0.7442870869365418,0.9101796407185628,0.9654127699017243
source,0.763,0.8107000839133965,0.7443803793766189,0.9101796407185628,0.9654206159928016
source,0.764,0.8106872666166914,0.7443590172154438,0.9101796407185628,0.965369293923916
source,0.765,0.8106872666166914,0.7443590172154438,0.9101796407185628,0.965369293923916
source,0.766,0.8105655740147558,0.7443376514834934,0.9099074578116494,0.9653179718550302
source,0.767,0.8105655740147558,0.7443376514834934,0.9099074578116494,0.9653179718550302
source,0.768,0.8104310555441061,0.7442949093036862,0.909635274904736,0.9652153277172588
source,0.769,0.810468388510632,0.7443571309145627,0.909635274904736,0.9652205584446437
source,0.77,0.8103338655616709,0.7443143812709031,0.9093630919978225,0.9651179143068722
source,0.771,0.8103210374513574,0.7442930010870473,0.9093630919978225,0.9650665922379865
source,0.772,0.8104357532819864,0.7443027388668201,0.909635274904736,0.9650178855327933
source,0.773,0.8104229219051888,0.744281353238824,0.909635274904736,0.9649665634639075
source,0.774,0.8104415974158925,0.7443124790899968,0.909635274904736,0.9649691788276
source,0.775,0.8104789531237513,0.744374738603095,0.909635274904736,0.964974409554985
source,0.776,0.8100577954052083,0.7442171748860167,0.9088187261839956,0.9648125972572503
source,0.777,0.8099360822763213,0.7441957749424806,0.9085465432770822,0.9647612751883645
source,0.778,0.8096237644670191,0.7440381558028617,0.9080021774632553,0.96459946289063
source,0.779,0.8097571456042563,0.7440790024269813,0.9082743603701687,0.9645533715491291
source,0.78,0.8096354207007357,0.7440575828590559,0.9080021774632553,0.9645020494802434
source,0.781,0.8095136936457559,0.7440361597053653,0.9077299945563418,0.9644507274113576
source,0.782,0.8095136936457559,0.7440361597053653,0.9077299945563418,0.9644507274113576
source,0.783,0.8095382096266388,0.7440770196735035,0.9077299945563418,0.9644046360698569
source,0.784,0.8094538606557523,0.7441178933266349,0.9074578116494284,0.9643585447283561
source,0.785,0.8095685711173489,0.7441276221580203,0.9077299945563418,0.964309838023163
source,0.786,0.8093064123010261,0.7440536013400335,0.907185628742515,0.9642045785216989
source,0.787,0.8091846764329089,0.7440321634977805,0.9069134458356015,0.9641532564528132
source,0.788,0.8089038055721208,0.7439269559390183,0.9063690800217746,0.9640453815876568
source,0.789,0.808859364928745,0.7438528882000586,0.9063690800217746,0.9639401220861928
source,0.79,0.8087376151988414,0.7438314272548281,0.9060968971148612,0.9638888000173071
source,0.791,0.8086158633110647,0.7438099627131426,0.9058247142079477,0.9638374779484213
source,0.792,0.8080972429902066,0.7436714165968149,0.904735982580294,0.9635782522403002
source,0.793,0.8079625822435977,0.7436284372904092,0.9044637996733805,0.9634756081025287
source,0.794,0.8078150114864611,0.7435639412997904,0.9041916167664671,0.9633216418958715
source,0.795,0.8072401475129989,0.743331655762456,0.9031028851388133,0.963054570096673
source,0.796,0.8069965620924107,0.7432885906040269,0.9025585193249864,0.9629519259589014
source,0.797,0.8070210583425135,0.7433294176875316,0.9025585193249864,0.9629058346174008
source,0.798,0.8069050511212974,0.7433175275901137,0.902286336418073,0.9628058058433218
source,0.799,0.8068206863761347,0.7433583749527847,0.9020141535111595,0.962759714501821
source,0.8,0.8067737791320893,0.7434616514839847,0.9017419706042461,0.9627188538877052
source,0.801,0.8065886708416237,0.7433345929378176,0.9014697876973327,0.962559656953663
source,0.802,0.8065570114847107,0.7432818273429628,0.9014697876973327,0.9625057195210847
source,0.803,0.806416476306258,0.7432290573168171,0.9011976047904192,0.9624517820885066
source,0.804,0.8064726585800347,0.7433226944397784,0.9011976047904192,0.962459628179584
source,0.805,0.8063191796316416,0.7432483514637321,0.9009254218835057,0.96235436867812
source,0.806,0.8062535657973249,0.7433204503444799,0.9006532389765922,0.9623108927003117
source,0.807,0.8062968433027257,0.7433925795201479,0.9006532389765922,0.9622674167225034
source,0.808,0.8060719597887676,0.7433806842061024,0.9001088731627653,0.9621673879484245
source,0.809,0.8060590166491007,0.7433591123066576,0.9001088731627653,0.9621160658795387
source,0.81,0.8060122006966399,0.7434625409904987,0.8998366902558519,0.9620752052654229
source,0.811,0.8058269803006048,0.7433352956017157,0.8995645073489384,0.9619160083313807
source,0.812,0.8055458194399487,0.7432296047098402,0.8990201415351116,0.9618081334662243
source,0.8130000000000001,0.8051803182563954,0.7431648018844115,0.8982035928143712,0.9616541672595671
source,0.8140000000000001,0.804891940053384,0.7430470820886104,0.8976592270005443,0.9614462636203317
source,0.8150000000000001,0.8045977434899627,0.7429196650254597,0.8971148611867175,0.9612870666862895
source,0.8160000000000001,0.8043727894447199,0.7429076521592727,0.8965704953728906,0.9611870379122105
source,0.8170000000000001,0.8043259938984825,0.743011114853486,0.8962983124659771,0.9611461772980947
source,0.8180000000000001,0.8041853665640575,0.7429581912340533,0.8960261295590637,0.9610922398655164
source,0.8190000000000001,0.8039286499074441,0.7428932406822489,0.8954817637452368,0.9609382736588593
source,0.8200000000000001,0.8036849124180043,0.7428499220757339,0.8949373979314099,0.9608356295210878
source,0.8210000000000001,0.8036906892256435,0.7428595500884657,0.8949373979314099,0.9607869228158945
source,0.8220000000000001,0.8032875071233847,0.7427319457318614,0.8941208492106696,0.9606277258818524
source,0.8230000000000001,0.8031713936992175,0.742719878629525,0.8938486663037561,0.9605276971077734
source,0.8240000000000001,0.8027869492082189,0.742623503625021,0.8930321175830158,0.9603711155374237
source,0.8250000000000001,0.8027869492082189,0.742623503625021,0.8930321175830158,0.9603711155374237
source,0.8260000000000001,0.8023518879859068,0.742442767401661,0.8922155688622755,0.9601579811708034
source,0.8270000000000001,0.8022357333987595,0.7424306316943577,0.891943385955362,0.9600579523967243
source,0.8280000000000001,0.8021195757404475,0.7424184908684467,0.8916712030484486,0.9599579236226454
source,0.8290000000000001,0.8021817073932814,0.74252204362317,0.8916712030484486,0.9599170630085295
source,0.8300000000000001,0.8021161951103739,0.7425943117562663,0.8913990201415352,0.9598735870307212
source,0.8310000000000001,0.802191413576999,0.7427196758673081,0.8913990201415352,0.9598840484854911
source,0.8320000000000001,0.802253630346381,0.7428233704829449,0.8913990201415352,0.9598431878713753
source,0.833,0.8021375144403589,0.7428112992441837,0.8911268372346217,0.9597431590972963
source,0.834,0.8020344292986509,0.7428209459459459,0.8908546543277083,0.959694452392103
source,0.835,0.8018094374752462,0.7428088701161563,0.8903102885138813,0.959594423618024
source,0.836,0.8018340558389943,0.742849900722403,0.8903102885138813,0.9595483322765233
source,0.837,0.8018456450907416,0.7428692161419818,0.8903102885138813,0.9594509188661366
source,0.838,0.8016918545325344,0.7427943538162455,0.8900381056069678,0.9593456593646728
source,0.839,0.8017353250935289,0.7428668047512363,0.8900381056069678,0.9593021833868645
source,0.84,0.801497284500766,0.7428329809725158,0.889493739793141,0.9591508325438998
source,0.841,0.8013623096359932,0.7427894781358368,0.8892215568862275,0.9590481884061284
source,0.842,0.8012969358359624,0.7428619770737279,0.8889493739793141,0.95900471242832
source,0.843,0.8010646819509734,0.7428377978079641,0.8884050081654872,0.958804654880162
source,0.844,0.8008788972342544,0.7427096118847082,0.8881328252585737,0.9586454579461199
source,0.845,0.8006538750148813,0.7426974853949707,0.8875884594447468,0.9585454291720408
source,0.846,0.8002372195741556,0.7425474254742549,0.8867719107240065,0.958334910169113
source,0.847,0.7998901028649361,0.7423318081681071,0.8862275449101796,0.9579704249595279
source,0.848,0.7997607946296745,0.7422977497139468,0.8859553620032662,0.9578190741165631
source,0.849,0.7997796698055445,0.7423292083403967,0.8859553620032662,0.9578216894802556
source,0.85,0.7993046243166144,0.7420818316726734,0.8851388132825259,0.9574545889069781
source,0.851,0.7990983922450392,0.7421010220959328,0.884594447468699,0.9573571754965915
source,0.852,0.7988790373711254,0.7420983411819609,0.8840500816548721,0.9572084400173193
source,0.853,0.7983721142767165,0.7419792904430487,0.8829613500272183,0.9570005363780839
source,0.854,0.7983067887123776,0.7420518697737595,0.8826891671203049,0.9569570604002755
source,0.855,0.7973770393577939,0.7417724744150493,0.8807838867719108,0.9565873444633055
source,0.856,0.7972607467855504,0.7417601087325857,0.8805117038649973,0.9564873156892265
source,0.857,0.7966941038234636,0.7417229801521528,0.87915078933043,0.9561872293669895
source,0.858,0.7966288103639994,0.741795612990988,0.8788786064235166,0.9561437533891812
source,0.859,0.7962031468558186,0.7418119948957891,0.8777898747958628,0.9558976044995224
source,0.86,0.7960415419074818,0.7417241085865033,0.8775176918889493,0.9556923162239795
source,0.861,0.7959762986687815,0.7417968251266119,0.8772455089820359,0.9556488402461712
source,0.862,0.7958856455918779,0.7416457366651058,0.8772455089820359,0.9554383212432433
source,0.863,0.7957172924246315,0.7417280585955798,0.876701143168209,0.9553461385602418
source,0.864,0.7956141735423377,0.7417376490630324,0.8764289602612956,0.9552974318550485
source,0.865,0.7956446467722642,0.7417884377795766,0.8764289602612956,0.9552026338083545
source,0.866,0.7955852338482093,0.7418708715107608,0.8761567773543821,0.955110451125353
source,0.867,0.7952247681246709,0.7418144611186903,0.8753402286336418,0.9549077782135025
source,0.868,0.7947941188433592,0.7416410781303309,0.8745236799129015,0.9546459371416889
source,0.869,0.7948106858479662,0.7418501450759516,0.874251497005988,0.9545642159134571
source,0.87,0.7945532750120758,0.7417840375586855,0.8737071311921611,0.9544102497068
source,0.871,0.7943724850563183,0.741664176237032,0.8734349482852477,0.9542023460675646
source,0.872,0.7941340259506455,0.7416296549367953,0.8728905824714208,0.9540509952245998
source,0.873,0.7935867831525305,0.7414434046917061,0.871801850843767,0.9536891253787072
source,0.874,0.7935925352093017,0.7414529914529915,0.871801850843767,0.9536404186735139
source,0.875,0.7935141883819402,0.7415038686786646,0.8715296679368536,0.9535456206268199
source,0.876,0.7930561760464792,0.7414663358713321,0.8704409363091998,0.9532455343045829
source,0.877,0.7929186076528425,0.7415999657578223,0.869896570495373,0.9530585535748873
source,0.878,0.7926344715613094,0.7414893161478183,0.869352204681546,0.9528019432304586
source,0.879,0.7915809200913385,0.7411850392014052,0.8671747414262384,0.9523809052246028
source,0.88,0.7911169878278741,0.7411376398474003,0.8660860097985846,0.9521295256075591
source,0.881,0.7908266831832285,0.7411981645868178,0.8652694610778443,0.9519860208556719
source,0.882,0.7906568063328738,0.7412779470454447,0.8647250952640174,0.9517451026933981
source,0.883,0.7902443784372426,0.7413163883044952,0.8636363636363636,0.951550275872625
source,0.884,0.7897173564324297,0.7411638393815762,0.8625476320087099,0.9513397568696971
source,0.885,0.7888236244472732,0.7407630177006358,0.8609145345672292,0.9509108727727639
source,0.886,0.7884492523656749,0.7406834300451322,0.8600979858464889,0.9506568777920277
source,0.887,0.7882162018294484,0.740657923027306,0.859553620032662,0.9504568202438697
source,0.888,0.7877328836015489,0.7405782137325762,0.8584648884050081,0.9502028252631336
source,0.889,0.786972427079401,0.7403995178233167,0.8568317909635275,0.9497922487120476
source,0.89,0.7863475511229281,0.74026533425224,0.8554708764289602,0.9494843162987332
source,0.891,0.7857205496827444,0.7401276082083118,0.854109961894393,0.9490276484061466
source,0.892,0.7849788384512544,0.739980154450149,0.8524768644529124,0.9486196872187531
source,0.893,0.7848222116291719,0.7400820202892294,0.8519324986390855,0.9484300911253651
source,0.894,0.7848263655049978,0.7402703986868817,0.851660315732172,0.9482970478282478
source,0.895,0.7847787911860312,0.7403725634265462,0.8513881328252586,0.9481074517348596
source,0.896,0.7843699984300673,0.7404170632517089,0.8502994011976048,0.9477151827296211
source,0.897,0.783768939487216,0.7401411194320593,0.8492106695699511,0.9472967600874578
source,0.898,0.7825508182871626,0.7399254701447266,0.8464888405008165,0.9467348326934072
source,0.899,0.7816988008657739,0.7395941727367326,0.8448557430593359,0.9462624726186657
source,0.9,0.7805754427954794,0.7393550067277225,0.8424060968971149,0.9456492231557293
source,0.901,0.7795210616644512,0.7388678917416048,0.8405008165487208,0.9449663440780599
source,0.902,0.7784242250030216,0.7386729280807028,0.8380511703864997,0.9444557387528951
source,0.903,0.7775811108260435,0.7381750141421175,0.8366902558519325,0.9438215663804189
source,0.904,0.7767468901864397,0.7378733780370983,0.8350571584104518,0.9433518216693699
source,0.905,0.7753808335719894,0.7374111697257706,0.8323353293413174,0.9425228224761206
source,0.906,0.7737852866715331,0.7369293881469845,0.8290691344583561,0.9417912366932581
source,0.907,0.7725448630957551,0.7366765682334441,0.8263473053892215,0.941226693935515
source,0.908,0.7714610704638871,0.7363218893505358,0.824169842133914,0.9405055696074223
source,0.909,0.7708706694584768,0.7360637087599545,0.8230811105062602,0.9401384690341447
source,0.91,0.7699946421814119,0.735873850197109,0.8211758301578661,0.9395791570037866
source,0.911,0.768927250838062,0.7353650515237886,0.819270549809472,0.9387962491520381
source,0.912,0.767829067366649,0.7348049326370298,0.8173652694610778,0.9381081393469838
source,0.913,0.7672116150436421,0.7346831217883966,0.8160043549265106,0.9377027935232829
source,0.914,0.7654860389897704,0.7341660802251935,0.8124659771366358,0.9367711501922622
source,0.915,0.7634533579434792,0.7333186522792337,0.8086554164398476,0.9356646177450446
source,0.916,0.7608443982193551,0.7322365809553214,0.8037561241154055,0.9343910422727073
source,0.917,0.7591295859429851,0.7317374790212879,0.8002177463255308,0.9335107210105724
source,0.918,0.7576250217627111,0.7314073353094721,0.7969515514425695,0.9325947698617068
source,0.919,0.7566333344052549,0.7310247099459747,0.7950462710941752,0.9319710589440005
source,0.92,0.7544013437943058,0.7302080099348028,0.7906913445835602,0.930818435155282
source,0.921,0.7531019929340282,0.7298569778804299,0.7879695155144257,0.9299998974168027
source,0.922,0.7516858337879403,0.7293112653497064,0.7852476864452912,0.9289682253117031
source,0.923,0.7506738012660665,0.7292576419213974,0.7827980402830702,0.9283219613257283
source,0.924,0.7492197285709574,0.7288301954135807,0.7798040283070223,0.9275468995650574
source,0.925,0.7478331721568314,0.7285152760407361,0.7768100163309745,0.9268797126695428
source,0.926,0.7455101487602774,0.7277283099914985,0.7721829069134458,0.9256809975393236
source,0.927,0.74344232460308,0.7270037654653039,0.7681001633097442,0.9244875131364894
source,0.928,0.7423289000143012,0.7269626105300956,0.7653783342406096,0.9239412779245937
source,0.929,0.7419912320212745,0.7271256516268202,0.7642896026129559,0.923559470374125
source,0.93,0.7407255925610672,0.7268308052392312,0.7615677735438214,0.9227461633630307
source,0.931,0.7394597988756026,0.7263542465382706,0.7591181273816004,0.9216223085749294
source,0.932,0.7378260139745079,0.7261716455009717,0.7553075666848122,0.9207194342445261
source,0.933,0.7357762133389396,0.7258400507200435,0.7506804572672836,0.9197060696852737
source,0.934,0.7338787368815547,0.72539941902687,0.746597713663582,0.9185361235556717
source,0.935,0.732752392425329,0.72533673097925,0.7438758845944474,0.917494975200766
source,0.936,0.7310273744939683,0.7251835301627833,0.7397931409907458,0.9165947162340551
source,0.937,0.7287306095337092,0.7246217834453128,0.7348938486663038,0.9153168952392967
source,0.9380000000000001,0.7266546458262773,0.7238836730020608,0.730811105062602,0.9140747041312691
source,0.9390000000000001,0.7240771411982423,0.7233983926521239,0.7250952640174197,0.9127047004535092
source,0.9400000000000001,0.7214827137842986,0.7228849076590061,0.7193794229722373,0.9112833747068634
source,0.9410000000000001,0.717603833546764,0.7215008548588328,0.7117583015786608,0.9091530162456236
source,0.9420000000000001,0.715039606100863,0.7206747926032349,0.7065868263473054,0.90751071004128
source,0.9430000000000001,0.7117740067754101,0.7195870535714285,0.7000544365813827,0.9055526253325448
source,0.9440000000000001,0.7083505146994514,0.7184176152267213,0.6932498639085466,0.9036380166016178
source,0.9450000000000001,0.7061117100848643,0.7177710138140951,0.688622754491018,0.9018139603949635
source,0.9460000000000001,0.7029260122779961,0.716272078166103,0.6829069134458357,0.8997270779115321
source,0.9470000000000001,0.6976248316837894,0.7139691669416812,0.6731083287969516,0.896987715509777
source,0.9480000000000001,0.6939723874467312,0.7122366863905327,0.6665759390310289,0.8944415497700664
source,0.9490000000000001,0.6901333819169364,0.7111005467078679,0.6586826347305389,0.892188609466479
source,0.9500000000000001,0.6854556382412331,0.7092923312004585,0.6497005988023952,0.8894910928838036
source,0.9510000000000001,0.6816137684460626,0.7081514177421675,0.6418072945019053,0.8870920324646365
source,0.9520000000000001,0.6767140737593891,0.7063361944256918,0.6322808927599347,0.8841996890611881
source,0.9530000000000001,0.6717796972190154,0.7046446232909919,0.6224823081110507,0.8812691004073162
source,0.9540000000000001,0.6658489100139815,0.7012923677151914,0.6126837234621666,0.877230994101263
source,0.9550000000000001,0.661418909753309,0.6997156026282241,0.6039738704409363,0.8744108956762402
source,0.9560000000000001,0.6569046953726971,0.6974541148608644,0.5960805661404464,0.8709513941513561
source,0.9570000000000001,0.6518914623722438,0.6945423846650445,0.587915078933043,0.867052547074769
source,0.9580000000000001,0.645535556903585,0.6913888750062471,0.5767555797495917,0.8630893011108338
source,0.9590000000000001,0.6387287141466108,0.6880281690140846,0.5647795318454001,0.8590155649180498
source,0.96,0.6298192870039135,0.6842478953240693,0.54817637452368,0.854179843783057
source,0.961,0.6217302821773186,0.680020439448135,0.5342950462710941,0.8493640603526404
source,0.962,0.6141135861345643,0.6756728885222235,0.5217746325530757,0.8440559791429063
source,0.963,0.6055754474964736,0.6705154210225204,0.5081654872074034,0.838498148474857
source,0.964,0.5955540658125409,0.6648818897637795,0.49156232988568316,0.8325706018698378
source,0.965,0.5859931541192627,0.6601972637607381,0.47468698965704953,0.826965049701559
source,0.966,0.5745898522183981,0.6538936295819245,0.4556341861731083,0.820031984628365
source,0.967,0.5625480224471332,0.6467072375570528,0.4363091997822537,0.8126569586397753
source,0.968,0.5496413900273142,0.6389867841409691,0.4156232988568318,0.8048687407364072
source,0.969,0.536455555663981,0.6317082705087397,0.3935764833968427,0.7972737194950834
source,0.97,0.5218559485059765,0.6222549241566674,0.3712574850299401,0.7889068968105462
source,0.971,0.5071112261278294,0.6125597191043574,0.34893848666303756,0.779725136956186
source,0.972,0.49002254683686763,0.6007724719101124,0.32389765922700053,0.7698385899096527
source,0.973,0.47271695508484624,0.5875349723197809,0.3004899292324442,0.7593969763551824
source,0.974,0.4564017958224144,0.5741336408326758,0.27980402830702233,0.7486458002286691
source,0.975,0.43867227307855805,0.5598266790467348,0.25694066412629285,0.7377249657133438
source,0.976,0.42017017288782627,0.5440506329113926,0.23434948285247686,0.7259855934595392
source,0.977,0.40116936429110683,0.5270804955568529,0.21230266739248776,0.7136973706301462
source,0.978,0.3824055906784903,0.5095981401527732,0.19161676646706588,0.7018066475333768
source,0.979,0.36283420005760725,0.49131412221540965,0.17011431682090364,0.68978288113949
source,0.98,0.3400765132580191,0.4682639764606978,0.1477953184540011,0.6759121652194818
source,0.981,0.31804945512728044,0.4462500898827928,0.12574850299401197,0.6633558853859266
source,0.982,0.29720829163363244,0.4236723205688467,0.10751224823081111,0.6506753935512952
source,0.983,0.27764125790938887,0.401585003429094,0.09172563962983124,0.6389396218661468
source,0.984,0.2539952830736383,0.37578419071518193,0.07131192161132281,0.6263938034873615
source,0.985,0.2307022318998367,0.3473053892215569,0.0557974959172564,0.6132860577145256
source,0.986,0.20697971052258302,0.3175664382416848,0.04109961894393032,0.6003992923993875
source,0.987,0.18326023376682513,0.2863809194607674,0.028579205225911813,0.5876874162004464
source,0.988,0.16016168120816018,0.2542342663576395,0.01905280348394121,0.5755495590090545
source,0.989,0.1336048714074838,0.2145092984717363,0.012248230811105062,0.561720348656927
source,0.99,0.10778288023797006,0.17473884140550808,0.007348938486663037,0.548733214316511
source,0.991,0.08450867634867748,0.13794450957405238,0.004354926510615134,0.5373998328401722
source,0.992,0.060225141297967015,0.0992865038689579,0.001633097441480675,0.5261560186831425
source,0.993,0.04084202175484963,0.0673442151729802,0.0010887316276537834,0.5173174808776287
source,0.994,0.022845186362807253,0.03789385533340312,0.00027218290691344586,0.5094959082000234
source,0.995,0.010450297366185215,0.01741716227697536,0.0,0.5042554861950947
source,0.996,0.00436830835117773,0.00728051391862955,0.0,0.5017397196147301
source,0.997,0.002064738143886439,0.0034412302398107325,0.0,0.5008289991932492
source,0.998,0.0006466214031684448,0.0010777023386140748,0.0,0.5002592257081211
source,0.999,0.0,0.0,0.0,0.5
source,1.0,0.0,0.0,0.0,0.5
transit,0.0,0.07436192615471009,0.12393654359118349,0.0,0.5
transit,0.001,0.5849737663686789,0.6387196596073881,0.5043549265106151,0.9589639400070928
transit,0.002,0.5977442939109698,0.6467576373747519,0.5242242787152966,0.9600152607329374
transit,0.003,0.6058403354202166,0.6506339105125549,0.5386499727817093,0.9603103629336291
transit,0.004,0.6120620288041276,0.6532008228208878,0.5503538377789875,0.9603811133507241
transit,0.005,0.6152440958090334,0.6554195282173784,0.554980947196516,0.9604876849255772
transit,0.006,0.6183199807694377,0.6572798082684242,0.5598802395209581,0.9605976607205917
transit,0.007,0.62018542779937,0.658755789210164,0.5623298856831791,0.9606111190684101
transit,0.008,0.6220161695290775,0.6599924727135867,0.5650517147523135,0.960649348472923
transit,0.009000000000000001,0.6235506210587153,0.6609167944881692,0.5675013609145345,0.9604747469526856
transit,0.01,0.6243350973637436,0.6616798891827226,0.568317909635275,0.9604031046371694
transit,0.011,0.6258149676350454,0.6625132421934117,0.5707675557974959,0.9604393965527103
transit,0.012,0.6278344645903877,0.663701607197008,0.5740337506804573,0.960596610289344
transit,0.013000000000000001,0.6295559490537956,0.6645747399853228,0.5770277626565051,0.9607030777892116
transit,0.014,0.6300379830915475,0.6651966747769668,0.5772999455634186,0.9605425639074021
transit,0.015,0.6312428514690251,0.6657531465692245,0.5794774088187262,0.9604686174201166
transit,0.016,0.6322511474071743,0.6663449081718191,0.5811105062602069,0.9604972634547548
transit,0.017,0.6335562890114876,0.6668870467375274,0.5835601524224279,0.9604854799880964
transit,0.018000000000000002,0.6343075845748987,0.6674133849247766,0.5846488840500816,0.9604386087292744
transit,0.019,0.6354371393711739,0.6680257893529726,0.5865541643984757,0.9604699256184792
transit,0.02,0.6366048959594726,0.6685204081632653,0.5887316276537834,0.960417712650524
transit,0.021,0.6371875948630945,0.6689472071888084,0.5895481763745237,0.9604520670770929
transit,0.022,0.6377608952766511,0.6693583420642425,0.590364725095264,0.9603540828987077
transit,0.023,0.6383755175067578,0.6698383466339268,0.5911812738160044,0.9603316160137827
transit,0.024,0.6396434194912389,0.6703184191665813,0.5936309199782254,0.9604063999416483
transit,0.025,0.6413523877179241,0.6709892362890825,0.5968971148611867,0.9604133124569563
transit,0.026000000000000002,0.6421036425938148,0.671334051392522,0.5982580293957539,0.9604018956730951
transit,0.027,0.6430933718331977,0.6717134132258975,0.6001633097441481,0.9604282375359641
transit,0.028,0.6436271921919945,0.6720587480100653,0.6009798584648884,0.9604492376896997
transit,0.029,0.6447781923328517,0.6725254394079556,0.603157321720196,0.9604889338254018
transit,0.03,0.6454896643846454,0.6728039498045668,0.6045182362547632,0.9604019997480804
transit,0.031,0.6466515170659943,0.6732887287699434,0.6066956995100707,0.960476783675946
transit,0.032,0.6472852672407214,0.6736191579760527,0.6077844311377245,0.9604626960375182
transit,0.033,0.6481269372201792,0.6739332096474953,0.6094175285792053,0.960413520606927
transit,0.034,0.6489991041479294,0.6742980895660917,0.6110506260206859,0.9604696085528261
transit,0.035,0.6502406496926487,0.6747342346991434,0.6135002721829069,0.9604715460417981
transit,0.036000000000000004,0.650854188884819,0.6750309789343246,0.6145890038105607,0.960484533631834
transit,0.037,0.6515659177512743,0.6753099173553718,0.6159499183451279,0.9605272673048999
transit,0.038,0.6522991490385934,0.6756246931445257,0.6173108328796951,0.9605429257495024
transit,0.039,0.6534894836809972,0.6759754867737181,0.6197604790419161,0.9605315089656412
transit,0.04,0.6539170896769622,0.6763252528911081,0.6203048448557431,0.9605849260569739
transit,0.041,0.6544900288228976,0.6765543303825647,0.6213935764833969,0.9605548132911463
transit,0.042,0.6548715157676754,0.6766457761433676,0.6222101252041372,0.9604060828759952
transit,0.043000000000000003,0.6556633871691078,0.6768768301847676,0.6238432226456179,0.9603111362349739
transit,0.044,0.6558990786932477,0.6770881941203919,0.6241154055525313,0.9603107695521766
transit,0.045,0.6562025759739882,0.6772311123790751,0.6246597713663582,0.9602348855759191
transit,0.046,0.6561378484918965,0.677304688513531,0.6243875884594448,0.9601159012437983
transit,0.047,0.656525392109371,0.6775876840001038,0.6249319542732716,0.9600938010416706
transit,0.048,0.6570674957197447,0.6777653689322909,0.6260206859009254,0.9600556757121431
transit,0.049,0.6576731113631897,0.67804890725293,0.6271094175285792,0.9600335755100156
transit,0.05,0.6582159764218922,0.6782278612656649,0.628198149156233,0.9599630332428912
transit,0.051000000000000004,0.6591485518226625,0.6785119667013527,0.630103429504627,0.9599409330407636
transit,0.052000000000000005,0.6592444528885584,0.6786718018111794,0.630103429504627,0.9599325537942663
transit,0.053,0.6600148586047565,0.6788670797105223,0.6317365269461078,0.9599295162569024
transit,0.054,0.6603409880687582,0.6790477182746405,0.6322808927599347,0.9598265570521813
transit,0.055,0.660721845720224,0.6791381152132566,0.633097441480675,0.9597750774498208
transit,0.056,0.6611420118982226,0.6794754816340364,0.6336418072945019,0.9597934067489897
transit,0.057,0.6615661336739302,0.679637985446389,0.6344583560152423,0.9597201936272989
transit,0.058,0.6620736400073248,0.679939463521553,0.6352749047359826,0.9597655981549316
transit,0.059000000000000004,0.6627777451819208,0.6802056957895013,0.6366358192705498,0.9598056609734309
transit,0.06,0.6631020539287871,0.6803832998250606,0.6371801850843767,0.9598323695190972
transit,0.061,0.663037765986171,0.6804576085253095,0.6369080021774632,0.9597458021245733
transit,0.062,0.6634262045782772,0.6807420956362685,0.6374523679912901,0.9597885357976392
transit,0.063,0.6641213914417154,0.6809934640522877,0.6388132825258573,0.9597610938863783
transit,0.064,0.664696485945968,0.6812261338076059,0.6399020141535111,0.9597633980581477
transit,0.065,0.664906281364535,0.6812128822959997,0.640446379967338,0.9596310594531936
transit,0.066,0.6653512548587275,0.6814101389724935,0.6412629286880784,0.9596280219158297
transit,0.067,0.6654268709961613,0.6815361658682164,0.6412629286880784,0.9596143009601992
transit,0.068,0.666375632942886,0.6816657936092194,0.643440391943386,0.9595033291917783
transit,0.069,0.6668239627634958,0.6816871888917999,0.6445291235710398,0.9594087492335543
transit,0.07,0.6670967193211261,0.6817788726119657,0.6450734893848666,0.9593572696311938
transit,0.07100000000000001,0.6675412936316734,0.6819754639823844,0.645890038105607,0.9593866490314267
transit,0.07200000000000001,0.6676822498668068,0.6822103910409401,0.645890038105607,0.9593565362655991
transit,0.073,0.6681055098617035,0.682371458551941,0.6467065868263473,0.9593805739566987
transit,0.074,0.6685295649147519,0.6825338511598614,0.6475231355470876,0.9593721947102015
transit,0.075,0.6689329336887562,0.6826617666360416,0.648339684267828,0.9593260568169742
transit,0.076,0.6690197304448688,0.6828064278962294,0.648339684267828,0.9593150067159104
transit,0.077,0.6695735884053128,0.6830037034118668,0.6494284158954817,0.9593443861161433
transit,0.078,0.6697685883978792,0.6831472481282018,0.6497005988023952,0.9593657529526763
transit,0.079,0.6699121148123335,0.6832050035476834,0.6499727817093086,0.9592765147035857
transit,0.08,0.6699575669423985,0.6832807570977918,0.6499727817093086,0.9591899473090616
transit,0.081,0.670131905543578,0.6833898661618153,0.650244964616222,0.9591735554988645
transit,0.082,0.6702539382549342,0.6834117987428,0.6505171475231355,0.9590789755406406
transit,0.083,0.6703410342263023,0.6835569586950803,0.6505171475231355,0.9590679254395769
transit,0.084,0.6704838856416652,0.683613589116076,0.6507893304300489,0.959011104128083
transit,0.085,0.6702785406709347,0.6836342580407432,0.650244964616222,0.9589489411074559
transit,0.08600000000000001,0.6706815556296459,0.6837615838247683,0.6510615133369625,0.9589352201518254
transit,0.08700000000000001,0.6707163992882244,0.6838196565890656,0.6510615133369625,0.9588459819027348
transit,0.088,0.6708801226867822,0.6839110736487198,0.6513336962438759,0.958826919237971
transit,0.089,0.6711643782800796,0.6840219224283306,0.6518780620577028,0.9587781104901771
transit,0.09,0.6713189925270837,0.6840981575687287,0.6521502449646163,0.9586915430956531
transit,0.091,0.6714952869380856,0.6842105263157895,0.6524224278715297,0.9586103174102624
transit,0.092,0.671604406774156,0.6843923927092401,0.6524224278715297,0.9586046090183318
transit,0.093,0.6722571168099362,0.6845729664124957,0.6537833424060969,0.958631317563998
transit,0.094,0.6725407528752175,0.6846827826454134,0.6543277082199238,0.958614925753801
transit,0.095,0.6727372400493727,0.6848288059977298,0.6545998911268373,0.9586038756527371
transit,0.096,0.672912074226935,0.6849387410223913,0.6548720740337507,0.9585874838425401
transit,0.097,0.6729771927889083,0.6850472719590134,0.6548720740337507,0.9586035089699398
transit,0.098,0.6731729228090195,0.6851920333879232,0.6551442569406641,0.9586248758064728
transit,0.099,0.6736199210384759,0.68539266462319,0.6559608056614045,0.958621838269109
transit,0.1,0.6739463620827182,0.6855738224877095,0.6565051714752314,0.9586485468147752
transit,0.101,0.6740342659303353,0.6857203289004047,0.6565051714752314,0.9586374967137112
transit,0.10200000000000001,0.6739598479898701,0.6857777542709049,0.6562329885683179,0.9585806754022175
transit,0.10300000000000001,0.6742438077758708,0.6858881100383548,0.6567773543821448,0.9585642835920205
transit,0.10400000000000001,0.6743971470495986,0.6859622202232922,0.6570495372890582,0.9585425500726901
transit,0.105,0.6744325815487678,0.6860212777219076,0.6570495372890582,0.9584533118235994
transit,0.106,0.6746948311530099,0.686095449853093,0.6575939031028851,0.9584315783042692
transit,0.107,0.6747393509266353,0.6861696494758022,0.6575939031028851,0.9584098447849387
transit,0.108,0.6750805927106998,0.6861940199687493,0.6584104518236255,0.958282847889118
transit,0.109,0.6755933632795819,0.6863228164984503,0.6594991834512792,0.9582691269334875
transit,0.11,0.6758566311318883,0.6863986857097432,0.6600435492651061,0.9582149764765604
transit,0.111,0.6758903161097208,0.686454827339464,0.6600435492651061,0.9581905721026633
transit,0.112,0.6760328849646543,0.6865109868264108,0.6603157321720196,0.9581661677287665
transit,0.113,0.6761963557882138,0.6866019829277344,0.660587915078933,0.9581795220015996
transit,0.114,0.6764696700598138,0.6866945961711831,0.6611322808927599,0.9581604593368358
transit,0.115,0.6769826125193049,0.6868236791852323,0.6622210125204138,0.9581467383812053
transit,0.116,0.6772659476093607,0.6869329937927741,0.6627653783342407,0.9581627635086052
transit,0.117,0.6772360462716142,0.6868831582298632,0.6627653783342407,0.9580575001321148
transit,0.11800000000000001,0.6772489137059929,0.6869046039538278,0.6627653783342407,0.9579953371114877
transit,0.11900000000000001,0.6774452976073781,0.6870504551848609,0.6630375612411541,0.9580167039480206
transit,0.12,0.6775869968788479,0.6871051653660349,0.6633097441480675,0.9580247165117206
transit,0.121,0.6778494996674509,0.6871797594711552,0.6638541099618944,0.9580029829923902
transit,0.122,0.6781339189628989,0.6872908810876839,0.6643984757757213,0.9579865911821932
transit,0.123,0.6782995328969124,0.6873854490397641,0.6646706586826348,0.9579351115798326
transit,0.124,0.6783124717621081,0.6874070138150904,0.6646706586826348,0.9578729485592055
transit,0.125,0.6784661755112744,0.6874817314590919,0.6649428415895482,0.9578512150398752
transit,0.126,0.678652790757041,0.6876113015974271,0.6652150244964616,0.9578374940842447
transit,0.127,0.6788934738124561,0.6876495294805679,0.6657593903102885,0.9578104188557811
transit,0.128,0.6787646708063014,0.687616313074919,0.6654872074033751,0.9577402432714541
transit,0.129,0.678787613424803,0.6876545507724215,0.6654872074033751,0.9577131680429907
transit,0.13,0.6791591281078558,0.6877293760970161,0.6663037561241154,0.9576914345236602
transit,0.131,0.6794447555588958,0.6878425113061983,0.6668481219379423,0.9576426257758663
transit,0.132,0.6795865687413585,0.6878974113390268,0.6671203048448557,0.9576506383395662
transit,0.133,0.6796425017777464,0.6879906330663402,0.6671203048448557,0.9576315756748025
transit,0.134,0.6800350400449273,0.6881004976978149,0.6679368535655961,0.9576476008022022
transit,0.135,0.6799711549588892,0.6881754778256935,0.6676646706586826,0.9576258672828719
transit,0.136,0.680212950549385,0.6882155599339688,0.6682090364725095,0.9575663751168115
transit,0.137,0.6806495437609049,0.6883988494726749,0.6690255851932498,0.9575930836624778
transit,0.138,0.6806605443550852,0.6884171837963087,0.6690255851932498,0.9575957545170444
transit,0.139,0.6808354333901412,0.6885272102501265,0.6692977681001633,0.9576117796444441
transit,0.14,0.6809264856385026,0.6884975087261198,0.6695699510070767,0.9574767701849235
transit,0.14100000000000001,0.6809495494482924,0.688535948409103,0.6695699510070767,0.9574496949564599
transit,0.14200000000000002,0.6811045686738165,0.6886128585137007,0.6698421339139902,0.9573955444995328
transit,0.14300000000000002,0.6812365240944673,0.6886513289435099,0.6701143168209036,0.9573684692710691
transit,0.14400000000000002,0.6816192864614379,0.6887449004079673,0.6709308655416439,0.9573494066063054
transit,0.145,0.6816103855787569,0.6887300656034988,0.6709308655416439,0.957281901876545
transit,0.146,0.681984279830604,0.6888088568760837,0.6717474142623843,0.957195334482021
transit,0.147,0.6822151804652996,0.6888307807246918,0.6722917800762113,0.957133171461394
transit,0.148,0.6823582068841123,0.6888877028181042,0.6725639629831247,0.957108767087497
transit,0.149,0.6827300239795575,0.6889630321633525,0.673380511703865,0.9570870335681667
transit,0.15,0.6829819481239245,0.6890199951947462,0.6739248775176919,0.9570626291942697
transit,0.151,0.6827343102538633,0.6889701759538622,0.673380511703865,0.9569573658177792
transit,0.152,0.6832812870761973,0.6891559829059829,0.6744692433315188,0.9569516574258488
transit,0.153,0.6835332526018794,0.6892130149062351,0.6750136091453457,0.9569272530519517
transit,0.154,0.6836995451564192,0.689308713892526,0.6752857920522591,0.9568757734495912
transit,0.155,0.6843002702332872,0.6894026459975945,0.6766467065868264,0.9568567107848275
transit,0.156,0.6846843717412493,0.6894984493637044,0.6774632553075667,0.9568052311824669
transit,0.157,0.6846655438536468,0.6894670695510334,0.6774632553075667,0.9567026386605431
transit,0.158,0.6847876762218712,0.6894891682267987,0.6777354382144801,0.956640475639916
transit,0.159,0.6847241673826368,0.6895647754326835,0.6774632553075667,0.9566187421205857
transit,0.16,0.6850961681866653,0.6896404109589042,0.678279804028307,0.9565970086012554
transit,0.161,0.6852072545011421,0.6896440995450897,0.6785519869352205,0.9565321747260617
transit,0.162,0.6852415848393918,0.689701316775506,0.6785519869352205,0.9565077703521647
transit,0.163,0.6851892104002724,0.6897954813149159,0.678279804028307,0.956488707687401
transit,0.164,0.6851903249524199,0.6897973389018285,0.678279804028307,0.9564562907498042
transit,0.165,0.6853335588515241,0.6898546067957266,0.6785519869352205,0.9564318863759071
transit,0.166,0.6854000668878505,0.6899654535229371,0.6785519869352205,0.956447911503307
transit,0.167,0.6855544174948972,0.690041249263406,0.6788241698421339,0.9564261779839767
transit,0.168,0.686046497993477,0.6901355623426031,0.6799129014697877,0.9564071153192129
transit,0.169,0.6864396900440568,0.6902465166130761,0.680729450190528,0.9564231404466126
transit,0.17,0.6864197680706372,0.6902133133240433,0.680729450190528,0.9563529648622857
transit,0.171,0.6867907837840613,0.69028730703259,0.6815459989112683,0.9563636482805522
transit,0.17200000000000001,0.6869341027278089,0.6903447166675604,0.6818181818181818,0.9563392439066553
transit,0.17300000000000001,0.6870762874336136,0.6904002359059593,0.6820903647250952,0.9563472564703552
transit,0.17400000000000002,0.6873729333224791,0.6905317351781836,0.6826347305389222,0.9563335355147247
transit,0.17500000000000002,0.6878973237160335,0.6906798980823387,0.683723462166576,0.9563549023512576
transit,0.176,0.6879452766889098,0.6907598197037991,0.683723462166576,0.9562683349567337
transit,0.177,0.687946440328274,0.6907617591027395,0.683723462166576,0.9562359180191369
transit,0.178,0.688363215692089,0.6909120188952709,0.6845400108873163,0.9562248679180729
transit,0.179,0.6883643871223404,0.690913971279023,0.6845400108873163,0.9561924509804761
transit,0.18,0.6883333457057265,0.6908622355846665,0.6845400108873163,0.9561196045415825
transit,0.181,0.6883667305489183,0.6909178769899863,0.6845400108873163,0.9561276171052825
transit,0.182,0.6886623957585948,0.6910477417968959,0.6850843767011432,0.9561463130872488
transit,0.183,0.6889381828323156,0.6911444763772125,0.6856287425149701,0.9560948334848882
transit,0.184,0.6892450539862216,0.6912930177578379,0.686173108328797,0.9561162003214213
transit,0.185,0.6892685339973257,0.6913321511096782,0.686173108328797,0.9560891250929577
transit,0.186,0.6893786001702212,0.6913341394598952,0.6864452912357104,0.9560567081553608
transit,0.187,0.6893921349849312,0.6913566974844119,0.6864452912357104,0.9559945451347338
transit,0.188,0.689275694944422,0.6913440860215053,0.686173108328797,0.9558946234673766
transit,0.189,0.6896481199649767,0.6914204285752696,0.6869896570495373,0.9558728899480463
transit,0.19,0.6898474501991367,0.6915711903609273,0.6872618399564507,0.9558618398469825
transit,0.191,0.6899698969731869,0.6915938130464021,0.6875340228633642,0.9557996768263555
transit,0.192,0.6899080993621041,0.6916722722992064,0.6872618399564507,0.9557455263694282
transit,0.193,0.6899639394271444,0.6917653390742734,0.6872618399564507,0.9557588806422613
transit,0.194,0.6898451119720836,0.6917487485871144,0.6869896570495373,0.9557237928500979
transit,0.195,0.6898698870459252,0.6917900403768505,0.6869896570495373,0.9556643006840375
transit,0.196,0.6903082658299203,0.6919763058696822,0.6878062057702776,0.9556910092297037
transit,0.197,0.6904630900465907,0.6920528909595237,0.6880783886771911,0.9556692757103733
transit,0.198,0.6906055127704583,0.6921088068946942,0.6883505715841045,0.9556772882740733
transit,0.199,0.69098806024315,0.6922020202020202,0.6891671203048448,0.9556906425469064
transit,0.2,0.6912629924861033,0.692297330064391,0.6897114861186717,0.9556715798821427
transit,0.201,0.6915379493854654,0.6923926810207768,0.6902558519324986,0.9556525172173789
transit,0.202,0.6917028051388696,0.6924859853385079,0.690528034839412,0.9556658714902121
transit,0.203,0.6916188385086044,0.6925274962260082,0.6902558519324986,0.9556063793241516
transit,0.20400000000000001,0.691641241943,0.6925648352833343,0.6902558519324986,0.955611721033285
transit,0.20500000000000002,0.6917638334520373,0.6925876991937876,0.690528034839412,0.9555495580126578
transit,0.20600000000000002,0.6918864301406014,0.6926105717367852,0.6908002177463255,0.9554873949920308
transit,0.20700000000000002,0.6920401373030477,0.6926852950695869,0.6910724006532389,0.9554980784102973
transit,0.20800000000000002,0.6918050195797513,0.6926563427399774,0.690528034839412,0.9553630689507766
transit,0.209,0.692200191413105,0.6927705966484067,0.6913445835601524,0.9553466771405796
transit,0.21,0.6922014594833258,0.6927727100987747,0.6913445835601524,0.9553142602029827
transit,0.211,0.6924653538203667,0.6928496234512916,0.6918889493739793,0.9552925266836524
transit,0.212,0.6926203924371952,0.6929265658747301,0.6921611322808927,0.9552707931643221
transit,0.213,0.692785395738954,0.6930201161063859,0.6924333151878062,0.9552841474371552
transit,0.214,0.6932895511844566,0.693134554097121,0.69352204681546,0.9552677556269581
transit,0.215,0.6937825036080523,0.6932303203846778,0.6946107784431138,0.9552486929621944
transit,0.216,0.6938075645520632,0.693272088624696,0.6946107784431138,0.955189200796134
transit,0.217,0.6937224669943747,0.6933117146331577,0.6943385955362004,0.9551621255676703
transit,0.218,0.6938875546204887,0.6934054054054053,0.6946107784431138,0.9551754798405034
transit,0.219,0.6938789106474172,0.6933909987836195,0.6946107784431138,0.9551079751107432
transit,0.22,0.6937825848177079,0.6934119110053797,0.6943385955362004,0.9550782290277129
transit,0.221,0.693806383977742,0.693451576272103,0.6943385955362004,0.9550511537992494
transit,0.222,0.6942230182739267,0.6936016009519174,0.6951551442569407,0.9550725206357824
transit,0.223,0.6944857866106622,0.6936766376372585,0.6956995100707676,0.9550832040540489
transit,0.224,0.6944559563762837,0.693626920579961,0.6956995100707676,0.9549779406775585
transit,0.225,0.6944685281923586,0.6936478736067526,0.6956995100707676,0.9549481945945282
transit,0.226,0.6944811027296057,0.6936688311688312,0.6956995100707676,0.954918448511498
transit,0.227,0.6944949962995706,0.6936919871187726,0.6956995100707676,0.954856285490871
transit,0.228,0.6945287891433274,0.6937483085250339,0.6956995100707676,0.9548642980545708
transit,0.229,0.6948028690708495,0.6938421978616863,0.6962438758845945,0.9548776523274041
transit,0.23,0.6947942477008869,0.6938278289117487,0.6962438758845945,0.9548101475976436
transit,0.231,0.6948393307307059,0.6939029672947802,0.6962438758845945,0.9548208310159101
transit,0.232,0.6948207651714609,0.6938720246960384,0.6962438758845945,0.9547182384939864
transit,0.233,0.694997290997577,0.6939847791349565,0.6965160587915079,0.9547342636213861
transit,0.234,0.6950211805456947,0.6940245950484859,0.6965160587915079,0.9547071883929226
transit,0.23500000000000001,0.695242878775391,0.6942126368267041,0.6967882416984214,0.9547338969385888
transit,0.23600000000000002,0.695234278875938,0.694198303660949,0.6967882416984214,0.9546663922088285
transit,0.23700000000000002,0.6953995939843638,0.6942923735703832,0.6970604246053348,0.9546797464816617
transit,0.23800000000000002,0.695587511574469,0.6944241142826162,0.6973326075122482,0.954698442463628
transit,0.23900000000000002,0.6957415664509623,0.6944994171388293,0.6976047904191617,0.9547091258818945
transit,0.24,0.6958405005951719,0.6944828521079031,0.6978769733260751,0.954674038089731
transit,0.241,0.6959520890774304,0.6944873776403916,0.6981491562329886,0.9546092042145373
transit,0.242,0.6960849211850599,0.6945273092151651,0.698421339139902,0.9545821289860738
transit,0.243,0.6962277003757764,0.6945838192617503,0.6986935220468155,0.9545901415497736
transit,0.244,0.696261611921688,0.6946403385049364,0.6986935220468155,0.9545981541134736
transit,0.245,0.6963068359020594,0.6947157118055556,0.6986935220468155,0.9546088375317401
transit,0.246,0.6964297581189959,0.6947391268958406,0.6989657049537289,0.9545466745111129
transit,0.247,0.6965639982607594,0.6947814051941708,0.6992378878606423,0.9544871823450525
transit,0.248,0.6967181279134818,0.6948568326774325,0.6995100707675558,0.954497865763319
transit,0.249,0.6968609498927831,0.6949134140383257,0.6997822536744692,0.9545058783270189
transit,0.25,0.6968510122189733,0.6948968512486428,0.6997822536744692,0.9544707905348555
transit,0.251,0.6970164807544479,0.6949911768698248,0.7000544365813827,0.9544841448076886
transit,0.252,0.6970631561900635,0.6950689692625176,0.7000544365813827,0.9544624112883582
transit,0.253,0.6972187225352766,0.6951467912332636,0.7003266194882961,0.9544406777690279
transit,0.254,0.6972427729582911,0.695186875271621,0.7003266194882961,0.9544136025405643
transit,0.255,0.6973969696161302,0.6952624144300772,0.7005988023952096,0.9544242859588308
transit,0.256,0.6974097013536501,0.6952836339926104,0.7005988023952096,0.9543945398758006
transit,0.257,0.697217426806466,0.6953260869565216,0.7000544365813827,0.9543350477097401
transit,0.258,0.6972301668490983,0.6953473203609087,0.7000544365813827,0.95430530162671
transit,0.259,0.6972528449157513,0.6953851171386639,0.7000544365813827,0.9543106433358433
transit,0.26,0.6973631231289598,0.6953874588894022,0.7003266194882961,0.9542782263982463
transit,0.261,0.6974960859556373,0.6954276083292558,0.7005988023952096,0.9542511511697828
transit,0.262,0.6974113090062697,0.6954677686849188,0.7003266194882961,0.9542240759413192
transit,0.263,0.6975542199629238,0.6955244983413998,0.7005988023952096,0.9542320885050191
transit,0.264,0.6975996123269858,0.6956001522815032,0.7005988023952096,0.9542427719232855
transit,0.265,0.697480805524025,0.695583596214511,0.7003266194882961,0.954207684131122
transit,0.266,0.6976137968032711,0.6956237930753121,0.7005988023952096,0.9541806089026585
transit,0.267,0.6977581490241435,0.6956829248388238,0.700870985302123,0.9541562045287615
transit,0.268,0.6980099621994676,0.6957397029218129,0.7014153511159499,0.9541642170924614
transit,0.269,0.6980454612996669,0.6957988680888115,0.7014153511159499,0.9541398127185644
transit,0.27,0.6980156587612986,0.695749197191531,0.7014153511159499,0.9540345493420741
transit,0.271,0.6980611053366963,0.6958249414838605,0.7014153511159499,0.9540452327603406
transit,0.272,0.6979550895832661,0.6958297038327526,0.7011431682090364,0.9539803988851467
transit,0.273,0.6979366432535565,0.6957989599499033,0.7011431682090364,0.9538778063632231
transit,0.274,0.697970745473453,0.6958557969830639,0.7011431682090364,0.9538858189269229
transit,0.275,0.698004853265152,0.6959126433025624,0.7011431682090364,0.9538938314906228
transit,0.276,0.698017658361803,0.695933985130314,0.7011431682090364,0.9538640854075926
transit,0.277,0.6979102200278107,0.6959363765116026,0.700870985302123,0.9538316684699957
transit,0.278,0.6979230291175804,0.6959577249945521,0.700870985302123,0.9538019223869655
transit,0.279,0.6980774045833857,0.6960335621662853,0.7011431682090364,0.953812605805232
transit,0.28,0.6981342964092991,0.6961283818761409,0.7011431682090364,0.9538259600780652
transit,0.281,0.6977793097018972,0.6960811031776312,0.7003266194882961,0.9536882797639779
transit,0.28200000000000003,0.6981301392615916,0.6961214532966284,0.7011431682090364,0.9536612045355143
transit,0.28300000000000003,0.6981429698868584,0.696142837672073,0.7011431682090364,0.9536314584524841
transit,0.28400000000000003,0.6985265258122597,0.6962377317339149,0.7019597169297768,0.9536448127253172
transit,0.28500000000000003,0.6985834777739557,0.696332651670075,0.7019597169297768,0.9536581669981503
transit,0.28600000000000003,0.6987379236880507,0.6964086062556244,0.7022318998366902,0.9536688504164168
transit,0.28700000000000003,0.6988710489050016,0.6964490263459336,0.7025040827436037,0.9536417751879533
transit,0.28800000000000003,0.6990269797046543,0.6965274557407458,0.7027762656505171,0.9536200416686229
transit,0.289,0.6993146100209355,0.6966439290586631,0.7033206314643441,0.9536036498584258
transit,0.29,0.6993488272576072,0.6967009577864491,0.7033206314643441,0.9536116624221257
transit,0.291,0.6993959381752572,0.6967794759825326,0.7033206314643441,0.9535899289027954
transit,0.292,0.6995504568981918,0.696855551916148,0.7035928143712575,0.9536006123210619
transit,0.293,0.699281570582982,0.6967703186000163,0.7030484485574305,0.9534575902978413
transit,0.294,0.6994390693748361,0.6968513613151642,0.7033206314643441,0.9534034398409141
transit,0.295,0.6994633921498388,0.6968918992735019,0.7033206314643441,0.9533763646124506
transit,0.296,0.6994534574366061,0.6968753414181142,0.7033206314643441,0.9533412768202871
transit,0.297,0.6995105674435517,0.6969705247630235,0.7033206314643441,0.9533546310931202
transit,0.298,0.6992401677633622,0.6968827691719257,0.7027762656505171,0.9532440260074966
transit,0.299,0.6992431400826513,0.6968877230374075,0.7027762656505171,0.9531791921323028
transit,0.3,0.6992545657202571,0.6969067657667504,0.7027762656505171,0.9531818629868696
transit,0.301,0.6992903368150032,0.6969663842579938,0.7027762656505171,0.9531574586129725
transit,0.302,0.699532434627558,0.6970069700697007,0.7033206314643441,0.9531303833845088
transit,0.303,0.6995438659686373,0.6970260223048328,0.7033206314643441,0.9531330542390755
transit,0.304,0.6995339275078305,0.697009458203488,0.7033206314643441,0.9530979664469121
transit,0.305,0.6996557270935739,0.6970310022417847,0.7035928143712575,0.9530682203638818
transit,0.306,0.6995269729882093,0.6969978673374528,0.7033206314643441,0.952998044779555
transit,0.307,0.6995498428733894,0.697035983812753,0.7033206314643441,0.9530033864886882
transit,0.308,0.6996716477349392,0.6970575366440603,0.7035928143712575,0.9529736404056579
transit,0.309,0.6996845822631076,0.6970790941910076,0.7035928143712575,0.9529438943226278
transit,0.31,0.6996960213533494,0.6970981593414107,0.7035928143712575,0.9529465651771944
transit,0.311,0.6997964502488689,0.6970840855626675,0.703864997278171,0.952879060447434
transit,0.312,0.699919762227518,0.697108150255807,0.7041371801850844,0.952816897426807
transit,0.313,0.6999212614797468,0.6971106490095217,0.7041371801850844,0.9527844804892102
transit,0.314,0.6999441513385223,0.6971487987741476,0.7041371801850844,0.9527898221983434
transit,0.315,0.6998382813414818,0.6971538040503559,0.703864997278171,0.9527249883231497
transit,0.316,0.6998298363274447,0.6971397290269605,0.703864997278171,0.9526574835933894
transit,0.317,0.6997339147769994,0.697161315047494,0.7035928143712575,0.9526277375103591
transit,0.318,0.6998885947992417,0.6972376598132888,0.703864997278171,0.9526384209286256
transit,0.319,0.6999115019913507,0.6972758384668036,0.703864997278171,0.9526437626377589
transit,0.32,0.7000318296909431,0.6972949293615157,0.7041371801850844,0.9526464334923255
transit,0.321,0.7001636138091666,0.6973331142872791,0.7044093630919979,0.9526517752014588
transit,0.322,0.7000233925702138,0.6972808674936335,0.7041371801850844,0.9525789287625652
transit,0.323,0.700189554515432,0.6973763487977215,0.7044093630919979,0.9525922830353983
transit,0.324,0.70032134758449,0.6974145486415426,0.7046815459989113,0.9525976247445316
transit,0.325,0.7003557321523378,0.6974718562546222,0.7046815459989113,0.9526056373082314
transit,0.326,0.7004015870339981,0.6975482810573893,0.7046815459989113,0.9526163207264979
transit,0.327,0.7004130523246138,0.6975673898750822,0.7046815459989113,0.9526189915810646
transit,0.328,0.7004390366371795,0.6976106970626919,0.7046815459989113,0.9525594994150042
transit,0.329,0.7004619755541652,0.6976489285910011,0.7046815459989113,0.9525648411241374
transit,0.33,0.7004619755541652,0.6976489285910011,0.7046815459989113,0.9525648411241374
transit,0.331,0.7003775740619245,0.6976897147085422,0.7044093630919979,0.9525377658956738
transit,0.332,0.7004994513446104,0.6977113882417433,0.7046815459989113,0.9525080198126437
transit,0.333,0.700370691318321,0.6976782434692032,0.7044093630919979,0.9524378442283167
transit,0.334,0.7003492715525885,0.697642543859649,0.7044093630919979,0.9524000855815866
transit,0.335,0.7004810947414692,0.6976807939031745,0.7046815459989113,0.9524054272907199
transit,0.336,0.7005040472843106,0.6977190481412435,0.7046815459989113,0.9524107689998531
transit,0.337,0.7004941021962416,0.6977024729944619,0.7046815459989113,0.9523756812076896
transit,0.338,0.7004941021962416,0.6977024729944619,0.7046815459989113,0.9523756812076896
transit,0.339,0.700757762586351,0.6977789964354263,0.7052259118127382,0.952386364625956
transit,0.34,0.7007937433999527,0.6978389644580956,0.7052259118127382,0.9523619602520592
transit,0.341,0.7010704546977624,0.6979372394118939,0.7057702776265651,0.9523428975872954
transit,0.342,0.7010934295341944,0.6979755308059472,0.7057702776265651,0.9523482392964286
transit,0.343,0.701106464960091,0.6979972565157749,0.7057702776265651,0.9523184932133986
transit,0.34400000000000003,0.7011424870796019,0.6980572933816266,0.7057702776265651,0.9522940888395015
transit,0.34500000000000003,0.7010022345125416,0.6980049943744683,0.7054980947196516,0.952221242400608
transit,0.34600000000000003,0.7010022345125416,0.6980049943744683,0.7054980947196516,0.952221242400608
transit,0.34700000000000003,0.7012544615721926,0.6980624622646687,0.7060424605334785,0.9522292549643079
transit,0.34800000000000003,0.7014208152440238,0.6981582631131117,0.706314643440392,0.952242609237141
transit,0.34900000000000003,0.7013894313536478,0.6981059566291518,0.706314643440392,0.9521697627982474
transit,0.35000000000000003,0.7015343571587332,0.6981660443663518,0.7065868263473054,0.9521453584243504
transit,0.35100000000000003,0.7013097785894897,0.6981546572934973,0.7060424605334785,0.9520454367569933
transit,0.352,0.7014646687570202,0.698231352301439,0.706314643440392,0.9520561201752598
transit,0.353,0.7014876810509714,0.6982697061246909,0.706314643440392,0.952061461884393
transit,0.354,0.7015106958731904,0.6983080641617226,0.706314643440392,0.9520668035935262
transit,0.355,0.7015467902919307,0.6983682215262897,0.706314643440392,0.9520423992196293
transit,0.356,0.7017875597456436,0.6984065934065934,0.7068590092542189,0.9520477409287627
transit,0.357,0.7017990722585161,0.6984257809280475,0.7068590092542189,0.9520504117833293
transit,0.358,0.7018220991820843,0.6984641591339946,0.7068590092542189,0.9520557534924625
transit,0.359,0.7018451286364313,0.6985025415579064,0.7068590092542189,0.9520610952015958
transit,0.36,0.7021089414646615,0.6985793190624054,0.7074033750680457,0.9520717786198623
transit,0.361,0.7021434979880845,0.6986369132681104,0.7074033750680457,0.9520797911835621
transit,0.362,0.7022539527488678,0.6986395492648069,0.7076755579749592,0.9520473742459652
transit,0.363,0.7024204377491206,0.6987355689939526,0.7079477408818726,0.9520607285187983
transit,0.364,0.7024220245766268,0.6987382137064628,0.7079477408818726,0.9520283115812016
transit,0.365,0.7024335498385639,0.698757422476358,0.7079477408818726,0.9520309824357682
transit,0.366,0.7024581923358125,0.6987984933051058,0.7079477408818726,0.9520039072073045
transit,0.367,0.7023393809892082,0.6987819296653743,0.7076755579749592,0.951968819415141
transit,0.368,0.7023640302519132,0.6988230117698824,0.7076755579749592,0.9519417441866775
transit,0.369,0.7023672142235938,0.6988283183893502,0.7076755579749592,0.9518769103114838
transit,0.37,0.7024776797663097,0.6988309723559345,0.7079477408818726,0.951844493373887
transit,0.371,0.702479272409087,0.6988336267605633,0.7079477408818726,0.9518120764362901
transit,0.372,0.7023719921519909,0.6988362816033453,0.7076755579749592,0.9517796594986933
transit,0.373,0.7025385504579659,0.6989324235086947,0.7079477408818726,0.9517930137715265
transit,0.374,0.7025186670737176,0.6988992845349475,0.7079477408818726,0.9517228381871994
transit,0.375,0.702554887622634,0.6989596521164749,0.7079477408818726,0.9516984338133024
transit,0.376,0.7025596882316203,0.6989676531314521,0.7079477408818726,0.951601183000512
transit,0.377,0.7025612889632882,0.6989703210175652,0.7079477408818726,0.9515687660629151
transit,0.378,0.7026190280651703,0.6990665528540354,0.7079477408818726,0.9515821203357482
transit,0.379,0.702764161303127,0.6991269863126875,0.7082199237887861,0.9515577159618512
transit,0.38,0.7028216994433745,0.6990414279418244,0.7084921066956995,0.9514146939386308
transit,0.381,0.7028448069777674,0.699079940499146,0.7084921066956995,0.951420035647764
transit,0.382,0.7028249103404098,0.6990467794368835,0.7084921066956995,0.9513498600634371
transit,0.383,0.7028595785923175,0.6991045598567295,0.7084921066956995,0.951357872627137
transit,0.384,0.7028611874374554,0.6991072412652927,0.7084921066956995,0.9513254556895401
transit,0.385,0.7029189855944757,0.6992035715269932,0.7084921066956995,0.9513388099623732
transit,0.386,0.7029421093173869,0.6992421110651784,0.7084921066956995,0.9513441516715064
transit,0.387,0.7028149555676673,0.6992116434202547,0.7082199237887861,0.9512415591495826
transit,0.388,0.702818185660199,0.6992170269078077,0.7082199237887861,0.951176725274389
transit,0.389,0.703054325924743,0.6994291387441053,0.7084921066956995,0.9512061046746219
transit,0.39,0.7029371310336079,0.6994152691968225,0.7082199237887861,0.9511385999448616
transit,0.391,0.7031154633679351,0.6995310344827587,0.7084921066956995,0.9511546250722613
transit,0.392,0.7029966430975051,0.6995144559699844,0.7082199237887861,0.9511195372800978
transit,0.393,0.7027821596173333,0.6995198940455826,0.7076755579749592,0.9510547034049042
transit,0.394,0.7029274129439844,0.6995805276520588,0.7079477408818726,0.9510302990310071
transit,0.395,0.7028959290743013,0.6995280545359204,0.7079477408818726,0.9509574525921136
transit,0.396,0.7029306834352773,0.6995859784708804,0.7079477408818726,0.9509654651558135
transit,0.397,0.7030080677847611,0.6995334971154111,0.7082199237887861,0.95089261871692
transit,0.398,0.70317487812635,0.699630059080117,0.7084921066956995,0.9509059729897531
transit,0.399,0.703056053447044,0.699613473219216,0.7082199237887861,0.9508708851975896
transit,0.4,0.703069281642751,0.6996355202120609,0.7082199237887861,0.9508411391145594
transit,0.401,0.7030808730085422,0.6996548391550462,0.7082199237887861,0.950843809969126
transit,0.402,0.7032361180365965,0.6997321255971943,0.7084921066956995,0.9508544933873925
transit,0.403,0.7032609535991217,0.6997735182014031,0.7084921066956995,0.9508274181589289
transit,0.404,0.7034278174404485,0.6998701693323388,0.708764289602613,0.950840772431762
transit,0.405,0.7033106453084047,0.6998563377168748,0.7084921066956995,0.9507732677020018
transit,0.406,0.7033802635127644,0.6999723680574743,0.7084921066956995,0.9507892928294015
transit,0.40700000000000003,0.7037533079632929,0.7000497429945283,0.7093086554164398,0.950799976247668
transit,0.40800000000000003,0.7037533079632929,0.7000497429945283,0.7093086554164398,0.950799976247668
transit,0.40900000000000003,0.7037765242934828,0.7000884368781782,0.7093086554164398,0.9508053179568012
transit,0.41000000000000003,0.7036261979482259,0.7000193482406922,0.7090364725095264,0.9506973837257442
transit,0.41100000000000003,0.7036261979482259,0.7000193482406922,0.7090364725095264,0.9506973837257442
transit,0.41200000000000003,0.703616247516125,0.7000027641871907,0.7090364725095264,0.9506622959335806
transit,0.41300000000000003,0.7035664788481437,0.699919816407222,0.7090364725095264,0.9504868569727634
transit,0.41400000000000003,0.7038671833532371,0.7000580800398263,0.7095808383233533,0.9504731360171329
transit,0.41500000000000004,0.7038356544641535,0.7000055318913536,0.7095808383233533,0.9504002895782393
transit,0.41600000000000004,0.7038373144447185,0.7000082985256286,0.7095808383233533,0.9503678726406425
transit,0.417,0.7039362291012522,0.6999917010152426,0.7098530212302667,0.950332784848479
transit,0.418,0.7039295873416129,0.6999806314158437,0.7098530212302667,0.9502328631811219
transit,0.419,0.7038007887150679,0.6999474223095442,0.7095808383233533,0.9501626875967949
transit,0.42,0.7037400688646108,0.7000276778300581,0.7093086554164398,0.9501409540774646
transit,0.421,0.7038622306955594,0.7000498256103636,0.7095808383233533,0.9501112079944343
transit,0.422,0.7036478115951728,0.7000553709856036,0.7090364725095264,0.9500463741192406
transit,0.423,0.7037076328673462,0.7001550731058928,0.7090364725095264,0.9500273114544769
transit,0.424,0.7037325716664521,0.7001966377710692,0.7090364725095264,0.9500002362260134
transit,0.425,0.7034732927364483,0.7001274167636142,0.7084921066956995,0.9498923019949563
transit,0.426,0.7034965656699695,0.7001662049861496,0.7084921066956995,0.9498976437040896
transit,0.427,0.7035314799057502,0.7002243953791174,0.7084921066956995,0.9499056562677894
transit,0.428,0.7032838316053052,0.70017455875426,0.7079477408818726,0.949800392891299
transit,0.429,0.703536501290561,0.7002327643538019,0.7084921066956995,0.9498084054549989
transit,0.43,0.7034409459039415,0.7002549606473785,0.7082199237887861,0.9497786593719686
transit,0.431,0.7034542666330311,0.7002771618625279,0.7082199237887861,0.9497489132889385
transit,0.432,0.7034559435710068,0.700279956759154,0.7082199237887861,0.9497164963513416
transit,0.433,0.7032182563449749,0.7002467219249855,0.7076755579749592,0.9496463207670146
transit,0.434,0.7032415519582463,0.7002855479471044,0.7076755579749592,0.9496516624761479
transit,0.435,0.7031576567981384,0.7003271779515334,0.7074033750680457,0.9496245872476843
transit,0.436,0.703159336883553,0.7003299780938913,0.7074033750680457,0.9495921703100875
transit,0.437,0.7032076335861266,0.7004104725981806,0.7074033750680457,0.9495704367907571
transit,0.438,0.7032426026275567,0.7004687543338973,0.7074033750680457,0.949578449354457
transit,0.439,0.7032426026275567,0.7004687543338973,0.7074033750680457,0.949578449354457
transit,0.44,0.703112101850584,0.7004327083102185,0.7071311921611323,0.9495406907077268
transit,0.441,0.7031354172250632,0.7004715672676838,0.7071311921611323,0.9495460324168601
transit,0.442,0.7030398917780345,0.7004938134605782,0.7068590092542189,0.94951628633383
transit,0.443,0.7031837478463356,0.7005521183031379,0.7071311921611323,0.9495242988975299
transit,0.444,0.7032087674466161,0.7005938176369387,0.7071311921611323,0.9494972236690662
transit,0.445,0.7032204320216524,0.7006132585953326,0.7071311921611323,0.9494998945236328
transit,0.446,0.703267096796182,0.7006910332195486,0.7071311921611323,0.9495105779418993
transit,0.447,0.7034010080709621,0.7007327634062396,0.7074033750680457,0.9494835027134358
transit,0.448,0.7035448935577837,0.7007911172796668,0.7076755579749592,0.9494915152771357
transit,0.449,0.7034493986655126,0.7008134143971573,0.7074033750680457,0.9494617691941054
transit,0.45,0.7038244275596084,0.7008940967401566,0.7082199237887861,0.9494400356747751
transit,0.451,0.7038044927035179,0.7008608719800057,0.7082199237887861,0.9493698600904481
transit,0.452,0.7038628896654937,0.7009582002499654,0.7082199237887861,0.9493832143632812
transit,0.453,0.7041173994989246,0.7010194727631324,0.708764289602613,0.9493588099893844
transit,0.454,0.7042847006890914,0.7011168528088014,0.7090364725095264,0.9493721642622175
transit,0.455,0.7042847006890914,0.7011168528088014,0.7090364725095264,0.9493721642622175
transit,0.456,0.704037056082748,0.7010670223407804,0.7084921066956995,0.9492669008857271
transit,0.457,0.7040721240455161,0.701125468945394,0.7084921066956995,0.9492749134494269
transit,0.458,0.7038578256114834,0.7011312154312237,0.7079477408818726,0.9492100795742332
transit,0.459,0.7038695182772585,0.7011507032075157,0.7079477408818726,0.9492127504287998
transit,0.46,0.7037389837870318,0.7011146009950802,0.7076755579749592,0.9491749917820698
transit,0.461,0.7038746953407665,0.7011593316466957,0.7079477408818726,0.9491154996160094
transit,0.462,0.703985294767141,0.7011622087527108,0.7082199237887861,0.9490830826784125
transit,0.463,0.7041865479692018,0.7011347202135945,0.708764289602613,0.9489480732188917
transit,0.464,0.7043439556064978,0.7012156110044786,0.7090364725095264,0.9489263396995615
transit,0.465,0.7040728755062113,0.7011267213798859,0.7084921066956995,0.9488157346139379
transit,0.466,0.7042168615758401,0.7011852428913249,0.708764289602613,0.9488237471776377
transit,0.467,0.7042402734370385,0.7012242626599889,0.708764289602613,0.948829088886771
transit,0.468,0.7042203195810275,0.7011910062333038,0.708764289602613,0.948758913302444
transit,0.46900000000000003,0.704255444502721,0.7012495477694598,0.708764289602613,0.9487669258661439
transit,0.47000000000000003,0.7044345851070198,0.7013666601720154,0.7090364725095264,0.9487829509935437
transit,0.47100000000000003,0.7044246098806373,0.7013500347947111,0.7090364725095264,0.9487478632013802
transit,0.47200000000000003,0.7043291895750726,0.7013724562233791,0.708764289602613,0.9487181171183499
transit,0.47300000000000003,0.7043643382587743,0.701431037362882,0.708764289602613,0.9487261296820497
transit,0.47400000000000003,0.7043543626836779,0.701414411404388,0.708764289602613,0.9486910418898864
transit,0.47500000000000003,0.7043326683678446,0.7013782542113324,0.708764289602613,0.9486532832431562
transit,0.47600000000000003,0.7040732660902846,0.7013088276246171,0.7082199237887861,0.9485453490120992
transit,0.47700000000000004,0.7040967029453908,0.701347889049794,0.7082199237887861,0.9485506907212324
transit,0.47800000000000004,0.7043413704371455,0.7013927576601672,0.708764289602613,0.948491198555172
transit,0.47900000000000004,0.7043431117237094,0.7013956598044405,0.708764289602613,0.9484587816175751
transit,0.48,0.7043331291298041,0.7013790221479315,0.708764289602613,0.9484236938254116
transit,0.481,0.704344853301345,0.701398562433833,0.708764289602613,0.9484263646799783
transit,0.482,0.7042394641673568,0.7014043691484618,0.7084921066956995,0.9483615308047846
transit,0.483,0.7042294793611088,0.7013877278047149,0.7084921066956995,0.9483264430126211
transit,0.484,0.7041123612548751,0.7013739862322678,0.7082199237887861,0.9482589382828608
transit,0.485,0.7041175859294306,0.7013826940231936,0.7082199237887861,0.9481616874700702
transit,0.486,0.7041445387771696,0.701427615436092,0.7082199237887861,0.9481021953040099
transit,0.487,0.7041462835614138,0.7014305234098324,0.7082199237887861,0.948069778366413
transit,0.488,0.704302105249047,0.7015087709512787,0.7084921066956995,0.9480804617846795
transit,0.489,0.704392745129748,0.7014783821478382,0.708764289602613,0.9479778692627556
transit,0.49,0.7044816313516318,0.701445070579702,0.7090364725095264,0.9479076936784288
transit,0.491,0.7045922510514349,0.701447981474765,0.7093086554164398,0.9478752767408319
transit,0.492,0.7046274800237189,0.7015066964285716,0.7093086554164398,0.9478832893045318
transit,0.493,0.7046192344562369,0.7014929538161015,0.7093086554164398,0.9478157845747714
transit,0.494,0.7047985917138343,0.7016104273074883,0.7095808383233533,0.9478318097021712
transit,0.495,0.7046914742248576,0.7016133534304694,0.7093086554164398,0.9477993927645744
transit,0.496,0.7048826159066885,0.701750467628912,0.7095808383233533,0.9478180887465408
transit,0.497,0.7049832590868461,0.7017367509912324,0.7098530212302667,0.9477505840167805
transit,0.498,0.7046736885457612,0.701765165903251,0.7090364725095264,0.9476560040585564
transit,0.499,0.7045901036731076,0.7018073130534374,0.708764289602613,0.947628928830093
transit,0.5,0.7046018664639849,0.7018269177048996,0.708764289602613,0.9476315996846596
transit,0.501,0.7044730006935895,0.701793596692183,0.7084921066956995,0.9475614241003326
transit,0.502,0.7045636419035819,0.7017632101042278,0.708764289602613,0.9474588315784088
transit,0.503,0.7047313516218867,0.7018612710301269,0.7090364725095264,0.947472185851242
transit,0.504,0.7047448925422979,0.7018838392308122,0.7090364725095264,0.9474424397682117
transit,0.505,0.7043900411417829,0.701836786043781,0.7082199237887861,0.9473047594541245
transit,0.506,0.704296483523489,0.7018623119512332,0.7079477408818726,0.9472425964334974
transit,0.507,0.7041693701624351,0.7018319116207523,0.7076755579749592,0.9471400039115736
transit,0.508,0.7043153519123453,0.7018937592659936,0.7079477408818726,0.9471155995376767
transit,0.509,0.70439961175609,0.7020341923389015,0.7079477408818726,0.9471018785820462
transit,0.51,0.7045320582750634,0.702073481265915,0.7082199237887861,0.9471072202911794
transit,0.511,0.704187210648545,0.7020431010355445,0.7074033750680457,0.9470046277692556
transit,0.512,0.704199000115382,0.7020627501469395,0.7074033750680457,0.9470072986238223
transit,0.513,0.7042107902421758,0.7020824003582625,0.7074033750680457,0.9470099694783889
transit,0.514,0.7042025671702353,0.7020686952383618,0.7074033750680457,0.9469424647486286
transit,0.515,0.704204351147039,0.7020716685330347,0.7074033750680457,0.9469100478110317
transit,0.516,0.7042061354235281,0.7020746423271831,0.7074033750680457,0.9468776308734349
transit,0.517,0.7042297246597257,0.7021139577208456,0.7074033750680457,0.9468829725825681
transit,0.518,0.7040890360042378,0.7020609318996415,0.7071311921611323,0.9468101261436745
transit,0.519,0.7040790240501151,0.7020442453094371,0.7071311921611323,0.946775038351511
transit,0.52,0.7039383274253272,0.7019912062060661,0.7068590092542189,0.9467021919126175
transit,0.521,0.7038330163012256,0.7019971429371725,0.7065868263473054,0.9466373580374239
transit,0.522,0.7038566135048316,0.702036471609849,0.7065868263473054,0.9466426997465571
transit,0.523,0.703715906681401,0.7019834155087404,0.706314643440392,0.9465698533076635
transit,0.524,0.703717687707034,0.7019863838847954,0.706314643440392,0.9465374363700667
transit,0.525,0.7037076679166292,0.7019696842341206,0.706314643440392,0.9465023485779032
transit,0.526,0.7038873576931886,0.7020877119237774,0.7065868263473054,0.9465183737053029
transit,0.527,0.7038038842819863,0.7021300448430492,0.706314643440392,0.9464912984768393
transit,0.528,0.7037204179905463,0.7021723896285914,0.7060424605334785,0.9464642232483758
transit,0.529,0.7041297201085509,0.7023101940114389,0.7068590092542189,0.9464829192303421
transit,0.53,0.7043965313177036,0.7023919688174757,0.7074033750680457,0.9464611857110119
transit,0.531,0.704146935352369,0.7023388860844691,0.7068590092542189,0.9463883392721182
transit,0.532,0.7038873136350972,0.7022690937649005,0.706314643440392,0.9462804050410611
transit,0.533,0.7037702158112371,0.7022553859964095,0.7060424605334785,0.9462129003113009
transit,0.534,0.7038389886892882,0.7021885521885523,0.706314643440392,0.9460725491426469
transit,0.535,0.7036781746829,0.7021019841158476,0.7060424605334785,0.9459295271194265
transit,0.536,0.7035610581708686,0.7020882452004042,0.7057702776265651,0.9458620223896661
transit,0.537,0.7036320120107069,0.7022065016001349,0.7057702776265651,0.9458780475170658
transit,0.538,0.7034912449627364,0.7021533451247929,0.7054980947196516,0.9458052010781723
transit,0.539,0.7035622233145307,0.7022716423777834,0.7054980947196516,0.9458212262055721
transit,0.54,0.7036865304181483,0.7022973656125373,0.7057702776265651,0.9457590631849451
transit,0.541,0.7034723871970054,0.7023033707865168,0.7052259118127382,0.9456942293097512
transit,0.542,0.7035434186105816,0.7024217564758105,0.7052259118127382,0.9457102544371511
transit,0.543,0.7032855335909318,0.702354858652279,0.7046815459989113,0.9455699032684972
transit,0.544,0.70332106288148,0.7024140741365258,0.7046815459989113,0.9455779158321971
transit,0.545,0.703334716828413,0.7024368307147474,0.7046815459989113,0.9455481697491668
transit,0.546,0.7034554361348185,0.702456574287481,0.7049537289058248,0.9455508406037334
transit,0.547,0.7036235500060668,0.7025553088016193,0.7052259118127382,0.9455641948765665
transit,0.548,0.7036153309869038,0.7025416104363474,0.7052259118127382,0.9454966901468063
transit,0.549,0.7034130700179104,0.70256741936391,0.7046815459989113,0.9454345271261793
transit,0.55,0.7035237605313384,0.7025704482816807,0.7049537289058248,0.9454021101885823
transit,0.551,0.7035137224094443,0.7025537180785241,0.7049537289058248,0.9453670223964189
transit,0.552,0.7032877530002939,0.7025400129391578,0.7044093630919979,0.9452995176666585
transit,0.553,0.7031925545788865,0.7025628041747546,0.7041371801850844,0.9452697715836283
transit,0.554,0.7033725913581801,0.7026814102023015,0.7044093630919979,0.9452857967110281
transit,0.555,0.7032892709934395,0.7027239981990095,0.7041371801850844,0.9452587214825645
transit,0.556,0.7030751780986296,0.702730087250211,0.7035928143712575,0.9451938876073709
transit,0.557,0.7031007429195093,0.7027726952850104,0.7035928143712575,0.9451668123789072
transit,0.558,0.7029736155003161,0.7027422715242975,0.7033206314643441,0.9450642198569834
transit,0.559,0.7029854871494676,0.7027620576062167,0.7033206314643441,0.94506689071155
transit,0.56,0.7032507267574093,0.7028412130769014,0.703864997278171,0.9450775741298165
transit,0.561,0.703298230739819,0.7029203863809176,0.703864997278171,0.9450882575480831
transit,0.562,0.7030366481133801,0.7028473258794041,0.7033206314643441,0.9450127402546229
transit,0.5630000000000001,0.7028958102476681,0.7027940513744931,0.7030484485574305,0.9449398938157294
transit,0.5640000000000001,0.7029332787975848,0.7028564989576876,0.7030484485574305,0.9449154894418323
transit,0.5650000000000001,0.7030677505149067,0.7028991632152818,0.7033206314643441,0.9448884142133688
transit,0.5660000000000001,0.7030476585988684,0.7028656766885514,0.7033206314643441,0.9448182386290418
transit,0.5670000000000001,0.7030376109423189,0.7028489305943021,0.7033206314643441,0.9447831508368784
transit,0.5680000000000001,0.7030732644220582,0.7029083530605343,0.7033206314643441,0.9447911634005782
transit,0.5690000000000001,0.7029662298499613,0.7029114173783152,0.7030484485574305,0.9447587464629814
transit,0.5700000000000001,0.7029900042996597,0.702951041461146,0.7030484485574305,0.9447640881721147
transit,0.5710000000000001,0.7031482796493371,0.7030333784393324,0.7033206314643441,0.9447423546527842
transit,0.5720000000000001,0.7029003895286894,0.7029831387808042,0.7027762656505171,0.9446370912762938
transit,0.5730000000000001,0.7026643834999204,0.7029527059420739,0.7022318998366902,0.94453449875437
transit,0.5740000000000001,0.7025729358283017,0.7029817484273182,0.7019597169297768,0.9444399187961461
transit,0.5750000000000001,0.702420154241639,0.7029085677208228,0.7016875340228633,0.944364401502686
transit,0.5760000000000001,0.702423835594981,0.702914703309726,0.7016875340228633,0.9442995676274923
transit,0.577,0.7024613830179219,0.7029772823479611,0.7016875340228633,0.9442751632535953
transit,0.578,0.7024412635033057,0.7029437498236007,0.7016875340228633,0.9442049876692683
transit,0.579,0.7026334802678457,0.7030826558265583,0.7019597169297768,0.9442236836512348
transit,0.58,0.7025383676464124,0.7031055900621118,0.7016875340228633,0.9441939375682045
transit,0.581,0.7026729168439141,0.703148383453339,0.7019597169297768,0.944166862339741
transit,0.582,0.7026069975818057,0.7030385180164915,0.7019597169297768,0.9440535863995506
transit,0.583,0.7029200603937922,0.7031973788272511,0.7025040827436037,0.9440749532360836
transit,0.584,0.7029219178351608,0.7032004745628655,0.7025040827436037,0.9440425362984868
transit,0.585,0.7028286812772765,0.7032265355710007,0.7022318998366902,0.9439803732778598
transit,0.586,0.7025926669846787,0.7031960889592223,0.7016875340228633,0.943877780755936
transit,0.587,0.7026045902778844,0.7032159611145651,0.7016875340228633,0.9438804516105026
transit,0.588,0.7023685705991407,0.703185505525877,0.7011431682090364,0.9437778590885788
transit,0.589,0.7021783974388167,0.7032314608012213,0.7005988023952096,0.9437183669225183
transit,0.59,0.7024677296051189,0.7033507705358406,0.7011431682090364,0.9437343920499182
transit,0.591,0.7024934663786373,0.7033936651583711,0.7011431682090364,0.9437073168214545
transit,0.592,0.7024002709064119,0.7034197946426045,0.700870985302123,0.9436451538008275
transit,0.593,0.7021403796047561,0.7033495530157293,0.7003266194882961,0.9435372195697704
transit,0.594,0.7021799417764724,0.7034154899685899,0.7003266194882961,0.9434803982582766
transit,0.595,0.7019848675794567,0.7032718215781728,0.7000544365813827,0.9432969467337593
transit,0.596,0.7019136940871233,0.7033346543622262,0.6997822536744692,0.9432725423598624
transit,0.597,0.7018696447604683,0.703261238817801,0.6997822536744692,0.9431970250664021
transit,0.598,0.7017525545959886,0.7032475438149438,0.6995100707675558,0.9431295203366418
transit,0.599,0.7016713098835732,0.7032935912321938,0.6992378878606423,0.9430700281705814
transit,0.6,0.7014333948838124,0.7032599767751437,0.6986935220468155,0.9429998525862544
transit,0.601,0.701445346279781,0.7032798957684246,0.6986935220468155,0.943002523440821
transit,0.602,0.7016989508556696,0.703339659519021,0.6992378878606423,0.9430105360045209
transit,0.603,0.7014490802068282,0.70328611898017,0.6986935220468155,0.9429376895656274
transit,0.604,0.7013659857197092,0.7033290834395807,0.698421339139902,0.9429106143371637
transit,0.605,0.7013558985891204,0.7033122715552661,0.698421339139902,0.9428755265450003
transit,0.606,0.7015126039220161,0.7033919918388166,0.6986935220468155,0.9428862099632668
transit,0.607,0.7012866435611016,0.7033783017798435,0.6981491562329886,0.9428187052335064
transit,0.608,0.7011916056569607,0.7034013605442176,0.6978769733260751,0.9427889591504763
transit,0.609,0.7007988275511228,0.7032910961816481,0.6970604246053348,0.9426756832102859
transit,0.61,0.7006678990152343,0.7032543372264429,0.6967882416984214,0.9426379245635559
transit,0.611,0.7006716335095358,0.703260561383612,0.6967882416984214,0.9425730906883621
transit,0.612,0.7006873353601387,0.7032867311346169,0.6967882416984214,0.942510927667735
transit,0.613,0.7005922994631699,0.703309793244278,0.6965160587915079,0.942481181584705
transit,0.614,0.7006181101337247,0.7033528110285358,0.6965160587915079,0.9424541063562413
transit,0.615,0.7006779716456282,0.7034525802150416,0.6965160587915079,0.9424674606290744
transit,0.616,0.700812674956522,0.7034956304619225,0.6967882416984214,0.9424403854006108
transit,0.617,0.7008366291803617,0.7035355541683219,0.6967882416984214,0.9424457271097441
transit,0.618,0.7008624715239922,0.7035786247410393,0.6967882416984214,0.9424186518812805
transit,0.619,0.7007674657213544,0.7036017370079187,0.6965160587915079,0.9423889057982502
transit,0.62,0.7005433968504052,0.7035911994322214,0.695971692977681,0.9422889841308931
transit,0.621,0.7005913403749684,0.7036711053064933,0.695971692977681,0.9422996675491596
transit,0.622,0.7006172096763064,0.7037142208087233,0.695971692977681,0.942272592320696
transit,0.623,0.7006531817774468,0.703774174310624,0.695971692977681,0.9422806048843959
transit,0.624,0.7006790657391296,0.7038173142467621,0.695971692977681,0.9422535296559322
transit,0.625,0.7006525708153479,0.7037731560404592,0.695971692977681,0.9420834324042482
transit,0.626,0.7007125668219438,0.7038731493847858,0.695971692977681,0.9420967866770813
transit,0.627,0.7007624834666522,0.703956343792633,0.695971692977681,0.9420750531577511
transit,0.628,0.7006473273396557,0.7039458721855811,0.6956995100707676,0.9419751314903938
transit,0.629,0.7006271257615039,0.7039122028886614,0.6956995100707676,0.9419049559060668
transit,0.63,0.700773935679385,0.7039754308138543,0.695971692977681,0.94188055153217
transit,0.631,0.7006909982491768,0.704018657034783,0.6956995100707676,0.9418534763037063
transit,0.632,0.7007150268730977,0.7040587047413179,0.6956995100707676,0.9418588180128395
transit,0.633,0.7005878630457875,0.7040282203004097,0.6954273271638541,0.9417562254909158
transit,0.634,0.7006378536141545,0.7041115379143548,0.6954273271638541,0.9417344919715854
transit,0.635,0.7005188769839987,0.7040946988020375,0.6951551442569407,0.941699404179422
transit,0.636,0.7004904746208613,0.7040473615301417,0.6951551442569407,0.9415617238653347
transit,0.637,0.7003632964197615,0.7040168531329176,0.6948829613500273,0.9414591313434109
transit,0.638,0.7002924193468363,0.704080179949318,0.6946107784431138,0.941434726969514
transit,0.639,0.700141179187256,0.7040095682879599,0.6943385955362004,0.9413267927384569
transit,0.64,0.7001430934988477,0.7040127588072793,0.6943385955362004,0.9412943758008601
transit,0.641,0.6999475358259414,0.703868284623711,0.6940664126292869,0.9411109242763428
transit,0.642,0.6999754168381414,0.7039147529773776,0.6940664126292869,0.9410514321102823
transit,0.643,0.6999311011811882,0.7038408935491224,0.6940664126292869,0.9409759148168222
transit,0.644,0.6999228803462347,0.7038271921575333,0.6940664126292869,0.9409084100870618
transit,0.645,0.7000114948736416,0.7037934277652691,0.6943385955362004,0.9408382345027348
transit,0.646,0.7000374734462229,0.703836725386238,0.6943385955362004,0.9408111592742713
transit,0.647,0.7000976698762529,0.7039370527696212,0.6943385955362004,0.9408245135471045
transit,0.648,0.7001964140144517,0.7039201710620101,0.6946107784431138,0.940789425754941
transit,0.649,0.7001274989000444,0.7039867678092738,0.6943385955362004,0.9407326044434472
transit,0.65,0.699998363580036,0.703952997547202,0.6940664126292869,0.9406624288591202
transit,0.651,0.700082705402592,0.704093567251462,0.6940664126292869,0.9406811248410866
transit,0.652,0.7002277353729875,0.7041538285975124,0.6943385955362004,0.9406891374047865
transit,0.653,0.7003848272412035,0.7042341931065967,0.6946107784431138,0.940699820823053
transit,0.654,0.7006184915945031,0.704260723152878,0.6951551442569407,0.9406376578024259
transit,0.655,0.7007876679359835,0.7043612284507363,0.6954273271638541,0.940651012075259
transit,0.656,0.7007876679359835,0.7043612284507363,0.6954273271638541,0.940651012075259
transit,0.657,0.7008156722153189,0.7044079022496289,0.6954273271638541,0.9405915199091985
transit,0.658,0.7008335615126373,0.7044377177451595,0.6954273271638541,0.9404969399509746
transit,0.659,0.7008577026270222,0.7044779529358008,0.6954273271638541,0.9405022816601079
transit,0.66,0.7008756100633935,0.7045077986630863,0.6954273271638541,0.940407701701884
transit,0.661,0.7012746932109806,0.7046285714285714,0.6962438758845945,0.9404237268292839
transit,0.662,0.7011595962582877,0.704618198445359,0.695971692977681,0.9403238051619266
transit,0.663,0.7013168026689172,0.7046987538584657,0.6962438758845945,0.9403344885801931
transit,0.664,0.701050354421445,0.7046175839885632,0.6956995100707676,0.940126632681779
transit,0.665,0.7007920602766317,0.7045500042897589,0.6951551442569407,0.939986281513125
transit,0.666,0.7006406738140798,0.704479148790115,0.6948829613500273,0.939878347282068
transit,0.667,0.7005115120180143,0.7044453344012814,0.6946107784431138,0.939808171697741
transit,0.668,0.7003842894633714,0.7044147520814855,0.6943385955362004,0.9397055791758172
transit,0.669,0.7002449653951115,0.704364000572328,0.6940664126292869,0.9396003157993268
transit,0.67,0.6999986973614027,0.7043164643920312,0.69352204681546,0.9394626354852396
transit,0.671,0.7000872556127555,0.7042826062063436,0.6937942297223735,0.9393924599009126
transit,0.672,0.7002000060412354,0.7042890683158678,0.6940664126292869,0.9393276260257188
transit,0.673,0.700238248900512,0.704352806414662,0.6940664126292869,0.939303221651822
transit,0.674,0.7001332615744624,0.7043592828091884,0.6937942297223735,0.9392383877766282
transit,0.675,0.7000626516584632,0.7044230548871319,0.69352204681546,0.9392139834027313
transit,0.676,0.7000868683451607,0.7044634160316278,0.69352204681546,0.9392193251118646
transit,0.677,0.6997195996619809,0.7043956673734885,0.6927054980947196,0.9390789739432106
transit,0.678,0.699604452472371,0.7043852106620808,0.6924333151878062,0.9389790522758534
transit,0.679,0.6996122388568187,0.7043981879694937,0.6924333151878062,0.9388493845254661
transit,0.68,0.6994728493335547,0.7043473273686626,0.6921611322808927,0.9387441211489757
transit,0.681,0.6993092105858887,0.7042560513938283,0.6918889493739793,0.938633516063352
transit,0.682,0.6991799787300113,0.7042221202386416,0.6916167664670658,0.938563340479025
transit,0.683,0.6994462085061609,0.704302925989673,0.6921611322808927,0.9385740238972915
transit,0.684,0.6996176506476004,0.7044072076207966,0.6924333151878062,0.9385549612325278
transit,0.685,0.6995267570280795,0.704437173526204,0.6921611322808927,0.938460381274304
transit,0.686,0.6994926394343733,0.7045617661413027,0.6918889493739793,0.9384439894641068
transit,0.687,0.699220080976388,0.7044704125872118,0.6913445835601524,0.9383333843784831
transit,0.6880000000000001,0.6992584491090966,0.7045343594750595,0.6913445835601524,0.9383089800045862
transit,0.6890000000000001,0.6992745062181785,0.7045611213235293,0.6913445835601524,0.9382468169839591
transit,0.6900000000000001,0.6992439523554025,0.7045101982189026,0.6913445835601524,0.9381415536074686
transit,0.6910000000000001,0.6994519596113384,0.7046754217075203,0.6916167664670658,0.9381305035064048
transit,0.6920000000000001,0.6994884125300382,0.7047361765720198,0.6916167664670658,0.9381385160701048
transit,0.6930000000000001,0.6992746055616692,0.7047427421672895,0.6910724006532389,0.938073682194911
transit,0.6940000000000001,0.6992542347970283,0.704708790892888,0.6910724006532389,0.9380035066105841
transit,0.6950000000000001,0.6993913615165332,0.7047558801541204,0.6913445835601524,0.9379440144445237
transit,0.6960000000000001,0.6995508508449724,0.7048402404302435,0.6916167664670658,0.9379222809251933
transit,0.6970000000000001,0.6995649911670316,0.7048638076336756,0.6916167664670658,0.9378925348421632
transit,0.6980000000000001,0.6996297886446006,0.7049718034296236,0.6916167664670658,0.9378410552398024
transit,0.6990000000000001,0.6995127118448259,0.7049581307012749,0.6913445835601524,0.9377735505100422
transit,0.7000000000000001,0.6992805338715167,0.7049340779549774,0.6908002177463255,0.9376061241129248
transit,0.7010000000000001,0.6992365256528725,0.7050421861951796,0.690528034839412,0.9375546445105641
transit,0.7020000000000001,0.6991132297515095,0.7050181482975169,0.6902558519324986,0.9373872181134466
transit,0.7030000000000001,0.6992728441544527,0.7051027170311465,0.690528034839412,0.9373654845941164
transit,0.704,0.6990264954504555,0.705055046400369,0.6899836690255852,0.937227804280029
transit,0.705,0.6987435524849801,0.7049463853337946,0.6894393032117583,0.9370821114022418
transit,0.706,0.6988218025429539,0.7048953468258087,0.6897114861186717,0.9369768480257514
transit,0.707,0.698561228330121,0.7048239670136386,0.6891671203048448,0.9368689137946944
transit,0.708,0.6986810872947229,0.7046608214120904,0.6897114861186717,0.9366503744780137
transit,0.709,0.6984366115379794,0.7046162723600693,0.6891671203048448,0.9364802772263296
transit,0.71,0.6983194812353232,0.704602510460251,0.6888949373979314,0.9364127724965693
transit,0.711,0.6980832441035103,0.7045716924497807,0.6883505715841045,0.9363101799746455
transit,0.712,0.697968076025149,0.7045612009237876,0.6880783886771911,0.9362102583072883
transit,0.713,0.6979944563803611,0.7046051681824744,0.6880783886771911,0.9361831830788248
transit,0.714,0.6980086359421305,0.7046288007854234,0.6880783886771911,0.9361534369957945
transit,0.715,0.6977865727501984,0.7046216060080878,0.6875340228633642,0.9360210983908406
transit,0.716,0.6976611647603901,0.7045940479630163,0.6872618399564507,0.9358860889313199
transit,0.717,0.6975684547916092,0.7046209866196572,0.6869896570495373,0.9358239259106929
transit,0.718,0.6973566330000367,0.7046308608429208,0.6864452912357104,0.9357266750979023
transit,0.719,0.6970959219337655,0.7045592529416868,0.6859009254218835,0.9356187408668453
transit,0.72,0.6968146886205506,0.7044534412955465,0.6853565596080566,0.9354406310514611
transit,0.721,0.696660854619378,0.7043785065648678,0.6850843767011432,0.935365113758001
transit,0.722,0.69669201209417,0.7042489804182455,0.6853565596080566,0.9352167500256472
transit,0.723,0.6965767855423117,0.7042383914364241,0.6850843767011432,0.93511682835829
transit,0.724,0.6965806993768894,0.7042449144940536,0.6850843767011432,0.9350519944830964
transit,0.725,0.6962271763480358,0.704200075259791,0.6842678279804029,0.9348818972314124
transit,0.726,0.6961589158555583,0.7042677630436042,0.6839956450734894,0.9348250759199184
transit,0.727,0.6958569780326124,0.7041274438812456,0.6834512792596625,0.9345767905202075
transit,0.728,0.6958300234820355,0.7040825196302841,0.6834512792596625,0.9344066932685233
transit,0.729,0.6958481232159075,0.704112685853404,0.6834512792596625,0.9343121133102994
transit,0.73,0.6958642779376312,0.7041396103896104,0.6834512792596625,0.9342499502896724
transit,0.731,0.6958946482849873,0.7041902276352037,0.6834512792596625,0.9341580411860151
transit,0.732,0.6956582697579388,0.7041591739660074,0.6829069134458357,0.9340554486640913
transit,0.733,0.6956513852517805,0.7043291550603528,0.6826347305389222,0.9340119816254306
transit,0.734,0.6956101959072336,0.7042605061527745,0.6826347305389222,0.9338716304567767
transit,0.735,0.6952546336004982,0.7042122681220425,0.6818181818181818,0.9337339501426895
transit,0.736,0.6951742229043256,0.7042597055663637,0.6815459989112683,0.933674457976629
transit,0.737,0.6950383555184236,0.7042147151944695,0.6812738160043549,0.9335043607249449
transit,0.738,0.6949334094052704,0.7042212602771564,0.6810016330974414,0.9334395268497513
transit,0.739,0.6947916348033889,0.7041664245452961,0.680729450190528,0.9333666804108576
transit,0.74,0.6947461152831057,0.7042720139494332,0.6804572672836146,0.933347617746094
transit,0.741,0.6946657435349953,0.7043195163071915,0.6801850843767011,0.9332881255800335
transit,0.742,0.6944703943632117,0.7041753896254943,0.6799129014697877,0.9330722571179194
transit,0.743,0.6942113509771354,0.7041065611912518,0.6793685356559608,0.9329319059492656
transit,0.744,0.6943733061020567,0.7041950311281783,0.6796407185628742,0.9328777554923383
transit,0.745,0.6944101846059125,0.7042564953012713,0.6796407185628742,0.9328857680560382
transit,0.746,0.6939107546134455,0.7041499330655957,0.6785519869352205,0.9327076582406542
transit,0.747,0.6938674577539758,0.7040777716331461,0.6785519869352205,0.9325997240095971
transit,0.748,0.6938856388652752,0.7041080734853116,0.6785519869352205,0.9325051440513732
transit,0.749,0.6937618925408436,0.7042647401538104,0.6780076211213936,0.9323941722829523
transit,0.75,0.6936220000046313,0.7042130411980654,0.6777354382144801,0.9322889089064619
transit,0.751,0.693759439426001,0.7042606516290727,0.6780076211213936,0.9322294167404013
transit,0.752,0.6933668102124473,0.7041506354203101,0.6771910724006532,0.9320837238626143
transit,0.753,0.6935781403003694,0.7041399416909621,0.6777354382144801,0.9319838021952571
transit,0.754,0.6933396899819548,0.7041054350361559,0.6771910724006532,0.93191362661093
transit,0.755,0.6930682017224846,0.7040158651462568,0.6766467065868264,0.9317706045877097
transit,0.756,0.69271637778727,0.703973857734726,0.675830157866086,0.9315680903984286
transit,0.757,0.6929380433928243,0.7039803898680985,0.6763745236799129,0.931503256523235
transit,0.758,0.6924630338714335,0.7039145284175498,0.6752857920522591,0.9313304884169842
transit,0.759,0.6925370198076777,0.7040378383112902,0.6752857920522591,0.9313465135443839
transit,0.76,0.6923375038793278,0.7040682223065914,0.6747414262384323,0.93125193358616
transit,0.761,0.6919940694961655,0.7040401974818146,0.6739248775176919,0.9311169241266394
transit,0.762,0.6921893431039234,0.7041841982234688,0.6741970604246054,0.9311356201086058
transit,0.763,0.6921354977531488,0.7040944559721777,0.6741970604246054,0.9309925980853853
transit,0.764,0.6917446275066161,0.7039873713751168,0.673380511703865,0.9308144882700012
transit,0.765,0.6915714697684372,0.7038802304160942,0.6731083287969516,0.9306363784546172
transit,0.766,0.6913492075168722,0.703872703872704,0.6725639629831247,0.9305040398496632
transit,0.767,0.6913323322235032,0.7038445783837557,0.6725639629831247,0.9303690303901426
transit,0.768,0.6912085311436118,0.703819698521879,0.6722917800762113,0.9302016039930252
transit,0.769,0.6908773795363911,0.7038121449903378,0.6714752313554708,0.9300692653880711
transit,0.77,0.6906303634959079,0.7037633621320839,0.6709308655416439,0.9299315850739839
transit,0.771,0.6901161154285134,0.7036321031048622,0.6698421339139902,0.92978322134163
transit,0.772,0.6901610293897719,0.7037069597069596,0.6698421339139902,0.9296615661549426
transit,0.773,0.6898109553368654,0.7036678687659426,0.6690255851932498,0.9294266350280648
transit,0.774,0.6895782095796568,0.703642869713146,0.668481219379423,0.9292592086309472
transit,0.775,0.6892169949473652,0.7034037558685445,0.6679368535655961,0.9289327350832095
transit,0.776,0.6892437069434798,0.7034482758620689,0.6679368535655961,0.9289056598547458
transit,0.777,0.6886385963992583,0.7033470346447445,0.6665759390310289,0.9286627161641682
transit,0.778,0.6883685764234446,0.7032599118942731,0.666031573217202,0.9284872772033508
transit,0.779,0.6881709678101909,0.7032934747480682,0.6654872074033751,0.92836028030753
transit,0.78,0.6879869091108752,0.7031681655204843,0.6652150244964616,0.9281470826999826
transit,0.781,0.687564100551093,0.7030078504013407,0.6643984757757213,0.9278637095081081
transit,0.782,0.6869035417245308,0.7026327401088396,0.6633097441480675,0.9274212891656135
transit,0.783,0.6866227920069741,0.702527734455463,0.6627653783342407,0.9272107624126327
transit,0.784,0.6865215194355389,0.70254040210768,0.6624931954273272,0.9270810946622452
transit,0.785,0.6862760423433536,0.7024941841632557,0.6619488296135003,0.9269109974105612
transit,0.786,0.6864775397340295,0.7026485578764399,0.6622210125204138,0.926832442579737
transit,0.787,0.6863676943166612,0.7026469374521017,0.6619488296135003,0.9266352700995892
transit,0.788,0.6862645496517653,0.7026564849485509,0.6616766467065869,0.9265380192867987
transit,0.789,0.6858872199399733,0.7025719679093912,0.6608600979858464,0.9263301633883845
transit,0.79,0.6859388705953475,0.7026580523350149,0.6608600979858464,0.9263084298690543
transit,0.791,0.6856474096530359,0.7025351946403802,0.6603157321720196,0.9260628153239099
transit,0.792,0.685343444683224,0.7023914968999115,0.6597713663581927,0.9258145299241989
transit,0.793,0.6848465585444088,0.702289174420322,0.6586826347305389,0.9255715862336211
transit,0.794,0.6845169612796027,0.7022842114594722,0.6578660860097986,0.9254068306910703
transit,0.795,0.6845562171732411,0.7023496379488695,0.6578660860097986,0.9253824263171734
transit,0.796,0.6840026379913249,0.7021528270641116,0.6567773543821448,0.9250288775409721
transit,0.797,0.6837463757125174,0.7020886338086504,0.6562329885683179,0.9248236924971245
transit,0.798,0.6836828965223256,0.7019828351583308,0.6562329885683179,0.9246131657441437
transit,0.799,0.6835815512301607,0.7019953816093315,0.6559608056614045,0.9244834979937562
transit,0.8,0.6836053299958333,0.7020350128854527,0.6559608056614045,0.9242916672227417
transit,0.801,0.6836631118618677,0.701949860724234,0.6562329885683179,0.9240838113243275
transit,0.802,0.6834903552711955,0.7020248436156652,0.655688622754491,0.92396215613764
transit,0.803,0.6833051447194989,0.7020790699053888,0.6551442569406641,0.9238378300963859
transit,0.804,0.6832221635751261,0.7019407679981008,0.6551442569406641,0.9235247108214812
transit,0.805,0.6831246015849968,0.701959619952494,0.6548720740337507,0.9233302091959001
transit,0.806,0.6828969279608557,0.7019430744548102,0.6543277082199238,0.9230655319859922
transit,0.807,0.6828919594433474,0.7019347935922965,0.6543277082199238,0.9229331933810381
transit,0.808,0.6828407287538503,0.702030864381077,0.6540555253130104,0.9228142090489172
transit,0.809,0.6827250075450757,0.7020194509710616,0.6537833424060969,0.9227142873815601
transit,0.81,0.6820723455460409,0.7018389573290484,0.6524224278715297,0.9223958263975222
transit,0.811,0.6815853210614349,0.701571615668532,0.6516058791507894,0.9220990989328146
transit,0.812,0.6814964657232301,0.7016049787094661,0.6513336962438759,0.9219721020369938
transit,0.8130000000000001,0.6812987527260856,0.7016383675901101,0.6507893304300489,0.9218451051411731
transit,0.8140000000000001,0.6811045165165559,0.7014960958455029,0.6505171475231355,0.9215644028038653
transit,0.8150000000000001,0.6807407816088014,0.7014342368130722,0.6497005988023952,0.9213268008224209
transit,0.8160000000000001,0.680171433821749,0.7012111449197542,0.6486118671747414,0.9210029981292497
transit,0.8170000000000001,0.6800574278236899,0.7012025901942646,0.648339684267828,0.9208706595242957
transit,0.8180000000000001,0.679864764786573,0.7010629404036786,0.6480675013609145,0.9205575402493911
transit,0.8190000000000001,0.6794487353957148,0.7009139238994087,0.6472509526401742,0.920341671787277
transit,0.8200000000000001,0.6791433595804,0.7007678747497684,0.6467065868263473,0.920093386387566
transit,0.8210000000000001,0.6788636233854971,0.7008460135720905,0.645890038105607,0.9199393142632817
transit,0.8220000000000001,0.6785581504885764,0.7006998026197739,0.6453456722917801,0.9196910288635707
transit,0.8230000000000001,0.6782077757330125,0.7004787552363854,0.6448013064779532,0.9193348092328026
transit,0.8240000000000001,0.6777095472279508,0.7003741954797186,0.6437125748502994,0.9190918655422251
transit,0.8250000000000001,0.6772256590167286,0.7002935362127839,0.6426238432226457,0.918819175768617
transit,0.8260000000000001,0.6769234983390782,0.7001528456259177,0.6420794774088188,0.9185060564937124
transit,0.8270000000000001,0.6764835861532503,0.6999640244633649,0.6412629286880784,0.9182524293848683
transit,0.8280000000000001,0.6759392073892663,0.6999640028797697,0.6399020141535111,0.9180228399671237
transit,0.8290000000000001,0.6754532841988183,0.6998799519807924,0.6388132825258573,0.9177825671311126
transit,0.8300000000000001,0.6753732121818716,0.69992795389049,0.6385410996189439,0.9177230749650522
transit,0.8310000000000001,0.6750699963722571,0.6999669600216261,0.6377245508982036,0.9175312441940378
transit,0.8320000000000001,0.674693572365932,0.6997024972203022,0.6371801850843767,0.9171696828541365
transit,0.833,0.6745358871419577,0.699621143784954,0.6369080021774632,0.9168969930805286
transit,0.834,0.6745321817397134,0.6996149681145468,0.6369080021774632,0.9167322375379778
transit,0.835,0.6743256694285594,0.6994522362005658,0.6366358192705498,0.9164164474085065
transit,0.836,0.6740801998642585,0.6995874860738912,0.6358192705498095,0.9163352217231157
transit,0.837,0.6733436367385861,0.6994486124920909,0.6341861731083288,0.9159896855106142
transit,0.838,0.6729539195175476,0.6991619943329114,0.6336418072945019,0.9156254533161463
transit,0.839,0.672482217804844,0.6989201906255655,0.6328252585737616,0.915234145893215
transit,0.84,0.6720574675240187,0.6987566393046838,0.6320087098530213,0.9149183557637437
transit,0.841,0.6720282152538519,0.6987078855210723,0.6320087098530213,0.9147482585120594
transit,0.842,0.671603306789649,0.6985440705612276,0.6311921611322809,0.9144324683825882
transit,0.843,0.6713521796683648,0.6986698911729142,0.6303756124115406,0.9142189040922435
transit,0.844,0.6707710136565674,0.6984271022383545,0.6292868807838867,0.9138275966693119
transit,0.845,0.6701989838669543,0.6983809956120441,0.6279259662493195,0.9136250824800309
transit,0.846,0.6694994307404134,0.698122350090854,0.6265650517147523,0.9131662703273392
transit,0.847,0.6691409034254852,0.6980691703798005,0.625748502994012,0.9127990005955073
transit,0.848,0.6686192160802081,0.6979255125561081,0.6246597713663582,0.9124858813206027
transit,0.849,0.6681863834787999,0.6979299459721969,0.6235710397387044,0.9121914580276644
transit,0.85,0.6671607444876387,0.6974907345525243,0.6216657593903103,0.9115789404334858
transit,0.851,0.6665729976315361,0.6974184328153981,0.6203048448557431,0.9111765829094903
transit,0.852,0.6660541648457363,0.6972795325908344,0.6192161132280892,0.9107986297593921
transit,0.853,0.6654383079818723,0.6969789255694968,0.6181273816004355,0.9103020589599702
transit,0.854,0.6645004864872194,0.6966860766440047,0.6162221012520414,0.9097082373477576
transit,0.855,0.6644626668026377,0.6966230438363685,0.6162221012520414,0.9094382184287164
transit,0.856,0.6636883736489184,0.696058376331939,0.6151333696243876,0.9087448418319442
transit,0.857,0.6631430614315075,0.6958753437213566,0.6140446379967338,0.9083615469727125
transit,0.858,0.6626318941179115,0.695386308741248,0.6135002721829069,0.9077761046069973
transit,0.859,0.6623690002634124,0.6954925181309096,0.6126837234621666,0.9075274525244891
transit,0.86,0.661997724986124,0.695236636544647,0.6121393576483397,0.9069713895590067
transit,0.861,0.6601949764128459,0.6944095188444909,0.6088731627653783,0.9060163732896904
transit,0.862,0.6600344391971448,0.694323412089598,0.6086009798584648,0.9057436835160825
transit,0.863,0.6584963575943193,0.6937559507355876,0.605606967882417,0.9050178899817134
transit,0.864,0.6579509025306761,0.6935726800479514,0.6045182362547632,0.904602178184885
transit,0.865,0.6568670327562484,0.6930364173228346,0.6026129559063691,0.9040113941100365
transit,0.866,0.6561303750844868,0.692897386164219,0.6009798584648884,0.9035686070847444
transit,0.867,0.6553786860125463,0.6925518474006964,0.5996189439303212,0.9030018607009955
transit,0.868,0.6546138033319244,0.6921843192893714,0.5982580293957539,0.90243244346268
transit,0.869,0.6536427172319856,0.6916545740837939,0.5966249319542732,0.9017119916374442
transit,0.87,0.6529369009982865,0.6913854900506735,0.595264017419706,0.9012531794847525
transit,0.871,0.6524485814682688,0.6911159899811374,0.5944474686989657,0.9007943673320606
transit,0.872,0.6522020654231183,0.6908865851771624,0.5941752857920523,0.900373313826099
transit,0.873,0.6511547811665614,0.6904112983151636,0.5922700054436582,0.8997581253773536
transit,0.874,0.6507616667123343,0.6901190181006696,0.5917256396298313,0.8992966423700951
transit,0.875,0.6500211615242987,0.689792119143655,0.590364725095264,0.898700149903316
transit,0.876,0.6489622610343464,0.6892974718926641,0.5884594447468698,0.8980174567248103
transit,0.877,0.6482440377999173,0.6890077095249938,0.5870985302123026,0.8974911398423582
transit,0.878,0.6473657212780962,0.6884511250116702,0.5857376156777354,0.8967356002249588
transit,0.879,0.6465369221620995,0.6879770695080537,0.5843767011431682,0.8960231609634228
transit,0.88,0.6462447521410204,0.6876715747441976,0.5841045182362548,0.8953645054760166
transit,0.881,0.6452835734720658,0.6871583419235936,0.5824714207947741,0.8945494736925569
transit,0.882,0.644383748220927,0.6867473647993494,0.5808383233532934,0.893812630057124
transit,0.883,0.6433395789133018,0.6864587247901791,0.5786608600979859,0.8931890623618812
transit,0.884,0.6428035151706964,0.6862911063042728,0.577572128470332,0.8927111875444258
transit,0.885,0.6423505324860075,0.6858990457056756,0.5770277626565051,0.8919770147635595
transit,0.886,0.6411154811683986,0.6852922690131993,0.5748502994011976,0.8911837164994301
transit,0.887,0.6394675904987608,0.6845417925478349,0.5718562874251497,0.89020963756535
transit,0.888,0.6391272558245273,0.6845189339046059,0.5710397387044094,0.8898152926050545
transit,0.889,0.6384021294811769,0.6840362110841245,0.5699510070767556,0.8890704364059216
transit,0.89,0.6375434280465658,0.6835123183828175,0.5685900925421884,0.8882554046224619
transit,0.891,0.6370603336796602,0.683432982189744,0.5675013609145345,0.8876585454728856
transit,0.892,0.636084469101575,0.6830767281251982,0.5655960805661404,0.8869297144011525
transit,0.893,0.635520976937823,0.6828633956040471,0.5645073489384866,0.88638166399937
transit,0.894,0.6343199556706738,0.6823133356623369,0.5623298856831791,0.8855639613613436
transit,0.895,0.6332976101925227,0.6820610687022901,0.5601524224278716,0.8848809015000405
transit,0.896,0.6323468783866795,0.6813837920489296,0.5587915078933043,0.8839175059842269
transit,0.897,0.6314565229807061,0.6811700532712367,0.5568862275449101,0.8833046217072508
transit,0.898,0.6303872039864167,0.6806580418463505,0.554980947196516,0.8824922607783576
transit,0.899,0.6288592902172195,0.6801075268817205,0.5519869352204682,0.881512473452347
transit,0.9,0.6271748209950467,0.679296086162131,0.5489929232444203,0.8804358019963432
transit,0.901,0.6258843637839883,0.6784155110426296,0.5470876428960262,0.8793835349142363
transit,0.902,0.6242564574059577,0.6775168864586684,0.5443658138268916,0.8781340953519816
transit,0.903,0.6229607552165466,0.676809024979855,0.5421883505715841,0.8769735273560204
transit,0.904,0.6220719801866661,0.6764164648910412,0.5405552531301034,0.8761771915545269
transit,0.905,0.6210600617417465,0.6756372105058869,0.5391943385955362,0.8750410279324627
transit,0.906,0.6196317831727594,0.6750712989369977,0.5364725095264018,0.8740288236688551
transit,0.907,0.6186259038491692,0.6744835650253346,0.534839412084921,0.8729166977378905
transit,0.908,0.6178193680957429,0.6744095256685536,0.5329341317365269,0.8723225094428808
transit,0.909,0.6159658777496836,0.6733163830758199,0.5299401197604791,0.8709868691688994
transit,0.91,0.614902870337412,0.6726334356830209,0.5283070223189984,0.8698640598196683
transit,0.911,0.6133507903462706,0.6718611884105418,0.5255851932498639,0.86863331623938
transit,0.912,0.6119744692040426,0.6710189620103668,0.5234077299945563,0.8674269770329888
transit,0.913,0.6110379579832507,0.6705468416033673,0.5217746325530757,0.8663632931670207
transit,0.914,0.6094929906263737,0.6697864487213288,0.5190528034839412,0.8651676373788959
transit,0.915,0.6079355903406936,0.6688238790200092,0.5166031573217202,0.8639479438996716
transit,0.916,0.6065847893655505,0.6683870967741936,0.5138813282525857,0.8630192694932242
transit,0.917,0.6045087054288978,0.6672858754063558,0.5103429504627109,0.8614917984482284
transit,0.918,0.6025246985731604,0.6661566605687675,0.5070767555797496,0.8599292396110692
transit,0.919,0.6007105926137715,0.6653106138917603,0.5038105606967882,0.8585959035088571
transit,0.92,0.5990975210160603,0.6644367139416645,0.5010887316276538,0.8570653949264975
transit,0.921,0.5982143435782388,0.6638720279016735,0.49972781709308656,0.8558964476840389
transit,0.922,0.597396525650173,0.663416274377942,0.49836690255851934,0.8547732716520104
transit,0.923,0.5955038556552205,0.6624392876416622,0.49510070767555797,0.8531996627137874
transit,0.924,0.5941645266788707,0.6616587148512841,0.49292324442025043,0.8517149253418577
transit,0.925,0.5919929768736991,0.6609427495164083,0.4885683179096353,0.8503678682840152
transit,0.926,0.5902258342527023,0.6594491539849521,0.4863908546543277,0.8484761650445516
transit,0.927,0.5879497175201651,0.6583774551665244,0.48230811105062604,0.8467972927298381
transit,0.928,0.586133370874345,0.657527674012132,0.47904191616766467,0.8452747967111782
transit,0.929,0.5841554520853002,0.6560456954098135,0.4763200870985302,0.8431615166176698
transit,0.93,0.5819630551550992,0.6542062532389014,0.47359825802939576,0.8408460890176779
transit,0.931,0.5799054337785923,0.652591436990813,0.4708764289602613,0.8388491224017238
transit,0.932,0.5775358626769647,0.650819615076741,0.46761023407729996,0.8366416290327889
transit,0.933,0.5747644059657746,0.6491038048985012,0.4632553075666848,0.8344745651651506
transit,0.934,0.5727310031432095,0.6478922634495335,0.45998911268372344,0.8326580125363499
transit,0.935,0.5693849226141807,0.6455816574507802,0.4550898203592814,0.8300702618455473
transit,0.936,0.5668274735794868,0.6436781609195402,0.45155144256940666,0.827757505100122
transit,0.937,0.5646962868215886,0.6415778251599148,0.44937397931409906,0.8251667168719555
transit,0.9380000000000001,0.561731812219161,0.6388144974111766,0.44610778443113774,0.8222120631321185
transit,0.9390000000000001,0.5585584705688119,0.6364288790010048,0.4417528579205226,0.8194648986078983
transit,0.9400000000000001,0.5556199463157575,0.6346160781909331,0.437125748502994,0.8170114240110218
transit,0.9410000000000001,0.5526876461938979,0.632269285119026,0.43331518780620576,0.8144019398008888
transit,0.9420000000000001,0.5491032355215284,0.6297429174859805,0.4281437125748503,0.811614345775372
transit,0.9430000000000001,0.5460303629838901,0.6273432923257176,0.4240609689711486,0.8087806138566278
transit,0.9440000000000001,0.5420801991932576,0.6238444256196826,0.41943385955362006,0.8052485303147754
transit,0.9450000000000001,0.5376756797696516,0.6203141206104608,0.41371801850843765,0.8017812806481166
transit,0.9460000000000001,0.5328458792286951,0.6168008348240908,0.4069134458356015,0.7982572096699642
transit,0.9470000000000001,0.5288724747072315,0.613989054651773,0.40119760479041916,0.7952320136630028
transit,0.9480000000000001,0.5252923496620212,0.6111069191881083,0.3965704953728906,0.7920123160304604
transit,0.9490000000000001,0.5215927495259504,0.6082071138442849,0.39167120304844855,0.7888898692107085
transit,0.9500000000000001,0.5161825652934702,0.6040894324479267,0.38432226456178553,0.7849988951835215
transit,0.9510000000000001,0.5111227059712282,0.6001927153594142,0.37751769188894935,0.7808562315364622
transit,0.9520000000000001,0.5067956990511633,0.5962472320422673,0.3726183995645074,0.7768729817228206
transit,0.9530000000000001,0.5024369089950714,0.5924302321030177,0.3674469243331519,0.7731002586621598
transit,0.9540000000000001,0.4956304182306518,0.5870741047810809,0.3584648884050082,0.7683107229943529
transit,0.9550000000000001,0.4904371355500736,0.582773560157399,0.3519324986390855,0.7645601001358198
transit,0.9560000000000001,0.4855082296213823,0.5783692776397018,0.3462166575939031,0.7603987405067941
transit,0.9570000000000001,0.48021187244741187,0.5737154869224239,0.33995645073489383,0.7561862679582052
transit,0.9580000000000001,0.4740549370971694,0.5687161308723464,0.33206314643440393,0.7519741620924136
transit,0.9590000000000001,0.468473958781199,0.5637694268563441,0.32553075666848125,0.7475915922921408
transit,0.96,0.4611684710297479,0.5574001826180791,0.31682090364725096,0.742499987450493
transit,0.961,0.4557623713448684,0.552019121902126,0.31137724550898205,0.737782564855985
transit,0.962,0.4501920484166985,0.5469087215945156,0.3051170386499728,0.7335079292867691
transit,0.963,0.44272493973092775,0.5406330196749358,0.29586281981491563,0.7284373245988571
transit,0.964,0.43672949688811424,0.533725354548599,0.29123571039738705,0.7231268137577314
transit,0.965,0.4304368220326459,0.527411034362158,0.2849755035383778,0.7181450806361127
transit,0.966,0.42358400495232207,0.5203445990722334,0.27844311377245506,0.7130019961921045
transit,0.967,0.4149885785885035,0.5118254571466894,0.26973326075122483,0.7070469175020003
transit,0.968,0.4073978160906965,0.5042549339127286,0.2621121393576483,0.7015552593081267
transit,0.969,0.40037531737110543,0.49672424061941634,0.2558519324986391,0.6962390400750703
transit,0.97,0.3924460609321361,0.4878637397317492,0.2493195427327164,0.6903160116397657
transit,0.971,0.3828498807371975,0.4780395852968897,0.24006532389765922,0.6837503528444547
transit,0.972,0.3731825574231502,0.46737103791174645,0.23189983669025585,0.6771205935395448
transit,0.973,0.36478772347610977,0.45755311923935194,0.2256396298312466,0.6709759882501956
transit,0.974,0.35586774809713545,0.4470414201183432,0.2191072400653239,0.6644694549381478
transit,0.975,0.3463161361091298,0.4356584485868912,0.21230266739248776,0.6578149245765434
transit,0.976,0.33623472687932,0.4239368474662592,0.20468154599891128,0.651192811152536
transit,0.977,0.3245961669348578,0.4107087267821936,0.1954273271638541,0.6439093713865558
transit,0.978,0.3126176950775586,0.3956438993444703,0.18807838867719107,0.636132765041315
transit,0.979,0.29944817607526036,0.37986418023067803,0.17882416984213392,0.6282859831117473
transit,0.98,0.2872189269048883,0.36565157750342936,0.16956995100707675,0.6214022300151958
transit,0.981,0.2729873335859217,0.3482831897997987,0.16004354926510614,0.6135047018488621
transit,0.982,0.2587734825352306,0.3311258278145695,0.1502449646162221,0.6058303213427478
transit,0.983,0.24478914950380182,0.312536443148688,0.1431682090364725,0.5979133638288531
transit,0.984,0.2296560453516164,0.29348408211841714,0.13391399020141534,0.5901828953768395
transit,0.985,0.2140256681243673,0.271969835188226,0.1271094175285792,0.5818509594317111
transit,0.986,0.1981655085364949,0.24989116238572048,0.12057702776265651,0.5736456536996061
transit,0.987,0.18224567031151268,0.22716865937420502,0.11486118671747414,0.5655780282815883
transit,0.988,0.16379831033622042,0.20005216484089722,0.10941752857920523,0.5564260855266641
transit,0.989,0.1473919543946213,0.17379696989921914,0.10778443113772455,0.5479892528878424
transit,0.99,0.13051411542413155,0.1462116040955631,0.10696788241698421,0.539539432658985
transit,0.991,0.11381884359921027,0.11838615105402764,0.10696788241698421,0.5313890107494018
transit,0.992,0.0971033421037791,0.09070843716625134,0.10669569951007077,0.5236088961090144
transit,0.993,0.0806892974903142,0.06335169614380981,0.10669569951007077,0.5161880386367588
transit,0.994,0.06686542118993385,0.04031190230984258,0.10669569951007077,0.5101375425478508
transit,0.995,0.05562374517118849,0.021575775611933634,0.10669569951007077,0.5053307776292668
transit,0.996,0.049954818207981,0.012127564006587812,0.10669569951007077,0.5029649704753063
transit,0.997,0.04682429152101794,0.006910019528316059,0.10669569951007077,0.5016674555308523
transit,0.998,0.04403502963443458,0.002261249717343785,0.10669569951007077,0.5005396711552852
transit,0.999,0.042859493938730814,0.0003020235578375113,0.10669569951007077,0.5000755172934602
transit,1.0,0.04267827980402831,0.0,0.10669569951007077,0.5
victim,0.0,0.04617642826305944,0.07696071377176573,0.0,0.5
victim,0.001,0.7486997213463706,0.7105438106634756,0.8059335873707131,0.9826714588730263
victim,0.002,0.774993596058313,0.7247897259654518,0.8502994011976048,0.9837082871344549
victim,0.003,0.7873044234913671,0.7309728052564338,0.871801850843767,0.9839630626329183
victim,0.004,0.7947505874376264,0.7344917702076934,0.8851388132825259,0.9842358947865775
victim,0.005,0.8006252687994178,0.7375690607734806,0.8952095808383234,0.9844723493197487
victim,0.006,0.8049610660430577,0.739714641917163,0.9028307022318999,0.9846360486119441
victim,0.007,0.8089482795031986,0.7414607053596224,0.9101796407185628,0.9847685670865785
victim,0.008,0.8115543082903854,0.7427193470599147,0.9148067501360915,0.9847478459523953
victim,0.009000000000000001,0.8134530516722751,0.7437064561077567,0.9180729450190528,0.9847063376065046
victim,0.01,0.815387147119386,0.7445710299930249,0.9216113228089275,0.9847712976430901
victim,0.011,0.8170422456302311,0.7453335195270681,0.9246053347849755,0.9848284624752853
victim,0.012,0.8183762642506758,0.7459237864529953,0.9270549809471965,0.9848726353001636
victim,0.013000000000000001,0.8195557542431267,0.7466194162081508,0.9289602612955906,0.9849246033294319
victim,0.014,0.8206381711097126,0.7471532574201979,0.9308655416439847,0.98490644755795
victim,0.015,0.8217562200677937,0.7477464854514034,0.9327708219923789,0.9849506203828282
victim,0.016,0.8228328638190909,0.7482707048046363,0.934676102340773,0.9849895964047795
victim,0.017,0.823801075731619,0.7487956596978627,0.9363091997822537,0.9850285724267307
victim,0.018000000000000002,0.8244116760735558,0.7490875058493215,0.9373979314099075,0.984992227845005
victim,0.019,0.825173435835298,0.7494498290958468,0.9387588459444747,0.984961080066206
victim,0.02,0.8256966371352357,0.7497774654485828,0.939575394665215,0.9849273338859436
victim,0.021,0.8264729581038373,0.7501640573732071,0.9409363091997822,0.9849559163020412
victim,0.022,0.8267821701320437,0.750316500211,0.9414806750136091,0.9849091781144617
victim,0.023,0.8271477274003928,0.7505628517823639,0.942025040827436,0.9849273669247056
victim,0.024,0.8278611389015581,0.7508445945945946,0.9433859553620033,0.984948154136413
victim,0.025,0.8280334369209695,0.7509503026890046,0.9436581382689168,0.9849559493408033
victim,0.026000000000000002,0.8286169903771804,0.751197070697587,0.9447468698965705,0.9849741381510472
victim,0.027,0.8291583003364118,0.7513734328778703,0.9458356015242243,0.9849871301583644
victim,0.028,0.8294395608997175,0.7514792899408284,0.9463799673380512,0.9849949253627546
victim,0.029,0.8293802174410163,0.7515618394476021,0.9461077844311377,0.9849429903722482
victim,0.03,0.8298763541902189,0.7518443682157794,0.9469243331518781,0.9849637775839555
victim,0.031,0.8297534866311875,0.7518210442220028,0.9466521502449646,0.9849040473890589
victim,0.032,0.8301861258211227,0.7519977437247345,0.947468698965705,0.984917039396376
victim,0.033,0.8306188148581128,0.7521745263058912,0.9482852476864453,0.9849300314036932
victim,0.034,0.8310303258988724,0.7523160122266636,0.9491017964071856,0.9849404250095468
victim,0.035,0.8313117618501207,0.7524221616028596,0.9496461622210125,0.984948220213937
victim,0.036000000000000004,0.8315055824767984,0.75256374070938,0.949918345127926,0.9849586138197908
victim,0.037,0.8313687688311923,0.7525171732379787,0.9496461622210125,0.9848391534299976
victim,0.038,0.8314988865384427,0.7525525808121207,0.949918345127926,0.9848417518314609
victim,0.039,0.8321920201598292,0.7528005271580532,0.9512792596624932,0.9848599406417049
victim,0.04,0.8330153995700951,0.7530840945475092,0.9529123571039738,0.9848807278534123
victim,0.041,0.8334271373510782,0.753225958368654,0.9537289058247143,0.9848911214592659
victim,0.042,0.8341631366242779,0.7535453474676089,0.9550898203592815,0.9849145070724368
victim,0.043000000000000003,0.8341844392632,0.7535808518658123,0.9550898203592815,0.9849171054739001
victim,0.044,0.8345823609980186,0.7536996889433499,0.9559063690800218,0.9848677688848573
victim,0.045,0.8350155707407263,0.753877339367369,0.9567229178007621,0.9848807608921744
victim,0.046,0.8350582209131482,0.7539484229880722,0.9567229178007621,0.9848859576951012
victim,0.047,0.8356857389148433,0.7542684652391284,0.9578116494284159,0.984909343308272
victim,0.048,0.8357924901247182,0.7544463839222532,0.9578116494284159,0.9849223353155891
victim,0.049,0.8360743113531017,0.7545531754270077,0.9583560152422428,0.9849301305199794
victim,0.05,0.8362547529240008,0.7546724561072305,0.9586281981491562,0.9848807939309365
victim,0.051000000000000004,0.836557998394861,0.7548149546827795,0.9591725639629831,0.9848911875367902
victim,0.052000000000000005,0.8365793782264621,0.7548505877354482,0.9591725639629831,0.9848937859382536
victim,0.053,0.8368612761600158,0.7549575070821531,0.95971692977681,0.9849015811426438
victim,0.054,0.8368826640680498,0.7549931535955429,0.95971692977681,0.9849041795441072
victim,0.055,0.8369254459438732,0.7550644567219154,0.95971692977681,0.984909376347034
victim,0.056,0.8372073802368215,0.7551714366676112,0.9602612955906369,0.9849171715514243
victim,0.057,0.8373665871097293,0.7552553261845152,0.9605334784975503,0.9848652365609181
victim,0.058,0.8378216817279343,0.7554694514010301,0.9613500272182907,0.9848808269696985
victim,0.059000000000000004,0.8379948197778699,0.7555765595463138,0.9616222101252041,0.9848886221740888
victim,0.06,0.8382201303992451,0.7555891667060547,0.962166575939031,0.9848314903806556
victim,0.061,0.8383718637369124,0.7556606003308911,0.9624387588459444,0.9848366871835824
victim,0.062,0.8385311852117814,0.7557446808510637,0.9627109417528579,0.9847847521930762
victim,0.063,0.8385526257909346,0.7557804151496524,0.9627109417528579,0.9847873505945395
victim,0.064,0.8386829415605228,0.7558161528276905,0.9629831246597713,0.9847899489960029
victim,0.065,0.8388776054330304,0.7559591373439274,0.9632553075666848,0.9848003426018566
victim,0.066,0.8390723017712747,0.7561021759697256,0.9635274904735982,0.9848107362077103
victim,0.067,0.8391366904696116,0.7562094904669537,0.9635274904735982,0.9848185314121005
victim,0.068,0.8392884995864133,0.7562810503903477,0.9637996733805118,0.9848237282150274
victim,0.069,0.8395491899927877,0.7563526238584205,0.9643440391943386,0.9848289250179543
victim,0.07,0.8398743320903544,0.7565316168118137,0.9648884050081655,0.9848419170252714
victim,0.07100000000000001,0.8400046905075377,0.7565674255691768,0.965160587915079,0.9848445154267347
victim,0.07200000000000001,0.8401350509587316,0.7566032377165578,0.9654327708219924,0.9848471138281982
victim,0.073,0.840395777964307,0.7566748721832987,0.9659771366358193,0.984852310631125
victim,0.074,0.8404387667838609,0.7567465202158886,0.9659771366358193,0.9848575074340519
victim,0.075,0.8405906369080023,0.7568181818181818,0.9662493195427327,0.9848627042369786
victim,0.076,0.8405906369080023,0.7568181818181818,0.9662493195427327,0.9848627042369786
victim,0.077,0.8406121384425962,0.7568540177091719,0.9662493195427327,0.9848653026384422
victim,0.078,0.8407425151762785,0.7568898569940334,0.9665215024496462,0.9848679010399055
victim,0.079,0.8407640207838079,0.7569256996732491,0.9665215024496462,0.984870499441369
victim,0.08,0.8409159112726262,0.7569973952166706,0.9667936853565596,0.9848756962442957
victim,0.081,0.841198198869064,0.7571049640015157,0.9673380511703865,0.984883491448686
victim,0.082,0.841198198869064,0.7571049640015157,0.9673380511703865,0.984883491448686
victim,0.083,0.8412412365742655,0.7571766935101848,0.9673380511703865,0.9848886882516129
victim,0.084,0.8412627584851142,0.7572125633615994,0.9673380511703865,0.9848912866530763
victim,0.085,0.8412627584851142,0.7572125633615994,0.9673380511703865,0.9848912866530763
victim,0.08600000000000001,0.8412627584851142,0.7572125633615994,0.9673380511703865,0.9848912866530763
victim,0.08700000000000001,0.8412627584851142,0.7572125633615994,0.9673380511703865,0.9848912866530763
victim,0.088,0.8411400820853201,0.7571895579665514,0.9670658682634731,0.9848315564581798
victim,0.089,0.8411616074209962,0.7572254335260116,0.9670658682634731,0.9848341548596431
victim,0.09,0.8411616074209962,0.7572254335260116,0.9670658682634731,0.9848341548596431
victim,0.091,0.8411831347965051,0.757261312485193,0.9670658682634731,0.9848367532611065
victim,0.092,0.8408947214366655,0.7571435340946785,0.9665215024496462,0.9847120960683865
victim,0.093,0.841025122706741,0.7571794142735286,0.9667936853565596,0.9847146944698499
victim,0.094,0.8411770582058631,0.7572511848341231,0.9670658682634731,0.9847198912727768
victim,0.095,0.8413290018692352,0.7573229690018011,0.9673380511703865,0.9847250880757037
victim,0.096,0.8413290018692352,0.7573229690018011,0.9673380511703865,0.9847250880757037
victim,0.097,0.8410405685681073,0.7572051573758058,0.9667936853565596,0.9846004308829837
victim,0.098,0.8410621055718726,0.7572410523820811,0.9667936853565596,0.984603029284447
victim,0.099,0.8410621055718726,0.7572410523820811,0.9667936853565596,0.984603029284447
victim,0.1,0.8412140588684671,0.7573128526051298,0.9670658682634731,0.9846082260873739
victim,0.101,0.8412140588684671,0.7573128526051298,0.9670658682634731,0.9846082260873739
victim,0.10200000000000001,0.8413002436494548,0.757456493906776,0.9670658682634731,0.9846186196932276
victim,0.10300000000000001,0.8413002436494548,0.757456493906776,0.9670658682634731,0.9846186196932276
victim,0.10400000000000001,0.8413002436494548,0.757456493906776,0.9670658682634731,0.9846186196932276
victim,0.105,0.8415472949588783,0.7575053355465972,0.9676102340773,0.9845640863012578
victim,0.106,0.8415904105687372,0.757577194896362,0.9676102340773,0.9845692831041847
victim,0.107,0.8416335343595381,0.7576490678810303,0.9676102340773,0.9845744799071114
victim,0.108,0.841763972486285,0.757685009487666,0.9678824169842134,0.984577078308575
victim,0.109,0.8416197376368026,0.7576260733431377,0.9676102340773,0.9845147497122149
victim,0.11,0.8416413039924344,0.7576620172691906,0.9676102340773,0.9845173481136783
victim,0.111,0.8417933160060596,0.7577339153539571,0.9678824169842134,0.9845225449166052
victim,0.112,0.8416490758373257,0.7576749703440095,0.9676102340773,0.9844602163202452
victim,0.113,0.8419531218130308,0.7578188030943002,0.9681545998911268,0.9844706099260988
victim,0.114,0.8419747018453924,0.7578547698149027,0.9681545998911268,0.9844732083275622
victim,0.115,0.842017868055938,0.7579267134991455,0.9681545998911268,0.9844784051304891
victim,0.116,0.8421423397453675,0.7579527110435856,0.9684267827980403,0.9843641415436227
victim,0.117,0.8424248714301213,0.7580606866422908,0.9689711486118672,0.984371936748013
victim,0.11800000000000001,0.842446470651889,0.758096685345237,0.9689711486118672,0.9843745351494764
victim,0.11900000000000001,0.8424680719251572,0.7581326874673504,0.9689711486118672,0.9843771335509398
victim,0.12,0.842489675250218,0.7581686930091185,0.9689711486118672,0.9843797319524032
victim,0.121,0.8426495914075692,0.7582537646667616,0.9692433315187806,0.9843277969618969
victim,0.122,0.8427800775042444,0.7582897862232779,0.9695155144256941,0.9843303953633603
victim,0.123,0.8426358094947752,0.7582307948121051,0.9692433315187806,0.9842680667670003
victim,0.124,0.8426358094947752,0.7582307948121051,0.9692433315187806,0.9842680667670003
victim,0.125,0.8427879133770624,0.7583028460113079,0.9695155144256941,0.9842732635699272
victim,0.126,0.8429184049807479,0.758338876746175,0.9697876973326075,0.9842758619713906
victim,0.127,0.8430705211891367,0.7584109484888805,0.9700598802395209,0.9842810587743174
victim,0.128,0.8430921457944255,0.7584469894976952,0.9700598802395209,0.9842836571757809
victim,0.129,0.843244274334188,0.7585190817926905,0.9703320631464344,0.9842888539787077
victim,0.13,0.843244274334188,0.7585190817926905,0.9703320631464344,0.9842888539787077
victim,0.131,0.843244274334188,0.7585190817926905,0.9703320631464344,0.9842888539787077
victim,0.132,0.8432875379350318,0.7585911877940966,0.9703320631464344,0.9842940507816346
victim,0.133,0.8432875379350318,0.7585911877940966,0.9703320631464344,0.9842940507816346
victim,0.134,0.8432875379350318,0.7585911877940966,0.9703320631464344,0.9842940507816346
victim,0.135,0.8432875379350318,0.7585911877940966,0.9703320631464344,0.9842940507816346
victim,0.136,0.8431432600148121,0.7585321798650061,0.9700598802395209,0.9842317221852745
victim,0.137,0.8432737674081198,0.75856823691591,0.9703320631464344,0.9842343205867379
victim,0.138,0.8431511210998492,0.7585452816734014,0.9700598802395209,0.9841745903918413
victim,0.139,0.8431943985371149,0.7586174107355108,0.9700598802395209,0.9841797871947682
victim,0.14,0.8431943985371149,0.7586174107355108,0.9700598802395209,0.9841797871947682
victim,0.14100000000000001,0.8431943985371149,0.7586174107355108,0.9700598802395209,0.9841797871947682
victim,0.14200000000000002,0.8433249135050553,0.7586534804108026,0.9703320631464344,0.9841823855962316
victim,0.14300000000000002,0.8433465573683165,0.7586895535162379,0.9703320631464344,0.984184983997695
victim,0.14400000000000002,0.8433465573683165,0.7586895535162379,0.9703320631464344,0.984184983997695
victim,0.145,0.8433465573683165,0.7586895535162379,0.9703320631464344,0.984184983997695
victim,0.146,0.8433682032899574,0.7587256300523062,0.9703320631464344,0.9841875823991584
victim,0.147,0.8433898512702719,0.7587617100194969,0.9703320631464344,0.9841901808006219
victim,0.148,0.8433898512702719,0.7587617100194969,0.9703320631464344,0.9841901808006219
victim,0.149,0.8436508997336265,0.7588338802492034,0.9708764289602613,0.9841953776035487
victim,0.15,0.8435499175994213,0.7588470319634704,0.9706042460533478,0.9841382458101156
victim,0.151,0.84357947197034,0.7588962892483349,0.9706042460533478,0.9840837124181459
victim,0.152,0.84357947197034,0.7588962892483349,0.9706042460533478,0.9840837124181459
victim,0.153,0.8437533407709532,0.7590046153114146,0.9708764289602613,0.984091507622536
victim,0.154,0.8440144278311199,0.7590768498691411,0.9714207947740882,0.9840967044254629
victim,0.155,0.8440144278311199,0.7590768498691411,0.9714207947740882,0.9840967044254629
victim,0.156,0.8438917961483832,0.7590539190025223,0.9711486118671747,0.9840369742305664
victim,0.157,0.8438917961483832,0.7590539190025223,0.9711486118671747,0.9840369742305664
victim,0.158,0.8438917961483832,0.7590539190025223,0.9711486118671747,0.9840369742305664
victim,0.159,0.8439568269458229,0.7591623036649215,0.9711486118671747,0.9840447694349566
victim,0.16,0.8439430700324753,0.7591393754760091,0.9711486118671747,0.98398503924006
victim,0.161,0.843964752501428,0.7591755129242634,0.9711486118671747,0.9839876376415233
victim,0.162,0.8438421212151448,0.7591525827184004,0.9708764289602613,0.9839279074466267
victim,0.163,0.8439726803210461,0.7591887259569605,0.9711486118671747,0.9839305058480902
victim,0.164,0.8441032414919806,0.7592248726372421,0.9714207947740882,0.9839331042495536
victim,0.165,0.8441032414919806,0.7592248726372421,0.9714207947740882,0.9839331042495536
victim,0.166,0.8441032414919806,0.7592248726372421,0.9714207947740882,0.9839331042495536
victim,0.167,0.8441032414919806,0.7592248726372421,0.9714207947740882,0.9839331042495536
victim,0.168,0.8441249315654775,0.7592610227597372,0.9714207947740882,0.983935702651017
victim,0.169,0.8442554968673628,0.7592971763249369,0.9716929776810016,0.9839383010524805
victim,0.17,0.8442554968673628,0.7592971763249369,0.9716929776810016,0.9839383010524805
victim,0.171,0.8442771910724007,0.7593333333333334,0.9716929776810016,0.9839408994539438
victim,0.17200000000000001,0.8444294588441763,0.7594056576816839,0.971965160587915,0.9839460962568707
victim,0.17300000000000001,0.8444294588441763,0.7594056576816839,0.971965160587915,0.9839460962568707
victim,0.17400000000000002,0.8443068348140657,0.7593827395694418,0.9716929776810016,0.9838863660619741
victim,0.17500000000000002,0.8443068348140657,0.7593827395694418,0.9716929776810016,0.9838863660619741
victim,0.176,0.8443068348140657,0.7593827395694418,0.9716929776810016,0.9838863660619741
victim,0.177,0.8443068348140657,0.7593827395694418,0.9716929776810016,0.9838863660619741
victim,0.178,0.8441842081639938,0.7593598170905974,0.9714207947740882,0.9838266358670775
victim,0.179,0.8441842081639938,0.7593598170905974,0.9714207947740882,0.9838266358670775
victim,0.18,0.8441842081639938,0.7593598170905974,0.9714207947740882,0.9838266358670775
victim,0.181,0.8441842081639938,0.7593598170905974,0.9714207947740882,0.9838266358670775
victim,0.182,0.8441842081639938,0.7593598170905974,0.9714207947740882,0.9838266358670775
victim,0.183,0.8441842081639938,0.7593598170905974,0.9714207947740882,0.9838266358670775
victim,0.184,0.8443147845559428,0.7593959891392369,0.9716929776810016,0.983829234268541
victim,0.185,0.8443147845559428,0.7593959891392369,0.9716929776810016,0.983829234268541
victim,0.186,0.8443147845559428,0.7593959891392369,0.9716929776810016,0.983829234268541
victim,0.187,0.8443147845559428,0.7593959891392369,0.9716929776810016,0.983829234268541
victim,0.188,0.8443147845559428,0.7593959891392369,0.9716929776810016,0.983829234268541
victim,0.189,0.8444670703806569,0.7594683435758183,0.971965160587915,0.9838344310714678
victim,0.19,0.8444670703806569,0.7594683435758183,0.971965160587915,0.9838344310714678
victim,0.191,0.8443444453484501,0.7594454237934157,0.9716929776810016,0.9837747008765712
victim,0.192,0.8443661561953281,0.7594816085382123,0.9716929776810016,0.9837772992780347
victim,0.193,0.8443661561953281,0.7594816085382123,0.9716929776810016,0.9837772992780347
victim,0.194,0.8443661561953281,0.7594816085382123,0.9716929776810016,0.9837772992780347
victim,0.195,0.8444967422739518,0.7595177967313097,0.971965160587915,0.983779897679498
victim,0.196,0.8446273304218521,0.7595539883732012,0.9722373434948285,0.9837824960809615
victim,0.197,0.8446273304218521,0.7595539883732012,0.9722373434948285,0.9837824960809615
victim,0.198,0.8447796397638991,0.7596263820053373,0.9725095264017419,0.9837876928838883
victim,0.199,0.844801360958638,0.7596625839965687,0.9725095264017419,0.9837902912853518
victim,0.2,0.8449536827225566,0.759734998331824,0.9727817093086554,0.9837954880882787
victim,0.201,0.8449536827225566,0.759734998331824,0.9727817093086554,0.9837954880882787
victim,0.202,0.8449536827225566,0.759734998331824,0.9727817093086554,0.9837954880882787
victim,0.203,0.8449754101295632,0.7597712106768351,0.9727817093086554,0.983798086489742
victim,0.20400000000000001,0.8449971396079181,0.7598074264740932,0.9727817093086554,0.9838006848912054
victim,0.20500000000000002,0.8449971396079181,0.7598074264740932,0.9727817093086554,0.9838006848912054
victim,0.20600000000000002,0.8449971396079181,0.7598074264740932,0.9727817093086554,0.9838006848912054
victim,0.20700000000000002,0.8450188711579172,0.7598436457240918,0.9727817093086554,0.9838032832926689
victim,0.20800000000000002,0.8450188711579172,0.7598436457240918,0.9727817093086554,0.9838032832926689
victim,0.209,0.8448745261062944,0.7597845259093294,0.9725095264017419,0.9837409546963088
victim,0.21,0.8450268672753095,0.7598569725864123,0.9727817093086554,0.9837461514992356
victim,0.211,0.845048604387141,0.7598932011061315,0.9727817093086554,0.9837487499006992
victim,0.212,0.8450131271507257,0.7598340723787727,0.9727817093086554,0.983686421304339
victim,0.213,0.8450131271507257,0.7598340723787727,0.9727817093086554,0.983686421304339
victim,0.214,0.8450131271507257,0.7598340723787727,0.9727817093086554,0.983686421304339
victim,0.215,0.8450211243529329,0.7598474010491177,0.9727817093086554,0.9836292895109059
victim,0.216,0.8450428663740417,0.7598836377509658,0.9727817093086554,0.9836318879123693
victim,0.217,0.8450646104689791,0.7599198779091948,0.9727817093086554,0.9836344863138327
victim,0.218,0.8450646104689791,0.7599198779091948,0.9727817093086554,0.9836344863138327
victim,0.219,0.8451952298008076,0.7599561215243,0.9730538922155688,0.9836370847152962
victim,0.22,0.8450508693573455,0.7598969760564723,0.9727817093086554,0.9835747561189361
victim,0.221,0.8452032397711731,0.7599694714749093,0.9730538922155688,0.983579952921863
victim,0.222,0.8453338646719,0.7600057243715117,0.9733260751224823,0.9835825513233264
victim,0.223,0.8453556184852109,0.7600419807270299,0.9733260751224823,0.9835851497247898
victim,0.224,0.8454208923802109,0.7601507705520301,0.9733260751224823,0.98359294492918
victim,0.225,0.845551527660656,0.7601870407481629,0.9735982580293957,0.9835955433306435
victim,0.226,0.845551527660656,0.7601870407481629,0.9735982580293957,0.9835955433306435
victim,0.227,0.845407158588383,0.7601278808989835,0.9733260751224823,0.9835332147342835
victim,0.228,0.845407158588383,0.7601278808989835,0.9733260751224823,0.9835332147342835
victim,0.229,0.845407158588383,0.7601278808989835,0.9733260751224823,0.9835332147342835
victim,0.23,0.8455377952903991,0.7601641534644015,0.9735982580293957,0.983535813135747
victim,0.231,0.8455377952903991,0.7601641534644015,0.9735982580293957,0.983535813135747
victim,0.232,0.8455377952903991,0.7601641534644015,0.9735982580293957,0.983535813135747
victim,0.233,0.8455595609068192,0.760200429491768,0.9735982580293957,0.9835384115372103
victim,0.234,0.8455813286007056,0.7602367089815788,0.9735982580293957,0.9835410099386738
victim,0.23500000000000001,0.8455893676478234,0.760250107393442,0.9735982580293957,0.9834838781452406
victim,0.23600000000000002,0.8456111409205889,0.7602863961813843,0.9735982580293957,0.983486476546704
victim,0.23700000000000002,0.8457417894348128,0.7603226884338153,0.9738704409363091,0.9834890749481675
victim,0.23800000000000002,0.8457417894348128,0.7603226884338153,0.9738704409363091,0.9834890749481675
victim,0.23900000000000002,0.8457417894348128,0.7603226884338153,0.9738704409363091,0.9834890749481675
victim,0.24,0.8457417894348128,0.7603226884338153,0.9738704409363091,0.9834890749481675
victim,0.241,0.8455974089975133,0.7602635096429252,0.9735982580293957,0.9834267463518074
victim,0.242,0.8455974089975133,0.7602635096429252,0.9735982580293957,0.9834267463518074
victim,0.243,0.8454748012893252,0.7602406187338872,0.9733260751224823,0.9833670161569108
victim,0.244,0.8454965794879998,0.7602769157316782,0.9733260751224823,0.9833696145583742
victim,0.245,0.8456272329290997,0.7603132161955691,0.9735982580293957,0.9833722129598377
victim,0.246,0.8456490152873921,0.7603495201260564,0.9735982580293957,0.9833748113613011
victim,0.247,0.8455699830362415,0.7603992549787478,0.9733260751224823,0.9833202779693313
victim,0.248,0.8455917730616971,0.7604355716878403,0.9733260751224823,0.9833228763707947
victim,0.249,0.8456135651686375,0.7604718918660743,0.9733260751224823,0.9833254747722582
victim,0.25,0.8456353593573613,0.7605082155139473,0.9733260751224823,0.9833280731737216
victim,0.251,0.8456571556281665,0.760544542631956,0.9733260751224823,0.9833306715751851
victim,0.252,0.8456571556281665,0.760544542631956,0.9733260751224823,0.9833306715751851
victim,0.253,0.8455127578033959,0.7604853348619471,0.9730538922155688,0.9832683429788249
victim,0.254,0.8455127578033959,0.7604853348619471,0.9730538922155688,0.9832683429788249
victim,0.255,0.8455127578033959,0.7604853348619471,0.9730538922155688,0.9832683429788249
victim,0.256,0.8453683565844949,0.7604261214350547,0.9727817093086554,0.983206014382465
victim,0.257,0.8453683565844949,0.7604261214350547,0.9727817093086554,0.983206014382465
victim,0.258,0.8453901536260038,0.7604624498375694,0.9727817093086554,0.9832086127839283
victim,0.259,0.8453901536260038,0.7604624498375694,0.9727817093086554,0.9832086127839283
victim,0.26,0.8453901536260038,0.7604624498375694,0.9727817093086554,0.9832086127839283
victim,0.261,0.8453901536260038,0.7604624498375694,0.9727817093086554,0.9832086127839283
victim,0.262,0.8453901536260038,0.7604624498375694,0.9727817093086554,0.9832086127839283
victim,0.263,0.8452457483563109,0.7604032296593569,0.9725095264017419,0.9831462841875684
victim,0.264,0.8451013396912901,0.7603440038222646,0.9722373434948285,0.9830839555912084
victim,0.265,0.8451013396912901,0.7603440038222646,0.9722373434948285,0.9830839555912084
victim,0.266,0.8451231375030487,0.7603803335085288,0.9722373434948285,0.9830865539926719
victim,0.267,0.8451231375030487,0.7603803335085288,0.9722373434948285,0.9830865539926719
victim,0.268,0.8451231375030487,0.7603803335085288,0.9722373434948285,0.9830865539926719
victim,0.269,0.845166739376237,0.7604530032971759,0.9722373434948285,0.9830917507955987
victim,0.27,0.8450441287512951,0.7604301075268817,0.971965160587915,0.9830320206007022
victim,0.271,0.8450441287512951,0.7604301075268817,0.971965160587915,0.9830320206007022
victim,0.272,0.8448997106671244,0.7603708659912063,0.9716929776810016,0.982969692004342
victim,0.273,0.8448997106671244,0.7603708659912063,0.9716929776810016,0.982969692004342
victim,0.274,0.8448997106671244,0.7603708659912063,0.9716929776810016,0.982969692004342
victim,0.275,0.844755289185265,0.7603116187927161,0.9714207947740882,0.9829073634079821
victim,0.276,0.8447770933613129,0.7603479590861294,0.9714207947740882,0.9829099618094455
victim,0.277,0.8447770933613129,0.7603479590861294,0.9714207947740882,0.9829099618094455
victim,0.278,0.8447988996217906,0.760384302853592,0.9714207947740882,0.9829125602109089
victim,0.279,0.8447988996217906,0.760384302853592,0.9714207947740882,0.9829125602109089
victim,0.28,0.8447988996217906,0.760384302853592,0.9714207947740882,0.9829125602109089
victim,0.281,0.8447988996217906,0.760384302853592,0.9714207947740882,0.9829125602109089
victim,0.28200000000000003,0.8447988996217906,0.760384302853592,0.9714207947740882,0.9829125602109089
victim,0.28300000000000003,0.8449295811297619,0.7604206500956022,0.9716929776810016,0.9829151586123723
victim,0.28400000000000003,0.8450820772383212,0.7604933550052587,0.971965160587915,0.9829203554152992
victim,0.28500000000000003,0.8451038918395071,0.7605297126739017,0.971965160587915,0.9829229538167625
victim,0.28600000000000003,0.8451038918395071,0.7605297126739017,0.971965160587915,0.9829229538167625
victim,0.28700000000000003,0.8451038918395071,0.7605297126739017,0.971965160587915,0.9829229538167625
victim,0.28800000000000003,0.8452564004627173,0.7606024384413099,0.9722373434948285,0.9829281506196894
victim,0.289,0.8452782213225752,0.7606388065410731,0.9722373434948285,0.9829307490211528
victim,0.29,0.8450982294991293,0.7605202754399387,0.971965160587915,0.9828060918284328
victim,0.291,0.8450982294991293,0.7605202754399387,0.971965160587915,0.9828060918284328
victim,0.292,0.8450982294991293,0.7605202754399387,0.971965160587915,0.9828060918284328
victim,0.293,0.8449537919044986,0.7604610013868299,0.9716929776810016,0.9827437632320728
victim,0.294,0.8449756128801482,0.7604973696795791,0.9716929776810016,0.9827463616335361
victim,0.295,0.8451063091057959,0.7605337414510498,0.971965160587915,0.9827489600349997
victim,0.296,0.8451281342562106,0.7605701167017409,0.971965160587915,0.982751558436463
victim,0.297,0.8451281342562106,0.7605701167017409,0.971965160587915,0.982751558436463
victim,0.298,0.8451281342562106,0.7605701167017409,0.971965160587915,0.982751558436463
victim,0.299,0.8451281342562106,0.7605701167017409,0.971965160587915,0.982751558436463
victim,0.3,0.8451281342562106,0.7605701167017409,0.971965160587915,0.982751558436463
victim,0.301,0.8451281342562106,0.7605701167017409,0.971965160587915,0.982751558436463
victim,0.302,0.8451281342562106,0.7605701167017409,0.971965160587915,0.982751558436463
victim,0.303,0.8451499614944571,0.7606064954321518,0.971965160587915,0.9827541568379264
victim,0.304,0.8452806639836007,0.7606428776427822,0.9722373434948285,0.9827567552393899
victim,0.305,0.845411368561175,0.7606792633341305,0.9725095264017419,0.9827593536408533
victim,0.306,0.845411368561175,0.7606792633341305,0.9725095264017419,0.9827593536408533
victim,0.307,0.845411368561175,0.7606792633341305,0.9725095264017419,0.9827593536408533
victim,0.308,0.845411368561175,0.7606792633341305,0.9725095264017419,0.9827593536408533
victim,0.309,0.845411368561175,0.7606792633341305,0.9725095264017419,0.9827593536408533
victim,0.31,0.845411368561175,0.7606792633341305,0.9725095264017419,0.9827593536408533
victim,0.311,0.8451224752766433,0.7605606850691288,0.971965160587915,0.9826346964481334
victim,0.312,0.845144307465479,0.7605970720505215,0.971965160587915,0.9826372948495967
victim,0.313,0.845144307465479,0.7605970720505215,0.971965160587915,0.9826372948495967
victim,0.314,0.845144307465479,0.7605970720505215,0.971965160587915,0.9826372948495967
victim,0.315,0.8452098165678136,0.7607062538877459,0.971965160587915,0.9826450900539869
victim,0.316,0.8452098165678136,0.7607062538877459,0.971965160587915,0.9826450900539869
victim,0.317,0.8452098165678136,0.7607062538877459,0.971965160587915,0.9826450900539869
victim,0.318,0.8453623729149913,0.7607790591950998,0.9722373434948285,0.9826502868569138
victim,0.319,0.8453623729149913,0.7607790591950998,0.9722373434948285,0.9826502868569138
victim,0.32,0.8453842176429545,0.7608154670750383,0.9722373434948285,0.9826528852583772
victim,0.321,0.8453842176429545,0.7608154670750383,0.9722373434948285,0.9826528852583772
victim,0.322,0.8454060644618222,0.7608518784398182,0.9722373434948285,0.9826554836598407
victim,0.323,0.8454279133718953,0.7608882932899398,0.9722373434948285,0.982658082061304
victim,0.324,0.8453271584862789,0.7609018237518549,0.971965160587915,0.982600950267871
victim,0.325,0.8453708696351374,0.7609746756666189,0.971965160587915,0.9826061470707977
victim,0.326,0.8452264059326076,0.7609153581003447,0.9716929776810016,0.9825438184744377
victim,0.327,0.8452264059326076,0.7609153581003447,0.9716929776810016,0.9825438184744377
victim,0.328,0.8452264059326076,0.7609153581003447,0.9716929776810016,0.9825438184744377
victim,0.329,0.8452264059326076,0.7609153581003447,0.9716929776810016,0.9825438184744377
victim,0.33,0.8449593250437337,0.7608331338281064,0.9711486118671747,0.9824217596831811
victim,0.331,0.8449593250437337,0.7608331338281064,0.9711486118671747,0.9824217596831811
victim,0.332,0.8446703724624252,0.7607144567351434,0.9706042460533478,0.9822971024904611
victim,0.333,0.8446922299796189,0.7607508859304664,0.9706042460533478,0.9822997008919245
victim,0.334,0.8446922299796189,0.7607508859304664,0.9706042460533478,0.9822997008919245
victim,0.335,0.8445696068677693,0.760727969348659,0.9703320631464344,0.982239970697028
victim,0.336,0.8445914679138733,0.7607644044254992,0.9703320631464344,0.9822425690984914
victim,0.337,0.8444469811215771,0.7607050483762813,0.9700598802395209,0.9821802405021314
victim,0.338,0.8443243527402857,0.7606821230120712,0.9697876973326075,0.9821205103072348
victim,0.339,0.8442017217231376,0.7606591932547666,0.9695155144256941,0.9820607801123382
victim,0.34,0.8442017217231376,0.7606591932547666,0.9695155144256941,0.9820607801123382
victim,0.341,0.8443324602390363,0.760695635509989,0.9697876973326075,0.9820633785138015
victim,0.342,0.844354327687355,0.7607320812571866,0.9697876973326075,0.982065976915265
victim,0.343,0.84437619723116,0.7607685304968617,0.9697876973326075,0.9820685753167284
victim,0.34400000000000003,0.8442754409629171,0.7607820586543991,0.9695155144256941,0.9820114435232952
victim,0.34500000000000003,0.8442973161359266,0.7608185172760817,0.9695155144256941,0.9820140419247587
victim,0.34600000000000003,0.8441528104183049,0.7607591296846545,0.9692433315187806,0.9819517133283986
victim,0.34700000000000003,0.8441746870287918,0.7607955907021328,0.9692433315187806,0.9819543117298621
victim,0.34800000000000003,0.8441746870287918,0.7607955907021328,0.9692433315187806,0.9819543117298621
victim,0.34900000000000003,0.8442184465412705,0.7608685232229305,0.9692433315187806,0.9819595085327889
victim,0.35000000000000003,0.8442184465412705,0.7608685232229305,0.9692433315187806,0.9819595085327889
victim,0.35100000000000003,0.8442184465412705,0.7608685232229305,0.9692433315187806,0.9819595085327889
victim,0.352,0.8440739354297915,0.760809126641741,0.9689711486118672,0.9818971799364289
victim,0.353,0.844038294064372,0.7607497243660419,0.9689711486118672,0.9818348513400689
victim,0.354,0.844038294064372,0.7607497243660419,0.9689711486118672,0.9818348513400689
victim,0.355,0.844038294064372,0.7607497243660419,0.9689711486118672,0.9818348513400689
victim,0.356,0.844038294064372,0.7607497243660419,0.9689711486118672,0.9818348513400689
victim,0.357,0.8440601756480066,0.7607861936720997,0.9689711486118672,0.9818374497415323
victim,0.358,0.844212818272485,0.7608591427749545,0.9692433315187806,0.9818426465444592
victim,0.359,0.844212818272485,0.7608591427749545,0.9692433315187806,0.9818426465444592
victim,0.36,0.8442347061511666,0.7608956225727573,0.9692433315187806,0.9818452449459225
victim,0.361,0.8443873613684555,0.7609685926636298,0.9695155144256941,0.9818504417488494
victim,0.362,0.8442428394647099,0.7609091780953294,0.9692433315187806,0.9817881131524895
victim,0.363,0.8442647329815591,0.7609456672900782,0.9692433315187806,0.9817907115539528
victim,0.364,0.8443955017610698,0.7609821599846538,0.9695155144256941,0.9817933099554162
victim,0.365,0.8444173994780134,0.7610186561795597,0.9695155144256941,0.9817959083568797
victim,0.366,0.8444173994780134,0.7610186561795597,0.9695155144256941,0.9817959083568797
victim,0.367,0.8444173994780134,0.7610186561795597,0.9695155144256941,0.9817959083568797
victim,0.368,0.8441502399512704,0.7609363008442057,0.9689711486118672,0.9816738495656231
victim,0.369,0.8441940432497934,0.7610093063417442,0.9689711486118672,0.9816790463685499
victim,0.37,0.8442159480511273,0.7610458143439673,0.9689711486118672,0.9816816447700134
victim,0.371,0.8440714112675889,0.7609863749760122,0.9686989657049537,0.9816193161736533
victim,0.372,0.8440714112675889,0.7609863749760122,0.9686989657049537,0.9816193161736533
victim,0.373,0.8439487766447895,0.760963439209289,0.9684267827980403,0.9815595859787567
victim,0.374,0.8439487766447895,0.760963439209289,0.9684267827980403,0.9815595859787567
victim,0.375,0.8439487766447895,0.760963439209289,0.9684267827980403,0.9815595859787567
victim,0.376,0.8438480485077248,0.7609770142521234,0.9681545998911268,0.9815024541853236
victim,0.377,0.8438480485077248,0.7609770142521234,0.9681545998911268,0.9815024541853236
victim,0.378,0.8438699597376197,0.761013532968615,0.9681545998911268,0.981505052586787
victim,0.379,0.8438699597376197,0.761013532968615,0.9681545998911268,0.981505052586787
victim,0.38,0.8438699597376197,0.761013532968615,0.9681545998911268,0.981505052586787
victim,0.381,0.8440007462333879,0.7610500551902865,0.9684267827980403,0.9815076509882503
victim,0.382,0.8440007462333879,0.7610500551902865,0.9684267827980403,0.9815076509882503
victim,0.383,0.8440007462333879,0.7610500551902865,0.9684267827980403,0.9815076509882503
victim,0.384,0.8440007462333879,0.7610500551902865,0.9684267827980403,0.9815076509882503
victim,0.385,0.8440007462333879,0.7610500551902865,0.9684267827980403,0.9815076509882503
victim,0.386,0.8440007462333879,0.7610500551902865,0.9684267827980403,0.9815076509882503
victim,0.387,0.8438561958788926,0.7609905932040699,0.9681545998911268,0.9814453223918904
victim,0.388,0.8439869838175602,0.7610271178305736,0.9684267827980403,0.9814479207933537
victim,0.389,0.8439869838175602,0.7610271178305736,0.9684267827980403,0.9814479207933537
victim,0.39,0.8439869838175602,0.7610271178305736,0.9684267827980403,0.9814479207933537
victim,0.391,0.8438424293775892,0.760967649035231,0.9681545998911268,0.9813855921969938
victim,0.392,0.8438862639195843,0.7610407066052227,0.9681545998911268,0.9813907889999207
victim,0.393,0.8438862639195843,0.7610407066052227,0.9681545998911268,0.9813907889999207
victim,0.394,0.8438862639195843,0.7610407066052227,0.9681545998911268,0.9813907889999207
victim,0.395,0.8439301068791584,0.7611137782045128,0.9681545998911268,0.9813959858028475
victim,0.396,0.8439301068791584,0.7611137782045128,0.9681545998911268,0.9813959858028475
victim,0.397,0.8437855463702373,0.7610542992942532,0.9678824169842134,0.9813336572064875
victim,0.398,0.8439382695910596,0.7611273827243481,0.9681545998911268,0.9813388540094143
victim,0.399,0.8439382695910596,0.7611273827243481,0.9681545998911268,0.9813388540094143
victim,0.4,0.8437937043332993,0.7610678958993565,0.9678824169842134,0.9812765254130543
victim,0.401,0.8436929914842553,0.7610814964222253,0.9676102340773,0.9812193936196212
victim,0.402,0.8435484180476379,0.7610219959658054,0.9673380511703865,0.981157065023261
victim,0.403,0.8435484180476379,0.7610219959658054,0.9673380511703865,0.981157065023261
victim,0.404,0.8435484180476379,0.7610219959658054,0.9673380511703865,0.981157065023261
victim,0.405,0.8435484180476379,0.7610219959658054,0.9673380511703865,0.981157065023261
victim,0.406,0.8435703484639281,0.7610585466596225,0.9673380511703865,0.9811596634247246
victim,0.40700000000000003,0.8435922809868868,0.7610951008645535,0.9673380511703865,0.9811622618261879
victim,0.40800000000000003,0.8435922809868868,0.7610951008645535,0.9673380511703865,0.9811622618261879
victim,0.40900000000000003,0.8435565759607335,0.7610355924876314,0.9673380511703865,0.9810999332298279
victim,0.41000000000000003,0.8435565759607335,0.7610355924876314,0.9673380511703865,0.9810999332298279
victim,0.41100000000000003,0.8435565759607335,0.7610355924876314,0.9673380511703865,0.9810999332298279
victim,0.41200000000000003,0.8435565759607335,0.7610355924876314,0.9673380511703865,0.9810999332298279
victim,0.41300000000000003,0.8435785099291979,0.7610721491017388,0.9673380511703865,0.9811025316312914
victim,0.41400000000000003,0.843709319167741,0.7611087092280349,0.9676102340773,0.9811051300327548
victim,0.41500000000000004,0.8437312573511353,0.7611452728670254,0.9676102340773,0.9811077284342182
victim,0.41600000000000004,0.8437312573511353,0.7611452728670254,0.9676102340773,0.9811077284342182
victim,0.417,0.8435509598743236,0.761026232343615,0.9673380511703865,0.9809830712414982
victim,0.418,0.8434063694069605,0.7609667035026186,0.9670658682634731,0.9809207426451382
victim,0.419,0.8434063694069605,0.7609667035026186,0.9670658682634731,0.9809207426451382
victim,0.42,0.8434063694069605,0.7609667035026186,0.9670658682634731,0.9809207426451382
victim,0.421,0.8434063694069605,0.7609667035026186,0.9670658682634731,0.9809207426451382
victim,0.422,0.8434283077128464,0.761003267345762,0.9670658682634731,0.9809233410466016
victim,0.423,0.84345024812707,0.7610398347028015,0.9670658682634731,0.980925939448065
victim,0.424,0.843349538733166,0.7610534409842369,0.9667936853565596,0.9808688076546319
victim,0.425,0.8432049387508009,0.7609938962849041,0.9665215024496462,0.9808064790582718
victim,0.426,0.8432049387508009,0.7609938962849041,0.9665215024496462,0.9808064790582718
victim,0.427,0.8431261759255391,0.7610440801807432,0.9662493195427327,0.9807519456663021
victim,0.428,0.8431481270094785,0.7610806653206422,0.9662493195427327,0.9807545440677655
victim,0.429,0.8431700802039976,0.7611172539781741,0.9662493195427327,0.980757142469229
victim,0.43,0.8431700802039976,0.7611172539781741,0.9662493195427327,0.980757142469229
victim,0.431,0.8431700802039976,0.7611172539781741,0.9662493195427327,0.980757142469229
victim,0.432,0.8432651710072636,0.7610942833790086,0.9665215024496462,0.9806974122743324
victim,0.433,0.8431425128341627,0.7610713083617828,0.9662493195427327,0.9806376820794358
victim,0.434,0.8431425128341627,0.7610713083617828,0.9662493195427327,0.9806376820794358
victim,0.435,0.8431425128341627,0.7610713083617828,0.9662493195427327,0.9806376820794358
victim,0.436,0.8430198520094612,0.7610483289252223,0.9659771366358193,0.9805779518845391
victim,0.437,0.8430198520094612,0.7610483289252223,0.9659771366358193,0.9805779518845391
victim,0.438,0.8430418116611567,0.761084928344715,0.9659771366358193,0.9805805502860026
victim,0.439,0.8430418116611567,0.761084928344715,0.9659771366358193,0.9805805502860026
victim,0.44,0.8430418116611567,0.761084928344715,0.9659771366358193,0.9805805502860026
victim,0.441,0.8430418116611567,0.761084928344715,0.9659771366358193,0.9805805502860026
victim,0.442,0.8429191496331553,0.7610619469026549,0.9657049537289059,0.980520820091106
victim,0.443,0.8426298917316881,0.7609427609427608,0.965160587915079,0.9803961628983859
victim,0.444,0.8424852576211412,0.7608831593631249,0.9648884050081655,0.980333834302026
victim,0.445,0.8425511476282062,0.7609929760415665,0.9648884050081655,0.9803416295064162
victim,0.446,0.842573115190661,0.761029588645658,0.9648884050081655,0.9803442279078796
victim,0.447,0.8425950848670076,0.7610662047729022,0.9648884050081655,0.9803468263093431
victim,0.448,0.8425950848670076,0.7610662047729022,0.9648884050081655,0.9803468263093431
victim,0.449,0.8424724151228606,0.7610432104705996,0.9646162221012521,0.9802870961144465
victim,0.45,0.8424724151228606,0.7610432104705996,0.9646162221012521,0.9802870961144465
victim,0.451,0.8424943883641041,0.7610798325393388,0.9646162221012521,0.9802896945159099
victim,0.452,0.8424943883641041,0.7610798325393388,0.9646162221012521,0.9802896945159099
victim,0.453,0.8423497427229713,0.7610202117420597,0.9643440391943386,0.9802273659195498
victim,0.454,0.8422050936387007,0.7609605852062178,0.9640718562874252,0.9801650373231898
victim,0.455,0.842335940829338,0.7609972085860044,0.9643440391943386,0.9801676357246533
victim,0.456,0.842335940829338,0.7609972085860044,0.9643440391943386,0.9801676357246533
victim,0.457,0.8420466310002601,0.7608779360800925,0.9637996733805118,0.9800429785319333
victim,0.458,0.8419019709186811,0.7608182912154031,0.9635274904735982,0.9799806499355732
victim,0.459,0.8419019709186811,0.7608182912154031,0.9635274904735982,0.9799806499355732
victim,0.46,0.8419019709186811,0.7608182912154031,0.9635274904735982,0.9799806499355732
victim,0.461,0.8420328182306105,0.7608549147973429,0.9637996733805118,0.9799832483370368
victim,0.462,0.8420328182306105,0.7608549147973429,0.9637996733805118,0.9799832483370368
victim,0.463,0.8418881540385703,0.760795263081885,0.9635274904735982,0.9799209197406766
victim,0.464,0.8420190028010782,0.7608318890814558,0.9637996733805118,0.9799235181421401
victim,0.465,0.8420190028010782,0.7608318890814558,0.9637996733805118,0.9799235181421401
victim,0.466,0.8420629603488344,0.7609051516610496,0.9637996733805118,0.979928714945067
victim,0.467,0.8420629603488344,0.7609051516610496,0.9637996733805118,0.979928714945067
victim,0.468,0.8420629603488344,0.7609051516610496,0.9637996733805118,0.979928714945067
victim,0.46900000000000003,0.8420849422974596,0.7609417882420915,0.9637996733805118,0.9799313133465304
victim,0.47000000000000003,0.8420849422974596,0.7609417882420915,0.9637996733805118,0.9799313133465304
victim,0.47100000000000003,0.8422157995257559,0.7609784283513097,0.9640718562874252,0.9799339117479937
victim,0.47200000000000003,0.842281764426841,0.7610883698531182,0.9640718562874252,0.979941706952384
victim,0.47300000000000003,0.8421810773283149,0.7611020132935171,0.9637996733805118,0.9798845751589509
victim,0.47400000000000003,0.8420363995900463,0.7610423390010117,0.9635274904735982,0.9798222465625908
victim,0.47500000000000003,0.8420363995900463,0.7610423390010117,0.9635274904735982,0.9798222465625908
victim,0.47600000000000003,0.8420363995900463,0.7610423390010117,0.9635274904735982,0.9798222465625908
victim,0.47700000000000004,0.84205839503337,0.7610789980732178,0.9635274904735982,0.9798248449640543
victim,0.47800000000000004,0.8420803925958171,0.7611156606772965,0.9635274904735982,0.9798274433655176
victim,0.47900000000000004,0.8421023922776945,0.7611523268137586,0.9635274904735982,0.9798300417669811
victim,0.48,0.8421023922776945,0.7611523268137586,0.9635274904735982,0.9798300417669811
victim,0.481,0.8421243940793077,0.7611889964831141,0.9635274904735982,0.9798326401684445
victim,0.482,0.8420885833931393,0.7611293120061667,0.9635274904735982,0.9797703115720845
victim,0.483,0.8420885833931393,0.7611293120061667,0.9635274904735982,0.9797703115720845
victim,0.484,0.8419438960934048,0.7610696217778848,0.9632553075666848,0.9797079829757245
victim,0.485,0.8419658986843785,0.7611062927628409,0.9632553075666848,0.9797105813771879
victim,0.486,0.8419879033957771,0.7611429672818387,0.9632553075666848,0.9797131797786514
victim,0.487,0.8420099102279075,0.7611796453353894,0.9632553075666848,0.9797157781801147
victim,0.488,0.841887225767523,0.7611566265060241,0.9629831246597713,0.9796560479852182
victim,0.489,0.8417067017445208,0.7610372084056295,0.9627109417528579,0.9795313907924982
victim,0.49,0.8416708711340732,0.7609774907215502,0.9627109417528579,0.9794690621961382
victim,0.491,0.8416928795450649,0.7610141714065363,0.9627109417528579,0.9794716605976015
victim,0.492,0.841447480823978,0.7609680840806093,0.962166575939031,0.9793522002078083
victim,0.493,0.8413027646859679,0.7609083457885347,0.9618943930321175,0.9792898716114484
victim,0.494,0.8409774686942407,0.7607290963448742,0.9613500272182907,0.9791028858223684
victim,0.495,0.8409774686942407,0.7607290963448742,0.9613500272182907,0.9791028858223684
victim,0.496,0.8409774686942407,0.7607290963448742,0.9613500272182907,0.9791028858223684
victim,0.497,0.840854748835662,0.7607060185185186,0.9610778443113772,0.9790431556274717
victim,0.498,0.840854748835662,0.7607060185185186,0.9610778443113772,0.9790431556274717
victim,0.499,0.8409856342294912,0.7607427055702918,0.9613500272182907,0.9790457540289352
victim,0.5,0.8409856342294912,0.7607427055702918,0.9613500272182907,0.9790457540289352
victim,0.501,0.8409856342294912,0.7607427055702918,0.9613500272182907,0.9790457540289352
victim,0.502,0.8410076485838534,0.7607793961608953,0.9613500272182907,0.9790483524303986
victim,0.503,0.8408849289651452,0.7607563187343238,0.9610778443113772,0.978988622235502
victim,0.504,0.8407622066746654,0.7607332368547998,0.9608056614044638,0.9789288920406054
victim,0.505,0.8407622066746654,0.7607332368547998,0.9608056614044638,0.9789288920406054
victim,0.506,0.8407483548744061,0.7607101505210343,0.9608056614044638,0.9788691618457088
victim,0.507,0.8407483548744061,0.7607101505210343,0.9608056614044638,0.9788691618457088
victim,0.508,0.8407483548744061,0.7607101505210343,0.9608056614044638,0.9788691618457088
victim,0.509,0.8408433735635936,0.7606870597317379,0.9610778443113772,0.9788094316508122
victim,0.51,0.8408433735635936,0.7606870597317379,0.9610778443113772,0.9788094316508122
victim,0.511,0.8408433735635936,0.7606870597317379,0.9610778443113772,0.9788094316508122
victim,0.512,0.8408433735635936,0.7606870597317379,0.9610778443113772,0.9788094316508122
victim,0.513,0.8406986216184802,0.7606272617611579,0.9608056614044638,0.9787471030544521
victim,0.514,0.8407206432531578,0.7606639644856205,0.9608056614044638,0.9787497014559157
victim,0.515,0.8407646928988186,0.7607373805617219,0.9608056614044638,0.9787548982588424
victim,0.516,0.8407646928988186,0.7607373805617219,0.9608056614044638,0.9787548982588424
victim,0.517,0.8407867209104173,0.7607740939143863,0.9608056614044638,0.9787574966603059
victim,0.518,0.840686023892504,0.7607877208224733,0.9605334784975503,0.9787003648668727
victim,0.519,0.840686023892504,0.7607877208224733,0.9605334784975503,0.9787003648668727
victim,0.52,0.8406501341706569,0.7607279046193948,0.9605334784975503,0.9786380362705127
victim,0.521,0.8406501341706569,0.7607279046193948,0.9605334784975503,0.9786380362705127
victim,0.522,0.8407162397141693,0.7608380805252486,0.9605334784975503,0.9786458314749029
victim,0.523,0.8408691938781239,0.7609115488605639,0.9608056614044638,0.9786510282778298
victim,0.524,0.8407105665402631,0.760828625235405,0.9605334784975503,0.9785289694865732
victim,0.525,0.8407546576374902,0.7609021103974501,0.9605334784975503,0.9785341662895
victim,0.526,0.8407546576374902,0.7609021103974501,0.9605334784975503,0.9785341662895
victim,0.527,0.840776706380185,0.7609388583019415,0.9605334784975503,0.9785367646909635
victim,0.528,0.840776706380185,0.7609388583019415,0.9605334784975503,0.9785367646909635
victim,0.529,0.840776706380185,0.7609388583019415,0.9605334784975503,0.9785367646909635
victim,0.53,0.840776706380185,0.7609388583019415,0.9605334784975503,0.9785367646909635
victim,0.531,0.840776706380185,0.7609388583019415,0.9605334784975503,0.9785367646909635
victim,0.532,0.8406319270746996,0.7608790147307414,0.9602612955906369,0.9784744360946034
victim,0.533,0.8405462360276658,0.7607361963190183,0.9602612955906369,0.9782900487069869
victim,0.534,0.8405462360276658,0.7607361963190183,0.9602612955906369,0.9782900487069869
victim,0.535,0.8406992119700623,0.7608097009517368,0.9605334784975503,0.9782952455099136
victim,0.536,0.8406992119700623,0.7608097009517368,0.9605334784975503,0.9782952455099136
victim,0.537,0.8406992119700623,0.7608097009517368,0.9605334784975503,0.9782952455099136
victim,0.538,0.8405544167771767,0.7607498309015365,0.9602612955906369,0.9782329169135537
victim,0.539,0.8404096181130603,0.7606899550659516,0.9599891126837234,0.9781705883171936
victim,0.54,0.8402648159772104,0.7606300734441439,0.95971692977681,0.9781082597208337
victim,0.541,0.840286868552425,0.7606668277361682,0.95971692977681,0.978110858122297
victim,0.542,0.8403089232589409,0.7607035855803614,0.95971692977681,0.9781134565237605
victim,0.543,0.8403089232589409,0.7607035855803614,0.95971692977681,0.9781134565237605
victim,0.544,0.8402950456397014,0.7606804562149623,0.95971692977681,0.9780537263288639
victim,0.545,0.8402950456397014,0.7606804562149623,0.95971692977681,0.9780537263288639
victim,0.546,0.8400274769361527,0.7605974189182657,0.9591725639629831,0.9779316675376073
victim,0.547,0.8400495360260285,0.7606341840680587,0.9591725639629831,0.9779342659390706
victim,0.548,0.8400936606040466,0.7607077250314223,0.9591725639629831,0.9779394627419975
victim,0.549,0.8399488398771051,0.7606478124244621,0.9589003810560697,0.9778771341456376
victim,0.55,0.8398481461003936,0.7606614447345519,0.9586281981491562,0.9778200023522043
victim,0.551,0.839870214514244,0.7606982254243025,0.9586281981491562,0.9778226007536679
victim,0.552,0.839870214514244,0.7606982254243025,0.9586281981491562,0.9778226007536679
victim,0.553,0.839870214514244,0.7606982254243025,0.9586281981491562,0.9778226007536679
victim,0.554,0.8399585095155023,0.7608453837597331,0.9586281981491562,0.9778329943595214
victim,0.555,0.8399585095155023,0.7608453837597331,0.9586281981491562,0.9778329943595214
victim,0.556,0.8396688412775417,0.7607255139056832,0.9580838323353293,0.9777083371668014
victim,0.557,0.8394012355250098,0.7606424148606813,0.9575394665215025,0.9775862783755449
victim,0.558,0.839423314062522,0.7606792124232016,0.9575394665215025,0.9775888767770082
victim,0.559,0.839423314062522,0.7606792124232016,0.9575394665215025,0.9775888767770082
victim,0.56,0.8394453947363223,0.7607160135462022,0.9575394665215025,0.9775914751784717
victim,0.561,0.8393005464227575,0.7606560549615365,0.957267283614589,0.9775291465821117
victim,0.562,0.8391777760937829,0.7606328930178544,0.9569951007076756,0.9774694163872151
victim,0.5630000000000001,0.8391777760937829,0.7606328930178544,0.9569951007076756,0.9774694163872151
victim,0.5640000000000001,0.8391777760937829,0.7606328930178544,0.9569951007076756,0.9774694163872151
victim,0.5650000000000001,0.8392219454367116,0.7607065085894024,0.9569951007076756,0.977474613190142
victim,0.5660000000000001,0.8390770881423723,0.760646535036779,0.9567229178007621,0.9774122845937819
victim,0.5670000000000001,0.8390770881423723,0.760646535036779,0.9567229178007621,0.9774122845937819
victim,0.5680000000000001,0.839099175347571,0.7606833470454435,0.9567229178007621,0.9774148829952454
victim,0.5690000000000001,0.8391433561721418,0.7607569817530614,0.9567229178007621,0.9774200797981722
victim,0.5700000000000001,0.8392317434866698,0.7609042939439415,0.9567229178007621,0.9774304734040259
victim,0.5710000000000001,0.8392317434866698,0.7609042939439415,0.9567229178007621,0.9774304734040259
victim,0.5720000000000001,0.8390868780009169,0.7608443067389622,0.9564507348938487,0.9773681448076659
victim,0.5730000000000001,0.8389641098622671,0.7608211484458216,0.9561785519869352,0.9773084146127693
victim,0.5740000000000001,0.8389641098622671,0.7608211484458216,0.9561785519869352,0.9773084146127693
victim,0.5750000000000001,0.8388192367328657,0.7607611485014283,0.9559063690800218,0.9772460860164093
victim,0.5760000000000001,0.8385294800145309,0.7606411311800881,0.9553620032661949,0.9771214288236892
victim,0.577,0.8385294800145309,0.7606411311800881,0.9553620032661949,0.9771214288236892
victim,0.578,0.8383845964245842,0.7605811138014528,0.9550898203592815,0.9770591002273292
victim,0.579,0.8383845964245842,0.7605811138014528,0.9550898203592815,0.9770591002273292
victim,0.58,0.8384066967039334,0.760617947600368,0.9550898203592815,0.9770616986287926
victim,0.581,0.8385597768477189,0.7606916259020681,0.9553620032661949,0.9770668954317194
victim,0.582,0.8385597768477189,0.7606916259020681,0.9553620032661949,0.9770668954317194
victim,0.583,0.8385818835500118,0.7607284704058898,0.9553620032661949,0.9770694938331829
victim,0.584,0.8385818835500118,0.7607284704058898,0.9553620032661949,0.9770694938331829
victim,0.585,0.8384591019472392,0.7607052896725441,0.9550898203592815,0.9770097636382863
victim,0.586,0.8384812122593934,0.7607421401928015,0.9550898203592815,0.9770123620397497
victim,0.587,0.8383584294298596,0.7607189574148538,0.954817637452368,0.9769526318448531
victim,0.588,0.8383805433530402,0.7607558139534883,0.954817637452368,0.9769552302463166
victim,0.589,0.8382356439045231,0.7606957701439022,0.9545454545454546,0.9768929016499566
victim,0.59,0.8382356439045231,0.7606957701439022,0.9545454545454546,0.9768929016499566
victim,0.591,0.8382356439045231,0.7606957701439022,0.9545454545454546,0.9768929016499566
victim,0.592,0.8383019965109517,0.7608063578212831,0.9545454545454546,0.9769006968543468
victim,0.593,0.8382880858600543,0.760783173403121,0.9545454545454546,0.9768409666594502
victim,0.594,0.8382880858600543,0.760783173403121,0.9545454545454546,0.9768409666594502
victim,0.595,0.8384412077533396,0.7608569212873207,0.954817637452368,0.9768461634623771
victim,0.596,0.8382962972755033,0.7607968590955358,0.9545454545454546,0.976783834866017
victim,0.597,0.838318424183669,0.7608337372758119,0.9545454545454546,0.9767864332674805
victim,0.598,0.8380285913972467,0.7607135931743261,0.9540010887316277,0.9766617760747605
victim,0.599,0.8380285913972467,0.7607135931743261,0.9540010887316277,0.9766617760747605
victim,0.6,0.8380285913972467,0.7607135931743261,0.9540010887316277,0.9766617760747605
victim,0.601,0.8378476177938632,0.7605934257732959,0.9537289058247143,0.9765371188820404
victim,0.602,0.8377026891671203,0.7605333333333333,0.9534567229178008,0.9764747902856805
victim,0.603,0.8376887552098881,0.7605101100712796,0.9534567229178008,0.9764150600907838
victim,0.604,0.8377108823588573,0.7605469886528948,0.9534567229178008,0.9764176584922473
victim,0.605,0.8374431328605041,0.7604636500315244,0.9529123571039738,0.9762955997009907
victim,0.606,0.8374431328605041,0.7604636500315244,0.9529123571039738,0.9762955997009907
victim,0.607,0.8374070613787901,0.7604035308953342,0.9529123571039738,0.9762332711046307
victim,0.608,0.837370986397878,0.7603434059271476,0.9529123571039738,0.9761709425082706
victim,0.609,0.8372481628148901,0.7603201552267767,0.9526401741970604,0.9761112123133739
victim,0.61,0.837270293022183,0.7603570389055981,0.9526401741970604,0.9761138107148375
victim,0.611,0.837270293022183,0.7603570389055981,0.9526401741970604,0.9761138107148375
victim,0.612,0.8372784751904441,0.7603706758527,0.9526401741970604,0.9760566789214042
victim,0.613,0.8369885489828727,0.7602503760492988,0.9520958083832335,0.9759320217286842
victim,0.614,0.8370106836017406,0.7602872670807453,0.9520958083832335,0.9759346201301478
victim,0.615,0.8368657145667109,0.7602271072936381,0.95182362547632,0.9758722915337876
victim,0.616,0.8368878506564118,0.7602640007764729,0.95182362547632,0.9758748899352512
victim,0.617,0.836909988894726,0.7603008978403301,0.95182362547632,0.9758774883367145
victim,0.618,0.8366421766346313,0.7602174546160567,0.9512792596624932,0.9757554295454579
victim,0.619,0.8366421766346313,0.7602174546160567,0.9512792596624932,0.9757554295454579
victim,0.62,0.836497195053477,0.7601572739187419,0.9510070767555797,0.9756931009490979
victim,0.621,0.8365414782093925,0.760231079178601,0.9510070767555797,0.9756982977520248
victim,0.622,0.8362736452623101,0.7601476014760148,0.9504627109417528,0.9755762389607682
victim,0.623,0.8362596692072344,0.7601243080508886,0.9504627109417528,0.9755165087658716
victim,0.624,0.8362818162758902,0.7601612198319817,0.9504627109417528,0.975519107167335
victim,0.625,0.8361589658154607,0.7601379243358749,0.9501905280348394,0.9754593769724385
victim,0.626,0.8360361126395428,0.7601146243139539,0.949918345127926,0.9753996467775419
victim,0.627,0.8358911052614378,0.7600544006217214,0.9496461622210125,0.9753373181811817
victim,0.628,0.8359354103853447,0.7601282424948994,0.9496461622210125,0.9753425149841086
victim,0.629,0.8357542555421962,0.7600077730275943,0.9493739793140991,0.9752178577913886
victim,0.63,0.8357542555421962,0.7600077730275943,0.9493739793140991,0.9752178577913886
victim,0.631,0.8355730866514954,0.7598872801477019,0.9491017964071856,0.9750932005986686
victim,0.632,0.8353051822572667,0.7598036833665387,0.9485574305933587,0.9749711418074121
victim,0.633,0.8351823014364386,0.7597803372697673,0.9482852476864453,0.9749114116125154
victim,0.634,0.8350372632368516,0.759720062208398,0.9480130647795318,0.9748490830161554
victim,0.635,0.8350594178923716,0.7597569866342648,0.9480130647795318,0.9748516814176188
victim,0.636,0.8348782027466171,0.759636416662616,0.9477408818726184,0.9747270242248988
victim,0.637,0.8345881003713072,0.7595158232463176,0.9471965160587915,0.9746023670321788
victim,0.638,0.8344430439073238,0.7594555177442878,0.9469243331518781,0.9745400384358187
victim,0.639,0.8344430439073238,0.7594555177442878,0.9469243331518781,0.9745400384358187
victim,0.64,0.8344873528640184,0.7595293660054453,0.9469243331518781,0.9745452352387456
victim,0.641,0.8344873528640184,0.7595293660054453,0.9469243331518781,0.9745452352387456
victim,0.642,0.8343422915172497,0.7594690523654397,0.9466521502449646,0.9744829066423856
victim,0.643,0.8342193829964897,0.7594456601021153,0.9463799673380512,0.974423176447489
victim,0.644,0.8342193829964897,0.7594456601021153,0.9463799673380512,0.974423176447489
victim,0.645,0.8343725753146372,0.7595195253610854,0.9466521502449646,0.9744283732504158
victim,0.646,0.8343725753146372,0.7595195253610854,0.9466521502449646,0.9744283732504158
victim,0.647,0.8339595142124914,0.7593754560046695,0.9458356015242243,0.9742439858627993
victim,0.648,0.8339595142124914,0.7593754560046695,0.9458356015242243,0.9742439858627993
victim,0.649,0.8340905502935174,0.7594123942017705,0.9461077844311377,0.9742465842642627
victim,0.65,0.8339676323201393,0.7593889861840826,0.9458356015242243,0.9741868540693661
victim,0.651,0.8339676323201393,0.7593889861840826,0.9458356015242243,0.9741868540693661
victim,0.652,0.8339676323201393,0.7593889861840826,0.9458356015242243,0.9741868540693661
victim,0.653,0.8338225457490406,0.7593286305035271,0.9455634186173109,0.974124525473006
victim,0.654,0.8338084939977928,0.7593052109181141,0.9455634186173109,0.9740647952781094
victim,0.655,0.8335404678367221,0.7592214111922141,0.945019052803484,0.9739427364868529
victim,0.656,0.8335404678367221,0.7592214111922141,0.945019052803484,0.9739427364868529
victim,0.657,0.8335404678367221,0.7592214111922141,0.945019052803484,0.9739427364868529
victim,0.658,0.833562635963965,0.7592583580709523,0.945019052803484,0.9739453348883162
victim,0.659,0.8336291532931059,0.7593692202861871,0.945019052803484,0.9739531300927065
victim,0.66,0.8334840485183751,0.7593088342662448,0.9447468698965705,0.9738908014963465
victim,0.661,0.8335062245941421,0.7593457943925233,0.9447468698965705,0.9738933998978099
victim,0.662,0.8333832931582423,0.7593223639372991,0.9444746869896571,0.9738336697029133
victim,0.663,0.8333832931582423,0.7593223639372991,0.9444746869896571,0.9738336697029133
victim,0.664,0.8331152415722358,0.7592385218365062,0.9439303211758302,0.9737116109116568
victim,0.665,0.8331374220724355,0.7592754893368391,0.9439303211758302,0.9737142093131201
victim,0.666,0.8331596047326878,0.7593124604372595,0.9439303211758302,0.9737168077145837
victim,0.667,0.8330366665566535,0.7592890187484781,0.9436581382689168,0.973657077519687
victim,0.668,0.8328915400292856,0.7592285964741404,0.9433859553620033,0.973594748923327
victim,0.669,0.8328915400292856,0.7592285964741404,0.9433859553620033,0.973594748923327
victim,0.67,0.8328915400292856,0.7592285964741404,0.9433859553620033,0.973594748923327
victim,0.671,0.8327464099706883,0.7591681683144207,0.9431137724550899,0.973532420326967
victim,0.672,0.8326012763803459,0.7591077342684589,0.9428415895481764,0.973470091730607
victim,0.673,0.8325005085281989,0.7591212431194895,0.9425694066412629,0.9734129599371738
victim,0.674,0.8323553665007546,0.7590607950116913,0.9422972237343494,0.9733506313408138
victim,0.675,0.8322324074446839,0.7590373185228491,0.942025040827436,0.9732909011459172
victim,0.676,0.8320086727148632,0.7590273378490328,0.9414806750136091,0.9731740391575874
victim,0.677,0.8318635138017425,0.7589668615984405,0.9412084921066957,0.9731117105612275
victim,0.678,0.8319079021550869,0.7590408421873478,0.9412084921066957,0.9731169073641543
victim,0.679,0.8318293350282604,0.7590913522472459,0.9409363091997822,0.9730623739721845
victim,0.68,0.8316841656051406,0.7590308584799884,0.9406641262928688,0.9730000453758245
victim,0.681,0.8317063681458526,0.7590678627145085,0.9406641262928688,0.9730026437772878
victim,0.682,0.8315833985147918,0.7590443686006827,0.9403919433859553,0.9729429135823913
victim,0.683,0.8315833985147918,0.7590443686006827,0.9403919433859553,0.9729429135823913
victim,0.684,0.831438220638055,0.7589838607440637,0.9401197604790419,0.9728805849860314
victim,0.685,0.8314826337961421,0.7590578826742089,0.9401197604790419,0.9728857817889582
victim,0.686,0.8311922646693046,0.7589368446720312,0.939575394665215,0.9727611245962382
victim,0.687,0.831214473121646,0.7589738587592665,0.939575394665215,0.9727637229977015
victim,0.6880000000000001,0.8310914924879269,0.7589503463076772,0.9393032117583016,0.972703992802805
victim,0.6890000000000001,0.8309321832367356,0.7588662861603006,0.9390310288513881,0.9725819340115484
victim,0.6900000000000001,0.830831407230249,0.7588797814207651,0.9387588459444747,0.9725248022181152
victim,0.6910000000000001,0.830831407230249,0.7588797814207651,0.9387588459444747,0.9725248022181152
victim,0.6920000000000001,0.8308758424667915,0.758953840148336,0.9387588459444747,0.9725299990210421
victim,0.6930000000000001,0.8307528537764143,0.7589303142689829,0.9384866630375612,0.9724702688261455
victim,0.6940000000000001,0.8308195273361627,0.7590414368685637,0.9384866630375612,0.9724780640305357
victim,0.6950000000000001,0.830696540331656,0.7590179137989946,0.9382144801306478,0.9724183338356391
victim,0.6960000000000001,0.8307187706718042,0.7590549643659085,0.9382144801306478,0.9724209322371026
victim,0.6970000000000001,0.8307410031823544,0.7590920185501588,0.9382144801306478,0.972423530638566
victim,0.6980000000000001,0.8303778450529331,0.7588496655436747,0.9376701143168209,0.972174216253126
victim,0.6990000000000001,0.830232610063963,0.7587890624999999,0.9373979314099075,0.9721118876567658
victim,0.7000000000000001,0.8299643592852654,0.7587048884113885,0.9368535655960806,0.9719898288655093
victim,0.7010000000000001,0.8300533004141759,0.7588531236262394,0.9368535655960806,0.9720002224713631
victim,0.7020000000000001,0.830120029071847,0.7589643380556913,0.9368535655960806,0.9720080176757533
victim,0.7030000000000001,0.8300192731616589,0.7589778668099868,0.9365813826891671,0.97195088588232
victim,0.704,0.8297146161622457,0.7588330156868495,0.9360370168753402,0.9717664984947034
victim,0.705,0.8297591203222978,0.7589071892869361,0.9360370168753402,0.9717716952976303
victim,0.706,0.8297591203222978,0.7589071892869361,0.9360370168753402,0.9717716952976303
victim,0.707,0.8297227246386991,0.7588465298142717,0.9360370168753402,0.9717093667012703
victim,0.708,0.8297308354933535,0.7588600479053624,0.9360370168753402,0.9716522349078371
victim,0.709,0.8296078157677668,0.75883647030066,0.9357648339684268,0.9715925047129406
victim,0.71,0.8294625341705719,0.758775789576611,0.9354926510615134,0.9715301761165805
victim,0.711,0.8293395074261272,0.7587522002738118,0.9352204681545999,0.971470445921684
victim,0.712,0.8292164779132555,0.7587286063569681,0.9349482852476865,0.9714107157267873
victim,0.713,0.8290711842489407,0.7586679055210523,0.934676102340773,0.9713483871304274
victim,0.714,0.8290934456311447,0.7587050078247259,0.934676102340773,0.9713509855318907
victim,0.715,0.8290934456311447,0.7587050078247259,0.934676102340773,0.9713509855318907
victim,0.716,0.8289339815666472,0.7586206896551724,0.9344039194338596,0.9712289267406342
victim,0.717,0.8286878946342564,0.7585734553104055,0.9338595536200327,0.971109466350841
victim,0.718,0.8287101619568193,0.7586105675146771,0.9338595536200327,0.9711120647523044
victim,0.719,0.8285871158163173,0.758586945885116,0.9335873707131193,0.9710523345574078
victim,0.72,0.8284417966080233,0.7585262024759016,0.9333151878062058,0.9709900059610478
victim,0.721,0.8284417966080233,0.7585262024759016,0.9333151878062058,0.9709900059610478
victim,0.722,0.8284276165954454,0.7585025691216051,0.9333151878062058,0.9709302757661512
victim,0.723,0.8284134338069633,0.7584789311408017,0.9333151878062058,0.9708705455712546
victim,0.724,0.8284357070723649,0.7585160532498043,0.9333151878062058,0.9708731439727181
victim,0.725,0.8284579825181067,0.7585531789927071,0.9333151878062058,0.9708757423741814
victim,0.726,0.8284660790386758,0.7585666731936558,0.9333151878062058,0.9708186105807483
victim,0.727,0.8283430219930078,0.7585430333888181,0.9330430048992924,0.9707588803858517
victim,0.728,0.8280158587091507,0.7583606717916075,0.9324986390854655,0.9705718945967716
victim,0.729,0.8279150682696579,0.7583741429970617,0.9322264561785519,0.9705147628033385
victim,0.73,0.8279008675140302,0.7583504750710158,0.9322264561785519,0.9704550326084419
victim,0.731,0.8278643788176029,0.7582896605769701,0.9322264561785519,0.9703927040120819
victim,0.732,0.8277190133838905,0.7582288401253918,0.9319542732716385,0.9703303754157219
victim,0.733,0.8277635844923528,0.7583031253061624,0.9319542732716385,0.9703355722186486
victim,0.734,0.827472840114224,0.7581814618851654,0.9314099074578116,0.9702109150259287
victim,0.735,0.827349749301006,0.7581577658010779,0.9311377245508982,0.9701511848310321
victim,0.736,0.8272043674734104,0.7580969180263609,0.9308655416439847,0.9700888562346721
victim,0.737,0.8270589820679372,0.7580360642885144,0.9305933587370713,0.9700265276383121
victim,0.738,0.8270224662468253,0.7579752045866615,0.9305933587370713,0.9699641990419521
victim,0.739,0.8268851237653818,0.7579277557221977,0.9303211758301578,0.9698447386521589
victim,0.74,0.8261803686747298,0.7576604402608227,0.9289602612955906,0.9695356940718223
victim,0.741,0.82620265717562,0.7576975877623063,0.9289602612955906,0.9695382924732857
victim,0.742,0.8260572367489497,0.7576366756557981,0.9286880783886772,0.9694759638769257
victim,0.743,0.8260795267364653,0.7576738256349907,0.9286880783886772,0.969478562278389
victim,0.744,0.8259563935006694,0.7576500588466065,0.9284158954817637,0.9694188320834924
victim,0.745,0.8258109645061796,0.7575891324603992,0.9281437125748503,0.9693565034871325
victim,0.746,0.8256289689224496,0.7574672617587915,0.9278715296679368,0.9692318462944125
victim,0.747,0.8254835291693887,0.7574063174416323,0.9275993467610234,0.9691695176980525
victim,0.748,0.8255281130789801,0.757480623957618,0.9275993467610234,0.9691747145009793
victim,0.749,0.825390683027661,0.7574330291433617,0.92732716385411,0.9690552541111861
victim,0.75,0.8252166530256864,0.7573244344113461,0.9270549809471965,0.9688734651250329
victim,0.751,0.824925718445986,0.7572024539877301,0.9265106151333696,0.968748807932313
victim,0.752,0.824925718445986,0.7572024539877301,0.9265106151333696,0.968748807932313
victim,0.753,0.8249337178774201,0.7572157863734539,0.9265106151333696,0.9686916761388797
victim,0.754,0.8249560206348607,0.7572529576358549,0.9265106151333696,0.9686942745403432
victim,0.755,0.82500063271936,0.7573273111100202,0.9265106151333696,0.96869947134327
victim,0.756,0.8247319774848632,0.7572424629284101,0.9259662493195427,0.9685774125520135
victim,0.757,0.8246311108257207,0.7572558071011148,0.9256940664126293,0.9685202807585802
victim,0.758,0.824698058785091,0.7573673870333988,0.9256940664126293,0.9685280759629704
victim,0.759,0.8241830173218416,0.7572348056797523,0.9246053347849755,0.9682865567819208
victim,0.76,0.8240598294702067,0.7572109478649698,0.9243331518780621,0.9682268265870242
victim,0.761,0.8239143138783858,0.7571498771498771,0.9240609689711486,0.9681644979906641
victim,0.762,0.8237687946851662,0.7570888004324536,0.9237887860642352,0.9681021693943042
victim,0.763,0.8236535936813321,0.7570782540306723,0.9235166031573218,0.9679853074059743
victim,0.764,0.8236759230797699,0.7571154696947353,0.9235166031573218,0.9679879058074378
victim,0.765,0.8234965267233931,0.757179386309992,0.9229722373434949,0.9678762406220349
victim,0.766,0.8233733236335881,0.7571555030982591,0.9227000544365814,0.9678165104271383
victim,0.767,0.8233956662933952,0.7571927408646044,0.9227000544365814,0.9678191088286017
victim,0.768,0.823418011150985,0.7572299822939208,0.9227000544365814,0.9678217072300651
victim,0.769,0.8232948082281977,0.7572060993605508,0.922427871529668,0.9677619770351685
victim,0.77,0.8233251779339178,0.757256715536751,0.922427871529668,0.9677074436431987
victim,0.771,0.8231429288637839,0.7571344223578035,0.9221556886227545,0.9675827864504787
victim,0.772,0.823187637126102,0.7572089361283337,0.9221556886227545,0.9675879832534056
victim,0.773,0.8229188536474158,0.7571238742064079,0.9216113228089275,0.9674659244621491
victim,0.774,0.8229635722893927,0.7571984052763695,0.9216113228089275,0.9674711212650758
victim,0.775,0.8230082997364186,0.7572729510214127,0.9216113228089275,0.9674763180680026
victim,0.776,0.8230754074221138,0.7573847971642379,0.9216113228089275,0.9674841132723929
victim,0.777,0.8229521995353993,0.7573609059576561,0.9213391399020141,0.9674243830774963
victim,0.778,0.8228787719741995,0.7572385266889896,0.9213391399020141,0.9672997258847763
victim,0.779,0.8228420527697877,0.7571773280149702,0.9213391399020141,0.9672373972884163
victim,0.78,0.8227188290920565,0.757153410490027,0.9210669569951007,0.9671776670935197
victim,0.781,0.8226627372214816,0.7572413793103447,0.9207947740881872,0.9671257321030133
victim,0.782,0.822001811118905,0.7570471121624284,0.91943385955362,0.9668218843256036
victim,0.783,0.8218865861710798,0.7570365258539953,0.9191616766467066,0.9667050223372737
victim,0.784,0.8217857324199953,0.75704989154013,0.9188894937397931,0.9666478905438406
victim,0.785,0.8217793785403474,0.757039301740717,0.9188894937397931,0.9665310285555109
victim,0.786,0.8220002729078688,0.7572260037486436,0.9191616766467066,0.966544020562828
victim,0.787,0.8220450968623132,0.7573007103393844,0.9191616766467066,0.9665492173657548
victim,0.788,0.8221123493798825,0.7574127978686666,0.9191616766467066,0.966557012570145
victim,0.789,0.82227413600463,0.75750098697197,0.91943385955362,0.9665050775796388
victim,0.79,0.82227413600463,0.75750098697197,0.91943385955362,0.9665050775796388
victim,0.791,0.82227413600463,0.75750098697197,0.91943385955362,0.9665050775796388
victim,0.792,0.8222965660787643,0.7575383704288606,0.91943385955362,0.9665076759811022
victim,0.793,0.8220276632412282,0.7574531095755183,0.9188894937397931,0.9663856171898455
victim,0.794,0.8219908633925559,0.7573917764943977,0.9188894937397931,0.9663232885934856
victim,0.795,0.8220581671641636,0.7575039494470773,0.9188894937397931,0.9663310837978758
victim,0.796,0.8220247021109297,0.7576296296296297,0.9186173108328797,0.9662817472088329
victim,0.797,0.8220471515048641,0.757667045286187,0.9186173108328797,0.9662843456102963
victim,0.798,0.8219014648408725,0.7576056894508099,0.9183451279259662,0.9662220170139364
victim,0.799,0.8219239157429158,0.7576431076208822,0.9183451279259662,0.9662246154153997
victim,0.8,0.8216774357049061,0.757595218100084,0.9178007621121393,0.9661051550256066
victim,0.801,0.8214534034644778,0.7575847415752546,0.9172563962983125,0.9659882930372767
victim,0.802,0.8211925227513268,0.7575128509292209,0.9167120304844856,0.965809102452587
victim,0.803,0.8205952109696091,0.7572431523781271,0.9156232988568318,0.9655000578722504
victim,0.804,0.8201660234965731,0.757072205736894,0.9148067501360915,0.9652559402897372
victim,0.805,0.8201516049906321,0.7570481748936592,0.9148067501360915,0.9651962100948406
victim,0.806,0.8197817128637854,0.7569760538294082,0.9139902014153511,0.9650170195101508
victim,0.807,0.8197033594223775,0.7570269200316706,0.9137180185084377,0.9649624861181811
victim,0.808,0.8193109616219542,0.7569172895114586,0.9129014697876974,0.9647806971320279
victim,0.809,0.8192631532271836,0.7570190641247834,0.9126292868807839,0.9646716303480884
victim,0.81,0.8192712076207762,0.7570324881141045,0.9126292868807839,0.9646144985546552
victim,0.811,0.8192712076207762,0.7570324881141045,0.9126292868807839,0.9646144985546552
victim,0.812,0.8190020797745464,0.7569468522462727,0.912084921066957,0.9644924397633986
victim,0.8130000000000001,0.818886807511342,0.7569361870788743,0.9118127381600436,0.9643755777750689
victim,0.8140000000000001,0.8188309998404859,0.7570246295653897,0.9115405552531302,0.9643236427845625
victim,0.8150000000000001,0.8189886194837626,0.7572873289708507,0.9115405552531302,0.9643418315948065
victim,0.8160000000000001,0.8186599661817899,0.7571024840101146,0.9109961894393032,0.9641548458057264
victim,0.8170000000000001,0.8186042227280124,0.7571910335250942,0.9107240065323897,0.9641029108152201
victim,0.8180000000000001,0.8183125070165195,0.7570677512151572,0.9101796407185628,0.9639782536225001
victim,0.8190000000000001,0.818380105704559,0.757180415695223,0.9101796407185628,0.9639860488268903
victim,0.8200000000000001,0.8181457756224271,0.756971320829612,0.9099074578116494,0.9637393328429138
victim,0.8210000000000001,0.8181763826283819,0.7570223325062034,0.9099074578116494,0.963684799450944
victim,0.8220000000000001,0.8180385634514209,0.7569740891492108,0.909635274904736,0.9635653390611507
victim,0.8230000000000001,0.8179007327776813,0.7569258266309205,0.9093630919978225,0.9634458786713576
victim,0.8240000000000001,0.8178675912883302,0.757052046086611,0.9090909090909091,0.9633965420823147
victim,0.8250000000000001,0.817729755524264,0.7570037750844427,0.9088187261839956,0.9632770816925216
victim,0.8260000000000001,0.817614473623249,0.7569930938540269,0.9085465432770822,0.9631602197041917
victim,0.8270000000000001,0.8173387506015852,0.7568964660271384,0.9080021774632553,0.9629212989246054
victim,0.8280000000000001,0.816908955419842,0.75672450653806,0.907185628742515,0.9626771813420922
victim,0.8290000000000001,0.8167855662910801,0.7567003132613993,0.9069134458356015,0.9626174511471957
victim,0.8300000000000001,0.8167073332413016,0.7567513801163773,0.9066412629286881,0.962562917755226
victim,0.8310000000000001,0.8165839413844871,0.7567271822929621,0.9063690800217746,0.9625031875603293
victim,0.8320000000000001,0.8161766299947892,0.7565926957906258,0.9055525313010343,0.9622616683792795
victim,0.833,0.8158926804187421,0.7564823570397652,0.9050081654872074,0.9620798793931262
victim,0.834,0.8154972450373881,0.7561862086133931,0.9044637996733805,0.9617111046178931
victim,0.835,0.81513084311207,0.7559384492804142,0.9039194338595536,0.961461790232453
victim,0.836,0.8150525647731466,0.7559894406534842,0.9036472509526402,0.9614072568404832
victim,0.837,0.8140606873745599,0.7556064985547692,0.9017419706042461,0.9609164232739935
victim,0.838,0.8138137044622749,0.7555577709101786,0.9011976047904192,0.9607969628842004
victim,0.839,0.8137764847156292,0.7554957379991027,0.9011976047904192,0.9607346342878402
victim,0.84,0.8137660000090121,0.7556597187593498,0.9009254218835057,0.9606878961002607
victim,0.841,0.8137886098844052,0.7556974018850048,0.9009254218835057,0.9606904945017243
victim,0.842,0.813759365222054,0.7556486607810863,0.9009254218835057,0.960571034111931
victim,0.843,0.8133662393469261,0.7555378168030332,0.9001088731627653,0.9603892451257778
victim,0.844,0.8134647200990633,0.7557019513899287,0.9001088731627653,0.9603425069381983
victim,0.845,0.8133119413412204,0.7556287753981329,0.8998366902558519,0.9601633163535086
victim,0.846,0.8130875479731547,0.7556176969939079,0.899292324442025,0.9600464543651788
victim,0.847,0.8130093152295675,0.7556687643592048,0.8990201415351116,0.9599919209732091
victim,0.848,0.8128857968378926,0.7556443556443557,0.8987479586281981,0.9599321907783125
victim,0.849,0.8127023294712494,0.7555200319712259,0.8984757757212847,0.9598075335855925
victim,0.85,0.8124552660715072,0.7554711701808734,0.8979314099074578,0.9596880731957993
victim,0.851,0.812355696999288,0.7554866769984503,0.8976592270005443,0.9594569476206032
victim,0.852,0.8124917050023481,0.7557133570035506,0.8976592270005443,0.9594725380293837
victim,0.853,0.8124362101944752,0.7558023209283714,0.8973870440936309,0.9594206030388774
victim,0.854,0.8121891425546672,0.7557534520712428,0.896842678279804,0.9593011426490842
victim,0.855,0.8122345195256712,0.7558290803562493,0.896842678279804,0.9593063394520109
victim,0.856,0.8120816516026097,0.7557557557557557,0.8965704953728906,0.9591271488673212
victim,0.857,0.8118652885951056,0.7557580612858001,0.8960261295590637,0.9589531550855583
victim,0.858,0.8115807958471707,0.75564681724846,0.8954817637452368,0.958771366099405
victim,0.859,0.8115480876331601,0.755773758829718,0.8952095808383234,0.9587220295103622
victim,0.86,0.8110538426161578,0.7556758382198167,0.8941208492106696,0.9584831087307759
victim,0.861,0.8107612534760245,0.7555511001954789,0.8935764833968427,0.9583584515380559
victim,0.862,0.810105886521841,0.7553660982948847,0.8922155688622755,0.9579974719672129
victim,0.863,0.8098292277576093,0.7552679108970499,0.8916712030484486,0.9577585511876265
victim,0.864,0.8098599705810816,0.7553191489361702,0.8916712030484486,0.9577040177956568
victim,0.865,0.8098501055216007,0.7554841624416445,0.8913990201415352,0.9576572796080773
victim,0.866,0.809103521845077,0.7551471326704831,0.8900381056069678,0.9572859064313806
victim,0.867,0.8089700656233604,0.75528761617684,0.889493739793141,0.9571794380489045
victim,0.868,0.8086397435621808,0.7550999899507587,0.8889493739793141,0.9569924522598245
victim,0.869,0.8082688116474583,0.7550261359067149,0.8881328252585737,0.9568132616751348
victim,0.87,0.8077396233910397,0.7546885212931771,0.8873162765378334,0.956441888498438
victim,0.871,0.8075635638253311,0.7545765439549387,0.88704409363092,0.956260099512285
victim,0.872,0.8072261740811539,0.7543771382571945,0.8864997278170931,0.9559562517348751
victim,0.873,0.8069490866172919,0.7542782363599758,0.8859553620032662,0.9557173309552888
victim,0.874,0.8065254381988556,0.7541165214764087,0.8851388132825259,0.9554160815793424
victim,0.875,0.8064700731233486,0.7542057016218394,0.8848666303756124,0.9553641465888361
victim,0.876,0.8060840052508836,0.754106620981558,0.8840500816548721,0.9551252258092497
victim,0.877,0.8052730900003235,0.7538438271916116,0.8824169842133914,0.9547590494354798
victim,0.878,0.8052037988396126,0.7539097971950357,0.882144801306478,0.954473390468314
victim,0.879,0.8045849054053118,0.7537855844942458,0.8807838867719108,0.9541747394938311
victim,0.88,0.80349611828262,0.7534225814599647,0.8786064235166031,0.9535696423404749
victim,0.881,0.803064001866397,0.7532467532467532,0.8777898747958628,0.9533255247579617
victim,0.882,0.802168893642324,0.7528436378342853,0.8761567773543821,0.952891822984905
victim,0.883,0.8016205415076869,0.7526555386949925,0.8750680457267284,0.9525308434140621
victim,0.884,0.8007178068182749,0.7522397125069596,0.8734349482852477,0.9519802796526757
victim,0.885,0.8003484569545483,0.7519870399432999,0.8728905824714208,0.9517309652672357
victim,0.886,0.7999615456349899,0.7518865535578628,0.8720740337506805,0.9514920444876493
victim,0.887,0.7992352400865061,0.751583320666768,0.8707131192161133,0.9511232697124161
victim,0.888,0.7983696512954044,0.7512294043092522,0.8690800217746325,0.9506350345473897
victim,0.889,0.7979576282974763,0.751268520397808,0.8679912901469787,0.9502896453853272
victim,0.89,0.7973474071209858,0.7509773061887597,0.866902558519325,0.9498637388166609
victim,0.891,0.7968285284195077,0.7508383294380654,0.8658138268916712,0.9494482258538481
victim,0.892,0.7962179319595035,0.7505464897564944,0.8647250952640174,0.9490223192851818
victim,0.893,0.7957654982548354,0.7506997099384255,0.8633641807294502,0.9486847253275095
victim,0.894,0.7954010432282573,0.7506366507079556,0.8625476320087099,0.9482744091676236
victim,0.895,0.7947176033649765,0.7505863158968082,0.8609145345672292,0.9478069612143046
victim,0.896,0.7938920539172967,0.7499362212357774,0.8598258029395754,0.9470668132623747
victim,0.897,0.7935517210485326,0.7497319103303886,0.8592814371257484,0.9465889717032021
victim,0.898,0.7925194707221206,0.7494631352899069,0.8571039738704409,0.9458748077659065
victim,0.899,0.7920990973064477,0.7494883340155546,0.8560152422427871,0.9455865503972771
victim,0.9,0.7915558577022745,0.7493087557603687,0.8549265106151334,0.945168439033001
victim,0.901,0.7907484262638229,0.7490517683239364,0.8532934131736527,0.9445711370840351
victim,0.902,0.7902211993005575,0.748717422532321,0.8524768644529124,0.9439686383321424
victim,0.903,0.78939915204126,0.7482546201232033,0.8511159499183452,0.9434154761692926
victim,0.904,0.7885295289093815,0.7478939798643929,0.8494828524768645,0.9429272410042662
victim,0.905,0.7874568600588028,0.7475578406169666,0.8473053892215568,0.9423247422523733
victim,0.906,0.786655847506988,0.7473115513249292,0.8456722917800762,0.9418443022917372
victim,0.907,0.785286538462024,0.7468439222960787,0.8429504627109418,0.9409431525653615
victim,0.908,0.7835047720489221,0.7462332301341589,0.839412084921067,0.939974477439699
victim,0.909,0.7823605398981843,0.7455963634485252,0.8375068045726728,0.9391200659009027
victim,0.91,0.7813091651648434,0.7451142591252198,0.8356015242242787,0.9384500417497232
victim,0.911,0.7802645445434188,0.7446434116551082,0.8336962438758846,0.9377228858051104
victim,0.912,0.7785809738929512,0.7440149238263032,0.8304300489929233,0.936811342472881
victim,0.913,0.7776360449294812,0.7438916843907248,0.8282525857376157,0.936281565923202
victim,0.914,0.7761062345537155,0.7433380084151473,0.8252585737615677,0.9353752193938996
victim,0.915,0.774925256608358,0.7430028092810321,0.8228089275993468,0.9345415950668106
victim,0.916,0.7735812504965729,0.7425773518074799,0.8200870985302123,0.9337599057302282
victim,0.917,0.7729756571975748,0.7422938507275857,0.8189983669025586,0.9330457417929325
victim,0.918,0.7711296408109727,0.7413946200052232,0.8157321720195971,0.931884884075263
victim,0.919,0.7706415525207104,0.7414884158778308,0.8143712574850299,0.9314278297277976
victim,0.92,0.7688835503023195,0.7405544201645443,0.811377245508982,0.9300332480334688
victim,0.921,0.7677907674049339,0.7401847575057735,0.8091997822536745,0.9291398935114833
victim,0.922,0.7659714227413914,0.7396928901977282,0.8053892215568862,0.9280647500033448
victim,0.923,0.7641468137200595,0.7391922489600338,0.801578660860098,0.9272207320704022
victim,0.924,0.7618807393889864,0.7383187427486554,0.7972237343494829,0.9260624727541962
victim,0.925,0.760369685741589,0.7376148727157494,0.7945019052803484,0.9250314690321736
victim,0.926,0.7579482248650264,0.7366638441998307,0.7898747958628198,0.9236368873378447
victim,0.927,0.7569750537809015,0.7363120792918852,0.7879695155144257,0.9228032630107559
victim,0.928,0.7546148047832457,0.7352816153028693,0.7836145890038105,0.921172358938304
victim,0.929,0.7525091125411328,0.7344939573018154,0.7795318454001089,0.9199050328381585
victim,0.93,0.7507857417792096,0.7337991359539177,0.7762656505171476,0.9187597655292696
victim,0.931,0.7496227225516323,0.7336753232873785,0.773543821448013,0.9179417316109613
victim,0.932,0.7470764103209518,0.732697664452539,0.7686445291235711,0.9163731561348694
victim,0.933,0.7445763720692125,0.7316156736446592,0.7640174197060424,0.914913647442717
victim,0.934,0.7426208798111147,0.730715438407746,0.7604790419161677,0.9135242625513149
victim,0.935,0.7403075979499576,0.729763252979561,0.7561241154055526,0.9119582854766866
victim,0.936,0.7375086409023723,0.7287274299924316,0.7506804572672836,0.9103871115991311
victim,0.937,0.7345565313757774,0.7276178081448946,0.7449646162221013,0.9085224835500199
victim,0.9380000000000001,0.7312581882776421,0.7262940408873422,0.738704409363092,0.9067019952870244
victim,0.9390000000000001,0.7279884687188855,0.7246550689862027,0.7329885683179096,0.9045724624436925
victim,0.9400000000000001,0.7244041291720016,0.7228546409807356,0.7267283614589004,0.9021442786258775
victim,0.9410000000000001,0.7216059350000279,0.7214571789104077,0.7218290691344583,0.900378323754852
victim,0.9420000000000001,0.7187284601731236,0.7202904929577465,0.7163854109961895,0.898627959292607
victim,0.9430000000000001,0.7146709698089351,0.7184273013418742,0.7090364725095264,0.8961400452798955
victim,0.9440000000000001,0.7104347584407256,0.7164476966572426,0.7014153511159499,0.8935300724759274
victim,0.9450000000000001,0.706018414629557,0.7143493265056217,0.69352204681546,0.8907980408807027
victim,0.9460000000000001,0.7015503636982656,0.7118018672779113,0.686173108328797,0.887692037707318
victim,0.9470000000000001,0.6968443619484171,0.7094021891664329,0.6780076211213936,0.884827553714983
victim,0.9480000000000001,0.6920590425978905,0.706870315053824,0.6698421339139902,0.8818981427248245
victim,0.9490000000000001,0.6863310190981031,0.7033116331729409,0.6608600979858464,0.878270125167389
victim,0.9500000000000001,0.6812492207529418,0.7006485379451588,0.6521502449646163,0.8749901282122412
victim,0.9510000000000001,0.6754516403865551,0.6973368384958281,0.6426238432226457,0.8714971614533793
victim,0.9520000000000001,0.6701958935423784,0.6943838291030205,0.6339139902014154,0.868144442296018
victim,0.9530000000000001,0.6632332283938164,0.6904005085823268,0.6224823081110507,0.8636931940173471
victim,0.9540000000000001,0.6570573234388462,0.6873655445084017,0.6115949918345128,0.8599379539044902
victim,0.9550000000000001,0.6501875651963842,0.6842628899163107,0.5990745781164943,0.8560087200098703
victim,0.9560000000000001,0.644223671904409,0.6804925469863902,0.5898203592814372,0.8516951209312367
victim,0.9570000000000001,0.6380500855293618,0.6774614472123368,0.5789330430048993,0.8478334124359035
victim,0.9580000000000001,0.6312326276089073,0.6733572281959379,0.5680457267283615,0.8432756957747567
victim,0.9590000000000001,0.6217853015066274,0.6672288140697463,0.5536200326619488,0.8373337579863724
victim,0.96,0.6138424449801695,0.6623376623376623,0.5410996189439303,0.8323345443477788
victim,0.961,0.6078976759951444,0.6585991932526585,0.5318454001088732,0.8281559960677187
victim,0.962,0.602490747641643,0.6552127594063674,0.5234077299945563,0.8240605635957261
victim,0.963,0.594581125391923,0.6501955428642374,0.5111594991834513,0.819009414966626
victim,0.964,0.5849733735893696,0.6443441183847505,0.4959172563962983,0.8129999848177172
victim,0.965,0.5744133155260931,0.6369055168040583,0.48067501360914533,0.8059309685306879
victim,0.966,0.5647392027724321,0.6302176696542894,0.4665215024496462,0.799828028967858
victim,0.967,0.5524785701206911,0.6230295167045087,0.44665215024496463,0.7925694615290474
victim,0.968,0.5409114893189327,0.6151827307919429,0.4295046271094175,0.7856199056318115
victim,0.969,0.5310289525713696,0.6068773234200744,0.41725639629831246,0.7784833639454956
victim,0.97,0.5193728650979347,0.5974305508845092,0.40228633641807293,0.7705547393167433
victim,0.971,0.5060841964844744,0.5874402730375426,0.3840500816548721,0.762158666734672
victim,0.972,0.4952862173498336,0.5783349494389805,0.3707131192161132,0.7543988721235181
victim,0.973,0.4816420634666496,0.5668449197860963,0.3538377789874796,0.7454418421742068
victim,0.974,0.46736507700262636,0.5553889007928005,0.33532934131736525,0.7369003251877082
victim,0.975,0.45308162746195213,0.5439221100050862,0.31682090364725096,0.7281043300516048
victim,0.976,0.4358092073216113,0.5291067989927418,0.29586281981491563,0.7176799962057508
victim,0.977,0.4189975529437068,0.5139706992901374,0.27653783342406096,0.7073829179540804
victim,0.978,0.4031590308487227,0.49973066564063107,0.2583015786608601,0.6978961114550899
victim,0.979,0.3840815137275081,0.48190685966016367,0.23734349482852476,0.6866848914697267
victim,0.98,0.36512139287531986,0.4633714377716953,0.21774632553075668,0.6754269332967839
victim,0.981,0.34023743001654727,0.43841059602649,0.1929776810016331,0.6613823770978846
victim,0.982,0.3190672629845323,0.41492157693938114,0.1752857920522591,0.6490725949524498
victim,0.983,0.2982686090104888,0.39096301465457084,0.1592270005443658,0.6365577042852153
victim,0.984,0.27446193889831866,0.3632612790384788,0.14126292868807838,0.6233519692163317
victim,0.985,0.24975865043068768,0.33370226895406757,0.12384322264561785,0.6101254469357407
victim,0.986,0.22427525670467213,0.303024538710291,0.10615133369624388,0.5969534910858816
victim,0.987,0.20032854077940376,0.2725490196078431,0.0919978225367447,0.5845892085872392
victim,0.988,0.17508181459089842,0.24099554836098747,0.07621121393576484,0.5724898308828172
victim,0.989,0.1529135196942798,0.21293969849246233,0.06287425149700598,0.5620552025473958
victim,0.99,0.1323308169201593,0.18734504689015846,0.04980947196516059,0.5531605672719687
victim,0.991,0.1090713213353201,0.15874071610686177,0.03456722917800762,0.5438919273796193
victim,0.992,0.08290006380976758,0.12582781456953643,0.018508437670114317,0.5338623523236329
victim,0.993,0.0623654619457753,0.09795441262419637,0.008982035928143712,0.5258194641080143
victim,0.994,0.04215225872836664,0.06825775656324581,0.0029940119760479044,0.5176388936535966
victim,0.995,0.02331153438886815,0.03848964677222899,0.0005443658138268917,0.509769966180979
victim,0.996,0.010950795412504623,0.018251325687507706,0.0,0.5045785369116162
victim,0.997,0.005361131794489948,0.008935219657483246,0.0,0.5022438294689604
victim,0.998,0.000598056316969848,0.00099676052828308,0.0,0.5002493143854401
victim,0.999,0.00014956998628941793,0.0002492833104823632,0.0,0.50006232859636
victim,1.0,0.0,0.0,0.0,0.5
path,0.0,0.13233433795102376,0.22055722991837295,0.0,0.5
path,0.001,0.7022366862206384,0.7076835352815395,0.6940664126292869,0.9412152336565429
path,0.002,0.7130759041823489,0.7135913953755896,0.7123026673924877,0.9427339677581216
path,0.003,0.7191076205647953,0.7165675004332506,0.7229178007621121,0.9434962788662955
path,0.004,0.7219936081222368,0.7181112848126918,0.7278170930865542,0.9438599635273132
path,0.005,0.7245760160994533,0.7193305584963671,0.7324442025040827,0.9441181034617725
path,0.006,0.725895368403608,0.7200778368330865,0.7346216657593904,0.9442164059148922
path,0.007,0.7266889277829653,0.7206746147135795,0.7357103973870441,0.9442431381713998
path,0.008,0.7281058775463344,0.7214031002110473,0.7381600435492651,0.9444107438430818
path,0.009000000000000001,0.7295535008284691,0.7220012529685156,0.7408818726183996,0.9445124739816824
path,0.01,0.7301323190172624,0.7226030394072863,0.7414262384322264,0.9445997740102174
path,0.011,0.729911093803423,0.7229601518026565,0.7403375068045727,0.9445754477461863
path,0.012,0.7308714484297525,0.7234720112188852,0.7419706042460533,0.9446832594507947
path,0.013000000000000001,0.7314339899053783,0.7238652145311015,0.7427871529667937,0.9447136128440217
path,0.014,0.7320437053101096,0.7241555857872177,0.7438758845944474,0.9447010628095291
path,0.015,0.7330347491824056,0.7245371386754483,0.7457811649428416,0.9448035667530836
path,0.016,0.7342325774879483,0.7249004217432053,0.7482308111050626,0.9448859459230419
path,0.017,0.73480648919013,0.7251311201617392,0.7493195427327164,0.944902449559919
path,0.018000000000000002,0.7358173306895164,0.7255456690951202,0.7512248230811105,0.9450134954987697
path,0.019,0.7365709854976941,0.7257130288144292,0.7528579205225912,0.9450129151450541
path,0.02,0.7367979479889851,0.7259098443619721,0.7531301034295046,0.9450353068967005
path,0.021,0.7373947966910759,0.7261787711136874,0.7542188350571584,0.94509206008077
path,0.022,0.7378172569948713,0.7263385058061864,0.7550353837778987,0.9450742022852237
path,0.023,0.7384047023419963,0.7265917602996255,0.7561241154055526,0.9450964005856315
path,0.024,0.7385903726352037,0.7267197555170286,0.756396298312466,0.945070000794789
path,0.025,0.7390547573919553,0.7269493642977879,0.7572128470332063,0.9451009345417314
path,0.026000000000000002,0.7393398189367228,0.7270615563298491,0.7577572128470332,0.9451005476392544
path,0.027,0.7399100370776799,0.7272860988130084,0.758845944474687,0.9450997738343005
path,0.028,0.7403217214693701,0.7274278736519987,0.7596624931954273,0.9451223590371852
path,0.029,0.7407446805135975,0.7275884395785508,0.7604790419161677,0.9451650690136664
path,0.03,0.7410845180149411,0.7277919248715722,0.7610234077299945,0.9452191683172089
path,0.031,0.7415156286240525,0.7279660767395977,0.7618399564507349,0.9452502955153899
path,0.032,0.7417897107028528,0.7280599696617134,0.7623843222645618,0.9452297838393167
path,0.033,0.7426612184537027,0.7282422956808674,0.7642896026129559,0.9452781884793284
path,0.034,0.7430989264064007,0.7284274431215372,0.7651061513336962,0.9453121630092749
path,0.035,0.7431778641503335,0.7285590060280918,0.7651061513336962,0.9453319008803942
path,0.036000000000000004,0.7433351299106433,0.7286396603573324,0.7653783342406096,0.945322971982621
path,0.037,0.7435278004482047,0.728779322648659,0.7656505171475232,0.9453599872955712
path,0.038,0.743619732564699,0.7289325428428163,0.7656505171475232,0.9453854198302214
path,0.039,0.7435851356405121,0.7290563365737804,0.7653783342406096,0.9453878802595098
path,0.04,0.743875535204364,0.7291774253043156,0.7659227000544366,0.9454047707988638
path,0.041,0.7440152159571853,0.7292287712877422,0.7661948829613501,0.9453728697957289
path,0.042,0.7441790799931696,0.7293204227431069,0.7664670658682635,0.9453667882297212
path,0.043000000000000003,0.7442211714518289,0.7293905751742057,0.7664670658682635,0.9453550120001826
path,0.044,0.7442616089303226,0.7294579709716952,0.7664670658682635,0.9453576658807095
path,0.045,0.7443037280677514,0.7295281695340765,0.7664670658682635,0.945345889651171
path,0.046,0.7443652606161384,0.7296307237813884,0.7664670658682635,0.9453426554169286
path,0.047,0.7445050277414889,0.7296822137190302,0.766739248775177,0.9453107544137938
path,0.048,0.7448004055696245,0.7298115995567048,0.7672836145890038,0.9453449223949786
path,0.049,0.7450763935916883,0.7299086690509267,0.7678279804028307,0.9453705483808672
path,0.05,0.7451444959305336,0.7300221729490022,0.7678279804028307,0.9453701614783903
path,0.051000000000000004,0.7454027815700002,0.7300897384722285,0.7683723462166576,0.9453728153589172
path,0.052000000000000005,0.7461596636000389,0.7302624768946395,0.7700054436581383,0.9454183726671636
path,0.053,0.7463026296667945,0.7303192984012896,0.7702776265650517,0.9454181792159251
path,0.054,0.7469118100085609,0.7304273226145221,0.7716385410996189,0.9454466525335792
path,0.055,0.7470547968586374,0.7304841787600407,0.7719107240065324,0.9454464590823406
path,0.056,0.7468421491359369,0.7304926764314246,0.7713663581927055,0.9454031687521441
path,0.057,0.7466506615464461,0.730536440991491,0.7708219923788786,0.9453539903071784
path,0.058,0.7471704942738779,0.7306770077854415,0.7719107240065324,0.9453910056201287
path,0.059000000000000004,0.7471950816085344,0.7307179866765359,0.7719107240065324,0.9453562572852283
path,0.06,0.7472569230519356,0.730821055748871,0.7719107240065324,0.945353023050986
path,0.061,0.7475331125504817,0.73091846103723,0.7724550898203593,0.9453786490368746
path,0.062,0.7476679654577227,0.7309617606113562,0.7727272727272727,0.9453900383639362
path,0.063,0.7477151536696507,0.7310404076312359,0.7727272727272727,0.9453955395762286
path,0.064,0.7478630121887915,0.7311053832251949,0.7729994556341862,0.945412623566821
path,0.065,0.7476408598061756,0.7310980397967197,0.7724550898203593,0.9453347783529626
path,0.066,0.7475857083330852,0.7311875759461782,0.7721829069134458,0.9453431268970205
path,0.067,0.747748320702343,0.7312771412903321,0.7724550898203593,0.9453514754410782
path,0.068,0.7479027198344168,0.7313530179058462,0.7727272727272727,0.945371406763436
path,0.069,0.74807014027013,0.7314505966940924,0.7729994556341862,0.9453970327493246
path,0.07,0.7481091804656569,0.7315156636866373,0.7729994556341862,0.945414116739917
path,0.07100000000000001,0.7481547361399767,0.7315915898105039,0.7729994556341862,0.9454340480622749
path,0.07200000000000001,0.7480771019752763,0.7316436548072788,0.7727272727272727,0.94540214705914
path,0.073,0.7481291909318786,0.731730469734949,0.7727272727272727,0.9454249257132632
path,0.074,0.7482788779636371,0.7317984928499377,0.7729994556341862,0.9454275795937902
path,0.075,0.7484268348069985,0.7318636323175978,0.7732716385410996,0.9454446635843826
path,0.076,0.748613896208371,0.7319939460486097,0.773543821448013,0.9454788315655674
path,0.077,0.7488903019879147,0.732091711805298,0.7740881872618399,0.9455044575514561
path,0.078,0.749002670752611,0.7320975378085159,0.7743603701687534,0.945475597331325
path,0.079,0.7489168542427203,0.7321359655633072,0.7740881872618399,0.9454552791064903
path,0.08,0.7488180009878475,0.7321526654097947,0.7738160043549265,0.9454292662181247
path,0.081,0.7489256022746416,0.7321505456165094,0.7740881872618399,0.9453831285561628
path,0.082,0.74918900745109,0.732226643701372,0.7746325530756668,0.9454030598785206
path,0.083,0.7494328488102522,0.7322701354240913,0.7751769188894937,0.9454144492055823
path,0.084,0.7497288988394463,0.7324006415968634,0.7757212847033206,0.9454486171867671
path,0.085,0.7498608690636114,0.7324391366991962,0.775993467610234,0.9454282989619323
path,0.08600000000000001,0.7498869813636766,0.7324826571993048,0.775993467610234,0.9454396882889939
path,0.08700000000000001,0.7500207237841987,0.7325241059622327,0.7762656505171476,0.9454049399540936
path,0.088,0.7500468453219358,0.7325676418584611,0.7762656505171476,0.9454163292811553
path,0.089,0.7500682020467627,0.7326032363998395,0.7762656505171476,0.945410441166386
path,0.09,0.7499955203853533,0.7326635555687662,0.775993467610234,0.9453958176050821
path,0.091,0.7500151210928132,0.7326962234145327,0.775993467610234,0.9454043596003783
path,0.092,0.750137596612389,0.7327188940092165,0.7762656505171476,0.9453494864918817
path,0.093,0.7501702756680946,0.7327733591020591,0.7762656505171476,0.9453637231507086
path,0.094,0.7504420902151447,0.7328634728045916,0.7768100163309745,0.9453720716947664
path,0.095,0.7506877638323879,0.7329100182907788,0.7773543821448013,0.9453690309117625
path,0.096,0.7505907511052419,0.7329297856834779,0.7770821992378879,0.9453285879133314
path,0.097,0.7507293382030944,0.7329793089086231,0.7773543821448013,0.945311117020262
path,0.098,0.7507441984858401,0.7330040760465324,0.7773543821448013,0.9453023815737274
path,0.099,0.7507917796388526,0.7330833779682199,0.7773543821448013,0.9453078827860197
path,0.1,0.7510440298661487,0.7331408844711624,0.7778987479586282,0.9453076893347812
path,0.101,0.7512748676035625,0.7331627034909676,0.7784431137724551,0.945313383998312
path,0.10200000000000001,0.7514295668449746,0.733239080288712,0.7787152966793686,0.9453333153206698
path,0.10300000000000001,0.7518020219607222,0.7333154730011312,0.7795318454001089,0.9453532466430277
path,0.10400000000000001,0.7516967202263574,0.7333214253817986,0.7792596624931954,0.9453243864228966
path,0.105,0.7517229188541956,0.7333650897615289,0.7792596624931954,0.9453357757499583
path,0.106,0.7516241710934193,0.7333819654315108,0.778987479586282,0.9453097628615927
path,0.107,0.7516408504173635,0.7334097643047512,0.778987479586282,0.9452865973049925
path,0.108,0.7517777228804161,0.7334564298052297,0.7792596624931954,0.9452835565219886
path,0.109,0.751805728018321,0.7335031050350713,0.7792596624931954,0.9452805157389848
path,0.11,0.7521913423944215,0.7336014298480786,0.7800762112139358,0.9453061417248734
path,0.111,0.7521039332461266,0.7336372032055293,0.7798040283070223,0.9453002536101041
path,0.112,0.7518832211622739,0.733632260274993,0.7792596624931954,0.9452685460582078
path,0.113,0.7517648242367474,0.7336163873370577,0.778987479586282,0.945233991174546
path,0.114,0.7516351055609012,0.7335816448152563,0.7787152966793686,0.9451793115172878
path,0.115,0.7517720067198554,0.7336283581422377,0.778987479586282,0.9451762707342839
path,0.116,0.7521445422082736,0.7337048848091079,0.7798040283070223,0.9451962020566418
path,0.117,0.7521594617274228,0.7337297506743565,0.7798040283070223,0.9451874666101071
path,0.11800000000000001,0.752171421282416,0.7337496832660119,0.7798040283070223,0.945147023611676
path,0.11900000000000001,0.7522952193035692,0.7337745580299915,0.7800762112139358,0.9451382881651413
path,0.12,0.7523232735849945,0.7338213151657003,0.7800762112139358,0.9451352473821375
path,0.121,0.7523364015659446,0.7338431951339506,0.7800762112139358,0.9451409420456682
path,0.122,0.7523495303297787,0.7338650764070072,0.7800762112139358,0.9451466367091991
path,0.123,0.7524912288277046,0.7339197852989414,0.7803483941208492,0.9451608733680261
path,0.124,0.7526329322201859,0.733974502348468,0.7806205770277627,0.9451751100268531
path,0.125,0.7528787541356516,0.7340212949983597,0.7811649428415895,0.9451720692438492
path,0.126,0.7531395299234022,0.7340930107687259,0.7817093086554164,0.9451602930143106
path,0.127,0.7531789501924768,0.7341587112171838,0.7817093086554164,0.945177377004903
path,0.128,0.7531825747913428,0.7341647522152936,0.7817093086554164,0.9451485167847721
path,0.129,0.7532124892773968,0.7342146096920504,0.7817093086554164,0.9451310458917027
path,0.13,0.7531203916626577,0.7342425689387608,0.781437125748503,0.9451078803351025
path,0.131,0.753359676165299,0.7342784659006117,0.7819814915623299,0.9451019922203332
path,0.132,0.7533614924119393,0.7342814929783456,0.7819814915623299,0.9450875621102677
path,0.133,0.7533848531102001,0.734320427475447,0.7819814915623299,0.945067243885433
path,0.134,0.7534111594813071,0.7343642714272919,0.7819814915623299,0.9450786332124945
path,0.135,0.7533059244533888,0.7343703349853705,0.7817093086554164,0.9450497729923636
path,0.136,0.753429773221979,0.7343952943284117,0.7819814915623299,0.9450410375458289
path,0.137,0.7538221859667511,0.7345049497558717,0.7827980402830702,0.945069510863483
path,0.138,0.7540746612366384,0.7345628313297992,0.7833424060968971,0.9450693174122444
path,0.139,0.7540699045112466,0.7345549034541462,0.7833424060968971,0.9450520399704135
path,0.14,0.7538492259701534,0.7345500164282087,0.7827980402830702,0.9450203324185171
path,0.14100000000000001,0.7539730895000314,0.7345750003733964,0.7830702231899836,0.9450115969719826
path,0.14200000000000002,0.7539683321401778,0.7345670714403071,0.7830702231899836,0.9449943195301516
path,0.14300000000000002,0.7541035389843844,0.734610960909376,0.7833424060968971,0.9450057088572132
path,0.14400000000000002,0.7542321644734171,0.734643881453155,0.7836145890038105,0.9450142508525095
path,0.145,0.7542650889515892,0.7346987555834417,0.7836145890038105,0.9450284875113364
path,0.146,0.7544218963810179,0.7347786460278803,0.783886771910724,0.9450339887236288
path,0.147,0.7543185194030784,0.7347878063359236,0.7836145890038105,0.9449906983934323
path,0.148,0.7543335289438242,0.7348128222371666,0.7836145890038105,0.9449819629468976
path,0.149,0.7544526581873781,0.7348299157051474,0.783886771910724,0.9449559500585321
path,0.15,0.754352208912537,0.7348439555183546,0.7836145890038105,0.944944367280232
path,0.151,0.7545981529840531,0.7348909517616634,0.7841589548176374,0.9449413264972281
path,0.152,0.7544977072843142,0.7349049975333742,0.783886771910724,0.9449297437189279
path,0.153,0.7546216013027277,0.7349300322927879,0.7841589548176374,0.9449210082723932
path,0.154,0.7546611597506847,0.7349959630393829,0.7841589548176374,0.9449380922629856
path,0.155,0.7547832206400596,0.7350179425837321,0.7844311377245509,0.9449437869265165
path,0.156,0.7545380211633566,0.7349721873317782,0.783886771910724,0.944886259937493
path,0.157,0.7546039714688031,0.7350821045075225,0.783886771910724,0.9449147332551471
path,0.158,0.7546256031705116,0.7351181573437033,0.783886771910724,0.9449088451403778
path,0.159,0.7543869960936838,0.7350833894248747,0.7833424060968971,0.9448541654831197
path,0.16,0.7544133861272602,0.735127372814169,0.7833424060968971,0.9448655548101812
path,0.161,0.7545372995634666,0.7351524399365706,0.7836145890038105,0.9448568193636466
path,0.162,0.7545560323547225,0.7351836612553303,0.7836145890038105,0.9448192236969809
path,0.163,0.7546667508997935,0.7351867368925065,0.783886771910724,0.9448047935869155
path,0.164,0.7548028129610733,0.7352320517233639,0.7841589548176374,0.9447556151419496
path,0.165,0.7548358264340298,0.7352870741782913,0.7841589548176374,0.9447698518007768
path,0.166,0.7547174437660857,0.7352712250029936,0.783886771910724,0.9447352969171149
path,0.167,0.7548527322773335,0.7353152505837974,0.7841589548176374,0.9447466862441765
path,0.168,0.7548611867174742,0.7353293413173653,0.7841589548176374,0.9447351034658764
path,0.169,0.754887607317797,0.7353733756512366,0.7841589548176374,0.944746492792938
path,0.17,0.7549140310826425,0.7354174152593126,0.7841589548176374,0.9447578821199996
path,0.171,0.7549290976711369,0.7354425262401365,0.7841589548176374,0.944749146673465
path,0.17200000000000001,0.7549555274820615,0.7354865759250109,0.7841589548176374,0.9447605360005265
path,0.17300000000000001,0.7550794723709608,0.7355116954685674,0.7844311377245509,0.9447518005539919
path,0.17400000000000002,0.7552251058672756,0.7355729626911498,0.7847033206314643,0.9447371769926879
path,0.17500000000000002,0.7553509168245094,0.7356011923485971,0.7849755035383778,0.9447140114360877
path,0.176,0.7554796246410322,0.7356342501048595,0.7852476864452912,0.9447225534313839
path,0.177,0.7554947091004458,0.7356593908705489,0.7852476864452912,0.9447138179848493
path,0.178,0.7556101949318932,0.7356704119850188,0.7855198693522046,0.9447166653166146
path,0.179,0.755376331129046,0.735643549522825,0.7849755035383778,0.9446792631011874
path,0.18,0.7552550583613693,0.7356228835146393,0.7847033206314643,0.9446130006656293
path,0.181,0.7551612732157851,0.7356480302099412,0.7844311377245509,0.9446042652190946
path,0.182,0.7550759672756552,0.7356873089143336,0.7841589548176374,0.9445839469942598
path,0.183,0.7549954210265317,0.7357345204370701,0.783886771910724,0.944580906211256
path,0.184,0.7549954210265317,0.7357345204370701,0.783886771910724,0.944580906211256
path,0.185,0.755003901575286,0.735748654684994,0.783886771910724,0.9445693234329559
path,0.186,0.754903509978295,0.7357627906279512,0.7836145890038105,0.9445577406546557
path,0.187,0.7548921388934833,0.7357438388199317,0.7836145890038105,0.9445376158810594
path,0.188,0.7550341024947065,0.7357989895506949,0.783886771910724,0.9445518525398864
path,0.189,0.7550690651628202,0.7358572606642177,0.783886771910724,0.944551659088648
path,0.19,0.7551864260889359,0.7358714069364682,0.7841589548176374,0.944540076310348
path,0.191,0.755206288261028,0.7359045105566218,0.7841589548176374,0.9445486183056442
path,0.192,0.7551787879734828,0.7358586767440465,0.7841589548176374,0.9444910913166207
path,0.193,0.7550651613601925,0.7358507543265049,0.783886771910724,0.9444738138747897
path,0.194,0.7551938988184301,0.7358838614856251,0.7841589548176374,0.9444823558700859
path,0.195,0.7551825237069525,0.7358649029664958,0.7841589548176374,0.9444622310964896
path,0.196,0.7551976361918997,0.735890090441408,0.7841589548176374,0.944453495649955
path,0.197,0.7552013742380934,0.7358963205183974,0.7841589548176374,0.944424635429824
path,0.198,0.7552231144873227,0.7359325542671128,0.7841589548176374,0.9444187473150547
path,0.199,0.7552429872497469,0.7359656755378199,0.7841589548176374,0.9444272893103509
path,0.2,0.7551359854877162,0.7359687945390443,0.783886771910724,0.9444128592002854
path,0.201,0.7551691123651898,0.7360240060015003,0.783886771910724,0.9444270958591124
path,0.202,0.7552931115241741,0.7360492159951985,0.7841589548176374,0.9444183604125778
path,0.203,0.7552931115241741,0.7360492159951985,0.7841589548176374,0.9444183604125778
path,0.20400000000000001,0.7549721146087571,0.736058586949997,0.7833424060968971,0.9443750700823812
path,0.20500000000000002,0.7549853701585416,0.7360806795329712,0.7833424060968971,0.9443807647459121
path,0.20600000000000002,0.7549806171392031,0.7360727578340738,0.7833424060968971,0.9443634873040812
path,0.20700000000000002,0.755116004299369,0.7361169478297414,0.7836145890038105,0.9443748766311428
path,0.20800000000000002,0.7549020108034168,0.7361232025457055,0.7830702231899836,0.9443460164110118
path,0.209,0.7549057643090185,0.7361294583883751,0.7830702231899836,0.9443171561908807
path,0.21,0.7547958915876456,0.7361277924573625,0.7827980402830702,0.9442710185289189
path,0.211,0.7544237298902012,0.7360518887754489,0.7819814915623299,0.9441905194345337
path,0.212,0.7544701496678619,0.7361292550715499,0.7819814915623299,0.9442104507568916
path,0.213,0.7544834142538831,0.7361513627149185,0.7819814915623299,0.9442161454204223
path,0.214,0.7546320859555329,0.7362176936130592,0.7822536744692433,0.9442332294110147
path,0.215,0.7547674954622896,0.736261920853045,0.7825258573761568,0.9442446187380764
path,0.216,0.75465386904877,0.7362539987684544,0.7822536744692433,0.9442273412962454
path,0.217,0.7547959177649659,0.7363092913575054,0.7825258573761568,0.9442415779550725
path,0.218,0.7548158254889532,0.7363424708974841,0.7825258573761568,0.9442501199503687
path,0.219,0.7547107203397561,0.736348750920098,0.7822536744692433,0.9442212597302377
path,0.22,0.7547239944620856,0.7363708744573138,0.7822536744692433,0.9442269543937686
path,0.221,0.75462364390345,0.7363850787975301,0.7819814915623299,0.9442153716154684
path,0.222,0.7546568353340278,0.7364403978484931,0.7819814915623299,0.9442296082742955
path,0.223,0.7547856257489323,0.736473593268725,0.7822536744692433,0.9442381502695917
path,0.224,0.7549049152892257,0.7364909538979383,0.7825258573761568,0.944212137381226
path,0.225,0.7549381189749882,0.7365462933742091,0.7825258573761568,0.9442263740400532
path,0.226,0.754958043581662,0.7365795010519988,0.7825258573761568,0.9442349160353494
path,0.227,0.7548577040067668,0.736593723698449,0.7822536744692433,0.9442233332570492
path,0.228,0.7549865051556841,0.7366269370087024,0.7825258573761568,0.9442318752523454
path,0.229,0.7548928117790393,0.7366522366522367,0.7822536744692433,0.9442231398058107
path,0.23,0.7552526522091143,0.7367076048885348,0.7830702231899836,0.9442373764646378
path,0.231,0.7551390294052712,0.7366996888200719,0.7827980402830702,0.9442200990228069
path,0.232,0.7551589647526942,0.73673291439911,0.7827980402830702,0.9442286410181031
path,0.233,0.7551789018983894,0.7367661429752688,0.7827980402830702,0.9442371830133993
path,0.234,0.7553096120774189,0.7368025380023756,0.7830702231899836,0.94423129489863
path,0.23500000000000001,0.7553428492904287,0.736857933357392,0.7830702231899836,0.9442455315574569
path,0.23600000000000002,0.7552178311716483,0.736831025097367,0.7827980402830702,0.9442081293420298
path,0.23700000000000002,0.7551108572516447,0.7368341905019701,0.7825258573761568,0.9441936992319644
path,0.23800000000000002,0.7551241543075369,0.7368563522617902,0.7825258573761568,0.9441993938954951
path,0.23900000000000002,0.7550038835030142,0.7368373561921948,0.7822536744692433,0.9441792691218989
path,0.24,0.7550057830885455,0.7368405221680804,0.7822536744692433,0.9441648390118333
path,0.241,0.7550342817001587,0.7368880198541025,0.7822536744692433,0.9441617982288295
path,0.242,0.7552919323093201,0.7369545269934866,0.7827980402830702,0.9441788822194219
path,0.243,0.7551916141050321,0.7369687852576156,0.7825258573761568,0.9441672994411218
path,0.244,0.7551754651071603,0.7369418702611626,0.7825258573761568,0.9441298972256946
path,0.245,0.7550551909593362,0.7369228686193979,0.7822536744692433,0.9441097724520983
path,0.246,0.7549548726416019,0.7369371266944499,0.7819814915623299,0.9440981896737981
path,0.247,0.7549748306162656,0.7369703899855561,0.7819814915623299,0.9441067316690943
path,0.248,0.7548678615281,0.7369735634432224,0.7817093086554164,0.9440923015590289
path,0.249,0.7548830734079954,0.7369989165763814,0.7817093086554164,0.9440835661124942
path,0.25,0.7548830734079954,0.7369989165763814,0.7817093086554164,0.9440835661124942
path,0.251,0.7549230011145368,0.7370654627539504,0.7817093086554164,0.9441006501030866
path,0.252,0.7548245982036199,0.7370829131736977,0.781437125748503,0.9440746372147211
path,0.253,0.7547109764593432,0.7370749988711789,0.7811649428415895,0.9440573597728902
path,0.254,0.7548417276983626,0.7371114623316023,0.781437125748503,0.944051471658121
path,0.255,0.7547366721644099,0.7371178250462901,0.7811649428415895,0.9440226114379899
path,0.256,0.754836047137941,0.7371019947308995,0.781437125748503,0.9439880565543282
path,0.257,0.7548427052915727,0.7371130916536193,0.781437125748503,0.9439909038860935
path,0.258,0.7548626809553685,0.7371463844266121,0.781437125748503,0.9439994458813897
path,0.259,0.7548712503174689,0.7371606666967795,0.781437125748503,0.9439878631030897
path,0.26,0.7548845694893433,0.7371828653165701,0.781437125748503,0.9439935577666205
path,0.261,0.7549045497513074,0.737216165753177,0.781437125748503,0.9440020997619167
path,0.262,0.7548931409440234,0.7371971510743701,0.781437125748503,0.9439819749883204
path,0.263,0.7549131227966908,0.7372304541621492,0.781437125748503,0.9439905169836166
path,0.264,0.755043893336568,0.737266949790669,0.7817093086554164,0.9439846288688473
path,0.265,0.7551794155050187,0.7373113648001446,0.7819814915623299,0.9439960181959088
path,0.266,0.7551632570662303,0.7372844340688305,0.7819814915623299,0.9439586159804817
path,0.267,0.7552787930397984,0.7372955387535017,0.7822536744692433,0.9439614633122471
path,0.268,0.7552987826764924,0.7373288548146585,0.7822536744692433,0.9439700053075433
path,0.269,0.7555070330050895,0.7373130281531023,0.7827980402830702,0.9439354504238815
path,0.27,0.7554067396182844,0.7373273277797028,0.7825258573761568,0.9439238676455814
path,0.271,0.7552931180002883,0.7373194136876516,0.7822536744692433,0.9439065902037505
path,0.272,0.7554239022724966,0.7373559322033898,0.7825258573761568,0.9439007020889812
path,0.273,0.7554277366131668,0.7373623227711734,0.7825258573761568,0.9438718418688503
path,0.274,0.7555766095402883,0.7374289890451003,0.7827980402830702,0.9438889258594427
path,0.275,0.7555423625870075,0.7373719107896324,0.7827980402830702,0.9438285515386537
path,0.276,0.7556712377004249,0.7374052473740524,0.7830702231899836,0.94383709353395
path,0.277,0.755693161392465,0.7374417868607859,0.7830702231899836,0.9438312054191808
path,0.278,0.7557265066636281,0.7374973623127242,0.7830702231899836,0.9438454420780078
path,0.279,0.755612885472929,0.7374894489328349,0.7827980402830702,0.9438281646361768
path,0.28,0.7554764267611349,0.737443473017787,0.7825258573761568,0.9437706376471533
path,0.281,0.7553580544476106,0.7374276410998554,0.7822536744692433,0.9437360827634915
path,0.28200000000000003,0.7553618949346896,0.7374340419116538,0.7822536744692433,0.9437072225433605
path,0.28300000000000003,0.7553752365227111,0.7374562778916897,0.7822536744692433,0.9437129172068914
path,0.28400000000000003,0.7553704864629076,0.7374483611253505,0.7822536744692433,0.9436956397650604
path,0.28500000000000003,0.7553724074714571,0.7374515628062662,0.7822536744692433,0.943681209654995
path,0.28600000000000003,0.7552292673125074,0.7373944511459589,0.7819814915623299,0.9436208353342062
path,0.28700000000000003,0.7553781715399668,0.7374611695871158,0.7822536744692433,0.9436379193247986
path,0.28800000000000003,0.7554889664066012,0.7374643724268976,0.7825258573761568,0.943623489214733
path,0.289,0.755588337020523,0.7374485348454914,0.7827980402830702,0.9435889343310713
path,0.29,0.7554785551406917,0.7374470203170485,0.7825258573761568,0.9435427966691093
path,0.291,0.7554509493310344,0.7374010106342862,0.7825258573761568,0.943485269680086
path,0.292,0.7553278150335149,0.7373772420763626,0.7822536744692433,0.9434334373545932
path,0.293,0.7553545134627369,0.7374217394583993,0.7822536744692433,0.9434448266816549
path,0.294,0.7553383304738563,0.7373947678102651,0.7822536744692433,0.9434074244662276
path,0.295,0.7551196711943089,0.7373932462202372,0.7817093086554164,0.9433612868042658
path,0.296,0.7551282685051725,0.7374075750716764,0.7817093086554164,0.9433497040259656
path,0.297,0.755386076814137,0.7374743450440662,0.7822536744692433,0.943366788016558
path,0.298,0.7555283405055118,0.7375299959250818,0.7825258573761568,0.9433810246753851
path,0.299,0.7554347507971457,0.7375554683490807,0.7822536744692433,0.9433722892288503
path,0.3,0.755454789737585,0.7375888665831459,0.7822536744692433,0.9433808312241465
path,0.301,0.7554519634024062,0.7375841560245147,0.7822536744692433,0.9433491236722502
path,0.302,0.7554424558690355,0.7375683101355636,0.7822536744692433,0.9433145687885884
path,0.303,0.7554443825732164,0.7375715213091986,0.7822536744692433,0.9433001386785229
path,0.304,0.7554510636764017,0.7375826564811739,0.7822536744692433,0.9433029860102884
path,0.305,0.755479718643973,0.7376304147604595,0.7822536744692433,0.9432999452272844
path,0.306,0.7556153227925211,0.7376749664034306,0.7825258573761568,0.943311334554346
path,0.307,0.7555103098837394,0.73768140016007,0.7822536744692433,0.9432824743342151
path,0.308,0.7555169937985702,0.7376925400181213,0.7822536744692433,0.9432853216659804
path,0.309,0.75552560896856,0.7377068986347711,0.7822536744692433,0.9432737388876804
path,0.31,0.7555456635260871,0.7377403228973163,0.7822536744692433,0.9432822808829766
path,0.311,0.7555724057631691,0.7377848932924529,0.7822536744692433,0.9432936702100382
path,0.312,0.7557080243944624,0.7378294690733328,0.7825258573761568,0.9433050595370998
path,0.313,0.755582959772894,0.7378024833086613,0.7822536744692433,0.9432676573216726
path,0.314,0.7555896467034539,0.7378136281929275,0.7822536744692433,0.943270504653438
path,0.315,0.755584894008607,0.7378057070348494,0.7822536744692433,0.9432532272116072
path,0.316,0.7554932659002112,0.7378344487921319,0.7819814915623299,0.9432300616550069
path,0.317,0.7555066427655293,0.7378567435676623,0.7819814915623299,0.9432357563185377
path,0.318,0.7558304454133611,0.7378520488335548,0.7827980402830702,0.9432040487666413
path,0.319,0.7558572034205717,0.7378966455122394,0.7827980402830702,0.943215438093703
path,0.32,0.7557569580375033,0.7379110251450677,0.7825258573761568,0.943203855315403
path,0.321,0.7556500228229233,0.7379142550587098,0.7822536744692433,0.9431894252053374
path,0.322,0.7555564704007753,0.7379397896264055,0.7819814915623299,0.9431806897588026
path,0.323,0.7555173823813215,0.7378746429273159,0.7819814915623299,0.9431030379961829
path,0.324,0.7555346418218181,0.7379034086614769,0.7819814915623299,0.9430798724395828
path,0.325,0.7555499662394445,0.7379289493575207,0.7819814915623299,0.943071136993048
path,0.326,0.7556875544829788,0.737976807825469,0.7822536744692433,0.9430680962100442
path,0.327,0.7556942489597817,0.7379879652868072,0.7822536744692433,0.9430709435418096
path,0.328,0.7557076385206879,0.7380102812216509,0.7822536744692433,0.9430766382053404
path,0.329,0.7556074024795345,0.7380246764243377,0.7819814915623299,0.9430650554270403
path,0.33,0.7557383063217968,0.7380613942234993,0.7822536744692433,0.943059167312271
path,0.331,0.755733553020216,0.7380534720541979,0.7822536744692433,0.9430418898704401
path,0.332,0.7557670385005506,0.7381092811880888,0.7822536744692433,0.9430561265292672
path,0.333,0.7556735065133133,0.738134849813969,0.7819814915623299,0.9430473910827324
path,0.334,0.755530278706816,0.7380775920744157,0.7817093086554164,0.9429870167619436
path,0.335,0.7554233498153742,0.7380808325266215,0.781437125748503,0.9429725866518781
path,0.336,0.7552935143112165,0.7380458952909678,0.7811649428415895,0.94291790699462
path,0.337,0.7553088563233472,0.7380714653111857,0.7811649428415895,0.9429091715480853
path,0.338,0.7551151002223891,0.7381114490188068,0.7806205770277627,0.9428888533232505
path,0.339,0.7551285019524102,0.7381337852355085,0.7806205770277627,0.9428945479867813
path,0.34,0.7551419044935636,0.7381561228040975,0.7806205770277627,0.9429002426503121
path,0.341,0.7551304484603001,0.738137029415325,0.7806205770277627,0.9428801178767159
path,0.342,0.7551572556885338,0.7381817081290479,0.7806205770277627,0.9428915072037775
path,0.343,0.755050330545239,0.7381849548281655,0.7803483941208492,0.9428770770937119
path,0.34400000000000003,0.7549501085605173,0.738199373458238,0.7800762112139358,0.9428654943154118
path,0.34500000000000003,0.7548364807893242,0.7381914491108589,0.7798040283070223,0.942848216873581
path,0.34600000000000003,0.7547248011235672,0.7381867716058726,0.7795318454001089,0.9428165093216846
path,0.34700000000000003,0.7547382088871732,0.7382091178785495,0.7795318454001089,0.9428222039852154
path,0.34800000000000003,0.7547401581252293,0.7382123666086429,0.7795318454001089,0.9428077738751499
path,0.34900000000000003,0.7546466442888313,0.7382379654859219,0.7792596624931954,0.9427990384286151
path,0.35000000000000003,0.7545330159950989,0.7382300402676435,0.778987479586282,0.9427817609867843
path,0.35100000000000003,0.7545598387779227,0.7382747449056831,0.778987479586282,0.9427931503138459
path,0.352,0.7544414555377581,0.7382588947766843,0.7787152966793686,0.9427585954301841
path,0.353,0.7544406021822407,0.7382574725174887,0.7787152966793686,0.9427124577682222
path,0.354,0.7544741405382769,0.7383133697775489,0.7787152966793686,0.9427266944270493
path,0.355,0.7543529527846833,0.738292845459502,0.7784431137724551,0.9426604319914911
path,0.356,0.7542326142472572,0.7382737365017342,0.7781709308655417,0.9426403072178948
path,0.357,0.7542345664574489,0.7382769901853871,0.7781709308655417,0.9426258771078293
path,0.358,0.754229809442942,0.7382690618278756,0.7781709308655417,0.9426085996659984
path,0.359,0.753977662176944,0.7382117269270967,0.7776265650517148,0.9425482253452095
path,0.36,0.7540198731044611,0.7382820784729586,0.7776265650517148,0.9425508792257364
path,0.361,0.7539465102895135,0.7383412623859883,0.7773543821448013,0.942550685774498
path,0.362,0.7540688078388678,0.7383636363636363,0.7776265650517148,0.9425563804380288
path,0.363,0.7540822330390805,0.7383860116973243,0.7776265650517148,0.9425620751015595
path,0.364,0.7539705589434145,0.7383813434758233,0.7773543821448013,0.9425303675496632
path,0.365,0.7539906996680434,0.7384149113502047,0.7773543821448013,0.9425389095449594
path,0.366,0.7536498084423693,0.7383911251212414,0.776537833424061,0.9424870772194667
path,0.367,0.7536565228184219,0.7384023157479958,0.776537833424061,0.9424899245512321
path,0.368,0.7536584798382513,0.7384055774477115,0.776537833424061,0.9424754944411666
path,0.369,0.7536738677387036,0.7384312239484653,0.776537833424061,0.942466758994632
path,0.37,0.7535602368336609,0.7384232943780031,0.7762656505171476,0.9424494815528011
path,0.371,0.7536092118615747,0.738504919424526,0.7762656505171476,0.9424549827650934
path,0.372,0.7534659134237176,0.73844754396604,0.775993467610234,0.9423946084443044
path,0.373,0.7535901810619874,0.738473201425214,0.7762656505171476,0.9423858729977698
path,0.374,0.7535988592576695,0.7384876650846841,0.7762656505171476,0.9423742902194697
path,0.375,0.7537231308220855,0.7385133290874352,0.776537833424061,0.942365554772935
path,0.376,0.7537404935564666,0.7385422669780702,0.776537833424061,0.9423423892163348
path,0.377,0.7537491765036677,0.7385567385567386,0.776537833424061,0.9423308064380347
path,0.378,0.7536307862192965,0.7385408766873957,0.7762656505171476,0.9422962515543729
path,0.379,0.7535191162818639,0.7385362153962837,0.775993467610234,0.9422645440024766
path,0.38,0.7535028753484534,0.7385091471739329,0.775993467610234,0.9422271417870494
path,0.381,0.7534799113159383,0.7384708737864077,0.775993467610234,0.9421868922398569
path,0.382,0.7536061509703011,0.7384998179390703,0.7762656505171476,0.9421637266832567
path,0.383,0.7535985900756095,0.7384872164479175,0.7762656505171476,0.9421147416895292
path,0.384,0.7536053133751037,0.7384984219470745,0.7762656505171476,0.9421175890212947
path,0.385,0.7534916785678714,0.7384904858729628,0.775993467610234,0.9421003115794638
path,0.386,0.753470668073579,0.7384554683824757,0.775993467610234,0.9420456319222057
path,0.387,0.7533455448704927,0.7384283849819406,0.7757212847033206,0.9420082297067786
path,0.388,0.7532405926369699,0.7384349198640116,0.7754491017964071,0.9419793694866476
path,0.389,0.753237789254604,0.7384302475600687,0.7754491017964071,0.9419476619347512
path,0.39,0.7534815970910035,0.7384736834115164,0.775993467610234,0.941912913599851
path,0.391,0.7536106508062397,0.7385073176656343,0.7762656505171476,0.9419214555951472
path,0.392,0.7536058867212975,0.738499377524064,0.7762656505171476,0.9419041781533162
path,0.393,0.7536193417081345,0.7385218025021257,0.7762656505171476,0.9419098728168471
path,0.394,0.7536232695299483,0.7385283488718153,0.7762656505171476,0.9418810125967161
path,0.395,0.7535048672275297,0.7385124669723935,0.775993467610234,0.9418464577130543
path,0.396,0.7536291626047694,0.738538170663184,0.7762656505171476,0.9418377222665195
path,0.397,0.7536291626047694,0.738538170663184,0.7762656505171476,0.9418377222665195
path,0.398,0.7534153458908054,0.7385447200157952,0.7757212847033206,0.9418088620463886
path,0.399,0.753435536967598,0.7385783718104497,0.7757212847033206,0.9418174040416848
path,0.4,0.7533286298887862,0.7385816486170391,0.7754491017964071,0.9418029739316194
path,0.401,0.753307602803871,0.7385466034755135,0.7754491017964071,0.9417482942743612
path,0.402,0.7533297637702445,0.7385835384194696,0.7754491017964071,0.9417424061595919
path,0.403,0.7531816288310743,0.7385181021254614,0.7751769188894937,0.9416647543969722
path,0.404,0.7533193982169675,0.7385662624973409,0.7754491017964071,0.9416617136139682
path,0.405,0.7534437054204794,0.7385919858985852,0.7757212847033206,0.9416529781674337
path,0.406,0.7534591418066824,0.7386177132089236,0.7757212847033206,0.9416442427208989
path,0.40700000000000003,0.7534658766155502,0.7386289378903698,0.7757212847033206,0.9416470900526643
path,0.40800000000000003,0.7535949554331515,0.738662613981763,0.775993467610234,0.9416556320479605
path,0.40900000000000003,0.7535901892569268,0.738654670354722,0.775993467610234,0.9416383546061295
path,0.41000000000000003,0.7535739202153073,0.7386275552853561,0.775993467610234,0.9416009523907024
path,0.41100000000000003,0.753589361508298,0.7386532907736739,0.775993467610234,0.9415922169441677
path,0.41200000000000003,0.7537251821659384,0.7386982032651322,0.7762656505171476,0.9416036062712294
path,0.41300000000000003,0.7539516371912327,0.7387127177647381,0.7768100163309745,0.9415920234929293
path,0.41400000000000003,0.7539670854201468,0.7387384648129284,0.7768100163309745,0.9415832880463946
path,0.41500000000000004,0.7538688964835061,0.7387562718564695,0.776537833424061,0.941557275158029
path,0.41600000000000004,0.7537687362583142,0.7387707934190919,0.7762656505171476,0.941545692379729
path,0.417,0.7537754763552662,0.738782026914012,0.7762656505171476,0.9415485397114943
path,0.418,0.7539113119557164,0.7388269643101534,0.776537833424061,0.9415599290385559
path,0.419,0.7539450196157464,0.7388831437435368,0.776537833424061,0.941574165697383
path,0.42,0.7539719894348391,0.7389280934420246,0.776537833424061,0.9415855550244445
path,0.421,0.7541145794862889,0.7389842882564984,0.7768100163309745,0.9415997916832716
path,0.422,0.753787155674587,0.7389829477174888,0.775993467610234,0.9415536540213096
path,0.423,0.753787155674587,0.7389829477174888,0.775993467610234,0.9415536540213096
path,0.424,0.7537708810199972,0.7389558232931728,0.775993467610234,0.9415162518058825
path,0.425,0.7537911162212193,0.7389895486285428,0.775993467610234,0.9415247938011787
path,0.426,0.753797861698752,0.7390007910910973,0.775993467610234,0.9415276411329441
path,0.427,0.7536794583798676,0.7389849074975656,0.7757212847033206,0.9414930862492823
path,0.428,0.75370644340479,0.739029882539103,0.7757212847033206,0.941504475576344
path,0.429,0.7536062992699931,0.7390444309190505,0.7754491017964071,0.9414928927980438
path,0.43,0.7535081391565462,0.7390622860012479,0.7751769188894937,0.9414668799096783
path,0.431,0.7536412260101737,0.7391026421526847,0.7754491017964071,0.9414465616848435
path,0.432,0.7535315566449354,0.7391013151485631,0.7751769188894937,0.9414004240228816
path,0.433,0.7534179177741628,0.7390933723018844,0.7749047359825803,0.9413831465810507
path,0.434,0.753313013922996,0.7390999878212154,0.7746325530756668,0.9413542863609197
path,0.435,0.7532061256879626,0.7391032960341021,0.7743603701687534,0.9413398562508543
path,0.436,0.7532081107970163,0.7391066045491916,0.7743603701687534,0.9413254261407887
path,0.437,0.7532148625815922,0.7391178575234846,0.7743603701687534,0.9413282734725541
path,0.438,0.7532168482106238,0.7391211669052042,0.7743603701687534,0.9413138433624886
path,0.439,0.7530821540446913,0.7390781318999254,0.7740881872618399,0.9412418862633997
path,0.44,0.7531043984865526,0.7391152059696946,0.7740881872618399,0.9412359981486305
path,0.441,0.752983206908292,0.7390946752772024,0.7738160043549265,0.9411697357130722
path,0.442,0.7529967158127051,0.7391171901178908,0.7738160043549265,0.941175430376603
path,0.443,0.7530237360907901,0.7391622239146992,0.7738160043549265,0.9411868197036646
path,0.444,0.753050759661722,0.7392072631995857,0.7738160043549265,0.9411982090307263
path,0.445,0.753050759661722,0.7392072631995857,0.7738160043549265,0.9411982090307263
path,0.446,0.7529506323846956,0.7392218396758173,0.773543821448013,0.9411866262524262
path,0.447,0.7528139419882428,0.7391754776196716,0.7732716385410996,0.9411290992634027
path,0.448,0.752822687777716,0.7391900539354603,0.7732716385410996,0.9411175164851026
path,0.449,0.7526859928281069,0.7391436842907205,0.7729994556341862,0.941059989496079
path,0.45,0.7525310090512906,0.7390668332673025,0.7727272727272727,0.9409794904016939
path,0.451,0.7526601543793012,0.7391006202093778,0.7729994556341862,0.9409880323969901
path,0.452,0.7526370965280683,0.739062190457323,0.7729994556341862,0.9409477828497975
path,0.453,0.7524233222193881,0.7390688104854073,0.7724550898203593,0.9409189226296666
path,0.454,0.7522913878122441,0.7390303750781096,0.7721829069134458,0.940878673082474
path,0.455,0.7522798566628361,0.7390111564957629,0.7721829069134458,0.9408585483088776
path,0.456,0.7522000033439437,0.7390595229022178,0.7719107240065324,0.9408555075258738
path,0.457,0.7521972164318813,0.7390548780487806,0.7719107240065324,0.9408237999739774
path,0.458,0.7520306737003095,0.7389587621007699,0.7716385410996189,0.9407231761059959
path,0.459,0.7520577124865613,0.7390038267445228,0.7716385410996189,0.9407345654330574
path,0.46,0.7518256399244868,0.7389799496836167,0.771094175285792,0.9406827331075649
path,0.461,0.7518296096071423,0.7389865658213758,0.771094175285792,0.9406538728874339
path,0.462,0.7516225956609267,0.7390044531202343,0.7705498094719652,0.9406278599990683
path,0.463,0.7516381067161734,0.7390303048789788,0.7705498094719652,0.9406191245525335
path,0.464,0.7517577170247668,0.7390482001220255,0.7708219923788786,0.9405931116641679
path,0.465,0.7513889051520424,0.7389778794813119,0.7700054436581383,0.9404837523496519
path,0.466,0.751397655448182,0.7389924633082112,0.7700054436581383,0.9404721695713517
path,0.467,0.7513880979417271,0.7389765341307863,0.7700054436581383,0.9404376146876899
path,0.468,0.7514151592448172,0.7390216363026031,0.7700054436581383,0.9404490040147515
path,0.46900000000000003,0.7514286911351302,0.739044189453125,0.7700054436581383,0.9404546986782824
path,0.47000000000000003,0.7513122485847,0.7390315738070168,0.7697332607512248,0.9404057136845551
path,0.47100000000000003,0.751300702664548,0.7390123306067634,0.7697332607512248,0.9403855889109587
path,0.47200000000000003,0.751187049945526,0.739004364679669,0.7694610778443114,0.9403683114691279
path,0.47300000000000003,0.7509501824769578,0.7389724961079398,0.7689167120304845,0.9402992017018044
path,0.47400000000000003,0.7508635999019623,0.7390096470875565,0.7686445291235711,0.940293313587035
path,0.47500000000000003,0.7508655876802028,0.7390129600512906,0.7686445291235711,0.9402788834769695
path,0.47600000000000003,0.7506267287337658,0.7389777723497801,0.7681001633097442,0.9402242038197115
path,0.47700000000000004,0.7505333815075346,0.7390036489106705,0.7678279804028307,0.9402154683731767
path,0.47800000000000004,0.7505556802743658,0.7390408135220558,0.7678279804028307,0.9402095802584074
path,0.47900000000000004,0.7505576694859146,0.7390441288746372,0.7678279804028307,0.940195150148342
path,0.48,0.7504575570645184,0.7390587301102526,0.7675557974959173,0.9401835673700418
path,0.481,0.7504595469812022,0.7390620466380587,0.7675557974959173,0.9401691372599763
path,0.482,0.7502158989603309,0.7390188771458245,0.7670114316820904,0.9400971801608874
path,0.483,0.7501022425653294,0.7390109050920978,0.766739248775177,0.9400799027190565
path,0.484,0.7499790179523644,0.7389869860084316,0.7664670658682635,0.9400280703935638
path,0.485,0.7499877795429549,0.7390015886594158,0.7664670658682635,0.9400164876152637
path,0.486,0.7499714370315296,0.7389743511403737,0.7664670658682635,0.9399790853998365
path,0.487,0.7500930501998999,0.7389955844830485,0.766739248775177,0.9399386424014056
path,0.488,0.7501105796347595,0.7390248002078145,0.766739248775177,0.9399154768448053
path,0.489,0.7501309073340316,0.7390586797066014,0.766739248775177,0.9399240188401015
path,0.49,0.7503709755602095,0.7390958828743467,0.7672836145890038,0.9399181307253323
path,0.491,0.7502361834757156,0.7390526846714659,0.7670114316820904,0.9398461736262432
path,0.492,0.7502537235311496,0.739081918097189,0.7670114316820904,0.939823008069643
path,0.493,0.7503849270396435,0.73911913534007,0.7672836145890038,0.9398171199548737
path,0.494,0.7503841285051223,0.7391178044492012,0.7672836145890038,0.9397709822929119
path,0.495,0.7503996843677117,0.7391437308868501,0.7672836145890038,0.9397622468463772
path,0.496,0.7502880194195293,0.7391390779111552,0.7670114316820904,0.9397305392944808
path,0.497,0.7503035786370509,0.7391650099403578,0.7670114316820904,0.9397218038479461
path,0.498,0.7503414881961693,0.7392281925388886,0.7670114316820904,0.9397071802866421
path,0.499,0.7501141686035196,0.7392122370936903,0.7664670658682635,0.9396726254029804
path,0.5,0.7500072929630384,0.7392155662974973,0.7661948829613501,0.9396581952929148
path,0.501,0.7500180740443274,0.7392335347663122,0.7661948829613501,0.9396321824045493
path,0.502,0.7500152848858864,0.7392288861689106,0.7661948829613501,0.939600474852653
path,0.503,0.7498968356983766,0.73921292612767,0.7659227000544366,0.9395659199689912
path,0.504,0.7497735963004782,0.7391889824024482,0.7656505171475232,0.9395140876434984
path,0.505,0.7495251130793532,0.7391377542431246,0.7651061513336962,0.9394248531025786
path,0.506,0.7492794182806783,0.739091173454551,0.7645617855198693,0.9393673261135551
path,0.507,0.7493017771642778,0.7391284382605501,0.7645617855198693,0.9393614379987858
path,0.508,0.7491805236942133,0.7391078044150516,0.7642896026129559,0.9392951755632276
path,0.509,0.7491873127005458,0.7391191194256058,0.7642896026129559,0.939298022894993
path,0.51,0.7490688537620501,0.739103143132722,0.7640174197060424,0.9392634680113312
path,0.511,0.7491980959981785,0.7391370915883271,0.7642896026129559,0.9392720100066274
path,0.512,0.7492184669428106,0.7391710431627136,0.7642896026129559,0.9392805520019236
path,0.513,0.7492340476418198,0.7391970109943956,0.7642896026129559,0.939271816555389
path,0.514,0.7492380462519206,0.7392036753445637,0.7642896026129559,0.939242956335258
path,0.515,0.749205288773917,0.7391490795478911,0.7642896026129559,0.9391681519044036
path,0.516,0.7490684474351815,0.7391024659212743,0.7640174197060424,0.9391106249153801
path,0.517,0.7491881079446815,0.7391204448324986,0.7642896026129559,0.9390846120270145
path,0.518,0.7493261542471659,0.7391690667320302,0.7645617855198693,0.9390815712440106
path,0.519,0.7493233583224856,0.739164406857563,0.7645617855198693,0.9390498636921143
path,0.52,0.7493457438563044,0.7392017160805944,0.7645617855198693,0.939043975577345
path,0.521,0.749240872075385,0.7392083850503378,0.7642896026129559,0.9390151153572139
path,0.522,0.7493449495849955,0.7392003922950795,0.7645617855198693,0.9389978379153832
path,0.523,0.7493653400699638,0.7392343764366935,0.7645617855198693,0.9390063799106794
path,0.524,0.7493789347682371,0.739257034267149,0.7645617855198693,0.9390120745742101
path,0.525,0.749362546205373,0.7392297199957089,0.7645617855198693,0.938974672358783
path,0.526,0.7493665501137154,0.7392363931762794,0.7645617855198693,0.938945812138652
path,0.527,0.7493589591034042,0.7392237414924274,0.7645617855198693,0.9388968271449247
path,0.528,0.7494650371415277,0.7392190829513575,0.7648339684267828,0.9388651195930282
path,0.529,0.7493709744428523,0.7392437670581742,0.7645617855198693,0.9388102464845317
path,0.53,0.7493429771576212,0.7391971049161223,0.7645617855198693,0.9387527194955083
path,0.531,0.7492149055484489,0.7391651075054443,0.7642896026129559,0.9386836097281847
path,0.532,0.7489759554886583,0.7391297679483444,0.763745236799129,0.9386289300709265
path,0.533,0.7488758850536729,0.739144439161311,0.7634730538922155,0.9386173472926265
path,0.534,0.7487846205872823,0.7391737869886024,0.7632008709853021,0.9385941817360264
path,0.535,0.7487702153839801,0.7391497783164322,0.7632008709853021,0.9385423494105336
path,0.536,0.7487790212795594,0.7391644548090642,0.7632008709853021,0.9385307666322336
path,0.537,0.748546867024937,0.7391404415939116,0.7626565051714752,0.9384789343067408
path,0.538,0.7485324564427365,0.7391164239569107,0.7626565051714752,0.9384271019812482
path,0.539,0.748518043206694,0.73909240189684,0.7626565051714752,0.9383752696557555
path,0.54,0.7486221113675761,0.7390843935603677,0.7629286880783887,0.9383579922139246
path,0.541,0.7486357231249049,0.7391070798225824,0.7629286880783887,0.9383636868774554
path,0.542,0.7485512740155416,0.7391477865782525,0.7626565051714752,0.9383433686526206
path,0.543,0.7484600230415324,0.7391771568928461,0.7623843222645618,0.9383202030960205
path,0.544,0.7484524162071927,0.7391644788356133,0.7623843222645618,0.9382712181022932
path,0.545,0.7483387373048348,0.7391564692696257,0.7621121393576483,0.9382539406604622
path,0.546,0.7482406813088733,0.7391744978809656,0.7618399564507349,0.9382279277720966
path,0.547,0.7483603739641076,0.7391925303684138,0.7621121393576483,0.9382019148837311
path,0.548,0.7483691903613383,0.7392072243637983,0.7621121393576483,0.938190332105431
path,0.549,0.7483848201099574,0.7392332739448302,0.7621121393576483,0.9381815966588963
path,0.55,0.748358780260348,0.739189874195481,0.7621121393576483,0.9381096395598074
path,0.551,0.74812380629877,0.7391611614687357,0.7615677735438214,0.9380260996824183
path,0.552,0.7482463070640697,0.7391838741396263,0.7618399564507349,0.9380317943459491
path,0.553,0.7482687566191988,0.7392212900648413,0.7618399564507349,0.9380259062311798
path,0.554,0.7481542793216349,0.7392119498401771,0.7615677735438214,0.9379624911273869
path,0.555,0.7480221551113792,0.7391731980943599,0.761295590636908,0.9379222415801944
path,0.556,0.7480261669076588,0.7391798844214926,0.761295590636908,0.9378933813600634
path,0.557,0.7480233623710576,0.739175210193824,0.761295590636908,0.9378616738081671
path,0.558,0.7477795528327558,0.7391317715058722,0.7607512248230811,0.9377897167090781
path,0.559,0.7475357376847225,0.7390883234683681,0.7602068590092542,0.937717759609989
path,0.56,0.7475261100956068,0.7390722774865085,0.7602068590092542,0.9376832047263273
path,0.561,0.7472638348093086,0.7389980625518959,0.7596624931954273,0.9375882755218766
path,0.562,0.746897494491654,0.7389318611696319,0.758845944474687,0.9375106237592568
path,0.5630000000000001,0.7469131317268827,0.7389579232283464,0.758845944474687,0.9375018883127222
path,0.5640000000000001,0.7467986251242331,0.7389485341618728,0.7585737615677736,0.9374384732089294
path,0.5650000000000001,0.7467258555975009,0.7390087068885948,0.7583015786608601,0.9374382797576909
path,0.5660000000000001,0.7464800119964485,0.7389618780960586,0.7577572128470332,0.9373807527686674
path,0.5670000000000001,0.7464635522259992,0.7389344451453098,0.7577572128470332,0.9373433505532403
path,0.5680000000000001,0.746449091653361,0.7389103441909127,0.7577572128470332,0.9372915182277475
path,0.5690000000000001,0.7464832015049117,0.7389671939434972,0.7577572128470332,0.9373057548865745
path,0.5700000000000001,0.7464570963697885,0.7389236853849587,0.7577572128470332,0.9372337977874856
path,0.5710000000000001,0.7464590980108623,0.7389270214534149,0.7577572128470332,0.9372193676774201
path,0.5720000000000001,0.7463104665033131,0.738860757545442,0.7574850299401198,0.9371417159148003
path,0.5730000000000001,0.7463192901856555,0.7388754636826793,0.7574850299401198,0.9371301331365003
path,0.5740000000000001,0.7461842983219183,0.738831932514393,0.7572128470332063,0.9370581760374113
path,0.5750000000000001,0.7462067719187695,0.7388693885091449,0.7572128470332063,0.937052287922642
path,0.5760000000000001,0.7461991236321404,0.7388566413647631,0.7572128470332063,0.9370033029289146
path,0.577,0.7458736814796569,0.7388586035911175,0.756396298312466,0.9369427351568873
path,0.578,0.745745503239073,0.73882642846142,0.7561241154055526,0.9368736253895638
path,0.579,0.7457077096846016,0.7387634392039678,0.7561241154055526,0.9367815435168785
path,0.58,0.7459431111308796,0.7387928644052131,0.7566684812193795,0.9367583779602783
path,0.581,0.7459655991803011,0.7388303444875823,0.7566684812193795,0.936752489845509
path,0.582,0.7456264938888377,0.7388095348156367,0.7558519324986391,0.9366862274099508
path,0.583,0.7452640610441394,0.7387498458882998,0.7550353837778987,0.9365797154272
path,0.584,0.7450201552782907,0.7387062468211032,0.7544910179640718,0.9365077583281111
path,0.585,0.7451350250764741,0.7387162412134666,0.7547632008709853,0.9364644679979146
path,0.586,0.7452595633497523,0.738742349730988,0.7550353837778987,0.9364557325513799
path,0.587,0.74527323005475,0.7387651275726508,0.7550353837778987,0.9364614272149108
path,0.588,0.7450381501775799,0.7387362383199186,0.7544910179640718,0.9363778873375217
path,0.589,0.7447757247181022,0.7386617730966737,0.7539466521502449,0.9362829581330709
path,0.59,0.7446455071384356,0.7386261990685049,0.7536744692433315,0.9362282784758129
path,0.591,0.7444172426674982,0.7386086688261607,0.7531301034295046,0.9361475859301891
path,0.592,0.7443377133550495,0.7386575752433551,0.7528579205225912,0.9361445451471853
path,0.593,0.7440122532199072,0.7386595074986113,0.7520413718018508,0.9360839773751579
path,0.594,0.7439210574479818,0.738688969816678,0.7517691888949374,0.9360608118185578
path,0.595,0.7438210246174318,0.7387037037037038,0.7514970059880239,0.9360492290402577
path,0.596,0.7437024732166407,0.7386875733069942,0.7512248230811105,0.9360146741565959
path,0.597,0.7438378737708579,0.7387317856260804,0.7514970059880239,0.9359799258216956
path,0.598,0.7434987363611782,0.7387109224237746,0.7506804572672836,0.9359136633861375
path,0.599,0.7433733387690354,0.7386833817081456,0.7504082743603702,0.9358762611707103
path,0.6,0.7435668749140628,0.7386430314073066,0.750952640174197,0.9357898739615558
path,0.601,0.7434620031552301,0.7386497004138612,0.7506804572672836,0.9357610137414248
path,0.602,0.7430974754467881,0.7385865200469511,0.7498639085465433,0.9356689318687396
path,0.603,0.7428515042301186,0.7385394785617201,0.7493195427327164,0.935611404879716
path,0.604,0.7424801169244993,0.7384648655328482,0.7485029940119761,0.9355164756752654
path,0.605,0.7423401553652731,0.7384130515387467,0.7482308111050626,0.9354272411343454
path,0.606,0.7427029983184548,0.7384734239802225,0.749047359825803,0.935427047683107
path,0.607,0.7427275344327087,0.7385143175039791,0.749047359825803,0.9354067294582722
path,0.608,0.7425040862772994,0.7385048144541815,0.7485029940119761,0.9353433143544795
path,0.609,0.7424080592428475,0.7385262246680373,0.7482308111050626,0.9353028713560483
path,0.61,0.7424628638418673,0.7386175656664038,0.7482308111050626,0.9353256500101716
path,0.611,0.7423248902549984,0.7385690649595645,0.7479586281981492,0.9352219853591863
path,0.612,0.7423357462192572,0.7385871582333292,0.7479586281981492,0.9351959724708206
path,0.613,0.7423417530347309,0.7385971695924523,0.7479586281981492,0.9351526821406242
path,0.614,0.7422203257265552,0.7385762460167682,0.7476864452912357,0.935086419705066
path,0.615,0.7423400595188674,0.7385943470660128,0.7479586281981492,0.9350604068167004
path,0.616,0.7422117723421755,0.7385619903761352,0.7476864452912357,0.9349912970493769
path,0.617,0.7421903519536497,0.7385262897285922,0.7476864452912357,0.9349366173921188
path,0.618,0.7420717679044267,0.7385101049178298,0.7474142623843223,0.934902062508457
path,0.619,0.7420592000708107,0.7384891585284696,0.7474142623843223,0.9348358000728989
path,0.62,0.7420700605863327,0.738507259387673,0.7474142623843223,0.9348097871845332
path,0.621,0.7418211663623036,0.738455346223509,0.7468698965704954,0.9347205526436133
path,0.622,0.7415351048523671,0.7383414875828328,0.7463255307566685,0.93458537389197
path,0.623,0.7415459599683896,0.7383595794428702,0.7463255307566685,0.9345593610036045
path,0.624,0.7412824501793484,0.7382833070036862,0.7457811649428416,0.9344182941371919
path,0.625,0.741298169420392,0.7383095057387588,0.7457811649428416,0.9344095586906573
path,0.626,0.7414344903086367,0.7383552519478911,0.7460533478497551,0.9344209480177188
path,0.627,0.7411855597227186,0.7383032781805787,0.7455089820359282,0.934331713476799
path,0.628,0.740936620439475,0.7382512899177242,0.7449646162221013,0.9342424789358792
path,0.629,0.7409778040919273,0.738319929338478,0.7449646162221013,0.9342595629264716
path,0.63,0.7408906592170529,0.7383561431516297,0.7446924333151878,0.9342075371497403
path,0.631,0.740898660894866,0.7383694792813182,0.7446924333151878,0.9341498167094784
path,0.632,0.7405800460619825,0.7383828203736724,0.7438758845944474,0.9340920962692164
path,0.633,0.7402339534634128,0.7383503651898832,0.7430593358737071,0.9340229865018929
path,0.634,0.7402242150963463,0.7383341345781057,0.7430593358737071,0.933988431618231
path,0.635,0.7400841201127962,0.7382820982101312,0.7427871529667937,0.9338991970773112
path,0.636,0.7399695025436841,0.7382725241995534,0.7425149700598802,0.9338357819735184
path,0.637,0.7397225183694323,0.738223794451685,0.7419706042460533,0.933732117322533
path,0.638,0.739631388894417,0.7382533672646019,0.7416984213391399,0.9337089517659329
path,0.639,0.7393843935038923,0.7382046188229451,0.741154055525313,0.9336052871149475
path,0.64,0.7393815160434558,0.7381998230555511,0.741154055525313,0.9335735795630511
path,0.641,0.7393531361104403,0.7381525231671918,0.741154055525313,0.9335160525740276
path,0.642,0.7388814981239273,0.7380922809414394,0.7400653238976592,0.9334095405912768
path,0.643,0.7387874873005049,0.738117051507011,0.7397931409907458,0.9333546674827803
path,0.644,0.738923870066867,0.7381629008463388,0.7400653238976592,0.9333660568098419
path,0.645,0.7387934794122946,0.7381270383599938,0.7397931409907458,0.9333113771525838
path,0.646,0.7387043586292364,0.7381599589928393,0.7395209580838323,0.9332737814859181
path,0.647,0.7386063639824063,0.7381780898527311,0.7392487751769189,0.9332477685975527
path,0.648,0.7385221348182922,0.7382191631838166,0.7389765922700055,0.9332274503727178
path,0.649,0.7384555496521709,0.7381081879069478,0.7389765922700055,0.933077841511009
path,0.65,0.738449778046623,0.7380985685643681,0.7389765922700055,0.9330144264072162
path,0.651,0.7383253597469157,0.7380726600027983,0.738704409363092,0.9329164564197616
path,0.652,0.737848771327406,0.7380041670553845,0.7376156777354382,0.93279266699518
path,0.653,0.7375045916553324,0.7379749000824223,0.7367991290146979,0.932709127117791
path,0.654,0.7371083978270687,0.7378589428491429,0.7359825802939576,0.9325278107041858
path,0.655,0.7370839276306829,0.7378181591884996,0.7359825802939576,0.9324414234950313
path,0.656,0.7368603758863478,0.7378084834904926,0.7354382144801307,0.9323780083912385
path,0.657,0.7367456954978129,0.7377988047808766,0.7351660315732172,0.9323145932874458
path,0.658,0.7366261155203164,0.7377809600896581,0.7348938486663038,0.9322339007418221
path,0.659,0.7367527567353955,0.7378105735101811,0.7351660315732172,0.9322107351852219
path,0.66,0.7365174090051964,0.7377812378357337,0.7346216657593904,0.9321271953078328
path,0.661,0.7365587676756243,0.7378501689531136,0.7346216657593904,0.9321442792984252
path,0.662,0.7364234036810767,0.73780601756681,0.7343494828524768,0.9320723221993363
path,0.663,0.7365431605020273,0.7378241569971186,0.7346216657593904,0.9320463093109708
path,0.664,0.7367766930031188,0.7378504672897197,0.7351660315732172,0.932037573864436
path,0.665,0.7362009270323129,0.7377981336947548,0.7338051170386499,0.9319483393235162
path,0.666,0.736343375960026,0.7378540933030011,0.7340772999455634,0.9319164383203813
path,0.667,0.7362375882405581,0.737859235708497,0.7338051170386499,0.9318414404382884
path,0.668,0.7361505080252588,0.737895557287607,0.7335329341317365,0.9317894146615573
path,0.669,0.7357944652311608,0.7378465184446038,0.7327163854109962,0.931685750010572
path,0.67,0.7357935555677979,0.737845002338999,0.7327163854109962,0.93163961234861
path,0.671,0.7354207784724058,0.7377680729938392,0.7318998366902558,0.9314985454821976
path,0.672,0.7352657260999205,0.7376911076443058,0.7316276537833424,0.9313574786157849
path,0.673,0.7351677480840838,0.7377092662225203,0.7313554708764289,0.9313314657274194
path,0.674,0.7350668571113093,0.7377225698725052,0.7310832879695155,0.9312737452871573
path,0.675,0.7350630211252478,0.7377161765624026,0.7310832879695155,0.9311959000732991
path,0.676,0.7348394409781704,0.7377064535264916,0.7305389221556886,0.9311324849695063
path,0.677,0.7350553444810823,0.7377033821554604,0.7310832879695155,0.9310402096455825
path,0.678,0.7350278456202799,0.7376575507207896,0.7310832879695155,0.9309221148845317
path,0.679,0.7346855468703659,0.7376314186180931,0.7302667392487752,0.9308241448970771
path,0.68,0.7345639121561435,0.7376101493656646,0.7299945563418617,0.930757882461519
path,0.681,0.7346232327570917,0.7377090170339117,0.7299945563418617,0.9307518008955112
path,0.682,0.7345292732403688,0.7377338731106491,0.7297223734349483,0.9306969277870146
path,0.683,0.7345254323956789,0.7377274717028327,0.7297223734349483,0.9306190825731564
path,0.684,0.734332449237175,0.7377687436478774,0.7291780076211214,0.9305987643483216
path,0.685,0.7340900975861597,0.7377277347720698,0.7286336418072945,0.9305123771391672
path,0.686,0.7339684574340263,0.7377064564564565,0.7283614589003811,0.9304461147036089
path,0.687,0.7338181924461018,0.7376374700811914,0.7280892759934676,0.9303223252790274
path,0.6880000000000001,0.7334610837732757,0.7375866547736413,0.7272727272727273,0.93017252296608
path,0.6890000000000001,0.7333711275202908,0.7376181829566089,0.7270005443658138,0.9300887896374526
path,0.6900000000000001,0.7328803420226042,0.7375260282122337,0.7259118127381601,0.92995930554934
path,0.6910000000000001,0.7328932627461731,0.737547562751515,0.7259118127381601,0.9299188625509089
path,0.6920000000000001,0.7328705982354362,0.7375097885669537,0.7259118127381601,0.929818045231689
path,0.6930000000000001,0.7327162626274848,0.737434017824977,0.7256396298312466,0.9297231160272383
path,0.6940000000000001,0.7324214230118279,0.7373055290081,0.7250952640174197,0.9295389522818678
path,0.6950000000000001,0.7321483021170897,0.7372132380594209,0.7245508982035929,0.9294094681937553
path,0.6960000000000001,0.7322324641152052,0.7371720527850044,0.7248230811105063,0.9293230809846008
path,0.6970000000000001,0.7320405238385476,0.7372150628664597,0.7242787152966794,0.9292421949877387
path,0.6980000000000001,0.7318188617099397,0.7372085365279978,0.7237343494828524,0.9291643497738804
path,0.6990000000000001,0.7317100540695951,0.7372086457320326,0.723462166575939,0.9290576443398912
path,0.7000000000000001,0.731448746810869,0.7371360441767069,0.7229178007621121,0.928948285025375
path,0.7010000000000001,0.7310944197545518,0.7370898648966718,0.7221012520413718,0.9288301902643241
path,0.7020000000000001,0.7307559507375981,0.7370701156822427,0.7212847033206314,0.9287033600567386
path,0.7030000000000001,0.7306292538246916,0.7370404094320073,0.721012520413718,0.9286198201793495
path,0.704,0.7307321956103779,0.7370305238035423,0.7212847033206314,0.9285564050755568
path,0.705,0.7305489533890372,0.7369065753725834,0.721012520413718,0.9284039488820826
path,0.706,0.7301588486278657,0.7368007665844577,0.7201959716929777,0.9282254798002428
path,0.707,0.7301241110434413,0.736742870610417,0.7201959716929777,0.9281045377074266
path,0.708,0.7300092735092398,0.736732929991357,0.7199237887860642,0.9280411226036338
path,0.709,0.730136990286849,0.7367643360160965,0.7201959716929777,0.9279573892750063
path,0.71,0.7300052685449432,0.7367262550508624,0.7199237887860642,0.9278565719557863
path,0.711,0.7297527442002962,0.7366682916856689,0.7193794229722373,0.9277356298629701
path,0.712,0.7292655623869494,0.73658214308186,0.7182906913445836,0.9275772855547266
path,0.713,0.7290318824260287,0.7365555870228767,0.7177463255307567,0.927479315567272
path,0.714,0.7283741489748776,0.7363666409606697,0.7163854109961895,0.9272347775011125
path,0.715,0.728004678950924,0.7362952234012407,0.7155688622754491,0.9270648504145691
path,0.716,0.7279608698456208,0.7362222082257354,0.7155688622754491,0.9269554911000528
path,0.717,0.7277221402969907,0.7361872361872362,0.7150244964616222,0.9268402436707674
path,0.718,0.7272899843893583,0.7360113421550094,0.7142079477408819,0.9266446905983352
path,0.719,0.7269403748191112,0.7359730253517577,0.7133913990201415,0.9265438732791152
path,0.72,0.7268065373206871,0.7359314181256599,0.713119216113228,0.9264574860699608
path,0.721,0.7260346391579605,0.735733652815436,0.7114861186717474,0.9261956705619705
path,0.722,0.7257749320688576,0.7356637182094824,0.7109417528579205,0.9260718811373888
path,0.723,0.725436135942524,0.7356434238127533,0.7101252041371802,0.9259450509298033
path,0.724,0.7250505481621271,0.7355451433259186,0.7093086554164398,0.9257838592897945
path,0.725,0.72451596437017,0.7355614466957014,0.7079477408818726,0.925711708739467
path,0.726,0.7236458298814894,0.7353814094468301,0.7060424605334785,0.925423880343111
path,0.727,0.7234709274538536,0.735271360672046,0.7057702776265651,0.9252598413713368
path,0.728,0.7232648841608964,0.7352908657263351,0.7052259118127382,0.9251732607109437
path,0.729,0.7228330157392995,0.7352969061087761,0.7041371801850844,0.9250376950568235
path,0.73,0.7223132776208856,0.7351564969965224,0.7030484485574305,0.9247901162076603
path,0.731,0.7220863038223999,0.7351411178749306,0.7025040827436037,0.924694993551971
path,0.732,0.7220201369721845,0.7350308397912384,0.7025040827436037,0.9245309545801969
path,0.733,0.7218849766023974,0.7349870277795355,0.7022318998366902,0.9243984297090806
path,0.734,0.7215219878905959,0.7349264124070265,0.7014153511159499,0.9242313499543025
path,0.735,0.721024124025748,0.7348224603840492,0.7003266194882961,0.9240384507623971
path,0.736,0.7204344079019045,0.7347468765340217,0.6989657049537289,0.923882953785919
path,0.737,0.719996472921312,0.7345613507135277,0.6981491562329886,0.923670123271656
path,0.738,0.7196415123182924,0.7345141155223219,0.6973326075122482,0.9235520285106051
path,0.739,0.7190016432941102,0.7343549435050631,0.695971692977681,0.9233304625498073
path,0.74,0.7187523870423247,0.734302426961305,0.6954273271638541,0.9231806602368602
path,0.741,0.7182923504595722,0.7342615204084868,0.6943385955362004,0.9230337052556783
path,0.742,0.7180519727988768,0.7342238015165455,0.6937942297223735,0.922872320164431
path,0.743,0.7179546771838166,0.7342430974293875,0.69352204681546,0.922785739504038
path,0.744,0.7175444067868545,0.7341036792482778,0.6927054980947196,0.9225842983168366
path,0.745,0.7175547602134976,0.7341209349593496,0.6927054980947196,0.9224515799944817
path,0.746,0.7170775110092434,0.7340513407040286,0.6916167664670658,0.9222672227978728
path,0.747,0.716681111696509,0.7339350409966313,0.6908002177463255,0.9220714762742022
path,0.748,0.7165678629607017,0.7339277483748948,0.690528034839412,0.9219936310603438
path,0.749,0.7159695797020568,0.7338378859668647,0.6891671203048448,0.9217891490901384
path,0.75,0.7153630091764894,0.7337342114472973,0.6878062057702776,0.9215356821262058
path,0.751,0.7151478622554928,0.7337385437881874,0.6872618399564507,0.921460684244113
path,0.752,0.7148487094111166,0.7337843215280541,0.6864452912357104,0.9213653681371854
path,0.753,0.7144864876923329,0.7337249844772413,0.6856287425149701,0.9212444260443691
path,0.754,0.7141968235855118,0.7336051215084244,0.6850843767011432,0.921063109630764
path,0.755,0.7135339921631096,0.7334076788274654,0.683723462166576,0.9207868640127082
path,0.756,0.7131423676220874,0.7332993370729219,0.6829069134458357,0.9206083949308683
path,0.757,0.7126850147981638,0.7330814481802096,0.6820903647250952,0.9203120245392162
path,0.758,0.7125218566320923,0.7329909731746994,0.6818181818181818,0.920107542569011
path,0.759,0.7117778981920756,0.7328397740689919,0.6801850843767011,0.9198426862780167
path,0.76,0.7114294979548098,0.7328034728207092,0.6793685356559608,0.9197274388487312
path,0.761,0.7116484098375478,0.7328054154160546,0.6799129014697877,0.9196063033046765
path,0.762,0.7113289841737473,0.7326359498522718,0.6793685356559608,0.9193674599020478
path,0.763,0.7108744252557561,0.7324227174694464,0.6785519869352205,0.919102797062292
path,0.764,0.7107815107721703,0.7322678599968035,0.6785519869352205,0.9188523708813634
path,0.765,0.7108587266042451,0.7322150977789859,0.6788241698421339,0.9186420007963888
path,0.766,0.7106017488666012,0.7321497120921306,0.678279804028307,0.9184893511516761
path,0.767,0.7099539986452661,0.7319774047462835,0.6769188894937398,0.9182043700870857
path,0.768,0.7095515351662329,0.7318509980950552,0.6761023407729995,0.9179913461215841
path,0.769,0.7092546111425044,0.7317190352647256,0.6755579749591726,0.9177466146041862
path,0.77,0.7088539058367062,0.731595558902222,0.6747414262384323,0.9175191605286191
path,0.771,0.7083794422471517,0.7315306073380672,0.6736526946107785,0.9173059431118791
path,0.772,0.7080719927542672,0.7313811020591443,0.6731083287969516,0.9170266567108194
path,0.773,0.7078480765704858,0.7313708189620599,0.6725639629831247,0.9169026738349992
path,0.774,0.7072438553617753,0.7310896046993115,0.6714752313554708,0.9165459291225582
path,0.775,0.7069850629796632,0.7310211946050096,0.6709308655416439,0.9163471418158837
path,0.776,0.7064506601291352,0.7308563442725652,0.6698421339139902,0.9160794381931241
path,0.777,0.7063373570600162,0.7308489610953093,0.6695699510070767,0.9159410252072384
path,0.778,0.7058607042078318,0.7307803607601043,0.668481219379423,0.915742237900564
path,0.779,0.705591003366993,0.7306937699012577,0.6679368535655961,0.915569463482255
path,0.78,0.7049478318431015,0.7305290937178166,0.6665759390310289,0.9152411920874679
path,0.781,0.703874256589452,0.7301914437986057,0.6643984757757213,0.914795212834107
path,0.782,0.7032639307112237,0.7300815103579368,0.6630375612411541,0.91455617598024
path,0.783,0.7023410414668094,0.7299950037874515,0.6608600979858464,0.9143228337899036
path,0.784,0.7019765902159274,0.7299319508498082,0.6600435492651061,0.9140951862630982
path,0.785,0.7016662884226179,0.7297776917368437,0.6594991834512792,0.913830329972104
path,0.786,0.700947099499325,0.7296677751590094,0.6578660860097986,0.9135307253462095
path,0.787,0.7002346515937461,0.7295690936106983,0.6562329885683179,0.9132945358241077
path,0.788,0.7004337412292893,0.7295379991273856,0.6567773543821448,0.9130898604026639
path,0.789,0.6994121266511133,0.7292869503339641,0.6545998911268373,0.9126349522515298
path,0.79,0.699001403498579,0.7291467775602337,0.6537833424060969,0.9123585131822356
path,0.791,0.6981933449745785,0.72888874498122,0.6521502449646163,0.9119930330232598
path,0.792,0.6978850426429001,0.7289192735755828,0.6513336962438759,0.9117881641505775
path,0.793,0.6967802642202541,0.728711073645987,0.6488840500816548,0.9114196432085979
path,0.794,0.6963391317344519,0.7285202186501436,0.6480675013609145,0.9110856771502802
path,0.795,0.6959748789145211,0.7282760411594768,0.6475231355470876,0.9107086142130043
path,0.796,0.6954192857979931,0.7280758737170326,0.6464344039194339,0.9103573707128556
path,0.797,0.6953876447694894,0.7280231386695265,0.6464344039194339,0.9101325705178156
path,0.798,0.694901668614337,0.7277575442247659,0.6456178551986935,0.9097353828069434
path,0.799,0.694166967886668,0.7276217746396382,0.6439847577572129,0.9094300835175182
path,0.8,0.6935303916782222,0.7274680906486065,0.6426238432226457,0.9090902293444312
path,0.801,0.6930558823701571,0.7274030628869339,0.6415351115949919,0.9088020140455982
path,0.802,0.6926332780448493,0.7272430881585811,0.6407185628742516,0.9084910200926422
path,0.803,0.6918533551657501,0.7272134035923453,0.6388132825258573,0.9082113467891054
path,0.804,0.6917640501897035,0.7272460172368765,0.6385410996189439,0.908052615578385
path,0.805,0.6913839754717208,0.727156925187399,0.6377245508982036,0.9078192733880488
path,0.806,0.6906487562780469,0.7268388362209872,0.6363636363636364,0.9073039909161258
path,0.807,0.690375532102425,0.7267463731375019,0.6358192705498095,0.9070245110638275
path,0.808,0.6894043497590446,0.7265793780687397,0.6336418072945019,0.9066818095589751
path,0.809,0.6890381222974291,0.7265133647798742,0.6328252585737616,0.9063935942601422
path,0.81,0.6886609435171509,0.7262476440219617,0.6322808927599347,0.9059819764392046
path,0.811,0.6876392068026709,0.7259963916680335,0.630103429504627,0.905558775839967
path,0.812,0.6869012311116481,0.7258551638106493,0.6284703320631464,0.9052073388885797
path,0.8130000000000001,0.6861451607891181,0.7256837782340864,0.6268372346216657,0.9048184997217654
path,0.8140000000000001,0.6854709133900272,0.7254673089253129,0.6254763200870985,0.9044038411178239
path,0.8150000000000001,0.6847801855537425,0.7252233722212167,0.6241154055525313,0.9039373501883898
path,0.8160000000000001,0.6835127237811274,0.7249254886462811,0.6213935764833969,0.903488330152025
path,0.8170000000000001,0.68324525135969,0.72484261181977,0.62084921066957,0.9031511298594649
path,0.8180000000000001,0.6825503902006611,0.7245917862444334,0.6194882961350027,0.9027134991501617
path,0.8190000000000001,0.6820856707234588,0.7243616195962564,0.6186717474142623,0.9022959932144549
path,0.8200000000000001,0.6809642459482954,0.7239442204745226,0.6164942841589548,0.9016829342063158
path,0.8210000000000001,0.6799617968183674,0.7237251140948475,0.6143168209036473,0.9012682756023744
path,0.8220000000000001,0.6796047813010478,0.7234929987751995,0.6137724550898204,0.9007902018946401
path,0.8230000000000001,0.6790771335790027,0.7233394069902268,0.6126837234621666,0.900421487501422
path,0.8240000000000001,0.6784074190444274,0.723130492455646,0.6113228089275994,0.8999491084572186
path,0.8250000000000001,0.6777870644839749,0.7228223892733276,0.6102340772999456,0.8994683808689574
path,0.8260000000000001,0.6766977286743336,0.7224584717607974,0.608056614044638,0.8988839886297109
path,0.8270000000000001,0.6755556144869097,0.7221880455565716,0.605606967882417,0.8983973729266804
path,0.8280000000000001,0.6746775191162757,0.7219947401711109,0.6037016875340229,0.8978989809941115
path,0.8290000000000001,0.6736742443137718,0.7215928023992003,0.6017964071856288,0.8973060467595687
path,0.8300000000000001,0.6731139609187397,0.7215662730971917,0.6004354926510616,0.8969830831258356
path,0.8310000000000001,0.6728042284926914,0.7215944182009382,0.5996189439303212,0.8967032163710604
path,0.8320000000000001,0.671857149635551,0.7214675956092426,0.5974414806750136,0.8963113364212422
path,0.833,0.6712125315137113,0.7213005084292212,0.5960805661404464,0.8958647768141659
path,0.834,0.6701747599900668,0.7208410761220766,0.5941752857920523,0.8952287457006651
path,0.835,0.6688902609275958,0.7205147970640479,0.5914534567229178,0.8946846030086112
path,0.836,0.6679293953238743,0.7203649965613835,0.5892759934676103,0.8942725982851967
path,0.837,0.6667086996562726,0.7201450564948038,0.5865541643984757,0.8938290794611242
path,0.838,0.66561515560096,0.7197741252394878,0.5843767011431682,0.8932446872218778
path,0.839,0.6643542461678374,0.7194871622303732,0.5816548720740338,0.8926802263049889
path,0.84,0.6632888833172796,0.7191631996496487,0.5794774088187262,0.892107223392804
path,0.841,0.6625176803680284,0.7189665930285504,0.5778443113772455,0.8915944013501695
path,0.842,0.6616325758471732,0.7187616057260543,0.5759390310288514,0.8911248696377315
path,0.843,0.6609153440331232,0.7186549509969584,0.5743059335873707,0.8907386843514441
path,0.844,0.6597419277358642,0.7181508993383982,0.5721284703320632,0.8899585455885268
path,0.845,0.6587094375979938,0.717700269340877,0.570223189983669,0.8892965015866606
path,0.846,0.6576630252578852,0.7174078909442343,0.5680457267283615,0.8888070385518647
path,0.847,0.6565063858802149,0.7169318008183222,0.5658682634730539,0.8880643020043748
path,0.848,0.6555840866407481,0.7164833670468647,0.5642351660315732,0.8873733977823774
path,0.849,0.6541908314229872,0.7159758277300196,0.5615133369624388,0.8865788289093948
path,0.85,0.6534683208091081,0.7156789197299325,0.5601524224278716,0.8858788023383859
path,0.851,0.6519850688658817,0.7152028411419205,0.5571584104518236,0.8851072055707649
path,0.852,0.6503115244861246,0.7145910637642995,0.5538922155688623,0.8842292902716317
path,0.853,0.6491841691693683,0.7139823251353017,0.5519869352204682,0.8833225147523673
path,0.854,0.6470258390420125,0.7132883925967856,0.5476320087098531,0.8823813778006799
path,0.855,0.6455829722530515,0.7126981673279401,0.5449101796407185,0.8815697249371048
path,0.856,0.6441818417766212,0.7121775025799794,0.5421883505715841,0.8807895861741877
path,0.857,0.6429945013884804,0.7118316993745585,0.5397387044093631,0.880020449835855
path,0.858,0.6410791259349671,0.7109983254786196,0.5362003266194882,0.8788691362504314
path,0.859,0.6394424951783614,0.7104480708062509,0.5329341317365269,0.8780833028239834
path,0.86,0.6377731142152596,0.7096617771851133,0.5299401197604791,0.8770039463376487
path,0.861,0.6367351612872434,0.7090205872660734,0.5283070223189984,0.87612318370675
path,0.862,0.6341084257494326,0.708271800128568,0.5228633641807294,0.8750985068776734
path,0.863,0.6323550163068203,0.7077083695841309,0.5193249863908547,0.8742665357892636
path,0.864,0.6296772042301388,0.7070559101531164,0.5136091453456723,0.8731607795120864
path,0.865,0.6270450299697845,0.706116603206763,0.5084376701143168,0.8720789625964632
path,0.866,0.625404081527213,0.705559152391118,0.5051714752313554,0.8711604108476604
path,0.867,0.6225145477704555,0.7045538234933104,0.4994556341861731,0.869871071178828
path,0.868,0.620650441129462,0.7039873528895134,0.49564507348938486,0.8689813796501562
path,0.869,0.6180416692303475,0.7030870498785596,0.4904735982580294,0.8678070939593708
path,0.87,0.6161855695205534,0.7019895583462679,0.4874795862819815,0.8664545326379842
path,0.871,0.6139053813571906,0.7010925290810734,0.48312465977136637,0.8651936662868058
path,0.872,0.6121978772867398,0.7002426969476873,0.48013064779531844,0.8640336172548475
path,0.873,0.6106119025570693,0.6994139584443261,0.477408818726184,0.862775404784196
path,0.874,0.6083162832402238,0.6984912105899936,0.47305389221556887,0.8616299793135416
path,0.875,0.6054437513117072,0.6973327628013122,0.46761023407729996,0.8602833061069243
path,0.876,0.6026968867927787,0.6962023054240014,0.4624387588459445,0.8588701770135103
path,0.877,0.5999510307715434,0.6952549841474555,0.45699510070767557,0.8576036159988011
path,0.878,0.5976708955432003,0.6941765878360179,0.4529123571039739,0.8562047235642141
path,0.879,0.5958725291232968,0.6935382289960953,0.44937397931409906,0.8552026319380222
path,0.88,0.5934962859725126,0.6924811080851985,0.4450190528034839,0.8538844320490588
path,0.881,0.5907176768621847,0.6912977430555556,0.43984757757212845,0.8523617501898901
path,0.882,0.5891147108221797,0.6900777751590856,0.4376701143168209,0.8508910941074528
path,0.883,0.5860234196053395,0.6887361838278068,0.43195427327163854,0.8492765238268372
path,0.884,0.5830538937035847,0.6872346241457858,0.4267827980402831,0.847656645785168
path,0.885,0.5805430354732627,0.6857716894977169,0.4227000544365814,0.8461058775108221
path,0.886,0.578413104552517,0.6845807231563907,0.41916167664670656,0.8445744602051188
path,0.887,0.574077359963845,0.6826166850422639,0.41126837234621666,0.8424740480264268
path,0.888,0.5723373428068242,0.6817126644312612,0.40827436037016873,0.8412014054457099
path,0.889,0.5688433380123058,0.6804257048889546,0.4014697876973326,0.8396240439292831
path,0.89,0.5655845981414193,0.6789864877388743,0.3954817637452368,0.8378826434410821
path,0.891,0.562049165074415,0.6772675705332069,0.38922155688622756,0.8359198704433218
path,0.892,0.5596397260743995,0.6761551232069242,0.3848666303756124,0.8344457866754035
path,0.893,0.5567498137555195,0.6747862528296945,0.37969515514425695,0.8328281756117841
path,0.894,0.552669647864967,0.6728852686698824,0.3723462166575939,0.830831234632839
path,0.895,0.5492901257871627,0.6710632925703303,0.3666303756124115,0.8286954937655313
path,0.896,0.5459261815654864,0.669630190106876,0.3603701687534023,0.8268240288355024
path,0.897,0.5431527915565288,0.6682740683082413,0.35547087642896025,0.8250735059982897
path,0.898,0.5408513900410976,0.6666158623711635,0.35220468154599893,0.8231853439801453
path,0.899,0.5378860693695928,0.6653027666775014,0.34676102340773,0.8214923481319563
path,0.9,0.5344859421206727,0.6630835380835381,0.34158954817637455,0.8191815658682895
path,0.901,0.5301975786203983,0.6604726473649717,0.33478497550353836,0.8165861894425094
path,0.902,0.52572716852958,0.6582841667472676,0.32689167120304846,0.8144195148282591
path,0.903,0.5221070401973582,0.6558797249524105,0.32144801306477955,0.8119936785865456
path,0.904,0.519279499262851,0.6542518963399178,0.31682090364725096,0.8101022823341588
path,0.905,0.5151959369262558,0.6514379750803229,0.31083287969515516,0.8073369788218352
path,0.906,0.5114407846568656,0.6489899486614608,0.3051170386499728,0.8049572802420835
path,0.907,0.5082727974791267,0.647157620186133,0.29994556341861733,0.8028325417993604
path,0.908,0.5051765199984217,0.6445375315161501,0.2961350027218291,0.800225195692803
path,0.909,0.5008103718280874,0.641796999680817,0.28933043004899295,0.7975401978236261
path,0.91,0.49644267208318454,0.6385095160740428,0.2833424060968971,0.794458399146054
path,0.911,0.4916469070409636,0.6355973219327256,0.27572128470332063,0.7915658785236677
path,0.912,0.4881955923818188,0.6329298704458367,0.27109417528579205,0.7888746056372444
path,0.913,0.48320504643153467,0.6296930414577474,0.2634730538922156,0.7858962781594192
path,0.914,0.47940725136651163,0.6273553989841062,0.25748502994011974,0.7835416252118408
path,0.915,0.4746004018659976,0.6236989096605313,0.25095264017419705,0.7801659165719048
path,0.916,0.46969406939038766,0.6202395259210145,0.24387588459444748,0.7771475329981254
path,0.917,0.46523855752096527,0.6171685993159256,0.23734349482852476,0.7741133651556114
path,0.918,0.4600873630715746,0.6136640228293255,0.22972237343494828,0.7709649171400039
path,0.919,0.455850370044791,0.6100500179389232,0.2245508982035928,0.7678426754640009
path,0.92,0.45076572179145286,0.6064748965078016,0.21720195971692977,0.7647519478886555
path,0.921,0.44621440645707894,0.6026999316473,0.2114861186717474,0.7615317362251977
path,0.922,0.4422823627126375,0.5990498097469743,0.2071311921611323,0.7583629699847556
path,0.923,0.4376837958982251,0.5948331818771906,0.20195971692977682,0.7549185384799733
path,0.924,0.43356334934085944,0.5903246894748311,0.198421339139902,0.7512350701213236
path,0.925,0.4284889330698798,0.5854964344487109,0.1929776810016331,0.7474686422390004
path,0.926,0.42333358270403315,0.5814405656208573,0.18617310832879694,0.7441386843585495
path,0.927,0.41772490090565517,0.5760847785916245,0.18018508437670114,0.7400614559745087
path,0.928,0.4128407742200067,0.5712107623318384,0.1752857920522591,0.7363696390718013
path,0.929,0.40730943978417455,0.5656209770309641,0.1698421339139902,0.7323273524738994
path,0.93,0.4026616967304422,0.5611409334910382,0.16494284158954817,0.7289227836138324
path,0.931,0.3967871794055286,0.5551606319796372,0.1592270005443658,0.7246500021573595
path,0.932,0.3924592140592882,0.5499433643866017,0.1562329885683179,0.7208224261492935
path,0.933,0.38538334497570464,0.5437753626568403,0.1477953184540011,0.7164628705811891
path,0.934,0.379522523366037,0.5376364320662401,0.14235166031573218,0.7122214097741355
path,0.935,0.3749195494570758,0.5319608168686701,0.13935764833968428,0.7083047926763881
path,0.936,0.3702337451171769,0.5261471509528706,0.13636363636363635,0.7044027991399446
path,0.937,0.36421396181707666,0.5199247394828251,0.130647795318454,0.7002733515279342
path,0.9380000000000001,0.3585238775896357,0.5137074606533849,0.12574850299401197,0.6962534566816784
path,0.9390000000000001,0.35305489307770305,0.5071328602646893,0.12193794229722374,0.6920116089721479
path,0.9400000000000001,0.3467999024379841,0.49942970493429206,0.11785519869352205,0.6872611407104176
path,0.9410000000000001,0.34035453151978334,0.49304234658123935,0.11132280892759934,0.6832492075057426
path,0.9420000000000001,0.33447404617067716,0.48614482200647247,0.10696788241698421,0.6789781126736041
path,0.9430000000000001,0.3279765330765326,0.47858182839919283,0.10206859009254218,0.6744744494560833
path,0.9440000000000001,0.3204774918004636,0.47098271859685326,0.09471965160587915,0.6700862271190864
path,0.9450000000000001,0.3145343744229103,0.46361789676545656,0.09090909090909091,0.6658848224079869
path,0.9460000000000001,0.3090868207645067,0.4567161039234249,0.08764289602612955,0.661953388297697
path,0.9470000000000001,0.30202068364316703,0.4485683141467046,0.08219923788786064,0.6574379488506376
path,0.9480000000000001,0.2950207120096676,0.44089371072560285,0.07621121393576484,0.6532910303455578
path,0.9490000000000001,0.2882936263227037,0.4325851855877398,0.0718562874251497,0.6488124127602101
path,0.9500000000000001,0.2817757325901413,0.4242624031646613,0.06804572672836146,0.6444839843902866
path,0.9510000000000001,0.27417233853078116,0.41467481934408007,0.06341861731083288,0.6396668667905212
path,0.9520000000000001,0.2677721258117551,0.4058223508584596,0.06069678824169842,0.6352955349928783
path,0.9530000000000001,0.2596899693362737,0.3954368296776763,0.05606967882416984,0.6303115310895732
path,0.9540000000000001,0.2518937806558521,0.3853464662173838,0.051714752313554706,0.6255602890228891
path,0.9550000000000001,0.24310317763956563,0.37414311134447653,0.046543277082199234,0.6204526891462407
path,0.9560000000000001,0.23503784059755023,0.3636041672815276,0.042188350571584106,0.615773984532361
path,0.9570000000000001,0.2273347968360331,0.35439486643784507,0.036744692433315185,0.6117274964440241
path,0.9580000000000001,0.21839845956329815,0.3429486211375238,0.031573217201959713,0.6068879870926125
path,0.9590000000000001,0.21082990897462656,0.3328747439542633,0.027762656505171474,0.6026687245859667
path,0.96,0.20346762504858484,0.3220559129143988,0.02558519324986391,0.5982863903637391
path,0.961,0.19402372038324622,0.30903790087463556,0.02150244964616222,0.5931444290546675
path,0.962,0.18550695465677383,0.29683929931454683,0.018508437670114317,0.58845737589673
path,0.963,0.17563186005388973,0.2829211821075988,0.014697876973326075,0.5832527732888195
path,0.964,0.1682481687436245,0.27170376155147724,0.0130647795318454,0.5791462977821709
path,0.965,0.15934972872520695,0.2581432150863774,0.01115949918345128,0.57431248309429
path,0.966,0.15031092323471404,0.24434872616781864,0.009254218835057159,0.5695221521878441
path,0.967,0.1419604128974164,0.23151994056664302,0.007621121393576484,0.5651722993224667
path,0.968,0.1336599304749212,0.21804871373836893,0.007076755579749592,0.5607208553329155
path,0.969,0.1251886581370446,0.20483720286495277,0.005715841045182362,0.556448654230158
path,0.97,0.11711178550368558,0.19173865901857232,0.005171475231355471,0.5523004360032205
path,0.971,0.10864875175807467,0.17890378967481688,0.00326619488296135,0.5483469970437613
path,0.972,0.10067414978347937,0.16597569692637598,0.0027218290691344584,0.5444148435653293
path,0.973,0.09200985485086599,0.15171666064329598,0.0024496461622210124,0.5401747369169452
path,0.974,0.08352371078013276,0.13775454246334956,0.002177463255307567,0.5361383384338124
path,0.975,0.07530508218773818,0.12423828341396756,0.001905280348394121,0.5322838367180002
path,0.976,0.06722697748352285,0.1115005966587112,0.0008165487207403375,0.5287312066061324
path,0.977,0.06016583344888026,0.09991347853891584,0.0005443658138268917,0.5255582933120674
path,0.978,0.05203302811195032,0.08635880297736594,0.0005443658138268917,0.5218853014610988
path,0.979,0.04362146467643014,0.07252098585610793,0.00027218290691344586,0.518189530956007
path,0.98,0.0368785794997051,0.06128284389489953,0.00027218290691344586,0.5152698911746362
path,0.981,0.030831413141754523,0.05120423329831524,0.00027218290691344586,0.5126783293368137
path,0.982,0.025009037597813533,0.04150027405841359,0.00027218290691344586,0.5101906256012152
path,0.983,0.019241978158631688,0.03188850832644385,0.00027218290691344586,0.5077205862099246
path,0.984,0.014624881291547959,0.024374802152579932,0.0,0.5058595977875766
path,0.985,0.011149493746277547,0.018582489577129244,0.0,0.5044073798544009
path,0.986,0.00817725352673946,0.0136287558778991,0.0,0.5032192444072654
path,0.987,0.006041475206776681,0.010069125344627802,0.0,0.5023762708942708
path,0.988,0.004372547449347322,0.007287579082245536,0.0,0.5017231557901778
path,0.989,0.002792489167067886,0.00465414861177981,0.0,0.5011074429015118
path,0.99,0.0019276334283763702,0.003212722380627284,0.0,0.5007594336356054
path,0.991,0.0013021461297323368,0.0021702435495538947,0.0,0.500514895569446
path,0.992,0.0007238508867173362,0.0012064181445288937,0.0,0.5002819402815866
path,0.993,0.0002896918001126579,0.0004828196668544298,0.0,0.5001122066462815
path,0.994,0.00014488087572440438,0.00024146812620734064,0.0,0.5000603743207889
path,0.995,4.829751267809708e-05,8.049585446349514e-05,0.0,0.5000201247735963
path,0.996,4.829751267809708e-05,8.049585446349514e-05,0.0,0.5000201247735963
path,0.997,0.0,0.0,0.0,0.5
path,0.998,0.0,0.0,0.0,0.5
path,0.999,0.0,0.0,0.0,0.5
path,1.0,0.0,0.0,0.0,0.5
