role,threshold,objective,node_f1,exact_set_attack,node_balanced_accuracy
source,0.0,0.053042657282636685,0.08840442880439447,0.0,0.5
source,0.001,0.7866362745097221,0.7089918674236612,0.9031028851388133,0.9786715110311979
source,0.002,0.7973308168907969,0.7162916989914662,0.9188894937397931,0.9789723134044651
source,0.003,0.8019510070767556,0.72,0.924877517691889,0.9789252724066333
source,0.004,0.8054151314502151,0.7225073457394712,0.929776810016331,0.978960597590798
source,0.005,0.8072465843675898,0.7241081250982241,0.9319542732716385,0.9788122023627246
source,0.006,0.8087439473876408,0.7253335432327128,0.9338595536200327,0.978924663001501
source,0.007,0.8101003612882722,0.7265055014394447,0.9354926510615134,0.978834450728427
source,0.008,0.811500623339494,0.7273876293546094,0.9376701143168209,0.9787667915236216
source,0.009000000000000001,0.8123287845517132,0.7280420769565389,0.9387588459444747,0.9786782094092761
source,0.01,0.8129960334255835,0.7289727031417138,0.9390310288513881,0.9785157521577766
source,0.011,0.8135130411776121,0.7294714721858768,0.939575394665215,0.9785115066353554
source,0.012,0.8142784778267356,0.7302028341205891,0.9403919433859553,0.978528184022474
source,0.013000000000000001,0.8151278416187454,0.7307111640842273,0.9417528579205225,0.9784752317948596
source,0.014,0.8157076831336423,0.7311332007952286,0.9425694066412629,0.9784144334761677
source,0.015,0.8156259628575917,0.7313599108776956,0.942025040827436,0.9782866209064354
source,0.016,0.8161971453734107,0.7317675159235669,0.9428415895481764,0.97832323599813
source,0.017,0.8163160821447037,0.731965743875722,0.9428415895481764,0.978192808064705
source,0.018000000000000002,0.8164257655610621,0.7321485495696525,0.9428415895481764,0.9781597935416666
source,0.019,0.8170326332979974,0.732615629984051,0.9436581382689168,0.9782016393607462
source,0.02,0.8173215998869356,0.7329157856943391,0.9439303211758302,0.9781790862924777
source,0.021,0.8177148458618324,0.7332082851099494,0.9444746869896571,0.9782052399294024
source,0.022,0.8178825191533423,0.733487740595799,0.9444746869896571,0.9781313647922483
source,0.023,0.8185338343027201,0.7338474447596596,0.9455634186173109,0.9781140424513646
source,0.024,0.8189116327485197,0.7342956535647167,0.9458356015242243,0.9781045662015585
source,0.025,0.8194017490046547,0.7345681481777814,0.9466521502449646,0.9780793977695975
source,0.026000000000000002,0.8193506744627304,0.7346644792125164,0.9463799673380512,0.9780385371554817
source,0.027,0.8196713088749584,0.7350174146282876,0.9466521502449646,0.9780699215197914
source,0.028,0.8200352869746219,0.7352611342518423,0.9471965160587915,0.978042137724138
source,0.029,0.8200197332607513,0.7354166666666667,0.9469243331518781,0.9780065078374071
source,0.03,0.8200904577358273,0.7355345407917935,0.9469243331518781,0.978016969292177
source,0.031,0.8207179093471467,0.7360359276634989,0.9477408818726184,0.9780614304749491
source,0.032,0.8207052070619157,0.7360147571881139,0.9477408818726184,0.9780101084060633
source,0.033,0.8206721967944648,0.7361411953469714,0.947468698965705,0.97797186315564
source,0.034,0.8208342273428613,0.7362297909896899,0.9477408818726184,0.9779797092467173
source,0.035,0.8208190137569951,0.7363858902845218,0.947468698965705,0.9779440793599865
source,0.036000000000000004,0.8207734277804013,0.7364913689281413,0.9471965160587915,0.9778545120406774
source,0.037,0.8208798913576637,0.7366688082235785,0.9471965160587915,0.9778702042228322
source,0.038,0.8210219226188894,0.736905526992288,0.9471965160587915,0.977891127132372
source,0.039,0.8210270015546781,0.7369139918852691,0.9471965160587915,0.9778424204271787
source,0.04,0.8213386673964254,0.7370705244122966,0.9477408818726184,0.977806790540448
source,0.041,0.8214453217590558,0.7372482816833473,0.9477408818726184,0.9778224827226027
source,0.042,0.82151645325156,0.7373668341708542,0.9477408818726184,0.9778329441773725
source,0.043000000000000003,0.8215698168854257,0.7374557735606305,0.9477408818726184,0.97784079026845
source,0.044,0.8220032022703203,0.7376337167216279,0.9485574305933587,0.9778564824506049
source,0.045,0.8221172132157384,0.737642279692716,0.9488296135002722,0.9778077757454117
source,0.046,0.8221706225521603,0.7377312952534191,0.9488296135002722,0.9778156218364891
source,0.047,0.8223024501367397,0.7377695526231092,0.9491017964071856,0.9777695304949883
source,0.048,0.8223736977999578,0.7378882987284726,0.9491017964071856,0.9777799919497582
source,0.049,0.8225411879584337,0.7379859937213233,0.9493739793140991,0.9777391313356424
source,0.05,0.8225946587465308,0.7380751117014853,0.9493739793140991,0.9777469774267198
source,0.051000000000000004,0.8227194741543721,0.7382831373812208,0.9493739793140991,0.9777652849725671
source,0.052000000000000005,0.822724665216559,0.7382917891515322,0.9493739793140991,0.9777165782673739
source,0.053,0.8226745124163402,0.7383896564224433,0.9491017964071856,0.977675717653258
source,0.054,0.8225455440302458,0.7383561643835616,0.9488296135002722,0.9775243668102933
source,0.055,0.8226953226329932,0.7384243401168648,0.9491017964071856,0.977480890832485
source,0.056,0.8228934853169335,0.7385731559854898,0.9493739793140991,0.9774939676509473
source,0.057,0.8229113475400618,0.7386029263573703,0.9493739793140991,0.9774965830146398
source,0.058,0.823000680259747,0.7387518142235123,0.9493739793140991,0.9775096598331022
source,0.059000000000000004,0.823000680259747,0.7387518142235123,0.9493739793140991,0.9775096598331022
source,0.06,0.8230595360759905,0.7388499072505847,0.9493739793140991,0.9774687992189863
source,0.061,0.8230595360759905,0.7388499072505847,0.9493739793140991,0.9774687992189863
source,0.062,0.8229059226117752,0.7389567953527774,0.9488296135002722,0.9773792318996772
source,0.063,0.8228201882954431,0.7389953600968328,0.9485574305933587,0.9773331405581764
source,0.064,0.8225950564202873,0.7389830508474576,0.9480130647795318,0.9772331117840976
source,0.065,0.8226487420759974,0.7390725269403077,0.9480130647795318,0.977240957875175
source,0.066,0.8226540028553826,0.7390812949059498,0.9480130647795318,0.9771922511699818
source,0.067,0.8227129778497972,0.7391795865633075,0.9480130647795318,0.9771513905558658
source,0.068,0.8227540689437556,0.7392480717199047,0.9480130647795318,0.9771079145780575
source,0.069,0.8230972330226076,0.7394571013087735,0.9485574305933587,0.9771262221239049
source,0.07,0.823115155634637,0.7394869723288225,0.9485574305933587,0.9771288374875973
source,0.07100000000000001,0.823168932159774,0.7395765998707176,0.9485574305933587,0.9771366835786748
source,0.07200000000000001,0.8232047904191617,0.7396363636363636,0.9485574305933587,0.9771419143060597
source,0.073,0.823210097949551,0.7396452095203458,0.9485574305933587,0.9770932076008665
source,0.074,0.8229312311653993,0.739543342089311,0.9480130647795318,0.9769853327357101
source,0.075,0.8229724045698563,0.7396119644300727,0.9480130647795318,0.9769418567579017
source,0.076,0.8232439691245974,0.7397016614787566,0.9485574305933587,0.9769497028489791
source,0.077,0.8231404110338245,0.7397105199320774,0.9482852476864453,0.9769009961437859
source,0.078,0.8233390222191461,0.7398600833030045,0.9485574305933587,0.9769140729622483
source,0.079,0.823356974178463,0.739890003235199,0.9485574305933587,0.9769166883259408
source,0.08,0.8236285850947246,0.7399797775530839,0.9491017964071856,0.9769245344170181
source,0.081,0.8236645020842916,0.7400396392023622,0.9491017964071856,0.9769297651444031
source,0.082,0.8237913359210931,0.740069573659089,0.9493739793140991,0.9769323805080956
source,0.083,0.8238092980481995,0.7400995105375996,0.9493739793140991,0.9769349958717881
source,0.084,0.8238631931497031,0.7401893357067724,0.9493739793140991,0.9769428419628654
source,0.085,0.8238631931497031,0.7401893357067724,0.9493739793140991,0.9769428419628654
source,0.08600000000000001,0.823881161090854,0.7402192822753572,0.9493739793140991,0.9769454573265579
source,0.08700000000000001,0.8238991304859569,0.7402492312671953,0.9493739793140991,0.9769480726902504
source,0.088,0.823953047396744,0.7403390927851738,0.9493739793140991,0.9769559187813279
source,0.089,0.8240798957721861,0.7403690514729685,0.9496461622210125,0.9769585341450203
source,0.09,0.8238189532142159,0.7402970577522361,0.9491017964071856,0.9768532746435564
source,0.091,0.8236974664791552,0.740276035131744,0.9488296135002722,0.9768019525746707
source,0.092,0.8235759777018243,0.7402550091074681,0.9485574305933587,0.9767506305057849
source,0.093,0.823581339980846,0.7402639462391708,0.9485574305933587,0.9767019238005916
source,0.094,0.823713560518742,0.7403028585310553,0.9488296135002722,0.9766558324590908
source,0.095,0.8237315457685747,0.740332833947443,0.9488296135002722,0.9766584478227833
source,0.096,0.8237675206380112,0.7403927920631705,0.9488296135002722,0.9766636785501683
source,0.097,0.8237675206380112,0.7403927920631705,0.9488296135002722,0.9766636785501683
source,0.098,0.8237855102579692,0.7404227747631005,0.9488296135002722,0.9766662939138608
source,0.099,0.8236640219700504,0.7404017495545115,0.9485574305933587,0.976614971844975
source,0.1,0.8237180024127253,0.7404917169589696,0.9485574305933587,0.9766228179360525
source,0.101,0.8237773862064721,0.7405906899485477,0.9485574305933587,0.9765819573219366
source,0.10200000000000001,0.8239222671820463,0.7406507029698958,0.9488296135002722,0.9765871880493215
source,0.10300000000000001,0.8239582808310422,0.740710725718222,0.9488296135002722,0.9765924187767066
source,0.10400000000000001,0.8239762898445533,0.7407407407407407,0.9488296135002722,0.976595034140399
source,0.105,0.8240905665871904,0.7407497467071935,0.9491017964071856,0.9765463274352058
source,0.106,0.8240905665871904,0.7407497467071935,0.9491017964071856,0.9765463274352058
source,0.107,0.8242534827762233,0.7408398184176395,0.9493739793140991,0.9765541735262833
source,0.108,0.8241860625447124,0.7409089066363967,0.9491017964071856,0.9765106975484749
source,0.109,0.8242401347159719,0.7409990269218294,0.9491017964071856,0.9765185436395523
source,0.11,0.824136687052921,0.7410080694213536,0.9488296135002722,0.976469836934359
source,0.111,0.8240512725171829,0.7410471671330657,0.9485574305933587,0.9764237455928583
source,0.112,0.8241962136824046,0.7411072804704928,0.9488296135002722,0.9764289763202432
source,0.113,0.8242864092946323,0.7412576064908722,0.9488296135002722,0.9764420531387056
source,0.114,0.8243766415047955,0.7414079935078111,0.9488296135002722,0.976455129957168
source,0.115,0.8242551761086254,0.7413870064521365,0.9485574305933587,0.9764038078882822
source,0.116,0.8241698156215159,0.7414261942448963,0.9482852476864453,0.9763577165467814
source,0.117,0.8241391660442997,0.7413751116162026,0.9482852476864453,0.9763037791142033
source,0.11800000000000001,0.8242660943707201,0.7414052035556277,0.9485574305933587,0.9763063944778958
source,0.11900000000000001,0.8243022090954721,0.7414653947635478,0.9485574305933587,0.9763116252052807
source,0.12,0.8243202686569261,0.7414954940326377,0.9485574305933587,0.9763142405689731
source,0.121,0.8242710586328046,0.7415949325970441,0.9482852476864453,0.9762733799548573
source,0.122,0.82441606896438,0.7416551612117275,0.9485574305933587,0.9762786106822423
source,0.123,0.8242639427167013,0.7415830727368721,0.9482852476864453,0.9761733511807783
source,0.124,0.8243908871102213,0.7416131914547964,0.9485574305933587,0.9761759665444707
source,0.125,0.8243908871102213,0.7416131914547964,0.9485574305933587,0.9761759665444707
source,0.126,0.8244270339757676,0.7416734362307067,0.9485574305933587,0.9761811972718557
source,0.127,0.8244812652868622,0.7417638217491977,0.9485574305933587,0.9761890433629332
source,0.128,0.8244812652868622,0.7417638217491977,0.9485574305933587,0.9761890433629332
source,0.129,0.8245535942663526,0.7418843700483484,0.9485574305933587,0.976199504817703
source,0.13,0.8245716801846862,0.7419145132455711,0.9485574305933587,0.9762021201813955
source,0.131,0.8245410088876218,0.7418633944171306,0.9485574305933587,0.9761481827488173
source,0.132,0.8245645986038246,0.7419027106108017,0.9485574305933587,0.9761020914073166
source,0.133,0.8244793228277789,0.741942039588668,0.9482852476864453,0.9760560000658158
source,0.134,0.8244793228277789,0.741942039588668,0.9482852476864453,0.9760560000658158
source,0.135,0.824660583522355,0.7420626854750193,0.9485574305933587,0.9760664615205856
source,0.136,0.8248056592798503,0.7421230231329025,0.9488296135002722,0.9760716922479706
source,0.137,0.8246716202266088,0.7420810799821088,0.9485574305933587,0.9759690481101991
source,0.138,0.8246897256530885,0.7421112556929083,0.9485574305933587,0.9759716634738915
source,0.139,0.8246897256530885,0.7421112556929083,0.9485574305933587,0.9759716634738915
source,0.14,0.8245501610484709,0.7420601032898214,0.9482852476864453,0.9759177260413134
source,0.14100000000000001,0.8245682674357004,0.7420902806018707,0.9482852476864453,0.9759203414050059
source,0.14200000000000002,0.8246044846285068,0.7421506425898812,0.9482852476864453,0.9759255721323908
source,0.14300000000000002,0.824622595434443,0.7421808272664415,0.9482852476864453,0.9759281874960832
source,0.14400000000000002,0.824646239171393,0.7422202334946915,0.9482852476864453,0.9758820961545825
source,0.145,0.8247187127691955,0.7423410228243623,0.9482852476864453,0.9758925576093525
source,0.146,0.8247368348545441,0.7423712262999431,0.9482852476864453,0.975895172973045
source,0.147,0.8247605058459625,0.7424106779523073,0.9482852476864453,0.9758490816315442
source,0.148,0.8249418977562689,0.7425315425315424,0.9485574305933587,0.975859543086314
source,0.149,0.8249418977562689,0.7425315425315424,0.9485574305933587,0.975859543086314
source,0.15,0.8249963023142761,0.7426222167948876,0.9485574305933587,0.9758673891773915
source,0.151,0.8250507201611343,0.7427129132063182,0.9485574305933587,0.9758752352684689
source,0.152,0.8250870061108065,0.7427733897891051,0.9485574305933587,0.9758804659958538
source,0.153,0.8249348491051168,0.7427012500508978,0.9482852476864453,0.9757752064943899
source,0.154,0.8250074405528921,0.74282223579719,0.9482852476864453,0.9757856679491598
source,0.155,0.8248678470733343,0.7427710352692025,0.9480130647795318,0.9757317305165816
source,0.156,0.8250311778086419,0.7428617978901063,0.9482852476864453,0.975739576607659
source,0.157,0.8250311778086419,0.7428617978901063,0.9482852476864453,0.975739576607659
source,0.158,0.8250311778086419,0.7428617978901063,0.9482852476864453,0.975739576607659
source,0.159,0.8250674902514081,0.74292231862805,0.9482852476864453,0.9757448073350439
source,0.16,0.8251038086113851,0.7429828492280116,0.9482852476864453,0.9757500380624289
source,0.161,0.8248246069759775,0.74288042371155,0.9477408818726184,0.9756421631972725
source,0.162,0.8248427673513943,0.7429106910039114,0.9477408818726184,0.975644778560965
source,0.163,0.8248427673513943,0.7429106910039114,0.9477408818726184,0.975644778560965
source,0.164,0.8248427673513943,0.7429106910039114,0.9477408818726184,0.975644778560965
source,0.165,0.8247031622656611,0.7428594711322984,0.947468698965705,0.9755908411283867
source,0.166,0.824721323608774,0.7428897400374868,0.947468698965705,0.9755934564920792
source,0.167,0.8247758165193273,0.7429805615550755,0.947468698965705,0.9756013025831567
source,0.168,0.8248303227555027,0.7430714052820346,0.947468698965705,0.9756091486742341
source,0.169,0.8249755408145891,0.7431319801092362,0.9477408818726184,0.975614379401619
source,0.17,0.8249755408145891,0.7431319801092362,0.9477408818726184,0.975614379401619
source,0.171,0.82496297593509,0.7431110386434044,0.9477408818726184,0.9755630573327332
source,0.17200000000000001,0.8249811515750227,0.7431413313766254,0.9477408818726184,0.9755656726964257
source,0.17300000000000001,0.8252897983325085,0.7432928320965507,0.9482852476864453,0.9755787495148881
source,0.17400000000000002,0.825307982866627,0.7433231396534147,0.9482852476864453,0.9755813648785806
source,0.17500000000000002,0.8253443563840427,0.743383762182441,0.9482852476864453,0.9755865956059655
source,0.176,0.8251196825475628,0.743372216330859,0.9477408818726184,0.9754865668318866
source,0.177,0.8251378749581268,0.7434025370151324,0.9477408818726184,0.975489182195579
source,0.178,0.8251378749581268,0.7434025370151324,0.9477408818726184,0.975489182195579
source,0.179,0.8249982480640108,0.7433512807962147,0.947468698965705,0.9754352447630008
source,0.18,0.8249982480640108,0.7433512807962147,0.947468698965705,0.9754352447630008
source,0.181,0.8249132017237777,0.7433909921671017,0.9471965160587915,0.9753891534215
source,0.182,0.8249132017237777,0.7433909921671017,0.9471965160587915,0.9753891534215
source,0.183,0.8249132017237777,0.7433909921671017,0.9471965160587915,0.9753891534215
source,0.184,0.8249313990472366,0.7434213210395333,0.9471965160587915,0.9753917687851925
source,0.185,0.8248099633802992,0.7434003835325799,0.9469243331518781,0.9753404467163067
source,0.186,0.8249062719884572,0.7433794426082344,0.9471965160587915,0.975289124647421
source,0.187,0.8248212371582331,0.7434191731624699,0.9469243331518781,0.9752430333059203
source,0.188,0.8248576480397398,0.743479857964981,0.9469243331518781,0.9752482640333052
source,0.189,0.8248576480397398,0.743479857964981,0.9469243331518781,0.9752482640333052
source,0.19,0.8247180029551286,0.7434285714285713,0.9466521502449646,0.975194326600727
source,0.191,0.8247726288860007,0.7435196146466914,0.9466521502449646,0.9752021726918044
source,0.192,0.824632979750374,0.7434683213585892,0.9463799673380512,0.9751482352592262
source,0.193,0.8244933281019101,0.743417023882425,0.9461077844311377,0.975094297826648
source,0.194,0.8243718840180104,0.7433960723472012,0.9458356015242243,0.9750429757577623
source,0.195,0.8243957376083422,0.7434358283310875,0.9458356015242243,0.9749968844162615
source,0.196,0.8243957376083422,0.7434358283310875,0.9458356015242243,0.9749968844162615
source,0.197,0.8244321701233092,0.7434965491893657,0.9458356015242243,0.9750021151436464
source,0.198,0.8244321701233092,0.7434965491893657,0.9458356015242243,0.9750021151436464
source,0.199,0.8244868300558588,0.7435876490769483,0.9458356015242243,0.9750099612347238
source,0.2,0.8245232774530848,0.7436483947389919,0.9458356015242243,0.9750151919621088
source,0.201,0.8248139364408991,0.7437699158427975,0.9463799673380512,0.9750256534168786
source,0.202,0.8246742695513496,0.7437185929648241,0.9461077844311377,0.9749717159843005
source,0.203,0.8246925009272188,0.743748978591273,0.9461077844311377,0.974974331347993
source,0.20400000000000001,0.8244131585722001,0.7436463185421263,0.9455634186173109,0.9748664564828367
source,0.20500000000000002,0.8244131585722001,0.7436463185421263,0.9455634186173109,0.9748664564828367
source,0.20600000000000002,0.8245584969025959,0.7437070938215103,0.9458356015242243,0.9748716872102215
source,0.20700000000000002,0.8245584969025959,0.7437070938215103,0.9458356015242243,0.9748716872102215
source,0.20800000000000002,0.8245767317216182,0.7437374851865474,0.9458356015242243,0.9748743025739139
source,0.209,0.824594968031022,0.7437678790355537,0.9458356015242243,0.9748769179376064
source,0.21,0.8246496859033505,0.7438590754894348,0.9458356015242243,0.974884764028684
source,0.211,0.8245282491146129,0.7438381361128141,0.9455634186173109,0.9748334419597982
source,0.212,0.8244433002201388,0.7438780098932996,0.9452912357103974,0.9747873506182974
source,0.213,0.8244433002201388,0.7438780098932996,0.9452912357103974,0.9747873506182974
source,0.214,0.8243036145801017,0.7438266557645136,0.945019052803484,0.9747334131857192
source,0.215,0.8243401094687646,0.7438874805789517,0.945019052803484,0.974738643913104
source,0.216,0.8243401094687646,0.7438874805789517,0.945019052803484,0.974738643913104
source,0.217,0.8243583591514054,0.7439178967166864,0.945019052803484,0.9747412592767966
source,0.218,0.8243640454282555,0.7439273738447697,0.945019052803484,0.9746925525716033
source,0.219,0.8243640454282555,0.7439273738447697,0.945019052803484,0.9746925525716033
source,0.22,0.8243822990750189,0.7439577965893754,0.945019052803484,0.9746951679352958
source,0.221,0.8244062468320565,0.7439977095177717,0.945019052803484,0.974649076593795
source,0.222,0.8244062468320565,0.7439977095177717,0.945019052803484,0.974649076593795
source,0.223,0.8244062468320565,0.7439977095177717,0.945019052803484,0.974649076593795
source,0.224,0.8243213292635986,0.744037635508284,0.9447468698965705,0.9746029852522943
source,0.225,0.8243395923376169,0.7440680739649812,0.9447468698965705,0.9746056006159867
source,0.226,0.8243578569059751,0.7440985149122449,0.9447468698965705,0.9746082159796792
source,0.227,0.8242181539874183,0.7440471319859258,0.9444746869896571,0.974554278547101
source,0.228,0.8242364195362579,0.7440775745673253,0.9444746869896571,0.9745568939107934
source,0.229,0.8242364195362579,0.7440775745673253,0.9444746869896571,0.9745568939107934
source,0.23,0.8242364195362579,0.7440775745673253,0.9444746869896571,0.9745568939107934
source,0.231,0.8240967135807242,0.744026186579378,0.9442025040827436,0.9745029564782153
source,0.232,0.8241515176538856,0.7441175267013136,0.9442025040827436,0.9745108025692926
source,0.233,0.8240300781327017,0.7440965827706159,0.9439303211758302,0.974459480500407
source,0.234,0.824048350128677,0.7441270360972415,0.9439303211758302,0.9744620958640994
source,0.23500000000000001,0.824048350128677,0.7441270360972415,0.9439303211758302,0.9744620958640994
source,0.23600000000000002,0.824048350128677,0.7441270360972415,0.9439303211758302,0.9744620958640994
source,0.23700000000000002,0.824048350128677,0.7441270360972415,0.9439303211758302,0.9744620958640994
source,0.23800000000000002,0.8239269095315351,0.7441060903732808,0.9436581382689168,0.9744107737952137
source,0.23900000000000002,0.8238054668766884,0.7440851412198118,0.9433859553620033,0.9743594517263279
source,0.24,0.8236657472234703,0.7440337304023906,0.9431137724550899,0.9743055142937498
source,0.241,0.8236840221636308,0.7440641886359914,0.9431137724550899,0.9743081296574423
source,0.242,0.8237022986000816,0.7440946493634094,0.9431137724550899,0.9743107450211347
source,0.243,0.8235682781236557,0.7440527371739754,0.9428415895481764,0.9742081008833632
source,0.244,0.8234468282148361,0.7440317759305515,0.9425694066412629,0.9741567788144775
source,0.245,0.8234651090938516,0.7440622440622441,0.9425694066412629,0.9741593941781699
source,0.246,0.8234833914701338,0.7440927146893811,0.9425694066412629,0.9741620095418624
source,0.247,0.8234833914701338,0.7440927146893811,0.9425694066412629,0.9741620095418624
source,0.248,0.8234833914701338,0.7440927146893811,0.9425694066412629,0.9741620095418624
source,0.249,0.823501675343867,0.7441231878122697,0.9425694066412629,0.9741646249055549
source,0.25,0.8233310782224423,0.7440203145478375,0.9422972237343494,0.9740567500403985
source,0.251,0.8231913392881729,0.7439688715953308,0.942025040827436,0.9740028126078202
source,0.252,0.8231913392881729,0.7439688715953308,0.942025040827436,0.9740028126078202
source,0.253,0.8231913392881729,0.7439688715953308,0.942025040827436,0.9740028126078202
source,0.254,0.8232096231139678,0.7439993446383223,0.942025040827436,0.9740054279715127
source,0.255,0.8232461952593704,0.7440602982139932,0.942025040827436,0.9740106586988977
source,0.256,0.8234099378775326,0.7441517473063214,0.9422972237343494,0.9740185047899751
source,0.257,0.8234282306933465,0.7441822353326777,0.9422972237343494,0.9740211201536676
source,0.258,0.8234282306933465,0.7441822353326777,0.9422972237343494,0.9740211201536676
source,0.259,0.8234339478834141,0.7441917639827904,0.9422972237343494,0.9739724134484743
source,0.26,0.8234522446814139,0.7442222586461235,0.9422972237343494,0.9739750288121668
source,0.261,0.8233307933164674,0.7442012949758217,0.942025040827436,0.9739237067432811
source,0.262,0.8233490925983404,0.7442317937789434,0.942025040827436,0.9739263221069736
source,0.263,0.8233673933801549,0.7442622950819673,0.942025040827436,0.973928937470666
source,0.264,0.8232642451889493,0.7442718367012338,0.9417528579205225,0.9738802307654728
source,0.265,0.8232642451889493,0.7442718367012338,0.9417528579205225,0.9738802307654728
source,0.266,0.8231610984058699,0.7442813806673773,0.9414806750136091,0.9738315240602795
source,0.267,0.8231977144134464,0.7443424073466711,0.9414806750136091,0.9738367547876645
source,0.268,0.8231977144134464,0.7443424073466711,0.9414806750136091,0.9738367547876645
source,0.269,0.8230762627713375,0.744321443214432,0.9412084921066957,0.9737854327187787
source,0.27,0.823094574012714,0.7443519619500595,0.9412084921066957,0.9737880480824712
source,0.271,0.8231312010006313,0.7444130069299217,0.9412084921066957,0.9737932788098562
source,0.272,0.8231495167475418,0.7444435331747724,0.9412084921066957,0.9737958941735487
source,0.273,0.8231861527481901,0.744504593175853,0.9412084921066957,0.9738011249009336
source,0.274,0.823046385222791,0.7444531025714636,0.9409363091997822,0.9737471874683554
source,0.275,0.823083026202369,0.7445141708707601,0.9409363091997822,0.9737524181957403
source,0.276,0.8232102221092902,0.7445447087776865,0.9412084921066957,0.9737550335594327
source,0.277,0.823070450502178,0.7444932113704417,0.9409363091997822,0.9737010961268546
source,0.278,0.8231976473964564,0.7445237509229634,0.9412084921066957,0.973703711490547
source,0.279,0.8229364197479168,0.744451282051282,0.9406641262928688,0.9735984519890831
source,0.28,0.8229547454543756,0.7444818248953802,0.9406641262928688,0.9736010673527755
source,0.281,0.8229547454543756,0.7444818248953802,0.9406641262928688,0.9736010673527755
source,0.28200000000000003,0.8225353955604668,0.7443272742193591,0.9398475775721284,0.9734392550550409
source,0.28300000000000003,0.8225353955604668,0.7443272742193591,0.9398475775721284,0.9734392550550409
source,0.28400000000000003,0.8225353955604668,0.7443272742193591,0.9398475775721284,0.9734392550550409
source,0.28500000000000003,0.8225353955604668,0.7443272742193591,0.9398475775721284,0.9734392550550409
source,0.28600000000000003,0.8225537212217116,0.7443578169881002,0.9398475775721284,0.9734418704187334
source,0.28700000000000003,0.8224139323336472,0.7443062907792688,0.939575394665215,0.9733879329861552
source,0.28800000000000003,0.8224139323336472,0.7443062907792688,0.939575394665215,0.9733879329861552
source,0.289,0.8221709996792788,0.7442643135645393,0.9390310288513881,0.9732852888483838
source,0.29,0.8220312021440023,0.7442127729436874,0.9387588459444747,0.9732313514158055
source,0.291,0.8220186028224168,0.7441917740743781,0.9387588459444747,0.9731800293469197
source,0.292,0.8218971282692118,0.7441707717569788,0.9384866630375612,0.9731287072780341
source,0.293,0.8219154583510317,0.7442013218933453,0.9384866630375612,0.9731313226417265
source,0.294,0.8218845248094082,0.7441497659906395,0.9384866630375612,0.9730773852091483
source,0.295,0.8217321069773258,0.7440771915417779,0.9382144801306478,0.9729721257076844
source,0.296,0.8217504385169057,0.7441077441077442,0.9382144801306478,0.9729747410713769
source,0.297,0.8217504385169057,0.7441077441077442,0.9382144801306478,0.9729747410713769
source,0.298,0.8217504385169057,0.7441077441077442,0.9382144801306478,0.9729747410713769
source,0.299,0.8217504385169057,0.7441077441077442,0.9382144801306478,0.9729747410713769
source,0.3,0.8216289556831864,0.7440867279894876,0.9379422972237343,0.9729234190024911
source,0.301,0.821507470778063,0.7440657084188911,0.9376701143168209,0.9728720969336053
source,0.302,0.821507470778063,0.7440657084188911,0.9376701143168209,0.9728720969336053
source,0.303,0.8214043198100303,0.744075245410112,0.9373979314099075,0.9728233902284121
source,0.304,0.8214593368754977,0.7441669405192245,0.9373979314099075,0.9728312363194895
source,0.305,0.8213378517798025,0.7441459206310082,0.937125748502994,0.9727799142506038
source,0.306,0.8212163646114807,0.7441248972884141,0.9368535655960806,0.9727285921817181
source,0.307,0.8213435817874912,0.7441554706438226,0.937125748502994,0.9727312075454106
source,0.308,0.8212220935351409,0.7441344454945145,0.9368535655960806,0.9726798854765248
source,0.309,0.8212587880629648,0.7441956030408876,0.9368535655960806,0.9726851162039098
source,0.31,0.8211189507086085,0.7441439960549028,0.9365813826891671,0.9726311787713315
source,0.311,0.8212461728787972,0.7441745777339415,0.9368535655960806,0.972633794135024
source,0.312,0.8212645233944409,0.744205161926681,0.9368535655960806,0.9726364094987165
source,0.313,0.8213012289511326,0.7442663378545006,0.9368535655960806,0.9726416402261016
source,0.314,0.8213012289511326,0.7442663378545006,0.9368535655960806,0.9726416402261016
source,0.315,0.8213195839925529,0.744296929590201,0.9368535655960806,0.9726442555897941
source,0.316,0.8213379405429374,0.7443275238408419,0.9368535655960806,0.9726468709534865
source,0.317,0.8213746581713436,0.7443887198881856,0.9368535655960806,0.9726521016808714
source,0.318,0.8213930192497375,0.7444193216855087,0.9368535655960806,0.9726547170445639
source,0.319,0.8212715367536672,0.7443983061300004,0.9365813826891671,0.972603394975678
source,0.32,0.8212899003332936,0.7444289120960447,0.9365813826891671,0.9726060103393706
source,0.321,0.8211500521837785,0.7443772871181282,0.9363091997822537,0.9725520729067925
source,0.322,0.8211684167550067,0.7444078947368421,0.9363091997822537,0.9725546882704849
source,0.323,0.8211867828365415,0.7444385048727333,0.9363091997822537,0.9725573036341774
source,0.324,0.8212235195312754,0.74449973269729,0.9363091997822537,0.9725625343615623
source,0.325,0.8211387815784172,0.7445399580471352,0.9360370168753402,0.9725164430200615
source,0.326,0.8211387815784172,0.7445399580471352,0.9360370168753402,0.9725164430200615
source,0.327,0.8211387815784172,0.7445399580471352,0.9360370168753402,0.9725164430200615
source,0.328,0.8210172988129888,0.7445189420426968,0.9357648339684268,0.9724651209511758
source,0.329,0.8208774388696897,0.7444672974084738,0.9354926510615134,0.9724111835185976
source,0.33,0.8209141905875147,0.7445285502715155,0.9354926510615134,0.9724164142459826
source,0.331,0.8209015778277158,0.7445075290051839,0.9354926510615134,0.9723650921770968
source,0.332,0.8208889629920839,0.744486504279131,0.9354926510615134,0.972313770108211
source,0.333,0.8207490933228201,0.7444348434349669,0.9352204681545999,0.9722598326756329
source,0.334,0.8207674729173415,0.7444654760925027,0.9352204681545999,0.9722624480393254
source,0.335,0.8207858540245248,0.7444961112711411,0.9352204681545999,0.9722650634030178
source,0.336,0.8207858540245248,0.7444961112711411,0.9352204681545999,0.9722650634030178
source,0.337,0.8209314939403878,0.7445573891929708,0.9354926510615134,0.9722702941304027
source,0.338,0.8209682667463734,0.7446186772029467,0.9354926510615134,0.9722755248577877
source,0.339,0.8209682667463734,0.7446186772029467,0.9354926510615134,0.9722755248577877
source,0.34,0.8210234373077864,0.744710628138635,0.9354926510615134,0.9722833709488652
source,0.341,0.8209203473211212,0.7447202667654687,0.9352204681545999,0.9722346642436719
source,0.342,0.8207988620425881,0.7446992465725226,0.9349482852476865,0.9721833421747861
source,0.343,0.8206463612196,0.7446265338054847,0.934676102340773,0.9720780826733222
source,0.34400000000000003,0.8207015573552031,0.7447185273648231,0.934676102340773,0.9720859287643996
source,0.34500000000000003,0.8205616666121898,0.7446668313977433,0.9344039194338596,0.9720319913318214
source,0.34600000000000003,0.8205984705742029,0.7447281713344316,0.9344039194338596,0.9720372220592064
source,0.34700000000000003,0.8206168748290239,0.7447588450924667,0.9344039194338596,0.9720398374228988
source,0.34800000000000003,0.820635280599971,0.7447895213773787,0.9344039194338596,0.9720424527865913
source,0.34900000000000003,0.8204953852232924,0.7447378176875231,0.9341317365269461,0.9719885153540131
source,0.35000000000000003,0.8206226651536723,0.7447684956335474,0.9344039194338596,0.9719911307177056
source,0.35100000000000003,0.8206226651536723,0.7447684956335474,0.9344039194338596,0.9719911307177056
source,0.352,0.8204827667014067,0.7447167868177137,0.9341317365269461,0.9719371932851273
source,0.353,0.8206100476285327,0.7447474664249815,0.9344039194338596,0.9719398086488198
source,0.354,0.8206284569096209,0.7447781485601285,0.9344039194338596,0.9719424240125123
source,0.355,0.8204759331769096,0.7447053976102185,0.9341317365269461,0.9718371645110484
source,0.356,0.8204759331769096,0.7447053976102185,0.9341317365269461,0.9718371645110484
source,0.357,0.8204759331769096,0.7447053976102185,0.9341317365269461,0.9718371645110484
source,0.358,0.8203360254943274,0.7446536734105238,0.9338595536200327,0.9717832270784701
source,0.359,0.8203360254943274,0.7446536734105238,0.9338595536200327,0.9717832270784701
source,0.36,0.8203728485218169,0.7447150451230065,0.9338595536200327,0.9717884578058551
source,0.361,0.8202329372409882,0.7446633149262343,0.9335873707131193,0.9717345203732769
source,0.362,0.8202329372409882,0.7446633149262343,0.9335873707131193,0.9717345203732769
source,0.363,0.8202513505106752,0.7446940037090459,0.9335873707131193,0.9717371357369693
source,0.364,0.8201482662031846,0.7447036518011705,0.9333151878062058,0.9716884290317761
source,0.365,0.8201666835063083,0.7447343473063766,0.9333151878062058,0.9716910443954686
source,0.366,0.8199957171499557,0.7446308586503978,0.9330430048992924,0.9715831695303122
source,0.367,0.8200141349302834,0.744661554950944,0.9330430048992924,0.9715857848940046
source,0.368,0.8197527023874329,0.7445887445887446,0.9324986390854655,0.9714805253925407
source,0.369,0.8197895434583728,0.7446501463736445,0.9324986390854655,0.9714857561199257
source,0.37,0.8198448164589285,0.7447422680412371,0.9324986390854655,0.971493602211003
source,0.371,0.8198632438316376,0.7447729803290857,0.9324986390854655,0.9714962175746955
source,0.372,0.8199185350699694,0.744865132392972,0.9324986390854655,0.971504063665773
source,0.373,0.8200458416862072,0.744895854815426,0.9327708219923789,0.9715066790294654
source,0.374,0.819905906714866,0.7448440851344661,0.9324986390854655,0.9714527415968872
source,0.375,0.819905906714866,0.7448440851344661,0.9324986390854655,0.9714527415968872
source,0.376,0.819905906714866,0.7448440851344661,0.9324986390854655,0.9714527415968872
source,0.377,0.8196260290842514,0.7447405329593269,0.9319542732716385,0.9713448667317308
source,0.378,0.8196628974274673,0.7448019801980198,0.9319542732716385,0.9713500974591158
source,0.379,0.8196628974274673,0.7448019801980198,0.9319542732716385,0.9713500974591158
source,0.38,0.8196628974274673,0.7448019801980198,0.9319542732716385,0.9713500974591158
source,0.381,0.8196628974274673,0.7448019801980198,0.9319542732716385,0.9713500974591158
source,0.382,0.8198086450178355,0.7448634375773578,0.9322264561785519,0.9713553281865007
source,0.383,0.8199359576765182,0.7448941700705533,0.9324986390854655,0.9713579435501932
source,0.384,0.8199543986940971,0.7449249050998515,0.9324986390854655,0.9713605589138856
source,0.385,0.8199543986940971,0.7449249050998515,0.9324986390854655,0.9713605589138856
source,0.386,0.8199543986940971,0.7449249050998515,0.9324986390854655,0.9713605589138856
source,0.387,0.8199543986940971,0.7449249050998515,0.9324986390854655,0.9713605589138856
source,0.388,0.8199543986940971,0.7449249050998515,0.9324986390854655,0.9713605589138856
source,0.389,0.8199417680877639,0.7449038540892962,0.9324986390854655,0.971309236845
source,0.39,0.8199602116280789,0.7449345933231544,0.9324986390854655,0.9713118522086924
source,0.391,0.8199602116280789,0.7449345933231544,0.9324986390854655,0.9713118522086924
source,0.392,0.8198202622337185,0.7448827996038296,0.9322264561785519,0.9712579147761142
source,0.393,0.8196803102743604,0.7448310016095084,0.9319542732716385,0.9712039773435359
source,0.394,0.8196803102743604,0.7448310016095084,0.9319542732716385,0.9712039773435359
source,0.395,0.8196803102743604,0.7448310016095084,0.9319542732716385,0.9712039773435359
source,0.396,0.8197171998365351,0.744892484213133,0.9319542732716385,0.9712092080709209
source,0.397,0.8195772442687231,0.7448406802047218,0.931682090364725,0.9711552706383427
source,0.398,0.8195956908121714,0.7448714244438024,0.931682090364725,0.9711578860020352
source,0.399,0.8196141388784914,0.7449021712210023,0.931682090364725,0.9711605013657276
source,0.4,0.8196510395805005,0.7449636723910174,0.931682090364725,0.9711657320931126
source,0.401,0.819656858275447,0.7449733702159282,0.931682090364725,0.9711170253879193
source,0.402,0.8195168944447266,0.7449215524360033,0.9314099074578116,0.9710630879553412
source,0.403,0.8195353490849455,0.7449523101697015,0.9314099074578116,0.9710657033190336
source,0.404,0.8195353490849455,0.7449523101697015,0.9314099074578116,0.9710657033190336
source,0.405,0.8194138378073106,0.7449312466449188,0.9311377245508982,0.9710143812501479
source,0.406,0.8194507536650837,0.7449927730745406,0.9311377245508982,0.9710196119775328
source,0.40700000000000003,0.8194507536650837,0.7449927730745406,0.9311377245508982,0.9710196119775328
source,0.40800000000000003,0.8191708089885714,0.7448891091562383,0.9305933587370713,0.9709117371123764
source,0.40900000000000003,0.8191892681602837,0.7449198744424254,0.9305933587370713,0.9709143524760688
source,0.41000000000000003,0.8191892681602837,0.7449198744424254,0.9305933587370713,0.9709143524760688
source,0.41100000000000003,0.8191892681602837,0.7449198744424254,0.9305933587370713,0.9709143524760688
source,0.41200000000000003,0.8191892681602837,0.7449198744424254,0.9305933587370713,0.9709143524760688
source,0.41300000000000003,0.8189462329921663,0.7448777263714476,0.9300489929232444,0.9708117083382974
source,0.41400000000000003,0.8189462329921663,0.7448777263714476,0.9300489929232444,0.9708117083382974
source,0.41500000000000004,0.8189831599223343,0.7449392712550608,0.9300489929232444,0.9708169390656824
source,0.41600000000000004,0.8189831599223343,0.7449392712550608,0.9300489929232444,0.9708169390656824
source,0.417,0.8189831599223343,0.7449392712550608,0.9300489929232444,0.9708169390656824
source,0.418,0.8188431759792654,0.7448874199545549,0.929776810016331,0.9707630016331041
source,0.419,0.8188431759792654,0.7448874199545549,0.929776810016331,0.9707630016331041
source,0.42,0.8188431759792654,0.7448874199545549,0.929776810016331,0.9707630016331041
source,0.421,0.8188616412103005,0.7449181953396133,0.929776810016331,0.9707656169967966
source,0.422,0.8188489935710312,0.7448971159408314,0.929776810016331,0.9707142949279108
source,0.423,0.8188674613314363,0.7449278955415065,0.929776810016331,0.9707169102916033
source,0.424,0.8189948037808681,0.7449586776859505,0.9300489929232444,0.9707195256552958
source,0.425,0.8189948037808681,0.7449586776859505,0.9300489929232444,0.9707195256552958
source,0.426,0.8189948037808681,0.7449586776859505,0.9300489929232444,0.9707195256552958
source,0.427,0.8189948037808681,0.7449586776859505,0.9300489929232444,0.9707195256552958
source,0.428,0.8188732828956968,0.7449375981486074,0.929776810016331,0.9706682035864101
source,0.429,0.8188732828956968,0.7449375981486074,0.929776810016331,0.9706682035864101
source,0.43,0.8189102280567886,0.7449991734170937,0.929776810016331,0.970673434313795
source,0.431,0.8187702327408533,0.7449473031618102,0.9295046271094175,0.970619496881217
source,0.432,0.8186671840302079,0.7449570105820105,0.9292324442025041,0.9705707901760237
source,0.433,0.8185271825224527,0.7449051300070274,0.9289602612955906,0.9705168527434455
source,0.434,0.8185271825224527,0.7449051300070274,0.9289602612955906,0.9705168527434455
source,0.435,0.8185456588795427,0.7449359239355107,0.9289602612955906,0.9705194681071379
source,0.436,0.8185456588795427,0.7449359239355107,0.9289602612955906,0.9705194681071379
source,0.437,0.8185456588795427,0.7449359239355107,0.9289602612955906,0.9705194681071379
source,0.438,0.8185641367642984,0.7449667204101037,0.9289602612955906,0.9705220834708304
source,0.439,0.8185641367642984,0.7449667204101037,0.9289602612955906,0.9705220834708304
source,0.44,0.8184426105260998,0.7449456319510481,0.9286880783886772,0.9704707614019445
source,0.441,0.8184299553579517,0.7449245400041348,0.9286880783886772,0.9704194393330589
source,0.442,0.8184299553579517,0.7449245400041348,0.9286880783886772,0.9704194393330589
source,0.443,0.8184484367805454,0.7449553423751242,0.9286880783886772,0.9704220546967514
source,0.444,0.8184484367805454,0.7449553423751242,0.9286880783886772,0.9704220546967514
source,0.445,0.8184669197316028,0.7449861472935533,0.9286880783886772,0.9704246700604438
source,0.446,0.8184669197316028,0.7449861472935533,0.9286880783886772,0.9704246700604438
source,0.447,0.8184854042113141,0.7450169547597386,0.9286880783886772,0.9704272854241363
source,0.448,0.8183327339733416,0.7449439596343935,0.9284158954817637,0.9703220259226724
source,0.449,0.8183697084843049,0.7450055838193324,0.9284158954817637,0.9703272566500574
source,0.45,0.8182296888684577,0.744953673064196,0.9281437125748503,0.9702733192174791
source,0.451,0.8180896666758615,0.7449017580144779,0.9278715296679368,0.970219381784901
source,0.452,0.8179681298846518,0.7448806519670708,0.9275993467610234,0.9701680597160152
source,0.453,0.8178465909977691,0.7448595424268752,0.92732716385411,0.9701167376471294
source,0.454,0.8178465909977691,0.7448595424268752,0.92732716385411,0.9701167376471294
source,0.455,0.8177435415347873,0.7448692485931812,0.9270549809471965,0.9700680309419362
source,0.456,0.8176404935177892,0.74487895716946,0.9267827980402831,0.970019324236743
source,0.457,0.8176404935177892,0.74487895716946,0.9267827980402831,0.970019324236743
source,0.458,0.8176774862235212,0.7449406116790134,0.9267827980402831,0.9700245549641279
source,0.459,0.8177329867657821,0.7450331125827814,0.9267827980402831,0.9700324010552053
source,0.46,0.817648458671331,0.7450736876966385,0.9265106151333696,0.9699863097137045
source,0.461,0.8175084136688893,0.7450217346305112,0.9262384322264562,0.9699323722811264
source,0.462,0.8173683660853562,0.7449697772625652,0.9259662493195427,0.9698784348485481
source,0.463,0.8172283159204113,0.744917815592266,0.9256940664126293,0.9698244974159699
source,0.464,0.8170882631737338,0.7448658496190791,0.9254218835057159,0.9697705599833917
source,0.465,0.8171252751414169,0.7449275362318841,0.9254218835057159,0.9697757907107767
source,0.466,0.8169852187628552,0.7448755642055571,0.9251497005988024,0.9697218532781984
source,0.467,0.8170037265207866,0.7449064104687759,0.9251497005988024,0.9697244686418909
source,0.468,0.8170222358116417,0.7449372592868679,0.9251497005988024,0.9697270840055834
source,0.46900000000000003,0.817059258992886,0.7449989645889419,0.9251497005988024,0.9697323147329684
source,0.47000000000000003,0.8169191979316264,0.744946984758118,0.924877517691889,0.9696783773003901
source,0.47100000000000003,0.8167791342867691,0.7448950006212981,0.9246053347849755,0.9696244398678119
source,0.47200000000000003,0.8167976471274772,0.7449258553558115,0.9246053347849755,0.9696270552315043
source,0.47300000000000003,0.8167976471274772,0.7449258553558115,0.9246053347849755,0.9696270552315043
source,0.47400000000000003,0.8168161615019112,0.744956712646535,0.9246053347849755,0.9696296705951968
source,0.47500000000000003,0.8166448975215965,0.7448527279506194,0.9243331518780621,0.9695217957300404
source,0.47600000000000003,0.8165048250729239,0.7448007291407739,0.9240609689711486,0.9694678582974623
source,0.47700000000000004,0.816401779186415,0.7448104412678682,0.9237887860642352,0.969419151592269
source,0.47800000000000004,0.8164202960615604,0.7448413027264439,0.9237887860642352,0.9694217669559615
source,0.47900000000000004,0.8164202960615604,0.7448413027264439,0.9237887860642352,0.9694217669559615
source,0.48,0.8165662075785142,0.7449030333167578,0.9240609689711486,0.9694269976833464
source,0.481,0.8165847290579387,0.7449339024491319,0.9240609689711486,0.9694296130470389
source,0.482,0.816621776622402,0.7449956483899043,0.9240609689711486,0.9694348437744238
source,0.483,0.8166403027078228,0.745026525198939,0.9240609689711486,0.9694374591381163
source,0.484,0.816695890179133,0.7451191709844559,0.9240609689711486,0.9694453052291938
source,0.485,0.816695890179133,0.7451191709844559,0.9240609689711486,0.9694453052291938
source,0.486,0.8165743379551058,0.7450980392156863,0.9237887860642352,0.969393983160308
source,0.487,0.8164713178798442,0.7451077943615257,0.9235166031573218,0.9693452764551147
source,0.488,0.8163000070917878,0.7450037316527075,0.9232444202504083,0.9692374015899583
source,0.489,0.816318541828239,0.7450346228801261,0.9232444202504083,0.9692400169536508
source,0.49,0.816318541828239,0.7450346228801261,0.9232444202504083,0.9692400169536508
source,0.491,0.816337078101822,0.7450655166694311,0.9232444202504083,0.9692426323173433
source,0.492,0.8163556159127281,0.7450964130209413,0.9232444202504083,0.9692452476810357
source,0.493,0.8163741552611486,0.7451273119349755,0.9232444202504083,0.9692478630447282
source,0.494,0.8163741552611486,0.7451273119349755,0.9232444202504083,0.9692478630447282
source,0.495,0.8162340572979503,0.7450752706009206,0.9229722373434949,0.96919392561215
source,0.496,0.8162340572979503,0.7450752706009206,0.9229722373434949,0.96919392561215
source,0.497,0.816252597658035,0.7451061712010618,0.9229722373434949,0.9691965409758425
source,0.498,0.8161124965786639,0.7450541246733855,0.9227000544365814,0.9691426035432642
source,0.499,0.8161310379504932,0.7450850269597677,0.9227000544365814,0.9691452189069567
source,0.5,0.8161310379504932,0.7450850269597677,0.9227000544365814,0.9691452189069567
source,0.501,0.8159909337543452,0.7450329752374633,0.922427871529668,0.9690912814743785
source,0.502,0.8160651125197702,0.7451566065131716,0.922427871529668,0.9691017429291484
source,0.503,0.8159621011897042,0.7451663762343373,0.9221556886227545,0.9690530362239551
source,0.504,0.8159992049096827,0.7452282157676348,0.9221556886227545,0.9690582669513401
source,0.505,0.816017759079128,0.745259139383377,0.9221556886227545,0.9690608823150326
source,0.506,0.8158776449620773,0.7452070711262346,0.9218835057158411,0.9690069448824543
source,0.507,0.8157619491210807,0.7451956999958494,0.9216113228089275,0.9689069161083754
source,0.508,0.8156403838674928,0.7451745465111452,0.9213391399020141,0.9688555940394896
source,0.509,0.8156589436320385,0.7452054794520548,0.9213391399020141,0.9688582094031821
source,0.51,0.8155373772849217,0.7451843241448024,0.9210669569951007,0.9688068873342963
source,0.511,0.8155246819925932,0.7451631653242549,0.9210669569951007,0.9687555652654106
source,0.512,0.8155246819925932,0.7451631653242549,0.9210669569951007,0.9687555652654106
source,0.513,0.8155246819925932,0.7451631653242549,0.9210669569951007,0.9687555652654106
source,0.514,0.8153904119191384,0.7451208371397725,0.9207947740881872,0.9686529211276391
source,0.515,0.8153777102997267,0.7450996677740864,0.9207947740881872,0.9686015990587535
source,0.516,0.8152375675576875,0.7450475518086299,0.9205225911812738,0.9685476616261752
source,0.517,0.8152747007994605,0.7451094405449185,0.9205225911812738,0.9685528923535602
source,0.518,0.8153118402108273,0.7451713395638629,0.9205225911812738,0.9685581230809452
source,0.519,0.8153118402108273,0.7451713395638629,0.9205225911812738,0.9685581230809452
source,0.52,0.8151902642527092,0.7451501682382752,0.9202504082743603,0.9685068010120594
source,0.521,0.81520883728781,0.7451811232967764,0.9202504082743603,0.9685094163757519
source,0.522,0.8151834273948364,0.7451387734751537,0.9202504082743603,0.9684067722379804
source,0.523,0.8152205821579117,0.7452006980802792,0.9202504082743603,0.9684120029653653
source,0.524,0.8152391618553498,0.7452316642426761,0.9202504082743603,0.9684146183290578
source,0.525,0.8150862947185022,0.7451583409525392,0.9199782253674469,0.968309358827594
source,0.526,0.8148245434473675,0.7450849993765326,0.91943385955362,0.9682040993261299
source,0.527,0.8148431256653252,0.7451159697397954,0.91943385955362,0.9682067146898224
source,0.528,0.8148431256653252,0.7451159697397954,0.91943385955362,0.9682067146898224
source,0.529,0.8145500604043732,0.7449904381807599,0.9188894937397931,0.9680475177557804
source,0.53,0.8145872293934726,0.7450523864959256,0.9188894937397931,0.9680527484831652
source,0.531,0.814605816206158,0.745083364517068,0.9188894937397931,0.9680553638468576
source,0.532,0.8144842231813367,0.7450621647469748,0.9186173108328797,0.9680040417779721
source,0.533,0.8143812184331329,0.7450719454379107,0.9183451279259662,0.9679553350727788
source,0.534,0.8143812184331329,0.7450719454379107,0.9183451279259662,0.9679553350727788
source,0.535,0.8143998103718838,0.7451029320024954,0.9183451279259662,0.9679579504364711
source,0.536,0.8142782151494086,0.7450817285696458,0.9180729450190528,0.9679066283675855
source,0.537,0.8141566178102067,0.7450605216089181,0.9178007621121393,0.9678553062986996
source,0.538,0.8141938103983313,0.7451225092557926,0.9178007621121393,0.9678605370260847
source,0.539,0.8140222899422725,0.7450180971003036,0.9175285792052259,0.9677526621609283
source,0.54,0.8140966894526559,0.7451420962842759,0.9175285792052259,0.9677631236156982
source,0.541,0.8141152932000664,0.74517310252996,0.9175285792052259,0.9677657389793907
source,0.542,0.8141152932000664,0.74517310252996,0.9175285792052259,0.9677657389793907
source,0.543,0.8140123009139315,0.745182903991011,0.9172563962983125,0.9677170322741975
source,0.544,0.8140495181896958,0.7452449327839513,0.9172563962983125,0.9677222630015824
source,0.545,0.8140495181896958,0.7452449327839513,0.9172563962983125,0.9677222630015824
source,0.546,0.8139651460400713,0.7452857678058528,0.916984213391399,0.9676761716600815
source,0.547,0.8137033328694967,0.7452123230641131,0.9164398475775721,0.9675709121586176
source,0.548,0.8136719879922678,0.745160081602065,0.9164398475775721,0.9675169747260394
source,0.549,0.8135503818527745,0.7451388599741849,0.9161676646706587,0.9674656526571537
source,0.55,0.8134101580619271,0.7450866089273817,0.9158954817637452,0.9674117152245754
source,0.551,0.8133071632107459,0.7450964061133553,0.9156232988568318,0.9673630085193822
source,0.552,0.813166933136589,0.7450441445943695,0.9153511159499184,0.967309071086804
source,0.553,0.8130325728839798,0.7450016661112963,0.9150789330430049,0.9672064269490326
source,0.554,0.8130884363707116,0.7450947719225162,0.9150789330430049,0.9672142730401099
source,0.555,0.8130884363707116,0.7450947719225162,0.9150789330430049,0.9672142730401099
source,0.556,0.8130040716639528,0.7451356193491938,0.9148067501360915,0.9671681816986092
source,0.557,0.8130040716639528,0.7451356193491938,0.9148067501360915,0.9671681816986092
source,0.558,0.8130413299973509,0.7451977165715239,0.9148067501360915,0.9671734124259941
source,0.559,0.8130285882904662,0.7451764803933826,0.9148067501360915,0.9671220903571083
source,0.56,0.8130344779989227,0.7451862965741435,0.9148067501360915,0.9670733836519151
source,0.561,0.8125823248345856,0.744977073780742,0.9139902014153511,0.9668576339216022
source,0.562,0.8126009578015401,0.7450081287256659,0.9139902014153511,0.9668602492852947
source,0.5630000000000001,0.8126009578015401,0.7450081287256659,0.9139902014153511,0.9668602492852947
source,0.5640000000000001,0.8121801589849569,0.7448511631785208,0.9131736526946108,0.9666984369875602
source,0.5650000000000001,0.8121801589849569,0.7448511631785208,0.9131736526946108,0.9666984369875602
source,0.5660000000000001,0.8121987919096143,0.7448822180529499,0.9131736526946108,0.9667010523512526
source,0.5670000000000001,0.8121987919096143,0.7448822180529499,0.9131736526946108,0.9667010523512526
source,0.5680000000000001,0.8121987919096143,0.7448822180529499,0.9131736526946108,0.9667010523512526
source,0.5690000000000001,0.8122174263880512,0.7449132755170114,0.9131736526946108,0.9667036677149451
source,0.5700000000000001,0.8122919798434824,0.7450375312760635,0.9131736526946108,0.966714129169715
source,0.5710000000000001,0.8121703468607793,0.7450162649095003,0.9129014697876974,0.9666628071008292
source,0.5720000000000001,0.812035947671309,0.7449737215316592,0.9126292868807839,0.9665601629630578
source,0.5730000000000001,0.8120545929903313,0.745004797063363,0.9126292868807839,0.9665627783267502
source,0.5740000000000001,0.8120604757035026,0.745014601585315,0.9126292868807839,0.966514071621557
source,0.5750000000000001,0.8119574867266117,0.7450244085617724,0.9123571039738705,0.9664653649163637
source,0.5760000000000001,0.8118171946639521,0.7449720437286155,0.912084921066957,0.9664114274837855
source,0.577,0.8118171946639521,0.7449720437286155,0.912084921066957,0.9664114274837855
source,0.578,0.8116454758348738,0.7448673009514272,0.9118127381600436,0.9663035526186291
source,0.579,0.81165135042866,0.7448770919410708,0.9118127381600436,0.9662548459134358
source,0.58,0.8115110468090985,0.7448247078464106,0.9115405552531302,0.9662009084808576
source,0.581,0.8113707405658501,0.7447723193789391,0.9112683723462166,0.9661469710482794
source,0.582,0.8112304316985863,0.7447199265381084,0.9109961894393032,0.9660930336157012
source,0.583,0.8112304316985863,0.7447199265381084,0.9109961894393032,0.9660930336157012
source,0.584,0.8112304316985863,0.7447199265381084,0.9109961894393032,0.9660930336157012
source,0.585,0.8112677360862905,0.7447821005176156,0.9109961894393032,0.9660982643430862
source,0.586,0.81112742352717,0.7447297015236902,0.9107240065323897,0.9660443269105079
source,0.587,0.8111647330767808,0.744791884106375,0.9107240065323897,0.9660495576378929
source,0.588,0.8111833901881061,0.7448229792919171,0.9107240065323897,0.9660521730015854
source,0.589,0.8110302847552138,0.7447492588417054,0.9104518236254763,0.9659469135001214
source,0.59,0.8110489439148639,0.7447803574411224,0.9104518236254763,0.9659495288638139
source,0.591,0.8109272809930127,0.7447590411759792,0.9101796407185628,0.9658982067949282
source,0.592,0.8108242787016553,0.744768825961659,0.9099074578116494,0.9658495000897349
source,0.593,0.8105622794056453,0.7446950710108605,0.9093630919978225,0.965744240588271
source,0.594,0.8105809442221625,0.7447261790383893,0.9093630919978225,0.9657468559519635
source,0.595,0.8105996105981097,0.7447572896649679,0.9093630919978225,0.9657494713156559
source,0.596,0.8106241538209389,0.7447981950363498,0.9093630919978225,0.9657033799741551
source,0.597,0.8105024843116102,0.7447768677920775,0.9090909090909091,0.9656520579052694
source,0.598,0.8103808126633183,0.7447555369828668,0.9088187261839956,0.9656007358363836
source,0.599,0.8103808126633183,0.7447555369828668,0.9088187261839956,0.9656007358363836
source,0.6,0.8103808126633183,0.7447555369828668,0.9088187261839956,0.9656007358363836
source,0.601,0.8103680120382925,0.7447342026078236,0.9088187261839956,0.9655494137674979
source,0.602,0.8101961814669809,0.7446292735935801,0.9085465432770822,0.9654415389023414
source,0.603,0.8102708871879336,0.744753783128501,0.9085465432770822,0.9654520003571114
source,0.604,0.8102394023950685,0.7447013084737261,0.9085465432770822,0.9653980629245331
source,0.605,0.810258082193776,0.7447324414715719,0.9085465432770822,0.9654006782882256
source,0.606,0.810258082193776,0.7447324414715719,0.9085465432770822,0.9654006782882256
source,0.607,0.8100862304763559,0.7446274772138138,0.9082743603701687,0.9652928034230692
source,0.608,0.8099645438402946,0.7446061214249875,0.9080021774632553,0.9652414813541835
source,0.609,0.8099832251563245,0.7446372569517039,0.9080021774632553,0.965244096717876
source,0.61,0.8099832251563245,0.7446372569517039,0.9080021774632553,0.965244096717876
source,0.611,0.8098428550609744,0.7445847620640629,0.9077299945563418,0.9651901592852978
source,0.612,0.8098300373006231,0.7445633991301438,0.9077299945563418,0.965138837216412
source,0.613,0.809676838324082,0.7444895227738509,0.9074578116494284,0.9650335777149481
source,0.614,0.8096453297793966,0.7444370085327088,0.9074578116494284,0.9649796402823699
source,0.615,0.8096640131024869,0.7444681474045259,0.9074578116494284,0.9649822556460623
source,0.616,0.8096511857348602,0.7444467684584813,0.9074578116494284,0.9649309335771766
source,0.617,0.8093890918310191,0.7443728558279642,0.9069134458356015,0.9648256740757126
source,0.618,0.8094077782338264,0.7444039998326429,0.9069134458356015,0.9648282894394051
source,0.619,0.8091643621421993,0.7443612168891492,0.9063690800217746,0.9647256453016337
source,0.62,0.8091830521627106,0.7443923669233345,0.9063690800217746,0.9647282606653262
source,0.621,0.8091830521627106,0.7443923669233345,0.9063690800217746,0.9647282606653262
source,0.622,0.8090426508735653,0.7443398200460347,0.9060968971148612,0.9646743232327479
source,0.623,0.8090426508735653,0.7443398200460347,0.9060968971148612,0.9646743232327479
source,0.624,0.8090613419211935,0.7443709717920817,0.9060968971148612,0.9646769385964404
source,0.625,0.8090298106184302,0.7443184196208095,0.9060968971148612,0.9646230011638622
source,0.626,0.8088050714621418,0.7443067649028802,0.9055525313010343,0.9645229723897832
source,0.627,0.8086833526206476,0.7442853554383321,0.9052803483941209,0.9644716503208974
source,0.628,0.8087207476309695,0.7443476804555351,0.9052803483941209,0.9644768810482824
source,0.629,0.8085803293779001,0.7442951053050287,0.9050081654872074,0.9644229436157042
source,0.63,0.8085990286938362,0.7443262708315886,0.9050081654872074,0.9644255589793967
source,0.631,0.8083181831859352,0.7442211055276382,0.9044637996733805,0.9643176841142403
source,0.632,0.8083053288985842,0.7441996817153865,0.9044637996733805,0.9642663620453545
source,0.633,0.8083053288985842,0.7441996817153865,0.9044637996733805,0.9642663620453545
source,0.634,0.8083240297324004,0.7442308497717468,0.9044637996733805,0.964268977409047
source,0.635,0.808342732132713,0.7442620204389345,0.9044637996733805,0.9642715927727394
source,0.636,0.808311174319614,0.7442094240837696,0.9044637996733805,0.9642176553401614
source,0.637,0.8081707407000525,0.7441568233224428,0.9041916167664671,0.964163717907583
source,0.638,0.8080864161914963,0.7441977377461249,0.9039194338595536,0.9641176265660824
source,0.639,0.8081425420526411,0.7442912808480329,0.9039194338595536,0.9641254726571598
source,0.64,0.8081612538086334,0.7443224671080197,0.9039194338595536,0.9641280880208523
source,0.641,0.8081799671327592,0.7443536559815629,0.9039194338595536,0.9641307033845448
source,0.642,0.8081483970771772,0.7443010392222595,0.9039194338595536,0.9640767659519665
source,0.643,0.8078359247079181,0.7441431624827124,0.9033750680457268,0.9639149536542319
source,0.644,0.8077890475788958,0.7442464892056173,0.9031028851388133,0.963874093040116
source,0.645,0.8076860290061257,0.7442562468556096,0.9028307022318999,0.9638253863349228
source,0.646,0.8077106103124179,0.7442972156994299,0.9028307022318999,0.9637792949934221
source,0.647,0.8077293371262485,0.7443284270558143,0.9028307022318999,0.9637819103571145
source,0.648,0.8073828426125176,0.744295302013423,0.9020141535111595,0.9636305595141497
source,0.649,0.8074203102844034,0.7443577481332326,0.9020141535111595,0.9636357902415347
source,0.65,0.807439046478089,0.7443889751227084,0.9020141535111595,0.9636384056052272
source,0.651,0.8072985670636484,0.7443362980365833,0.9017419706042461,0.9635844681726489
source,0.652,0.8074261774522926,0.7443675267463814,0.9020141535111595,0.9635870835363414
source,0.653,0.8074636566211801,0.7444299920278605,0.9020141535111595,0.9635923142637264
source,0.654,0.8074823985645847,0.7444612286002015,0.9020141535111595,0.9635949296274189
source,0.655,0.8073794018637557,0.7444710227034286,0.9017419706042461,0.9635462229222256
source,0.656,0.8074168956828367,0.7445335124018969,0.9017419706042461,0.9635514536496106
source,0.657,0.8072822860649549,0.7444906183100365,0.9014697876973327,0.963448809511839
source,0.658,0.8071417906358387,0.744437914532785,0.9011976047904192,0.9633948720792609
source,0.659,0.8071417906358387,0.744437914532785,0.9011976047904192,0.9633948720792609
source,0.66,0.8071605414334004,0.7444691658620545,0.9011976047904192,0.9633974874429534
source,0.661,0.8070200428088179,0.744416456759026,0.9009254218835057,0.9633435500103751
source,0.662,0.8068795415287535,0.7443637432301943,0.9006532389765922,0.963289612577797
source,0.663,0.8067390375928728,0.7443110252750021,0.9003810560696788,0.9632356751452187
source,0.664,0.8067952945672795,0.7444047868990132,0.9003810560696788,0.9632435212362962
source,0.665,0.806692297795259,0.744414580883588,0.9001088731627653,0.9631948145311029
source,0.666,0.8066606590043024,0.7443618495653269,0.9001088731627653,0.9631408770985246
source,0.667,0.8063983835847366,0.744287634408602,0.8995645073489384,0.9630356175970607
source,0.668,0.806435901234123,0.744350163824246,0.8995645073489384,0.9630408483244457
source,0.669,0.806510955447768,0.744475254180321,0.8995645073489384,0.9630513097792155
source,0.67,0.806567262664774,0.7445690995419977,0.8995645073489384,0.963059155870293
source,0.671,0.8063049804667931,0.7444948730879141,0.8990201415351116,0.9629538963688291
source,0.672,0.8063049804667931,0.7444948730879141,0.8990201415351116,0.9629538963688291
source,0.673,0.8062733224261901,0.744442109686909,0.8990201415351116,0.9628999589362508
source,0.674,0.8062979813755091,0.744483207935774,0.8990201415351116,0.96285386759475
source,0.675,0.8063543152318351,0.7445770976963175,0.8990201415351116,0.9628617136858275
source,0.676,0.8063730963416269,0.7446083995459704,0.8990201415351116,0.96286432904952
source,0.677,0.8062701218972934,0.7446182307433569,0.8987479586281981,0.9628156223443267
source,0.678,0.8061166884895988,0.744543963668475,0.8984757757212847,0.9627103628428628
source,0.679,0.8061225838186679,0.7445537892169233,0.8984757757212847,0.9626616561376695
source,0.68,0.8061413722391384,0.744585103251041,0.8984757757212847,0.962664271501362
source,0.681,0.8061413722391384,0.744585103251041,0.8984757757212847,0.962664271501362
source,0.682,0.8061601622400616,0.7446164199192463,0.8984757757212847,0.9626668868650545
source,0.683,0.8061977469840637,0.7446790611592496,0.8984757757212847,0.9626721175924394
source,0.684,0.8060759853337243,0.7446575803466262,0.8982035928143712,0.9626207955235536
source,0.685,0.8059354262742027,0.7446047705186992,0.8979314099074578,0.9625668580909754
source,0.686,0.8059225324092787,0.744583280743826,0.8979314099074578,0.9625155360220897
source,0.687,0.8059413286886647,0.7446146078761361,0.8979314099074578,0.9625181513857821
source,0.6880000000000001,0.805819560530084,0.7445931162164436,0.8976592270005443,0.9624668293168965
source,0.6890000000000001,0.8058254633036895,0.7446029541724529,0.8976592270005443,0.9624181226117032
source,0.6900000000000001,0.8057996645364862,0.744559956227114,0.8976592270005443,0.9623154784739317
source,0.6910000000000001,0.8058372733232636,0.7446226375384097,0.8976592270005443,0.9623207092013166
source,0.6920000000000001,0.8058619899624289,0.7446638319370185,0.8976592270005443,0.9622746178598158
source,0.6930000000000001,0.8057402161469889,0.7446423308492275,0.8973870440936309,0.9622232957909302
source,0.6940000000000001,0.8057590281637682,0.7446736842105264,0.8973870440936309,0.9622259111546226
source,0.6950000000000001,0.8055342917793884,0.7446620341124447,0.896842678279804,0.9621258823805436
source,0.6960000000000001,0.8052590048515973,0.7445661331086774,0.8962983124659771,0.9619693008101939
source,0.6970000000000001,0.8052778236594607,0.7445974977884495,0.8962983124659771,0.9619719161738864
source,0.6980000000000001,0.804856001756942,0.7444388270980788,0.8954817637452368,0.9618101038761517
source,0.6990000000000001,0.8046124107147854,0.744395752570369,0.8949373979314099,0.9617074597383803
source,0.7000000000000001,0.8046500539892518,0.7444584913611463,0.8949373979314099,0.9617126904657654
source,0.7010000000000001,0.8046500539892518,0.7444584913611463,0.8949373979314099,0.9617126904657654
source,0.7020000000000001,0.804706530799824,0.7445526193787668,0.8949373979314099,0.9617205365568426
source,0.7030000000000001,0.8046035670416651,0.7445624683864441,0.8946652150244965,0.9616718298516495
source,0.704,0.8042905554424569,0.7444036929303149,0.8941208492106696,0.9615100175539149
source,0.705,0.8041687510613229,0.7443821408997007,0.8938486663037561,0.961458695485029
source,0.706,0.8042064142804939,0.7444449129316523,0.8938486663037561,0.961463926212414
source,0.707,0.8039687045907418,0.7444116406579502,0.8933043004899293,0.9613125753694494
source,0.708,0.8040063836007296,0.7444744390079299,0.8933043004899293,0.9613178060968344
source,0.709,0.8039034186425715,0.7444842860156086,0.8930321175830158,0.9612690993916411
source,0.71,0.803781609612752,0.7444627262371851,0.8927599346761024,0.9612177773227553
source,0.711,0.803678645011473,0.7444725738396625,0.8924877517691889,0.961169070617562
source,0.712,0.8035379850030308,0.7444195957635342,0.8922155688622755,0.9611151331849839
source,0.713,0.8033132014017041,0.7444078669705411,0.8916712030484486,0.9610151044109048
source,0.714,0.8033132014017041,0.7444078669705411,0.8916712030484486,0.9610151044109048
source,0.715,0.8033379620129633,0.744449134655973,0.8916712030484486,0.960969013069404
source,0.716,0.8033568175780269,0.7444805605977458,0.8916712030484486,0.9609716284330965
source,0.717,0.8032538578244095,0.744490416279659,0.8913990201415352,0.9609229217279032
source,0.718,0.8030872789587108,0.7443942401081035,0.8911268372346217,0.9607663401575536
source,0.719,0.8031250032328834,0.7444571138983911,0.8911268372346217,0.9607715708849385
source,0.72,0.803003178620892,0.7444355281496812,0.8908546543277083,0.9607202488160529
source,0.721,0.803027959817511,0.744476830144046,0.8908546543277083,0.960674157474552
source,0.722,0.8029816259114538,0.7445810622385599,0.8905824714207947,0.9606332968604361
source,0.723,0.8028975591785316,0.7446224062882983,0.8903102885138813,0.9605872055189354
source,0.724,0.8027946167144693,0.7446322907861369,0.8900381056069678,0.9605384988137422
source,0.725,0.8028005489173443,0.7446421777909287,0.8900381056069678,0.9604897921085489
source,0.726,0.8029471972064404,0.744705136334813,0.8903102885138813,0.9604950228359339
source,0.727,0.8027805699383475,0.7446088794926005,0.8900381056069678,0.9603384412655842
source,0.728,0.8026776297050481,0.7446187677083772,0.8897659227000544,0.9602897345603909
source,0.729,0.8027154196192479,0.7446817508987101,0.8897659227000544,0.9602949652877759
source,0.73,0.8027343169737791,0.7447132464895956,0.8897659227000544,0.9602975806514683
source,0.731,0.8024776912035985,0.744648447415179,0.8892215568862275,0.960143614444811
source,0.732,0.8024458254451878,0.744595337817828,0.8892215568862275,0.9600896770122329
source,0.733,0.8024836301587643,0.744658345673789,0.8892215568862275,0.9600949077396178
source,0.734,0.8023428874439724,0.7446052297537447,0.8889493739793141,0.9600409703070396
source,0.735,0.8022269812154514,0.7445935079774852,0.8886771910724006,0.9599409415329607
source,0.736,0.8018614393476403,0.7445286373449603,0.8878606423516603,0.9597869753263034
source,0.737,0.8019241189045038,0.7446331032730661,0.8878606423516603,0.9597461147121876
source,0.738,0.801892224420339,0.7445799457994581,0.8878606423516603,0.9596921772796094
source,0.739,0.801930061971578,0.7446430083848564,0.8878606423516603,0.9596974080069944
source,0.74,0.8017763096175498,0.7445682097327516,0.8875884594447468,0.9595921485055303
source,0.741,0.8018141545856415,0.7446312846795713,0.8875884594447468,0.9595973792329153
source,0.742,0.8017112263653663,0.744641192917055,0.8873162765378334,0.959548672527722
source,0.743,0.8017490830604814,0.7447042874089136,0.8873162765378334,0.959553903255107
source,0.744,0.801773968242252,0.7447457627118644,0.8873162765378334,0.9595078119136062
source,0.745,0.8016521149504612,0.7447241291634886,0.88704409363092,0.9594564898447205
source,0.746,0.8014462797331445,0.7447439810105121,0.8864997278170931,0.959359076434334
source,0.747,0.8014652211255655,0.7447755499978805,0.8864997278170931,0.9593616917980266
source,0.748,0.8011185904987853,0.744742198100407,0.8856831790963527,0.9592103409550617
source,0.749,0.801092610060933,0.7446988973706531,0.8856831790963527,0.9591076968172902
source,0.75,0.8010086468639671,0.744740413980319,0.8854109961894393,0.9590616054757894
source,0.751,0.8007010008986539,0.7445905812473483,0.8848666303756124,0.9588510864728617
source,0.752,0.8004501825107632,0.744535461143415,0.8843222645617855,0.9586484135610112
source,0.753,0.8001874478088873,0.744460480516173,0.8837778987479586,0.9585431540595473
source,0.754,0.8000845194079529,0.744470388452558,0.8835057158410452,0.958494447354354
source,0.755,0.8000904656842442,0.7444802989130435,0.8835057158410452,0.9584457406491607
source,0.756,0.799392069350318,0.7442235813795447,0.882144801306478,0.9581273467810764
source,0.757,0.7991352035113608,0.7441583821905006,0.8816004354926511,0.9579733805744193
source,0.758,0.7991731449652454,0.744221617946975,0.8816004354926511,0.9579786113018042
source,0.759,0.7990512296482153,0.7441998810232004,0.8813282525857377,0.9579272892329185
source,0.76,0.7988453466162787,0.7442196531791906,0.8807838867719108,0.9578298758225319
source,0.761,0.7988702627516142,0.7442611800714164,0.8807838867719108,0.9577837844810311
source,0.762,0.7988631529059667,0.7442493303286706,0.8807838867719108,0.9576837557069522
source,0.763,0.7987222425630922,0.7441959350284888,0.8805117038649973,0.9576298182743739
source,0.764,0.7987412295750842,0.7442275800484756,0.8805117038649973,0.9576324336380664
source,0.765,0.7984653292320367,0.7441306566859476,0.8799673380511703,0.9574758520677167
source,0.766,0.7983303336248289,0.7440871192785434,0.8796951551442569,0.9573732079299453
source,0.767,0.7983683198642203,0.7441504296775292,0.8796951551442569,0.9573784386573302
source,0.768,0.7983742540331953,0.7441603199591541,0.8796951551442569,0.9573297319521369
source,0.769,0.7983742540331953,0.7441603199591541,0.8796951551442569,0.9573297319521369
source,0.77,0.7982523172724533,0.7441385472958598,0.8794229722373434,0.9572784098832512
source,0.771,0.7981173102421095,0.7440949908498957,0.87915078933043,0.9571757657454797
source,0.772,0.7979953668086064,0.744073207065333,0.8788786064235166,0.957124443676594
source,0.773,0.7979304365841636,0.7441464452958706,0.8786064235166031,0.9570809676987857
source,0.774,0.798044511154214,0.7443365695792881,0.8786064235166031,0.9570966598809405
source,0.775,0.7978904868405285,0.7442613176610877,0.8783342406096897,0.9569914003794766
source,0.776,0.7977495249550457,0.7442078364565587,0.8780620577027762,0.9569374629468983
source,0.777,0.7978065839534537,0.7443029347872386,0.8780620577027762,0.9569453090379758
source,0.778,0.7975817188823691,0.7442910702113157,0.8775176918889493,0.9568452802638968
source,0.779,0.7973568507777713,0.7442792005795372,0.8769733260751225,0.9567452514898178
source,0.78,0.7970748868959097,0.7441721713189857,0.8764289602612956,0.9566373766246614
source,0.781,0.7970748868959097,0.7441721713189857,0.8764289602612956,0.9566373766246614
source,0.782,0.7966067021156893,0.7439362291657787,0.8756124115405552,0.9563703048254628
source,0.783,0.7963496503889305,0.7438707201637317,0.8750680457267284,0.9562163386188056
source,0.784,0.7963936461310189,0.7439440464005459,0.8750680457267284,0.9561728626409973
source,0.785,0.796277599489569,0.7439320906027385,0.8747958628198149,0.9560728338669183
source,0.786,0.7961556176074114,0.7439102427370846,0.8745236799129015,0.9560215117980326
source,0.787,0.7958282847794147,0.7437275985663081,0.8739793140990746,0.9558083774314122
source,0.788,0.7956414256413005,0.7437790772120022,0.8734349482852477,0.9557135793847182
source,0.789,0.7953783793217024,0.7437035772218902,0.8728905824714208,0.9556083198832542
source,0.79,0.7950962735482834,0.7435963114754097,0.8723462166575939,0.9555004450180978
source,0.791,0.7948713018473921,0.743584269183142,0.871801850843767,0.9554004162440188
source,0.792,0.7946272733201118,0.7435404655135596,0.8712574850299402,0.9552977721062473
source,0.793,0.794312925800233,0.7433794635229797,0.8707131192161133,0.9551359598085127
source,0.794,0.7938824019120443,0.7432062895231585,0.869896570495373,0.9548741187366991
source,0.795,0.7936060897874866,0.7431086798581136,0.869352204681546,0.9547175371663494
source,0.796,0.7935280415415904,0.7431600547195623,0.8690800217746325,0.9546227391196553
source,0.797,0.7932839391416336,0.7431161279288523,0.8685356559608056,0.954520094981884
source,0.798,0.7926355082043703,0.7429426860564584,0.8671747414262384,0.9542582539100704
source,0.799,0.7925897219616789,0.743047830923248,0.866902558519325,0.9542173932959545
source,0.8,0.792063291797408,0.7428962684012325,0.8658138268916712,0.9540068742930266
source,0.801,0.7919470860491529,0.7428840474254164,0.8655416439847577,0.9539068455189477
source,0.802,0.7918117957329913,0.7428400188364227,0.8652694610778443,0.953804201381176
source,0.803,0.7917337519672418,0.7428914011647826,0.8649972781709309,0.9537094033344821
source,0.804,0.791720538677366,0.7428693790149894,0.8649972781709309,0.9536580812655964
source,0.805,0.7916234171323375,0.742888965044551,0.8647250952640174,0.9535606678552098
source,0.806,0.7916807068858649,0.7429844479670966,0.8647250952640174,0.9535685139462873
source,0.807,0.7915321827272856,0.7429183629740733,0.864452912357104,0.9534145477396301
source,0.808,0.7915056251134096,0.7430555555555556,0.8641807294501905,0.9533763024892067
source,0.809,0.7913894272782893,0.7430433477682974,0.8639085465432771,0.9532762737151277
source,0.81,0.7912349914236706,0.7429674099485419,0.8636363636363636,0.9531710142136638
source,0.811,0.7910996609690832,0.742923314462172,0.8633641807294502,0.9530683700758922
source,0.812,0.7910923155074293,0.7429110720260821,0.8633641807294502,0.9529683413018133
source,0.8130000000000001,0.7908539815790196,0.7428767593546172,0.8628198149156233,0.9528169904588486
source,0.8140000000000001,0.7906671440567378,0.7429282740266987,0.8622754491017964,0.9527221924121545
source,0.8150000000000001,0.7905126484544278,0.7428522366274577,0.862003266194883,0.9526169329106906
source,0.8160000000000001,0.7904155525182108,0.7428718653383717,0.8617310832879695,0.952519519500304
source,0.8170000000000001,0.7902610349215871,0.7427957912819411,0.8614589003810561,0.9524142599988401
source,0.8180000000000001,0.7901580475256934,0.7428056008933939,0.8611867174741427,0.9523655532936468
source,0.8190000000000001,0.7900226571983153,0.7427614056190394,0.8609145345672292,0.9522629091558754
source,0.8200000000000001,0.7898931402258125,0.7427269992694769,0.8606423516603158,0.9521115583129107
source,0.8210000000000001,0.7897518491945281,0.742672969488612,0.8603701687534023,0.9520576208803324
source,0.8220000000000001,0.7895193151569135,0.7426483233018056,0.8598258029395754,0.9518575633321744
source,0.8230000000000001,0.788740394453538,0.7422573984858913,0.8584648884050081,0.951379972530048
source,0.8240000000000001,0.7883930134263081,0.7422227959210016,0.8576483396842678,0.9512286216870833
source,0.8250000000000001,0.7879042633147559,0.7421340334868507,0.856559608056614,0.9510233334115403
source,0.8260000000000001,0.787812937679584,0.742163279366173,0.8562874251497006,0.9508772132959605
source,0.8270000000000001,0.7877408087089526,0.7422245196863961,0.8560152422427871,0.9507337085440732
source,0.8280000000000001,0.7874372193498647,0.7420814479638008,0.8554708764289602,0.9504744828359522
source,0.8290000000000001,0.7874109715031372,0.7422191568238641,0.8551986935220468,0.9504362375855288
source,0.8300000000000001,0.7875261831694258,0.7424111762676785,0.8551986935220468,0.9504519297676836
source,0.8310000000000001,0.7869530474329934,0.7421817711253936,0.854109961894393,0.9501361512632918
source,0.8320000000000001,0.7868233407976153,0.742147048671039,0.8538377789874796,0.9499848004203271
source,0.833,0.7864224293287501,0.7420232287034239,0.8530212302667393,0.9496281613018194
source,0.834,0.7859334538243985,0.7419340906146072,0.8519324986390855,0.9494228730262764
source,0.835,0.7853733661323183,0.7417264322129093,0.8508437670114317,0.9491584165907703
source,0.836,0.7850065657951011,0.7416594641313743,0.8500272182906914,0.9490044503841131
source,0.837,0.784639744615393,0.7415924613123541,0.8492106695699511,0.9488504841774559
source,0.838,0.7839880722710961,0.7414136170949044,0.8478497550353837,0.9484399076263701
source,0.839,0.7836781266128179,0.7412599515403253,0.8473053892215568,0.9482293886234422
source,0.84,0.7835320786256735,0.741016538228418,0.8473053892215568,0.9478135813449713
source,0.841,0.7835320786256735,0.741016538228418,0.8473053892215568,0.9478135813449713
source,0.842,0.7831843370318194,0.7409813347191547,0.8464888405008165,0.9476622305020066
source,0.843,0.7830359650762516,0.7410969586690929,0.8459444746869896,0.9475726631826975
source,0.844,0.7829521648271185,0.74113874685848,0.8456722917800762,0.9475265718411967
source,0.845,0.7830543523427197,0.741309059384482,0.8456722917800762,0.9474909419544659
source,0.846,0.7829378454135616,0.7412963364404943,0.8454001088731627,0.9473909131803868
source,0.847,0.7822355328770438,0.741033091902676,0.8440391943385955,0.9470725193123025
source,0.848,0.7819252838024284,0.7408789206542016,0.8434948285247686,0.9468620003093746
source,0.849,0.781963856178878,0.740943207948284,0.8434948285247686,0.9468672310367596
source,0.85,0.7813713188732747,0.740862922128657,0.8421339139902014,0.9466132360560234
source,0.851,0.7811246579746236,0.7408147311734562,0.8415895481763745,0.9463618564389797
source,0.852,0.781122742547985,0.7408115387957251,0.8415895481763745,0.9462131209597074
source,0.853,0.7809076501495054,0.7406345067362017,0.8413173652694611,0.9459512798878938
source,0.854,0.7801152618462046,0.7404025911916873,0.8396842678279804,0.945635501383502
source,0.855,0.7796687004479068,0.7402026880083511,0.8388677191072401,0.9453223382428027
source,0.856,0.7787523527780387,0.739764173519558,0.8372346216657593,0.9448908387821771
source,0.857,0.7780877843368281,0.7395638358072519,0.8358737071311921,0.9445776756414777
source,0.858,0.777409489670504,0.7393406210530901,0.8345127925966249,0.9442131904318926
source,0.859,0.7772517994314401,0.7392592592592593,0.8342406096897115,0.9439591954511564
source,0.86,0.7765152885498308,0.7389390174796218,0.8328796951551443,0.9435868641504939
source,0.861,0.7757447123838948,0.7387434554973821,0.8312465977136636,0.943076258825329
source,0.862,0.7752118729299207,0.7383997555545855,0.8304300489929233,0.9426526054557807
source,0.863,0.7749723502954793,0.7383634617064011,0.8298856831790964,0.942501254612816
source,0.864,0.7745715279916849,0.7382397903472374,0.8290691344583561,0.9422933509735806
source,0.865,0.7743319626832573,0.7382034253757428,0.8285247686445292,0.9421420001306159
source,0.866,0.7736058905269472,0.7379005814716041,0.8271638541099618,0.9416722554195668
source,0.867,0.7731265798997871,0.7378275515114396,0.8260751224823081,0.9413695537336373
source,0.868,0.7724414818661862,0.7375929978118163,0.8247142079477409,0.9410537752292456
source,0.869,0.7723180222413135,0.7377501423129131,0.824169842133914,0.9409181165684356
source,0.87,0.7718523784850889,0.7376998904709747,0.8230811105062602,0.9406667369513919
source,0.871,0.7710581673577492,0.7374649368863956,0.8214480130647795,0.940350958447
source,0.872,0.7705591842233177,0.7373591194141123,0.8203592814371258,0.9400456413973781
source,0.873,0.7698126953063742,0.7370222475755847,0.8189983669025586,0.9395732813226367
source,0.874,0.7696892927431851,0.7371794871794872,0.8184540010887317,0.9394376226618268
source,0.875,0.7686831198658309,0.7367727192828265,0.8165487207403375,0.938811296380428
source,0.876,0.7682592745769006,0.7366106762817696,0.8157321720195971,0.938452041898228
source,0.877,0.7675592460321536,0.7363512383969029,0.8143712574850299,0.9380849413249503
source,0.878,0.7672741592342132,0.7364204595474954,0.8135547087642896,0.9378927298678699
source,0.879,0.7663982415341886,0.736049328341775,0.8119216113228089,0.9374177544294358
source,0.88,0.7662025088324211,0.7360860177147137,0.811377245508982,0.9372229276086628
source,0.881,0.7652088522163851,0.7357001102535831,0.809471965160588,0.9366479233961498
source,0.882,0.7646359088606856,0.7356524810171287,0.8081110506260207,0.9361991015946406
source,0.883,0.7639573374933397,0.7352473498233215,0.8070223189983668,0.9357215107925141
source,0.884,0.7635210411549074,0.7352460103443702,0.8059335873707131,0.9353753331287764
source,0.885,0.762721788610164,0.7350026543974517,0.8043004899292324,0.9349108191451123
source,0.886,0.7622939994693699,0.7350154935812307,0.8032117583015786,0.9346646702554535
source,0.887,0.7618325993738888,0.7349723145071982,0.8021230266739249,0.9343645839332164
source,0.888,0.7610524685675621,0.7347608281243073,0.8004899292324442,0.9339026853132449
source,0.889,0.7603779930158314,0.7343625232898588,0.7994011976047904,0.9333763878059251
source,0.89,0.7600447092384287,0.7343514161413477,0.7985846488840501,0.9330789168473808
source,0.891,0.7596167037895523,0.7343638948116561,0.7974959172563963,0.932832767957722
source,0.892,0.7588718717266512,0.7340297843965325,0.796135002721829,0.9323117011777871
source,0.893,0.7584958237309922,0.7339474035509279,0.7953184540010887,0.9318602640125855
source,0.894,0.7576631761072499,0.7334669338677355,0.7939575394665215,0.9312287070038018
source,0.895,0.7566907382658932,0.7331163910310703,0.7920522591181274,0.930607611449788
source,0.896,0.7561498143494206,0.733122127526661,0.7906913445835602,0.930212727080857
source,0.897,0.7549231166859829,0.7323478183198607,0.7887860642351661,0.9293601896143755
source,0.898,0.7541119355216228,0.7320845813402477,0.7871529667936854,0.9287956468566325
source,0.899,0.7525949821149998,0.7315523336465746,0.7841589548176374,0.9280614457100773
source,0.9,0.7520493003114646,0.7313686850591186,0.7830702231899836,0.9276021624537982
source,0.901,0.7514403728085761,0.7310796269727402,0.7819814915623299,0.9269862976271694
source,0.902,0.7500949585508785,0.7306518225893338,0.7792596624931954,0.9262112358664985
source,0.903,0.7491099252120605,0.7300988319856244,0.7776265650517148,0.9255744481303299
source,0.904,0.7483949582220724,0.7299959519632978,0.775993467610234,0.9250229821910492
source,0.905,0.7465043269175963,0.7293852735870299,0.7721829069134458,0.9241348148378368
source,0.906,0.7456352808924409,0.7292070504440337,0.7702776265650517,0.9236268248763644
source,0.907,0.7446678281278276,0.7288648160686075,0.7683723462166576,0.9229083159119642
source,0.908,0.7439764805623218,0.7288013017537517,0.766739248775177,0.9223107586311827
source,0.909,0.7425481443530052,0.7282352941176471,0.7640174197060424,0.9215252354157417
source,0.91,0.7410992934636231,0.7276350953480999,0.761295590636908,0.9207370968366084
source,0.911,0.7401444965248201,0.7273139540156909,0.7593903102885139,0.9200699099410938
source,0.912,0.738976429123408,0.7270002724548179,0.7569406641262929,0.9193540163403862
source,0.913,0.737604545398859,0.7263468970220505,0.7544910179640718,0.9184632336234813
source,0.914,0.7361179280782697,0.7258652094717669,0.7514970059880239,0.9175368210198456
source,0.915,0.7353195890374349,0.7256233760313625,0.7498639085465433,0.916974893625795
source,0.916,0.7336733164102068,0.7250570515746234,0.746597713663582,0.9161406637051609
source,0.917,0.7322542977888774,0.7246880285231064,0.743603701687534,0.9153221259666816
source,0.918,0.7311498113214978,0.7241174046430698,0.7416984213391399,0.9142904538615819
source,0.919,0.7292515449325453,0.7233125458547321,0.7381600435492651,0.913240474210635
source,0.92,0.7277900660250713,0.7228727556596408,0.7351660315732172,0.9124167057447707
source,0.921,0.7255335973607313,0.7223781694353688,0.7302667392487752,0.9112928509566696
source,0.922,0.7250200929162376,0.722429605050924,0.728905824714208,0.9107544618358512
source,0.923,0.7230483520760901,0.7216837441152036,0.7250952640174197,0.9097097129122893
source,0.924,0.7218148995718412,0.7210796321116606,0.7229178007621121,0.9088241609227694
source,0.925,0.7202094989390133,0.7205814276455884,0.7196516058791508,0.9078977483191337
source,0.926,0.7181805377667516,0.7197401994896776,0.7158410451823626,0.9065502977096422
source,0.927,0.7165171430181787,0.7193267934353061,0.7123026673924877,0.9054829957178117
source,0.928,0.7144770645482429,0.7182855811786629,0.708764289602613,0.9040711462209721
source,0.929,0.7121680780409825,0.717340554673639,0.7044093630919979,0.90266714281521
source,0.93,0.7093053746005294,0.7160170324271208,0.6992378878606423,0.9010369282243651
source,0.931,0.7082914407153775,0.715960240060015,0.6967882416984214,0.9002445441228106
source,0.932,0.7056008301489152,0.7147420839988725,0.6918889493739793,0.8987709111023154
source,0.933,0.7030242482533755,0.7138954309938766,0.6867174741426239,0.897277340377244
source,0.934,0.7015184716548069,0.7133818113136274,0.683723462166576,0.8960560721787564
source,0.935,0.6993772262412193,0.7125348980267827,0.6796407185628742,0.8947599436381507
source,0.936,0.6968666985181324,0.7116168800379326,0.6747414262384323,0.8934585843701599
source,0.937,0.6937015700598905,0.7103336819089267,0.6687534022863364,0.8917848938015068
source,0.9380000000000001,0.6916544269950664,0.709643605870021,0.6646706586826348,0.8905018420793634
source,0.9390000000000001,0.6892453192575219,0.7088946211904079,0.6597713663581927,0.8891161462194486
source,0.9400000000000001,0.6850781716976881,0.7073930333956207,0.6516058791507894,0.8871319078737885
source,0.9410000000000001,0.6804542984439431,0.7049487808397056,0.6437125748502994,0.8843386080394553
source,0.9420000000000001,0.6761511525035707,0.7030390738060782,0.6358192705498095,0.8821281585087125
source,0.9430000000000001,0.6738411605341896,0.7022738268021287,0.6311921611322809,0.8806450492384111
source,0.9440000000000001,0.6709024562691828,0.7013680023285146,0.6252041371801851,0.8791514785133399
source,0.9450000000000001,0.6679046749322086,0.7005451713395638,0.6189439303211758,0.8774683116948806
source,0.9460000000000001,0.6647750763240641,0.6993211896273868,0.61295590636908,0.8756076403965318
source,0.9470000000000001,0.6605029752407411,0.6971003134796239,0.605606967882417,0.8732788545458627
source,0.9480000000000001,0.6567711547793477,0.6954169944925256,0.5988023952095808,0.8709432078090799
source,0.9490000000000001,0.6520953570732418,0.693249111725227,0.590364725095264,0.868473532570216
source,0.9500000000000001,0.6470931950064674,0.6903558330855386,0.5821992378878607,0.8653618388677984
source,0.9510000000000001,0.6432761070216255,0.6888933121019108,0.5748502994011976,0.863144528450942
source,0.9520000000000001,0.63834670541922,0.6866656667166642,0.5658682634730539,0.8602825842068395
source,0.9530000000000001,0.6329779845665933,0.6842501883948756,0.5560696788241698,0.857310149733888
source,0.9540000000000001,0.6283626434395124,0.6821830665926187,0.5476320087098531,0.8545126043771336
source,0.9550000000000001,0.622526484278597,0.6789885244236824,0.537833424060969,0.8508494447354354
source,0.9560000000000001,0.6175967000284032,0.6765787860208461,0.5291235710397387,0.8474925873483229
source,0.9570000000000001,0.6134651352084146,0.674955047521192,0.5212302667392488,0.8448316858573421
source,0.9580000000000001,0.6074363038242332,0.6718022955226968,0.5108873162765378,0.8410815742600273
source,0.9590000000000001,0.6008377740843045,0.6678815015358984,0.5002721829069134,0.8367407662680446
source,0.96,0.5952921813545167,0.6649897814808993,0.49074578116494283,0.8331629284232343
source,0.961,0.5890024607747169,0.6610393036138222,0.4809471965160588,0.8289734712742163
source,0.962,0.5829638156144279,0.6571443742367121,0.47169297768100166,0.8249379803318556
source,0.963,0.5754621973890983,0.6524442538593482,0.45998911268372344,0.8196325144858139
source,0.964,0.5671307253011416,0.6478126858811442,0.44610778443113774,0.8146297503257016
source,0.965,0.5590441060939149,0.642681929681112,0.4335873707131192,0.809644308506473
source,0.966,0.5535301168576335,0.6396614268440145,0.42433315187806203,0.8057412159074646
source,0.967,0.5447642098509067,0.634850166481687,0.409635274904736,0.8005975623591576
source,0.968,0.5361094138046457,0.6291353594258158,0.3965704953728906,0.7948632124161827
source,0.969,0.5269379987641458,0.6232853417979821,0.3824169842133914,0.7890314490628212
source,0.97,0.5170647071162096,0.6166284403669724,0.36771910724006535,0.7827168641799485
source,0.971,0.5083737199149191,0.6097645830917314,0.3562874251497006,0.7764944619800771
source,0.972,0.49449125012619416,0.6005991893320801,0.33532934131736525,0.7688209798279791
source,0.973,0.48363798002593217,0.5926719010230788,0.3200870985302123,0.7620209580519024
source,0.974,0.4701578542569706,0.5823625279169434,0.30185084376701143,0.7537263803457908
source,0.975,0.45592001325319587,0.571516117171222,0.28252585737615676,0.7452726057056368
source,0.976,0.4410418940873041,0.5588767550702028,0.2642896026129559,0.7355766399574554
source,0.977,0.4268659835844841,0.5455931880282138,0.2487751769188895,0.7258675973908116
source,0.978,0.41018355575065657,0.5310353764416224,0.22890582471420795,0.7156322573168481
source,0.979,0.39176179626388413,0.5148488656657187,0.2071311921611323,0.7048062208482168
source,0.98,0.3759199699523307,0.4996960486322188,0.19025585193249864,0.694712755367412
source,0.981,0.3594342842334997,0.482744311501487,0.17446924333151878,0.6837981367844352
source,0.982,0.3416116758027584,0.4641087356647317,0.1578660860097986,0.6726798600846443
source,0.983,0.3226468584624388,0.44302511249818555,0.14207947740881874,0.6608090746924511
source,0.984,0.3056771835931823,0.42435945042703305,0.1276537833424061,0.6505998882554123
source,0.985,0.28408113122261164,0.40088644352743386,0.10887316276537834,0.6383577567675202
source,0.986,0.26357707054618634,0.3754228620879553,0.09580838323353294,0.6259355054360461
source,0.987,0.24347243928565154,0.3508064516129032,0.08247142079477408,0.6148162435312915
source,0.988,0.2209790168020341,0.32402327514546964,0.06641262928688078,0.6030029961403326
source,0.989,0.1992575612690464,0.2959863364645602,0.05416439847577572,0.5916245085274567
source,0.99,0.17828354591604498,0.2681063997893074,0.043549265106151334,0.5808089335135954
source,0.991,0.15790649607749643,0.23976976346793774,0.03511159499183451,0.5705490699614358
source,0.992,0.13240686070660865,0.20452858203414997,0.024224278715296678,0.5583824437694267
source,0.993,0.1079239833360458,0.16953035509736541,0.015514425694066412,0.5470647544752428
source,0.994,0.08199486101102921,0.1306700777329529,0.008982035928143712,0.5352155369463542
source,0.995,0.06083406596448308,0.09866828087167069,0.004082743603701687,0.5259752538857957
source,0.996,0.038772258181971206,0.06407606448945846,0.0008165487207403375,0.5164695291847673
source,0.997,0.021462388216728037,0.03577064702788006,0.0,0.5089993648982847
source,0.998,0.010870723649152723,0.018117872748587872,0.0,0.5045114515857585
source,0.999,0.0007761129675541663,0.001293521612590277,0.0,0.5003210092317768
source,1.0,0.0,0.0,0.0,0.5
transit,0.0,0.07436192615471009,0.12393654359118349,0.0,0.5
transit,0.001,0.6164048634033872,0.659531604129942,0.5517147523135547,0.9587321408111704
transit,0.002,0.6249401833653122,0.6648658291073113,0.5650517147523135,0.9579632965380821
transit,0.003,0.6321911077490826,0.6682408500590318,0.5781164942841589,0.9576168684271594
transit,0.004,0.636989551764489,0.6704316880705555,0.5868263473053892,0.957340145142781
transit,0.005,0.641543438648744,0.6723963861347692,0.595264017419706,0.9572529484576477
transit,0.006,0.6431264638162691,0.6737645745150485,0.5971692977681001,0.9570074379874887
transit,0.007,0.6444803246185271,0.6749322775578246,0.5988023952095808,0.9566326264497398
transit,0.008,0.6459976544271182,0.6761909736732136,0.600707675557975,0.9564656708104049
transit,0.009000000000000001,0.648073548920203,0.6772918793017717,0.6042460533478498,0.9564691791055516
transit,0.01,0.6498634803840344,0.6780976351528499,0.6075122482308111,0.956330032060275
transit,0.011,0.6509931431405362,0.6787102195147569,0.6094175285792053,0.9561615056147656
transit,0.012,0.6522773705276181,0.6792175010517459,0.6118671747414263,0.9559769540418563
transit,0.013000000000000001,0.6532490303049324,0.6797482023862828,0.6135002721829069,0.9556654055731264
transit,0.014,0.6537128028418893,0.6799767908007174,0.6143168209036473,0.955276035639167
transit,0.015,0.6545339637997236,0.6802566607694541,0.6159499183451279,0.9549919290816978
transit,0.016,0.6551436655671291,0.6807284645679698,0.6167664670658682,0.9549317035500428
transit,0.017,0.6567784900388781,0.6814571640368527,0.6197604790419161,0.95481161916953
transit,0.018000000000000002,0.6580212135330011,0.6818952724189103,0.6222101252041372,0.9547460519287416
transit,0.019,0.6591479744368851,0.6821401098172364,0.6246597713663582,0.954521437537333
transit,0.02,0.6597469507472709,0.6825940378540523,0.6254763200870985,0.9545557919639018
transit,0.021,0.6609264840607034,0.6829268292682927,0.6279259662493195,0.9544417826581169
transit,0.022,0.6615596197792788,0.6832562343808157,0.6290146978769733,0.9544250241651224
transit,0.023,0.6623026912891433,0.6835874105408785,0.6303756124115406,0.9543758487345312
transit,0.024,0.6626891288520579,0.6838685626031847,0.6309199782253675,0.9542214099274495
transit,0.025,0.663084285405387,0.6841642463161821,0.6314643440391944,0.9541668927877249
transit,0.026000000000000002,0.6640128845340268,0.6846231799029281,0.633097441480675,0.9541688302766971
transit,0.027,0.6644543070493412,0.6848145182812917,0.6339139902014154,0.9540010371967822
transit,0.028,0.6649389290647625,0.6850778558265005,0.6347305389221557,0.9538763444727307
transit,0.029,0.6652581862483999,0.6852470405900115,0.6352749047359826,0.9538031313510398
transit,0.03,0.6653506036056229,0.6854010695187166,0.6352749047359826,0.9536624134995886
transit,0.031,0.6656526031863398,0.6855414916106933,0.6358192705498095,0.9534217739807802
transit,0.032,0.6661040144216566,0.6857494778557276,0.6366358192705498,0.9533214856306258
transit,0.033,0.6670213582756094,0.686008197380053,0.6385410996189439,0.9533264606569617
transit,0.034,0.6677873215033602,0.6863775264032596,0.6399020141535111,0.9533474608106973
transit,0.035,0.668487257345059,0.686636809783046,0.6412629286880784,0.9533524358370333
transit,0.036000000000000004,0.669329383646704,0.6869516219914674,0.6428960261295591,0.9533654234270692
transit,0.037,0.6696375981946139,0.6871024023620991,0.643440391943386,0.9533219563884084
transit,0.038,0.6702633039191765,0.6874194241512678,0.6445291235710398,0.9533025270408475
transit,0.039,0.670246158684441,0.687390848760042,0.6445291235710398,0.9531351006437299
transit,0.04,0.6707331014496385,0.6878395094928198,0.6450734893848666,0.9531019503405385
transit,0.041,0.670750357897784,0.6878682702397289,0.6450734893848666,0.952910119569524
transit,0.042,0.6713346355233565,0.6882977004685228,0.645890038105607,0.9529067153493627
transit,0.043000000000000003,0.6711110089231769,0.6882879000107747,0.6453456722917801,0.9527419598068119
transit,0.044,0.671180927031994,0.6884044301921366,0.6453456722917801,0.952660734121421
transit,0.045,0.6717187445838948,0.6885749716935354,0.6464344039194339,0.952619937937327
transit,0.046,0.6715807034245579,0.6885263583659161,0.6461622210125204,0.9524822576232397
transit,0.047,0.671638541099619,0.688622754491018,0.6461622210125204,0.9524307780208792
transit,0.048,0.6716008338950924,0.6887413644214161,0.645890038105607,0.9523171353978915
transit,0.049,0.6722913097817717,0.6889848812095033,0.6472509526401742,0.9523194395696608
transit,0.05,0.6725893780905425,0.6891187511815702,0.6477953184540011,0.9522733016764335
transit,0.051000000000000004,0.6727998764055032,0.689288126435229,0.6480675013609145,0.9522649224299364
transit,0.052000000000000005,0.6726752505470914,0.689261871942485,0.6477953184540011,0.9520650790952221
transit,0.053,0.6729901880160303,0.6894238571814985,0.648339684267828,0.9518595273685772
transit,0.054,0.6733220889399522,0.6896141148454836,0.6488840500816548,0.9518214020390496
transit,0.055,0.6730673624582479,0.6895524812518612,0.648339684267828,0.9515838000576053
transit,0.056,0.6738573106305801,0.6897803299114278,0.6499727817093086,0.9515510164372111
transit,0.057,0.6741243258822591,0.6900439000596172,0.650244964616222,0.951555991463547
transit,0.058,0.6740401778975793,0.6900851086897598,0.6499727817093086,0.9514964992974866
transit,0.059000000000000004,0.6743298658429672,0.6902050113895216,0.6505171475231355,0.951382856674499
transit,0.06,0.6742356736889453,0.6902294797374274,0.650244964616222,0.951288276716275
transit,0.061,0.6744580233751454,0.6902371520052096,0.6507893304300489,0.9511586089658877
transit,0.062,0.6745727493825087,0.6904283620174819,0.6507893304300489,0.9511204836363603
transit,0.063,0.6749691859621677,0.69054472383642,0.6516058791507894,0.9510716748885664
transit,0.064,0.6753982643522844,0.6907154886727876,0.6524224278715297,0.951063295642069
transit,0.065,0.6752952728547288,0.6907252914481372,0.6521502449646163,0.9509012109540849
transit,0.066,0.6757232763216555,0.6908942647458548,0.6529667936853566,0.9509252486451845
transit,0.067,0.6758472574561977,0.6911008999700917,0.6529667936853566,0.9509546280454174
transit,0.068,0.6759923543029401,0.6911612727767201,0.65323897659227,0.9508978067339235
transit,0.069,0.6764092184490167,0.6913116805396876,0.6540555253130104,0.9509191735704565
transit,0.07,0.676378984529383,0.6912612906736316,0.6540555253130104,0.9508139101939662
transit,0.07100000000000001,0.6766781569242946,0.691397000789266,0.6545998911268373,0.9507677723007388
transit,0.07200000000000001,0.6772177274725217,0.6915704639512089,0.655688622754491,0.9507269761166448
transit,0.073,0.6774843434594666,0.6916519133868991,0.6562329885683179,0.9506404087221209
transit,0.074,0.6776534295884304,0.6917522683305631,0.6565051714752314,0.9505565121821634
transit,0.075,0.6779842966686418,0.6919408029216975,0.6570495372890582,0.9505832207278297
transit,0.076,0.6782736829556266,0.6920602028574544,0.6575939031028851,0.9505019950424389
transit,0.077,0.678365530694311,0.6922132824219283,0.6575939031028851,0.9504909449413751
transit,0.078,0.6781729534703331,0.6922552309245164,0.6570495372890582,0.9504314527753146
transit,0.079,0.678220802718172,0.6923349796709144,0.6570495372890582,0.9503773023183875
transit,0.08,0.6783435352399607,0.69235807860262,0.6573217201959717,0.9503151392977603
transit,0.081,0.6783392688405379,0.692532423208191,0.6570495372890582,0.9502743431136664
transit,0.082,0.678353159172546,0.692555573761538,0.6570495372890582,0.9502121800930392
transit,0.083,0.678586075227168,0.6925808566433566,0.6575939031028851,0.9501176001348154
transit,0.084,0.6785238903952653,0.6926586705281276,0.6573217201959717,0.9500958666154851
transit,0.085,0.6789413677421281,0.6928101002924056,0.658138268916712,0.950117233452018
transit,0.08600000000000001,0.6789981740802958,0.6929047775226851,0.658138268916712,0.9501305877248511
transit,0.08700000000000001,0.679176532078585,0.6930205855818913,0.6584104518236255,0.9501141959146541
transit,0.088,0.6793435523746196,0.6931174974706734,0.6586826347305389,0.9500951332498904
transit,0.089,0.6797738521053127,0.6932902978746683,0.6594991834512792,0.9500867540033933
transit,0.09,0.6798648973141934,0.6934420398894696,0.6594991834512792,0.9501081208399262
transit,0.091,0.6801636663878521,0.6935770778030159,0.6600435492651061,0.9500943998842957
transit,0.092,0.6800158556043228,0.6935121817684096,0.6597713663581927,0.949921631778045
transit,0.093,0.6802158754313588,0.6936640928755271,0.6600435492651061,0.949942998614578
transit,0.094,0.6804159351977774,0.6938160705482828,0.6603157321720196,0.949964365451111
transit,0.095,0.6802022049462355,0.6938227640049307,0.6597713663581927,0.9498671146383204
transit,0.096,0.6801619372329227,0.6937556511494095,0.6597713663581927,0.9497267634696666
transit,0.097,0.6804279893634497,0.6938361608244031,0.6603157321720196,0.9496726130127394
transit,0.098,0.6807041367847331,0.6939334959839908,0.6608600979858464,0.9496535503479757
transit,0.099,0.6807942152744104,0.693902171528844,0.6611322808927599,0.9495509578260519
transit,0.1,0.6805462503292752,0.6938518071628366,0.660587915078933,0.9494456944495615
transit,0.101,0.6807767563590786,0.6938730733366245,0.6611322808927599,0.9494159483665312
transit,0.10200000000000001,0.680573116929941,0.6938965848306131,0.660587915078933,0.9493537853459042
transit,0.10300000000000001,0.680564384138569,0.6938820301783264,0.660587915078933,0.9492862806161438
transit,0.10400000000000001,0.6804581993554724,0.6938865108111074,0.6603157321720196,0.9492214467409502
transit,0.105,0.6807115675987516,0.6939458806740216,0.6608600979858464,0.9491970423670533
transit,0.106,0.6805637135375441,0.6938809125099514,0.660587915078933,0.9490242742608025
transit,0.107,0.6809589190417387,0.6939952225364487,0.6614044637996733,0.9490402993882022
transit,0.108,0.6811820696794522,0.69400422972342,0.6619488296135003,0.9489106316378149
transit,0.109,0.6813252560766707,0.6940614184475087,0.6622210125204138,0.9489186442015147
transit,0.11,0.6813508479995387,0.6941040716522886,0.6622210125204138,0.9488591520354543
transit,0.111,0.6810310156548225,0.6941153835582553,0.6614044637996733,0.9486970673474701
transit,0.112,0.6808501409945173,0.6939953810623556,0.6611322808927599,0.9484838697399225
transit,0.113,0.6809718163161738,0.6940167179938407,0.6614044637996733,0.9484541236568924
transit,0.114,0.6813355020130336,0.6940784950081135,0.6622210125204138,0.9483973023453985
transit,0.115,0.6812967257931306,0.6941953232462174,0.6619488296135003,0.9483809105352015
transit,0.116,0.6812121361898572,0.6942357958453708,0.6616766467065869,0.9483538353067378
transit,0.117,0.6813783210583886,0.6943313153549806,0.6619488296135003,0.9483671895795709
transit,0.11800000000000001,0.6812836551321435,0.6943549940825144,0.6616766467065869,0.9483050265589439
transit,0.11900000000000001,0.6815371786476072,0.6944146227324028,0.6622210125204138,0.9482806221850469
transit,0.12,0.6814654727011741,0.6944765680929565,0.6619488296135003,0.9482238008735531
transit,0.121,0.6815899583848318,0.6945025889611105,0.6622210125204138,0.9481292209153293
transit,0.122,0.6816813929981942,0.6944735247121054,0.6624931954273272,0.9479942114558086
transit,0.123,0.68161982602164,0.6945523683557907,0.6622210125204138,0.9479724779364782
transit,0.124,0.6816556642061812,0.6946120986633595,0.6622210125204138,0.9479480735625813
transit,0.125,0.6815624401844766,0.6946381805651276,0.6619488296135003,0.9478534936043574
transit,0.126,0.6815996939807335,0.6947002702255556,0.6619488296135003,0.9477966722928635
transit,0.127,0.6818134339704869,0.6948750482705357,0.6622210125204138,0.9477882930463664
transit,0.128,0.6818378380959749,0.6949157218130155,0.6622210125204138,0.9477612178179028
transit,0.129,0.6817547808727449,0.6949587483789078,0.6619488296135003,0.9477017256518423
transit,0.13,0.681912500396093,0.6950401589798791,0.6622210125204138,0.9476475751949152
transit,0.131,0.6819498593729162,0.6951024239412511,0.6622210125204138,0.9475907538834214
transit,0.132,0.6822049832448883,0.6951647198519868,0.6627653783342407,0.9475339325719274
transit,0.133,0.6818941356075192,0.6951910062701986,0.6619488296135003,0.9474393526137036
transit,0.134,0.6817765761366377,0.6951765290900049,0.6616766467065869,0.9473718478839432
transit,0.135,0.6818125684969585,0.6952365163572061,0.6616766467065869,0.9473474435100464
transit,0.136,0.6817281712384977,0.6952773095310472,0.6614044637996733,0.9473203682815827
transit,0.137,0.6817656110491965,0.6953397092155452,0.6614044637996733,0.947263546970089
transit,0.138,0.681909083008827,0.695397373876987,0.6616766467065869,0.9472715595337888
transit,0.139,0.6819667604244097,0.6954935029029583,0.6616766467065869,0.9472849138066219
transit,0.14,0.6819912725358077,0.6955343564219549,0.6616766467065869,0.9472578385781584
transit,0.14100000000000001,0.6819941466109514,0.6955391465471944,0.6616766467065869,0.9471930047029646
transit,0.14200000000000002,0.6819638293738637,0.6954886178187148,0.6616766467065869,0.9470877413264742
transit,0.14300000000000002,0.6817720436339058,0.6955318854613364,0.6611322808927599,0.9470282491604138
transit,0.14400000000000002,0.6820605192095331,0.6956497675448307,0.6616766467065869,0.9470118573502166
transit,0.145,0.6820532981866206,0.6956377325066431,0.6616766467065869,0.9469119356828595
transit,0.146,0.6823403733377154,0.6957532805492498,0.6622210125204138,0.9469279608102593
transit,0.147,0.6823981649550049,0.695849599911399,0.6622210125204138,0.9469413150830924
transit,0.148,0.6824588919078498,0.6959508114994738,0.6622210125204138,0.9468898354807318
transit,0.149,0.682473379661203,0.6959749577550626,0.6622210125204138,0.9468276724601048
transit,0.15,0.6826198883122443,0.6960376835688558,0.6624931954273272,0.946770851148611
transit,0.151,0.682622818576651,0.6960425673428668,0.6624931954273272,0.9467060172734172
transit,0.152,0.6828883343614727,0.6961221831083516,0.6630375612411541,0.946684283754087
transit,0.153,0.6831090204407998,0.6961270826980124,0.663581927054981,0.9466194498788932
transit,0.154,0.6835398794678504,0.6963008152626032,0.6643984757757213,0.946643487569993
transit,0.155,0.6837081702795109,0.6963998446774282,0.6646706586826348,0.9466244249052291
transit,0.156,0.6838648942855543,0.6964795960828918,0.6649428415895482,0.9466026913858989
transit,0.157,0.684020144027145,0.6965568903809339,0.6652150244964616,0.9466133748041654
transit,0.158,0.6839142568178544,0.6965618669700585,0.6649428415895482,0.9465485409289717
transit,0.159,0.6837110972211962,0.6965861781848459,0.6643984757757213,0.9464863779083446
transit,0.16,0.6837488964317178,0.6966491768690487,0.6643984757757213,0.9464295565968508
transit,0.161,0.6837751068570912,0.6966928609113376,0.6643984757757213,0.9463700644307904
transit,0.162,0.6840857326641487,0.6968476600472157,0.6649428415895482,0.9463914312673234
transit,0.163,0.6842526764652512,0.6969444444444444,0.6652150244964616,0.9464047855401565
transit,0.164,0.6842425740521543,0.6969276070892828,0.6652150244964616,0.946369697747993
transit,0.165,0.684390848058888,0.6969932751625633,0.6654872074033751,0.9462804594989024
transit,0.166,0.6845345873499721,0.6970513853764277,0.6657593903102885,0.9462884720626022
transit,0.167,0.684788728733105,0.6971120438057647,0.6663037561241154,0.9462640676887053
transit,0.168,0.6846844264399057,0.697119661921708,0.666031573217202,0.9461668168759148
transit,0.169,0.6846960557611489,0.6971390441237801,0.666031573217202,0.9461694877304814
transit,0.17,0.6846859505714631,0.6971222021409704,0.666031573217202,0.9461343999383178
transit,0.171,0.6847572727399901,0.6972410724218489,0.666031573217202,0.9461180081281209
transit,0.17200000000000001,0.6848575709873781,0.6972267808962198,0.6663037561241154,0.9460505033983605
transit,0.17300000000000001,0.6849041213051834,0.6973043647592289,0.6663037561241154,0.9460611868166271
transit,0.17400000000000002,0.6850828393724628,0.6974207729334188,0.6665759390310289,0.9460772119440268
transit,0.17500000000000002,0.6852048969928912,0.6974427470295238,0.6668481219379423,0.9460474658609965
transit,0.176,0.6853285004517191,0.6974672975229612,0.6671203048448557,0.9459853028403695
transit,0.177,0.6851877693864163,0.6974142010187324,0.6668481219379423,0.9459124564014759
transit,0.178,0.685177662136346,0.6973973556019485,0.6668481219379423,0.9458773686093125
transit,0.179,0.6854435478040877,0.6974775878389665,0.6673924877517692,0.945855635089982
transit,0.18,0.6854380712140004,0.6974684601888211,0.6673924877517692,0.9457232964850281
transit,0.181,0.6854963522395858,0.6975655952314634,0.6673924877517692,0.9457366507578613
transit,0.182,0.6853905779218961,0.6975707599732561,0.6671203048448557,0.9456718168826674
transit,0.183,0.6856448596259697,0.6976316522708276,0.6676646706586826,0.9456474125087706
transit,0.184,0.6857669500869975,0.6976536811012651,0.6679368535655961,0.9456176664257403
transit,0.185,0.6859007099876826,0.6976951589977981,0.6682090364725095,0.9455905911972767
transit,0.186,0.6858602599769,0.6976277423131604,0.6682090364725095,0.9454502400286229
transit,0.187,0.6856976999698277,0.6975382642393153,0.6679368535655961,0.9453396349429992
transit,0.188,0.6855685867912857,0.6975045308796878,0.6676646706586826,0.9452694593586722
transit,0.189,0.6856152673320992,0.6975823317810436,0.6676646706586826,0.9452801427769387
transit,0.19,0.6854978250873207,0.6975680499776885,0.6673924877517692,0.9452126380471784
transit,0.191,0.6855328464938966,0.6976264189886481,0.6673924877517692,0.9452206506108782
transit,0.192,0.6855359556831833,0.6976316009707926,0.6673924877517692,0.9451558167356846
transit,0.193,0.6854200686998497,0.6976199112698458,0.6671203048448557,0.9450558950683274
transit,0.194,0.6855523016274818,0.6976588442112901,0.6673924877517692,0.9450612367774607
transit,0.195,0.6854029239139953,0.6975913366267549,0.6671203048448557,0.9449208856088067
transit,0.196,0.6852753439122434,0.6975601585617777,0.6668481219379423,0.944818293086883
transit,0.197,0.6851695759697936,0.6975653339289701,0.6665759390310289,0.9447534592116893
transit,0.198,0.6852397026160417,0.697682211672717,0.6665759390310289,0.944769484339089
transit,0.199,0.685286466770318,0.6977601519298442,0.6665759390310289,0.9447801677573555
transit,0.2,0.6852895934895065,0.6977653631284916,0.6665759390310289,0.9447153338821619
transit,0.201,0.6854569467776912,0.6978628300041905,0.6668481219379423,0.944728688154995
transit,0.202,0.6856009158583715,0.6979213232007152,0.6671203048448557,0.9447367007186949
transit,0.203,0.6856157620105985,0.6979460667877603,0.6671203048448557,0.9446745376980679
transit,0.20400000000000001,0.6854967593248793,0.6979291842495039,0.6668481219379423,0.9446394499059043
transit,0.20500000000000002,0.6856087782255014,0.6979344271459318,0.6671203048448557,0.9445746160307107
transit,0.20600000000000002,0.685578378290854,0.697883760588186,0.6671203048448557,0.9444693526542203
transit,0.20700000000000002,0.6857021019120263,0.6979085113521977,0.6673924877517692,0.9444071896335933
transit,0.20800000000000002,0.6856833983224545,0.6978773387029114,0.6673924877517692,0.9443045971116694
transit,0.209,0.6857536721167352,0.6979944616933793,0.6673924877517692,0.9443206222390691
transit,0.21,0.6856260986613085,0.6979632945389436,0.6671203048448557,0.9442180297171454
transit,0.211,0.6855070849343174,0.6979463935985676,0.6668481219379423,0.9441829419249819
transit,0.212,0.6857834214935219,0.6980440439880236,0.6673924877517692,0.944196296197815
transit,0.213,0.6857983049243852,0.6980688497061293,0.6673924877517692,0.944134133177188
transit,0.214,0.6858451997695763,0.6981470077814477,0.6673924877517692,0.9441448165954545
transit,0.215,0.6860377576127843,0.698286482248852,0.6676646706586826,0.944131095639824
transit,0.216,0.6862068910845782,0.698386916097233,0.6679368535655961,0.9441120329750603
transit,0.217,0.6863392354930535,0.698426034840083,0.6682090364725095,0.9441173746841935
transit,0.218,0.6865084046098565,0.6985265280968121,0.668481219379423,0.9440983120194297
transit,0.219,0.6865334957925615,0.6985683467346538,0.668481219379423,0.9440712367909663
transit,0.22,0.6865148326489277,0.6985372414952642,0.668481219379423,0.9439686442690425
transit,0.221,0.6865281864233683,0.6985594977859985,0.668481219379423,0.9439388981860122
transit,0.222,0.6866723018041334,0.6986182348159982,0.6687534022863364,0.943946910749712
transit,0.223,0.6864358908841373,0.6985871271585559,0.6682090364725095,0.9438443182277882
transit,0.224,0.6863937163637535,0.6985168362912495,0.6682090364725095,0.9437363839967312
transit,0.225,0.686398539710996,0.6985248752033204,0.6682090364725095,0.9436391331839407
transit,0.226,0.686413512768578,0.6985498302992903,0.6682090364725095,0.9435769701633137
transit,0.227,0.6865945527312878,0.6986701082991976,0.668481219379423,0.9435605783531166
transit,0.228,0.6863463656264852,0.698619373667078,0.6679368535655961,0.943455314976626
transit,0.229,0.686336216422029,0.6986024583263176,0.6679368535655961,0.9434202271844627
transit,0.23,0.6864600818750508,0.6986274454767452,0.6682090364725095,0.9433580641638356
transit,0.231,0.6864296239654952,0.6985766822941524,0.6682090364725095,0.9432528007873452
transit,0.232,0.6865181861542176,0.6985428306707472,0.668481219379423,0.9431826252030182
transit,0.233,0.6868183216931382,0.698680146026397,0.6690255851932498,0.9432013211849846
transit,0.234,0.6869304318103384,0.6986855409504551,0.6692977681001633,0.9431364873097909
transit,0.23500000000000001,0.6869909355353794,0.6987863804921901,0.6692977681001633,0.9431174246450272
transit,0.23600000000000002,0.6871132130393782,0.6988087210609126,0.6695699510070767,0.943087678561997
transit,0.23700000000000002,0.6869620892278698,0.6987383033130076,0.6692977681001633,0.9429797443309399
transit,0.23800000000000002,0.6873021132050497,0.6987606441278138,0.6701143168209036,0.9429499982479097
transit,0.23900000000000002,0.6873374636592215,0.6988195615514334,0.6701143168209036,0.9429580108116096
transit,0.24,0.6873273052319311,0.6988026308392826,0.6701143168209036,0.9429229230194461
transit,0.241,0.6874715359417243,0.698861560084329,0.670386499727817,0.942930935583146
transit,0.242,0.6876275617778527,0.6989401478732675,0.6706586826347305,0.9429416190014126
transit,0.243,0.6875203218884278,0.6989428699955017,0.670386499727817,0.9429092020638157
transit,0.244,0.6876527774457271,0.6989821739863915,0.6706586826347305,0.9429145437729489
transit,0.245,0.6877632862385904,0.6989849000365548,0.6709308655416439,0.942882126835352
transit,0.246,0.6878636368382227,0.6989706957646663,0.6712030484485574,0.9428146221055917
transit,0.247,0.6877580347855144,0.6989761476147615,0.6709308655416439,0.9427497882303981
transit,0.248,0.6877275479271172,0.6989253361840995,0.6709308655416439,0.9426445248539077
transit,0.249,0.6877747433805763,0.699003995273198,0.6709308655416439,0.9426552082721742
transit,0.25,0.6878235914678184,0.6990854087519347,0.6709308655416439,0.9426334747528438
transit,0.251,0.6879796855075927,0.6991641102136162,0.6712030484485574,0.9426441581711102
transit,0.252,0.6880387265572645,0.6992625119630693,0.6712030484485574,0.9426575124439435
transit,0.253,0.6879964357303141,0.6991920272514852,0.6712030484485574,0.9425495782128864
transit,0.254,0.6880233588776349,0.6992368991636865,0.6712030484485574,0.9424900860468259
transit,0.255,0.6881913091694274,0.6993353610453983,0.6714752313554708,0.942503440319659
transit,0.256,0.6881473504704259,0.6992620965470625,0.6714752313554708,0.9424279230261989
transit,0.257,0.6882798579987798,0.6993014871563767,0.6717474142623843,0.9424332647353322
transit,0.258,0.6882933319021368,0.6993239436619718,0.6717474142623843,0.9424035186523019
transit,0.259,0.6884494886310728,0.6994027496055893,0.6720195971692978,0.9424142020705685
transit,0.26,0.6884528092819203,0.6994082840236686,0.6720195971692978,0.9423493681953747
transit,0.261,0.688293103247231,0.6993235625704622,0.6717474142623843,0.9421739292345575
transit,0.262,0.6884492866070359,0.6994024128988612,0.6720195971692978,0.9421846126528239
transit,0.263,0.6885598208738302,0.6994051814055762,0.6722917800762113,0.942152195715227
transit,0.264,0.6886071459305099,0.6994840565000422,0.6722917800762113,0.9421628791334935
transit,0.265,0.6886899904693768,0.6996221307314873,0.6722917800762113,0.9421815751154599
transit,0.266,0.6887581964641925,0.6995543521182377,0.6725639629831247,0.9420412239468061
transit,0.267,0.6887480268044426,0.6995374026853212,0.6725639629831247,0.9420061361546426
transit,0.268,0.6887310194238236,0.6995090570509563,0.6725639629831247,0.9418711266951219
transit,0.269,0.6888534041204489,0.699531576274056,0.6728361458900382,0.9418413806120917
transit,0.27,0.6887580455420673,0.6995541005813625,0.6725639629831247,0.9418116345290615
transit,0.271,0.6888054327800407,0.699633079311318,0.6725639629831247,0.941822317947328
transit,0.272,0.6887613873836078,0.6995596703172632,0.6725639629831247,0.9417468006538678
transit,0.273,0.6888837808492402,0.6995822041553749,0.6728361458900382,0.9417170545708375
transit,0.274,0.6887223409884895,0.6994945929920661,0.6725639629831247,0.9415740325476171
transit,0.275,0.6888684393223816,0.6995566349439439,0.6728361458900382,0.9415496281737201
transit,0.276,0.6887629104297984,0.6995622087275809,0.6725639629831247,0.9414847942985264
transit,0.277,0.6886557098272192,0.6995649963278912,0.6722917800762113,0.9414523773609296
transit,0.278,0.688669240421919,0.6995875473190575,0.6722917800762113,0.9414226312778993
transit,0.279,0.6888035073812532,0.6996298703133389,0.6725639629831247,0.9413955560494357
transit,0.28,0.688827229679136,0.6996694074764769,0.6725639629831247,0.9414008977585689
transit,0.281,0.6886861253909458,0.699615688934102,0.6722917800762113,0.9413280513196755
transit,0.28200000000000003,0.6887335784107693,0.6996947773004747,0.6722917800762113,0.9413387347379419
transit,0.28300000000000003,0.6886263855453145,0.6996975777959923,0.6720195971692978,0.9413063178003451
transit,0.28400000000000003,0.6883780784079128,0.6996466431095406,0.6714752313554708,0.9412010544238547
transit,0.28500000000000003,0.6883475072273646,0.6995956911419604,0.6714752313554708,0.9410957910473643
transit,0.28600000000000003,0.6882199219414953,0.6995645042701204,0.6712030484485574,0.9409931985254405
transit,0.28700000000000003,0.6881025269446605,0.6995503012133382,0.6709308655416439,0.94092569379568
transit,0.28800000000000003,0.6881262706969291,0.6995898741337858,0.6709308655416439,0.9409310355048133
transit,0.289,0.6881516955801653,0.6996322489391796,0.6709308655416439,0.9409039602763498
transit,0.29,0.6881414986439518,0.6996152540454905,0.6709308655416439,0.9408688724841863
transit,0.291,0.6881431766028508,0.6996180506436555,0.6709308655416439,0.9408364555465895
transit,0.292,0.6880122281466944,0.6995812584880037,0.6706586826347305,0.9407986968998594
transit,0.293,0.6880478594606154,0.6996406440112053,0.6706586826347305,0.9408067094635593
transit,0.294,0.6880393390262716,0.6996264432872991,0.6706586826347305,0.9407392047337989
transit,0.295,0.6880749807096249,0.6996858460928878,0.6706586826347305,0.9407472172974988
transit,0.296,0.6881106284459102,0.6997452589866967,0.6706586826347305,0.9407552298611986
transit,0.297,0.688003440721087,0.6997480680499336,0.670386499727817,0.9407228129236018
transit,0.298,0.6878843679173211,0.6997310686482661,0.6701143168209036,0.9406877251314383
transit,0.299,0.688028899194677,0.6997904988392503,0.670386499727817,0.9406957376951383
transit,0.3,0.6880526746363136,0.6998301245753114,0.670386499727817,0.9407010794042715
transit,0.301,0.6881870182896277,0.6998725753928925,0.6706586826347305,0.9406740041758079
transit,0.302,0.6883332626968751,0.6999348608003626,0.6709308655416439,0.9406495998019109
transit,0.303,0.6883723462166575,0.7000000000000001,0.6709308655416439,0.9405927784904171
transit,0.304,0.6884080433013956,0.7000594951412301,0.6709308655416439,0.940600791054117
transit,0.305,0.6884692602691951,0.7001615234208959,0.6709308655416439,0.9405817283893533
transit,0.306,0.6883399928214988,0.700127532946011,0.6706586826347305,0.9405115528050263
transit,0.307,0.6883518984024921,0.7001473755809998,0.6706586826347305,0.9405142236595929
transit,0.308,0.6885322192253316,0.7002664550144566,0.6709308655416439,0.9405302487869927
transit,0.309,0.6884029525572091,0.7002324658388613,0.6706586826347305,0.9404600732026658
transit,0.31,0.6886581503083103,0.700294884881479,0.6712030484485574,0.9404356688287688
transit,0.311,0.6885986585730853,0.700377187260713,0.6709308655416439,0.9404139353094385
transit,0.312,0.6884813083159753,0.7003630587701385,0.6706586826347305,0.9403464305796783
transit,0.313,0.6883520354976173,0.7003290593441507,0.670386499727817,0.9402762549953512
transit,0.314,0.6883639556540839,0.7003489262715952,0.670386499727817,0.9402789258499178
transit,0.315,0.6883758764868715,0.7003687943262411,0.670386499727817,0.9402815967044844
transit,0.316,0.6883758764868715,0.7003687943262411,0.670386499727817,0.9402815967044844
transit,0.317,0.6883554737491533,0.7003347897633774,0.670386499727817,0.9402114211201575
transit,0.318,0.6887315102503331,0.7004171514515168,0.6712030484485574,0.9401896876008272
transit,0.319,0.6886124347599502,0.7004001475721543,0.6709308655416439,0.9401545998086638
transit,0.32,0.6885903051223221,0.7003632648427743,0.6709308655416439,0.9401168411619336
transit,0.321,0.6885511964650607,0.7002980837473386,0.6709308655416439,0.9399440730556828
transit,0.322,0.6886108470684462,0.7003975014196478,0.6709308655416439,0.9399574273285161
transit,0.323,0.6884576919192451,0.7003236981089216,0.6706586826347305,0.9398819100350558
transit,0.324,0.6884491999161306,0.7003095447703973,0.6706586826347305,0.9398144053052955
transit,0.325,0.6885955972746858,0.7003720850967138,0.6709308655416439,0.9397900009313984
transit,0.326,0.6884662966768789,0.7003380393716445,0.6706586826347305,0.9397198253470715
transit,0.327,0.6884458645991066,0.7003039859086907,0.6706586826347305,0.9396496497627447
transit,0.328,0.6885701184376168,0.7003296203682655,0.6709308655416439,0.9395874867421175
transit,0.329,0.6885820589272937,0.7003495211843936,0.6709308655416439,0.9395901575966841
transit,0.33,0.6887165402456765,0.700392201443756,0.6712030484485574,0.9395630823682206
transit,0.331,0.68873021034071,0.7004149849354785,0.6712030484485574,0.9395333362851903
transit,0.332,0.6886230639744108,0.7004178629295886,0.6709308655416439,0.9395009193475935
transit,0.333,0.6886828028039096,0.70051742764542,0.6709308655416439,0.9395142736204267
transit,0.334,0.6887306060972376,0.7005970998009667,0.6709308655416439,0.9395249570386932
transit,0.335,0.6889859519438492,0.7006597656694347,0.6714752313554708,0.9395005526647962
transit,0.336,0.6889774755735601,0.7006456383856197,0.6714752313554708,0.9394330479350359
transit,0.337,0.6889689967920604,0.70063150708312,0.6714752313554708,0.9393655432052755
transit,0.338,0.6888636024453159,0.7006373051098215,0.6712030484485574,0.9393007093300818
transit,0.339,0.6890950503851268,0.7006601411336217,0.6717474142623843,0.9392709632470517
transit,0.34,0.6893486860778935,0.7007199567456817,0.6722917800762113,0.9392789758107516
transit,0.341,0.6893641418705256,0.7007457164000684,0.6722917800762113,0.9392168127901244
transit,0.342,0.689376109178465,0.7007656619133009,0.6722917800762113,0.9392194836446911
transit,0.343,0.6893898254125905,0.70078852230351,0.6722917800762113,0.9391897375616609
transit,0.34400000000000003,0.6896554547972964,0.7008683274021352,0.6728361458900382,0.9392004209799274
transit,0.34500000000000003,0.6897882735795385,0.7009082367679298,0.6731083287969516,0.9392057626890606
transit,0.34600000000000003,0.6896691811714248,0.7008912046923493,0.6728361458900382,0.9391706748968971
transit,0.34700000000000003,0.6896691811714248,0.7008912046923493,0.6728361458900382,0.9391706748968971
transit,0.34800000000000003,0.6896709353763468,0.7008941283672192,0.6728361458900382,0.9391382579593004
transit,0.34900000000000003,0.689682910672557,0.7009140871942363,0.6728361458900382,0.939140928813867
transit,0.35000000000000003,0.689575793087537,0.7009170131571454,0.6725639629831247,0.9391085118762701
transit,0.35100000000000003,0.6898294726141638,0.7009769018256387,0.6731083287969516,0.93911652443997
transit,0.352,0.6897343387217543,0.700999800609565,0.6728361458900382,0.9390867783569397
transit,0.353,0.6897583011134573,0.7010397379290699,0.6728361458900382,0.939092120066073
transit,0.354,0.6900257473335489,0.7011225710866716,0.673380511703865,0.9390703865467427
transit,0.355,0.6900190613358634,0.7011114277571958,0.673380511703865,0.9389704648793855
transit,0.356,0.6900310499036955,0.7011314087035825,0.673380511703865,0.9389731357339521
transit,0.357,0.690008839428468,0.7010943912448699,0.673380511703865,0.938935377087222
transit,0.358,0.6901656725313482,0.7011743244783947,0.6736526946107785,0.9389460605054885
transit,0.359,0.6902985297654143,0.7012142979305627,0.6739248775176919,0.9389514022146217
transit,0.36,0.6902438776847665,0.7011232111294828,0.6739248775176919,0.938840797128998
transit,0.361,0.6902558705554988,0.70114319924737,0.6739248775176919,0.9388434679835647
transit,0.362,0.6902558705554988,0.70114319924737,0.6739248775176919,0.9388434679835647
transit,0.363,0.6901505363712994,0.7011490975449801,0.6736526946107785,0.938778634108371
transit,0.364,0.6902971718825937,0.7012120347925281,0.6739248775176919,0.938754229734474
transit,0.365,0.6902869461301409,0.7011949918717736,0.6739248775176919,0.9387191419423107
transit,0.366,0.690312720132526,0.7012379485424154,0.6739248775176919,0.938692066713847
transit,0.367,0.6903402791097872,0.701283880171184,0.6739248775176919,0.9386325745477866
transit,0.368,0.6901989441381453,0.70122977715639,0.6736526946107785,0.938559728108893
transit,0.369,0.6903029113906822,0.7012216006393425,0.6739248775176919,0.938427389503939
transit,0.37,0.6901170682528066,0.7010933173474921,0.6736526946107785,0.9382790257715852
transit,0.371,0.6901651061653209,0.7011733805350159,0.6736526946107785,0.9382897091898517
transit,0.372,0.6902029184542311,0.701236401016533,0.6736526946107785,0.9382653048159548
transit,0.373,0.6900272860682614,0.7011251356445256,0.673380511703865,0.9381520288757644
transit,0.374,0.6900308291531557,0.7011310407860162,0.673380511703865,0.9380871950005707
transit,0.375,0.6899134832027296,0.7011169194732483,0.6731083287969516,0.9380196902708104
transit,0.376,0.6899134832027296,0.7011169194732483,0.6731083287969516,0.9380196902708104
transit,0.377,0.6897961348316453,0.7011027941260499,0.6728361458900382,0.9379521855410501
transit,0.378,0.6898442131991491,0.7011829247385565,0.6728361458900382,0.9379628689593166
transit,0.379,0.689845988574618,0.7011858836976712,0.6728361458900382,0.9379304520217198
transit,0.38,0.6897509145636593,0.7012088822840159,0.6725639629831247,0.9379007059386896
transit,0.381,0.6897442199587074,0.7011977246090958,0.6725639629831247,0.9378007842713323
transit,0.382,0.6897237183588636,0.7011635552760228,0.6725639629831247,0.9377306086870054
transit,0.383,0.6894992689097539,0.7011523834033913,0.6720195971692978,0.9376306870196482
transit,0.384,0.6896219483962007,0.7011753939428604,0.6722917800762113,0.937600940936618
transit,0.385,0.6896255018248268,0.7011813163239039,0.6722917800762113,0.9375361070614243
transit,0.386,0.6897945518942454,0.7012816111683259,0.6725639629831247,0.9375494613342574
transit,0.387,0.6897115390740598,0.7013247117392921,0.6722917800762113,0.9375223861057939
transit,0.388,0.6897374068167261,0.701367824643736,0.6722917800762113,0.9374953108773303
transit,0.389,0.6897976255704519,0.701468189233279,0.6722917800762113,0.9375086651501634
transit,0.39,0.6897994185391569,0.7014711775144542,0.6722917800762113,0.9374762482125666
transit,0.391,0.689898037677793,0.7014540874742387,0.6725639629831247,0.9374411604204032
transit,0.392,0.6898168494560457,0.7015002290426019,0.6722917800762113,0.9373816682543427
transit,0.393,0.6896977203313852,0.7014831357727768,0.6720195971692978,0.9373465804621792
transit,0.394,0.6898548026323974,0.7015634843365214,0.6722917800762113,0.9373572638804457
transit,0.395,0.6897477283261801,0.7015664824307684,0.6720195971692978,0.9373248469428488
transit,0.396,0.6897615836765406,0.7015895746813692,0.6720195971692978,0.9372951008598187
transit,0.397,0.689906629537359,0.7016498625114574,0.6722917800762113,0.9373031134235186
transit,0.398,0.6899186884848971,0.7016699607573544,0.6722917800762113,0.9373057842780852
transit,0.399,0.68980136433612,0.7016558757806681,0.6720195971692978,0.9372382795483247
transit,0.4,0.6897911072610264,0.7016387806555122,0.6720195971692978,0.9372031917561614
transit,0.401,0.6899482306551263,0.7017191977077365,0.6722917800762113,0.9372138751744279
transit,0.402,0.6898773637143977,0.701782541411131,0.6720195971692978,0.9371894708005308
transit,0.403,0.6900465810436405,0.7018831150219267,0.6722917800762113,0.937202825073364
transit,0.404,0.6900604700926889,0.7019062634370073,0.6722917800762113,0.9371730789903339
transit,0.405,0.690050215456222,0.7018891723762292,0.6722917800762113,0.9371379911981703
transit,0.406,0.6900297026552157,0.701854984374552,0.6722917800762113,0.9370678156138434
transit,0.40700000000000003,0.6899226456116119,0.7018580112398212,0.6720195971692978,0.9370353986762465
transit,0.40800000000000003,0.6898918652514301,0.7018067106395182,0.6720195971692978,0.9369301352997561
transit,0.40900000000000003,0.6900248914500096,0.7018469656992085,0.6722917800762113,0.9369354770088894
transit,0.41000000000000003,0.6900629457520151,0.7019103895358844,0.6722917800762113,0.9369110726349924
transit,0.41100000000000003,0.6901475254001588,0.7020513556161239,0.6722917800762113,0.9369297686169589
transit,0.41200000000000003,0.6901614395849306,0.7020745459240768,0.6722917800762113,0.9369000225339286
transit,0.41300000000000003,0.690393103289582,0.7020977415559446,0.6728361458900382,0.9368702764508984
transit,0.41400000000000003,0.6904293728319653,0.7021581907932499,0.6728361458900382,0.9368782890145982
transit,0.41500000000000004,0.6904535559967937,0.7021984960679639,0.6728361458900382,0.9368836307237315
transit,0.41600000000000004,0.6903018144896875,0.7021270488273962,0.6725639629831247,0.9367756964926744
transit,0.417,0.6905800334021064,0.7022278364722094,0.6731083287969516,0.9367890507655077
transit,0.418,0.6905697742405722,0.7022107378696526,0.6731083287969516,0.9367539629733441
transit,0.419,0.6906200078533871,0.7022944605576774,0.6731083287969516,0.9367322294540137
transit,0.42,0.6907428247453042,0.7023177001062637,0.673380511703865,0.9367024833709836
transit,0.421,0.6906255340809684,0.7023036709369794,0.6731083287969516,0.9366349786412232
transit,0.422,0.6906515880041724,0.7023470941423196,0.6731083287969516,0.9366079034127597
transit,0.423,0.6906413261750279,0.7023299910937455,0.6731083287969516,0.9365728156205961
transit,0.424,0.6907883703089706,0.7023936093790409,0.673380511703865,0.9365484112466992
transit,0.425,0.6906244850665002,0.7023019225795326,0.6731083287969516,0.9364378061610755
transit,0.426,0.69049323522692,0.7022646281181745,0.6728361458900382,0.9364000475143455
transit,0.427,0.6903517140122652,0.702210214698359,0.6725639629831247,0.9363272010754519
transit,0.428,0.6904642654678674,0.7022163451864203,0.6728361458900382,0.9362623672002581
transit,0.429,0.6903814589210402,0.7022597895463172,0.6725639629831247,0.9362352919717946
transit,0.43,0.6904056887010129,0.7023001725129384,0.6725639629831247,0.9362406336809278
transit,0.431,0.6905751485069858,0.7024011502516175,0.6728361458900382,0.9362539879537609
transit,0.432,0.690744625737935,0.7025021570319241,0.6731083287969516,0.9362673422265941
transit,0.433,0.6909884760896732,0.7025456637422696,0.6736526946107785,0.9362402669981305
transit,0.434,0.6911010652508698,0.7025518570729883,0.6739248775176919,0.9361754331229368
transit,0.435,0.6910061792685669,0.7025751690404258,0.6736526946107785,0.9361456870399065
transit,0.436,0.6908767651258498,0.7025409340738397,0.673380511703865,0.9360755114555797
transit,0.437,0.6908664928625009,0.7025238136349248,0.673380511703865,0.9360404236634161
transit,0.438,0.6908702083081759,0.7025300060443831,0.673380511703865,0.9359755897882225
transit,0.439,0.6909688064646735,0.7025128810339368,0.6736526946107785,0.9359405019960589
transit,0.44,0.6910898128378195,0.7025331030512378,0.6739248775176919,0.9359431728506256
transit,0.441,0.6910692600812361,0.7024988484569323,0.6739248775176919,0.9358729972662987
transit,0.442,0.6910832528612745,0.7025221697569963,0.6739248775176919,0.9358432511832684
transit,0.443,0.6908449482890098,0.7024879060124395,0.673380511703865,0.9357730755989415
transit,0.444,0.6907640688459695,0.7025345622119815,0.6731083287969516,0.9357135834328811
transit,0.445,0.6907883513931974,0.7025750331240279,0.6731083287969516,0.9357189251420144
transit,0.446,0.6908285111551862,0.702641966060676,0.6731083287969516,0.9356621038305205
transit,0.447,0.6909756954460332,0.702705817940812,0.673380511703865,0.9356376994566236
transit,0.448,0.6909794347014325,0.7027120500331442,0.673380511703865,0.9355728655814298
transit,0.449,0.6911023311230707,0.7027354221312656,0.6736526946107785,0.9355431194983996
transit,0.45,0.6910696105626741,0.7026808878639378,0.6736526946107785,0.9354702730595061
transit,0.451,0.6910957902560166,0.7027245206861755,0.6736526946107785,0.9354431978310425
transit,0.452,0.6910009460673192,0.7027479023096219,0.673380511703865,0.9354134517480122
transit,0.453,0.6909457681385925,0.7026559390950775,0.673380511703865,0.9353028466623885
transit,0.454,0.6911032778270069,0.7027369999711591,0.6736526946107785,0.9353135300806551
transit,0.455,0.691203734323103,0.7027229721933772,0.6739248775176919,0.9352460253508947
transit,0.456,0.6911088969073163,0.7027463651050081,0.6736526946107785,0.9352162792678644
transit,0.457,0.6907564020941167,0.7025217842922268,0.6731083287969516,0.9349897273874839
transit,0.458,0.6906250663140037,0.7024843465966473,0.6728361458900382,0.9349519687407538
transit,0.459,0.6907479631524054,0.7025077193893746,0.6731083287969516,0.9349222226577236
transit,0.46,0.6906531169031596,0.7025310975785737,0.6728361458900382,0.9348924765746933
transit,0.461,0.6906793146081802,0.7025747604202748,0.6728361458900382,0.9348654013462298
transit,0.462,0.6904428257239337,0.7025435228224154,0.6722917800762113,0.9347628088243061
transit,0.463,0.6903358171549514,0.7025466304787203,0.6720195971692978,0.9347303918867091
transit,0.464,0.6902325397121739,0.7025559566787003,0.6717474142623843,0.9346331410739186
transit,0.465,0.6899838624367036,0.7025044050954679,0.6712030484485574,0.9345278776974282
transit,0.466,0.6899857259659725,0.7025075109775826,0.6712030484485574,0.9344954607598314
transit,0.467,0.6899669600827082,0.7024762345054754,0.6712030484485574,0.9343928682379075
transit,0.468,0.6898599495224427,0.7024793388429752,0.6709308655416439,0.9343604513003106
transit,0.46900000000000003,0.6899208563753234,0.7025808502644432,0.6709308655416439,0.9343738055731439
transit,0.47000000000000003,0.690068153907534,0.702644890880185,0.6712030484485574,0.9343494011992468
transit,0.47100000000000003,0.6900578389267302,0.7026276992455122,0.6712030484485574,0.9343143134070834
transit,0.47200000000000003,0.6900512641965402,0.702616741361862,0.6712030484485574,0.9342143917397262
transit,0.47300000000000003,0.690030625122461,0.7025823429050635,0.6712030484485574,0.9341442161553992
transit,0.47400000000000003,0.6900343647156485,0.7025885755603759,0.6712030484485574,0.9340793822802056
transit,0.47500000000000003,0.6898129016115085,0.702400925658085,0.6709308655416439,0.933890589046555
transit,0.47600000000000003,0.6898269547915578,0.7024243476248336,0.6709308655416439,0.9338608429635249
transit,0.47700000000000004,0.6898288170091235,0.7024274513207766,0.6709308655416439,0.933828426025928
transit,0.47800000000000004,0.6900606212033187,0.7024508811018838,0.6714752313554708,0.9337986799428978
transit,0.47900000000000004,0.6902717617643068,0.7024398714943129,0.6720195971692978,0.9336987582755407
transit,0.48,0.6903083598819602,0.7025008683570685,0.6720195971692978,0.9337067708392406
transit,0.481,0.6903346315608843,0.7025446544886085,0.6720195971692978,0.9336796956107769
transit,0.482,0.690348705713893,0.7025681114102897,0.6720195971692978,0.9336499495277466
transit,0.483,0.6902951549803104,0.702478860187652,0.6720195971692978,0.9335069275045262
transit,0.484,0.6904303100841818,0.7025226634228287,0.6722917800762113,0.9334798522760626
transit,0.485,0.6906621355567222,0.7025461286678447,0.6728361458900382,0.9334501061930323
transit,0.486,0.6909550325195248,0.7026713797299646,0.673380511703865,0.9334337143828353
transit,0.487,0.6909794647649952,0.702712100139082,0.673380511703865,0.9334390560919685
transit,0.488,0.691003899842369,0.7027528252680383,0.673380511703865,0.9334443978011018
transit,0.489,0.690911012589992,0.7027794684520188,0.6731083287969516,0.9333822347804748
transit,0.49,0.6909006747841933,0.7027622387756877,0.6731083287969516,0.9333471469883112
transit,0.491,0.6909270049881684,0.7028061224489796,0.6731083287969516,0.9333200717598475
transit,0.492,0.6909392294750062,0.7028264965937092,0.6731083287969516,0.9333227426144142
transit,0.493,0.6909655698487314,0.7028703972165846,0.6731083287969516,0.9332956673859507
transit,0.494,0.6908978680107922,0.7027575608200192,0.6731083287969516,0.9331823914457604
transit,0.495,0.6909100948430282,0.7027779388737458,0.6731083287969516,0.933185062300327
transit,0.496,0.6906490879918926,0.7027058379977379,0.6725639629831247,0.93307712806927
transit,0.497,0.6906650816253436,0.7027324940534895,0.6725639629831247,0.9330149650486429
transit,0.498,0.6908003030280394,0.7027764077867069,0.6728361458900382,0.9329878898201793
transit,0.499,0.690670732444084,0.7027419120847235,0.6725639629831247,0.9329177142358523
transit,0.5,0.6904219309771824,0.7026901535157722,0.6720195971692978,0.9328124508593618
transit,0.501,0.6903149397007744,0.7026932899930346,0.6717474142623843,0.9327800339217651
transit,0.502,0.6903412982932676,0.7027372209805232,0.6717474142623843,0.9327529586933014
transit,0.503,0.6901891171023695,0.7026650409336352,0.6714752313554708,0.9326450244622444
transit,0.504,0.6902258385573439,0.7027262433585926,0.6714752313554708,0.9326530370259443
transit,0.505,0.6902277232042093,0.7027293844367015,0.6714752313554708,0.9326206200883476
transit,0.506,0.6901207350166736,0.7027325260620844,0.6712030484485574,0.9325882031507506
transit,0.507,0.6898822689764084,0.7026979932041937,0.6706586826347305,0.9325180275664237
transit,0.508,0.6898511803766331,0.7026461788712348,0.6706586826347305,0.9324127641899332
transit,0.509,0.6898408151018225,0.7026289034132172,0.6706586826347305,0.9323776763977698
transit,0.51,0.6895919657242648,0.7025770649931724,0.6701143168209036,0.9322724130212794
transit,0.511,0.6896305929126523,0.7026414436404848,0.6701143168209036,0.9322480086473823
transit,0.512,0.6896796015866835,0.70272312476387,0.6701143168209036,0.9322586920656488
transit,0.513,0.6895047400871204,0.7026131442025405,0.6698421339139902,0.9321129991878618
transit,0.514,0.6893996290931235,0.7026194144838213,0.6695699510070767,0.932048165312668
transit,0.515,0.6892228578942492,0.7025062510903065,0.6692977681001633,0.9319348893724777
transit,0.516,0.6893807573728802,0.7025879616167492,0.6695699510070767,0.9319455727907442
transit,0.517,0.6892388676146255,0.7025329339576002,0.6692977681001633,0.9318727263518507
transit,0.518,0.6889899738111926,0.7024810214944301,0.6687534022863364,0.9317674629753603
transit,0.519,0.6889465552361543,0.7024086572026996,0.6687534022863364,0.9316595287443032
transit,0.52,0.6889257761362266,0.7023740253694867,0.6687534022863364,0.9315893531599763
transit,0.521,0.6889399084005681,0.7023975791433892,0.6687534022863364,0.9315596070769461
transit,0.522,0.6888206434870889,0.7023802595588663,0.668481219379423,0.9315245192847825
transit,0.523,0.6887894609764491,0.7023282887077998,0.668481219379423,0.9314192559082921
transit,0.524,0.688838523378734,0.7024100593782746,0.668481219379423,0.9314299393265586
transit,0.525,0.6888753276784132,0.70247139987774,0.668481219379423,0.9314379518902585
transit,0.526,0.6888668094007735,0.7024572027483406,0.668481219379423,0.9313704471604982
transit,0.527,0.6887475405192431,0.7024398765503989,0.6682090364725095,0.9313353593683348
transit,0.528,0.6888951086020896,0.7025043680838672,0.668481219379423,0.9313109549944378
transit,0.529,0.6887635645001835,0.7024665831852995,0.6682090364725095,0.9312731963477077
transit,0.53,0.6887654412432442,0.7024697110904007,0.6682090364725095,0.9312407794101107
transit,0.531,0.6888884681781935,0.7024933007107071,0.668481219379423,0.9312110333270807
transit,0.532,0.6885696024645185,0.7023247683971334,0.6679368535655961,0.9310249109479967
transit,0.533,0.6887067744468043,0.7023719330963343,0.6682090364725095,0.9309654187819363
transit,0.534,0.6884682113304428,0.7023372384449496,0.6676646706586826,0.9308952431976093
transit,0.535,0.6883612094925935,0.7023403573198098,0.6673924877517692,0.9308628262600125
transit,0.536,0.6883980584095568,0.7024017721814153,0.6673924877517692,0.9308708388237124
transit,0.537,0.688465285173094,0.702332361516035,0.6676646706586826,0.9307304876550584
transit,0.538,0.6886355957781847,0.7024347572532438,0.6679368535655961,0.9307438419278916
transit,0.539,0.688770928674743,0.7024788568095655,0.6682090364725095,0.930716766699428
transit,0.54,0.6889412700180666,0.7025813037771622,0.668481219379423,0.9307301209722612
transit,0.541,0.6889431557408013,0.7025844466483869,0.668481219379423,0.9306977040346643
transit,0.542,0.68895733984349,0.7026080868195346,0.668481219379423,0.9306679579516342
transit,0.543,0.6890681005206615,0.7026112326768782,0.6687534022863364,0.9306355410140372
transit,0.544,0.6890226750685333,0.702535523589998,0.6687534022863364,0.9305600237205771
transit,0.545,0.6890245590470119,0.702538663554129,0.6687534022863364,0.9305276067829802
transit,0.546,0.6890037247737536,0.7025039397653651,0.6687534022863364,0.9304574311986533
transit,0.547,0.6892602631069655,0.7025685931115003,0.6692977681001633,0.9304330268247563
transit,0.548,0.689179777461628,0.7026159056405467,0.6690255851932498,0.9303735346586959
transit,0.549,0.6890974131234872,0.702660087014921,0.6687534022863364,0.9303464594302322
transit,0.55,0.6891135104472448,0.7026869158878504,0.6687534022863364,0.9302842964096052
transit,0.551,0.6892489079490687,0.7027311231196146,0.6690255851932498,0.9302572211811416
transit,0.552,0.6893104970045567,0.702833771545428,0.6690255851932498,0.9302705754539747
transit,0.553,0.6893493645120825,0.7028985507246376,0.6690255851932498,0.9302461710800778
transit,0.554,0.6892670466446845,0.7029428095502499,0.6687534022863364,0.9302190958516141
transit,0.555,0.6892936097015809,0.7029870813117438,0.6687534022863364,0.9301920206231505
transit,0.556,0.6889272192790583,0.7029207964213665,0.6679368535655961,0.9300192525168998
transit,0.557,0.6889063710060507,0.7028860492996871,0.6679368535655961,0.9299490769325729
transit,0.558,0.6890437268992609,0.702933520517095,0.6682090364725095,0.9298895847665125
transit,0.559,0.6891177523687317,0.7030568962995467,0.6682090364725095,0.9299056098939122
transit,0.56,0.689263648011555,0.7031186004329764,0.668481219379423,0.9299136224576121
transit,0.561,0.6892532250250285,0.7031012287887655,0.668481219379423,0.9298785346654486
transit,0.562,0.6891358457521347,0.7030870519385516,0.6682090364725095,0.9298110299356883
transit,0.5630000000000001,0.6891481899972087,0.7031076256803417,0.6682090364725095,0.9298137007902549
transit,0.5640000000000001,0.6891748025078777,0.7031519798647897,0.6682090364725095,0.9297866255617913
transit,0.5650000000000001,0.6891083957850346,0.7030413019933847,0.6682090364725095,0.9296409326840042
transit,0.5660000000000001,0.6888489161334774,0.7029717464500074,0.6676646706586826,0.9295005815153503
transit,0.5670000000000001,0.6887315192588337,0.7029575402635433,0.6673924877517692,0.92943307678559
transit,0.5680000000000001,0.6887809276257473,0.7030398875417325,0.6673924877517692,0.9294437602038564
transit,0.5690000000000001,0.6886055911822306,0.7029291154071471,0.6671203048448557,0.9292980673260693
transit,0.5700000000000001,0.6884425857218268,0.7028388949110831,0.6668481219379423,0.9291550453028488
transit,0.5710000000000001,0.688421688928712,0.7028040669225586,0.6668481219379423,0.9290848697185219
transit,0.5720000000000001,0.6884483098465637,0.7028484351189779,0.6668481219379423,0.9290577944900582
transit,0.5730000000000001,0.6883432544446995,0.7028547980538132,0.6665759390310289,0.9289929606148646
transit,0.5740000000000001,0.6882505634563596,0.7028817683445223,0.6663037561241154,0.9289307975942375
transit,0.5750000000000001,0.6882895716477109,0.7029467819967746,0.6663037561241154,0.9289063932203405
transit,0.5760000000000001,0.6883019387621021,0.7029673938540933,0.6663037561241154,0.9289090640749071
transit,0.577,0.6881845287560735,0.7029531657819877,0.666031573217202,0.9288415593451469
transit,0.578,0.6880547460053297,0.7029183164686905,0.6657593903102885,0.9287713837608198
transit,0.579,0.6879268707576419,0.7028866463271531,0.6654872074033751,0.9286687912388961
transit,0.58,0.6880291082367915,0.70287558685446,0.6657593903102885,0.9285688695715388
transit,0.581,0.6881208770121523,0.7028470795421192,0.666031573217202,0.9284338601120183
transit,0.582,0.6881599284883838,0.7029121653358383,0.666031573217202,0.9284094557381213
transit,0.583,0.6881513767545104,0.7028979124460494,0.666031573217202,0.928341951008361
transit,0.584,0.6881552070333349,0.7029042962440901,0.666031573217202,0.9282771171331673
transit,0.585,0.6881857330998178,0.7029551730215617,0.666031573217202,0.92818520802951
transit,0.586,0.6881771796291554,0.7029409172371243,0.666031573217202,0.9281177032997496
transit,0.587,0.6882038845760206,0.7029854254818995,0.666031573217202,0.9280906280712862
transit,0.588,0.6883270743316257,0.7030092864699659,0.6663037561241154,0.9280608819882559
transit,0.589,0.6883166003159837,0.7029918297772292,0.6663037561241154,0.9280257941960923
transit,0.59,0.6884998641485669,0.7031158142269255,0.6665759390310289,0.9280418193234922
transit,0.591,0.6886707495836437,0.7032191680141113,0.6668481219379423,0.9280551735963253
transit,0.592,0.6889400579094587,0.7033051046812515,0.6673924877517692,0.928033440076995
transit,0.593,0.6889792290869436,0.70337038997706,0.6673924877517692,0.9280090357030979
transit,0.594,0.689102458651143,0.7033943173127832,0.6676646706586826,0.9279792896200678
transit,0.595,0.6889850597022433,0.7033801076692261,0.6673924877517692,0.9279117848903075
transit,0.596,0.6889745879929439,0.7033626548203936,0.6673924877517692,0.927876697098144
transit,0.597,0.6889173309774904,0.7034486817325801,0.6671203048448557,0.9278549635788136
transit,0.598,0.6889689683928971,0.7035347440915913,0.6671203048448557,0.9278332300594834
transit,0.599,0.6889709217260156,0.7035379996467888,0.6671203048448557,0.9278008131218864
transit,0.6,0.6888391516392159,0.7034998381067318,0.6668481219379423,0.9277630544751563
transit,0.601,0.6886969049029621,0.7034442154842508,0.6665759390310289,0.9276902080362628
transit,0.602,0.6889414533084708,0.7034888856175475,0.6671203048448557,0.9276631328077992
transit,0.603,0.6889224490479017,0.7034572118499323,0.6671203048448557,0.9275605402858753
transit,0.604,0.6893236575431094,0.7035815268614516,0.6679368535655961,0.9275765654132752
transit,0.605,0.6894573995669124,0.703622974963181,0.6682090364725095,0.9275819071224084
transit,0.606,0.6893504859692025,0.7036262409049401,0.6679368535655961,0.9275494901848116
transit,0.607,0.6892435727178685,0.7036295074239926,0.6676646706586826,0.9275170732472147
transit,0.608,0.689153854826811,0.7034799776055632,0.6676646706586826,0.9273336217226975
transit,0.609,0.6890240095114583,0.7034450240179176,0.6673924877517692,0.9272634461383705
transit,0.61,0.6890154718750534,0.7034307946239095,0.6673924877517692,0.9271959414086102
transit,0.611,0.6891301979901749,0.7034405495445031,0.6676646706586826,0.9270986905958196
transit,0.612,0.6890232765018163,0.7034438023351809,0.6673924877517692,0.9270662736582228
transit,0.613,0.689171441840589,0.7035092892951932,0.6676646706586826,0.9270418692843259
transit,0.614,0.6890291335971833,0.7034535641607927,0.6673924877517692,0.9269690228454323
transit,0.615,0.6889117170060799,0.7034393251135627,0.6671203048448557,0.9269015181156719
transit,0.616,0.6890579420312956,0.7035015782176465,0.6673924877517692,0.9269095306793719
transit,0.617,0.6889634781851763,0.70352559374539,0.6671203048448557,0.9268797845963417
transit,0.618,0.6889654357583128,0.7035288563672842,0.6671203048448557,0.9268473676587448
transit,0.619,0.6891136379620664,0.7035944047689311,0.6673924877517692,0.9268229632848478
transit,0.62,0.6890906825730406,0.7035561457872216,0.6673924877517692,0.9267852046381178
transit,0.621,0.6893018483129167,0.7035451781444638,0.6679368535655961,0.9266852829707606
transit,0.622,0.6892073969146111,0.7035692144185635,0.6676646706586826,0.9266555368877303
transit,0.623,0.6890440440583643,0.7034784149294278,0.6673924877517692,0.9265125148645098
transit,0.624,0.6890460008001437,0.7034816761657267,0.6673924877517692,0.926480097926913
transit,0.625,0.6891817640635793,0.7035264930001772,0.6676646706586826,0.9264530226984493
transit,0.626,0.689206700021507,0.7035680529300566,0.6676646706586826,0.9264583644075826
transit,0.627,0.6890577485354838,0.7035012557246269,0.6673924877517692,0.9262855963013319
transit,0.628,0.6890386784153244,0.7034694721910277,0.6673924877517692,0.9261830037794081
transit,0.629,0.6886575104887084,0.7033785581271614,0.6665759390310289,0.9260399817561875
transit,0.63,0.6885755437196751,0.703423402116715,0.6663037561241154,0.926012906527724
transit,0.631,0.688387142163496,0.7032908547943585,0.666031573217202,0.9258645427953702
transit,0.632,0.6885354016068249,0.7033564985952979,0.6663037561241154,0.9258401384214732
transit,0.633,0.6885517911387138,0.7033838144817794,0.6663037561241154,0.9257779754008462
transit,0.634,0.6884343433359297,0.7033695234150815,0.666031573217202,0.9257104706710858
transit,0.635,0.6883168929961196,0.7033552281200071,0.6657593903102885,0.9256429659413254
transit,0.636,0.6882622657864517,0.7032641827705604,0.6657593903102885,0.925499943918105
transit,0.637,0.6881448030465924,0.7032498668087374,0.6654872074033751,0.9254324391883446
transit,0.638,0.6881006879996852,0.7031763417305585,0.6654872074033751,0.9253245049572876
transit,0.639,0.6881151245458602,0.7032004026408504,0.6654872074033751,0.9252947588742574
transit,0.64,0.688022639943684,0.7032277169084988,0.6652150244964616,0.9252325958536303
transit,0.641,0.6878840706721334,0.7031782233938568,0.6649428415895482,0.925094915539543
transit,0.642,0.6874546943064626,0.7030069619315656,0.6641262928688079,0.9249087931604592
transit,0.643,0.6873371995403132,0.7029925925925925,0.6638541099618944,0.9248412884306989
transit,0.644,0.6873535753482999,0.7030198856059036,0.6638541099618944,0.9247791254100718
transit,0.645,0.6873785782783473,0.7030615571559824,0.6638541099618944,0.924784467119205
transit,0.646,0.686961630294766,0.7029110096638406,0.6630375612411541,0.9246010155946878
transit,0.647,0.6869760680778433,0.702935072635636,0.6630375612411541,0.9245712695116576
transit,0.648,0.686942423909395,0.7028789990215555,0.6630375612411541,0.924498423072764
transit,0.649,0.6868981986854185,0.702805290314928,0.6630375612411541,0.9243904888417069
transit,0.65,0.6867575927858258,0.7027524024202159,0.6627653783342407,0.9242852254652165
transit,0.651,0.6870042109379739,0.7028005221312448,0.6633097441480675,0.9242257332991561
transit,0.652,0.6868866857729059,0.7027861021274071,0.6630375612411541,0.9241582285693957
transit,0.653,0.6869638062564315,0.7027331809953408,0.6633097441480675,0.9240529651929053
transit,0.654,0.6869801754864755,0.7027604630454142,0.6633097441480675,0.9239908021722782
transit,0.655,0.686889608819502,0.702790973871734,0.6630375612411541,0.9238962222140543
transit,0.656,0.6864869080822098,0.7026641717900739,0.6622210125204138,0.9236830246065069
transit,0.657,0.6864339054686663,0.7025758341008348,0.6622210125204138,0.9235075856456895
transit,0.658,0.6864252208398646,0.7025613597194984,0.6622210125204138,0.9234400809159292
transit,0.659,0.6862845247127325,0.702508321445554,0.6619488296135003,0.9233348175394387
transit,0.66,0.6860368590951837,0.7024584559588573,0.6614044637996733,0.9231971372253515
transit,0.661,0.6860763694106908,0.7025243064847025,0.6614044637996733,0.9231727328514545
transit,0.662,0.6861072022113214,0.7025756944857534,0.6614044637996733,0.9230808237477972
transit,0.663,0.6859952448040323,0.7023890988069381,0.6614044637996733,0.9228271966389531
transit,0.664,0.6857956096550447,0.7022378288299013,0.6611322808927599,0.9226437451144358
transit,0.665,0.6857530671374349,0.702166924633885,0.6611322808927599,0.9225033939457818
transit,0.666,0.6857694147834936,0.7021941707106494,0.6611322808927599,0.9224412309251548
transit,0.667,0.6857393924047513,0.7021441334127457,0.6611322808927599,0.9223035506110675
transit,0.668,0.685646622149813,0.7019895163211818,0.6611322808927599,0.922152516024147
transit,0.669,0.6853969175954695,0.7019362526064938,0.660587915078933,0.9220472526476567
transit,0.67,0.6854239043006034,0.7019812304483837,0.660587915078933,0.9220201774191932
transit,0.671,0.685150979512944,0.7018892663448358,0.6600435492651061,0.9218771553959726
transit,0.672,0.6848799166140874,0.7018004053892929,0.6594991834512792,0.9217017164351553
transit,0.673,0.6848943549927226,0.7018244693536848,0.6594991834512792,0.921671970352125
transit,0.674,0.6851158751893748,0.7018307591388872,0.6600435492651061,0.9216071364769314
transit,0.675,0.6849536431789249,0.7017418277260797,0.6597713663581927,0.921431697516114
transit,0.676,0.685053723139506,0.7017271723891059,0.6600435492651061,0.9213641927863536
transit,0.677,0.6851058550801922,0.7018140589569162,0.6600435492651061,0.9213424592670233
transit,0.678,0.6849523828955195,0.7017397272537375,0.6597713663581927,0.9212345250359663
transit,0.679,0.6848956619191937,0.70182664756447,0.6594991834512792,0.9212127915166359
transit,0.68,0.6850586032698549,0.7019167612109631,0.6597713663581927,0.9211586410597088
transit,0.681,0.6850517108507488,0.7019052738457863,0.6597713663581927,0.9210587193923516
transit,0.682,0.6850787624866479,0.701950359905618,0.6597713663581927,0.9210316441638879
transit,0.683,0.6850114324627297,0.7020195984703632,0.6594991834512792,0.9209748228523942
transit,0.684,0.684881191038829,0.7019839847018046,0.6592270005443658,0.9209046472680672
transit,0.685,0.6848849906427059,0.7019903173749328,0.6592270005443658,0.9208398133928735
transit,0.686,0.6851071794337804,0.7021791767554479,0.6594991834512792,0.9208638510839732
transit,0.687,0.6848806594156602,0.7021645539344654,0.6589548176374523,0.9207963463542128
transit,0.6880000000000001,0.6850682519863314,0.702114297676366,0.6594991834512792,0.9206586660401256
transit,0.6890000000000001,0.6848543225923243,0.7021206592289055,0.6589548176374523,0.9205938321649318
transit,0.6900000000000001,0.6848940400175562,0.7021868549376253,0.6589548176374523,0.920569427791035
transit,0.6910000000000001,0.6847947347254492,0.7022028013887226,0.6586826347305389,0.9204073431030506
transit,0.6920000000000001,0.6847519426480531,0.7021314812597292,0.6586826347305389,0.9202669919343969
transit,0.6930000000000001,0.6844428393809195,0.7019792196903912,0.658138268916712,0.9200835404098795
transit,0.6940000000000001,0.6844214202250263,0.7019435210972359,0.658138268916712,0.9200133648255526
transit,0.6950000000000001,0.6843930805513168,0.7018962883077199,0.658138268916712,0.9198432675738685
transit,0.6960000000000001,0.6843151488180639,0.7019478573569073,0.6578660860097986,0.9197513584702113
transit,0.6970000000000001,0.684210082521576,0.7019542021340367,0.6575939031028851,0.9196865245950174
transit,0.6980000000000001,0.6838172226702615,0.701843801529006,0.6567773543821448,0.9195084147796335
transit,0.6990000000000001,0.6837762008699404,0.7017754318618042,0.6567773543821448,0.9193356466733827
transit,0.7000000000000001,0.6835991290016348,0.7016617673525705,0.6565051714752314,0.9191899537955956
transit,0.7010000000000001,0.6835435344927057,0.7015691098376886,0.6565051714752314,0.9190469317723751
transit,0.7020000000000001,0.6835940570679033,0.7016533141296847,0.6565051714752314,0.9190576151906416
transit,0.7030000000000001,0.6834763296929776,0.7016385571094172,0.6562329885683179,0.9189901104608813
transit,0.704,0.6833002742451337,0.7017080419055624,0.655688622754491,0.9189332891493875
transit,0.705,0.6830046220583985,0.7017596540748303,0.6548720740337507,0.9188413800457301
transit,0.706,0.682818599327188,0.7016310714607551,0.6545998911268373,0.9186281824381828
transit,0.707,0.6825666946241227,0.701574140831531,0.6540555253130104,0.9185553359992891
transit,0.708,0.6827280485233891,0.7016616087256993,0.6543277082199238,0.9185336024799587
transit,0.709,0.6825393941259046,0.7017100952724431,0.6537833424060969,0.9184741103138984
transit,0.71,0.6824368578859596,0.7015392015392016,0.6537833424060969,0.9182555709972176
transit,0.711,0.6826090106904648,0.7016446676087676,0.6540555253130104,0.9182689252700508
transit,0.712,0.6824678373082722,0.7015908339097224,0.6537833424060969,0.9181636618935602
transit,0.713,0.6823013328784427,0.7014947817979489,0.6535111594991835,0.9180530568079366
transit,0.714,0.6821240357230915,0.7013807418103059,0.65323897659227,0.9179073639301495
transit,0.715,0.6821043522207328,0.7013479359730412,0.65323897659227,0.9178047714082258
transit,0.716,0.6821461037738148,0.7014175218948445,0.65323897659227,0.9177479500967318
transit,0.717,0.6819105504558214,0.7013878435740735,0.6526946107784432,0.9176129406372113
transit,0.718,0.6819631198307992,0.7014754591990365,0.6526946107784432,0.9175912071178809
transit,0.719,0.6820011436157407,0.7015388321739392,0.6526946107784432,0.9175992196815808
transit,0.72,0.681729453650515,0.7014489261077809,0.6521502449646163,0.9174237807207635
transit,0.721,0.6816735960274254,0.701355830069298,0.6521502449646163,0.9172807586975429
transit,0.722,0.6815684861538429,0.7013621022179364,0.6518780620577028,0.9172159248223493
transit,0.723,0.6814652604771958,0.7013715146948002,0.6516058791507894,0.9171186740095587
transit,0.724,0.6815921481325002,0.7015829941203076,0.6516058791507894,0.9171453825552249
transit,0.725,0.6814743711392874,0.701568154402895,0.6513336962438759,0.9170778778254646
transit,0.726,0.6812623099524787,0.7015776296340985,0.6507893304300489,0.9169806270126741
transit,0.727,0.6810375507621573,0.7015659415261142,0.650244964616222,0.916880705345317
transit,0.728,0.6812099370465527,0.701671796728831,0.6505171475231355,0.9168940596181501
transit,0.729,0.68110296547528,0.7016749660479854,0.650244964616222,0.9168616426805531
transit,0.73,0.6809635738320662,0.7016241019139046,0.6499727817093086,0.916723962366466
transit,0.731,0.680847689246183,0.7016124162087083,0.6497005988023952,0.9166240406991087
transit,0.732,0.6809584619212291,0.7016155820625095,0.6499727817093086,0.9165916237615119
transit,0.733,0.6807809009725272,0.7015011024192818,0.6497005988023952,0.9164459308837247
transit,0.734,0.6807719746587058,0.7014862252295795,0.6497005988023952,0.9163784261539645
transit,0.735,0.6806089804272082,0.7013960234483593,0.6494284158954817,0.9162029871931471
transit,0.736,0.6805528731029438,0.7014839665125275,0.6491562329885683,0.9161812536738168
transit,0.737,0.6803681587164179,0.7015390197442022,0.6486118671747414,0.9160569276325626
transit,0.738,0.6802395209580838,0.7015060787515878,0.648339684267828,0.9159543351106387
transit,0.739,0.6801089798559622,0.7014699655193273,0.6480675013609145,0.9158841595263119
transit,0.74,0.6799803267462956,0.7014369989411587,0.6477953184540011,0.9157815670043881
transit,0.741,0.6798516652573245,0.7014040183974826,0.6475231355470876,0.9156789744824643
transit,0.742,0.6795796911973784,0.7013136388401235,0.6469787697332607,0.9155035355216469
transit,0.743,0.6793567572985393,0.7013049928846095,0.6464344039194339,0.9153711969166929
transit,0.744,0.6791934423382857,0.7010328012841869,0.6464344039194339,0.9150744694519853
transit,0.745,0.6790755754279089,0.7010178117048345,0.6461622210125204,0.915006964722225
transit,0.746,0.6790684516094683,0.7010059386741001,0.6461622210125204,0.9149070430548678
transit,0.747,0.6785440815773531,0.7008578097056773,0.6450734893848666,0.9146587576551568
transit,0.748,0.6782376783215666,0.7008915034265267,0.6442569406641263,0.9145317607593362
transit,0.749,0.6780037619285924,0.700864553314121,0.6437125748502994,0.9143643343622186
transit,0.75,0.678007497247987,0.7008707788464456,0.6437125748502994,0.9142995004870249
transit,0.751,0.6776879592451471,0.7007011260509303,0.6431682090364725,0.9140485442327474
transit,0.752,0.6772977636040045,0.7005951657961861,0.6423516603157322,0.9138056005421696
transit,0.753,0.6770254510611958,0.7005042221007228,0.6418072945019053,0.9136301615813522
transit,0.754,0.6770546915140756,0.7005529561888558,0.6418072945019053,0.9135706694152919
transit,0.755,0.6769513793895543,0.7005622245859292,0.6415351115949919,0.9134734186025013
transit,0.756,0.6768608486298142,0.700592795257638,0.6412629286880784,0.9133788386442774
transit,0.757,0.6768390013983107,0.7005563832051321,0.6412629286880784,0.9133086630599505
transit,0.758,0.6764340264394899,0.7004257907542579,0.640446379967338,0.913095465452403
transit,0.759,0.6763544196370197,0.7004745680214165,0.6401741970604246,0.9130359732863426
transit,0.76,0.6763690581596937,0.7004989655592065,0.6401741970604246,0.9130062272033124
transit,0.761,0.6763515780760372,0.7006512873577212,0.6399020141535111,0.9129925062476819
transit,0.762,0.6763134136818667,0.7005876800341037,0.6399020141535111,0.9127549042662375
transit,0.763,0.6761717132204298,0.7005329678696512,0.6396298312465977,0.9126496408897471
transit,0.764,0.6755982165340033,0.7004844164153184,0.6382689167120305,0.9124795436380629
transit,0.765,0.67562940016037,0.7005363891259296,0.6382689167120305,0.9123876345344055
transit,0.766,0.6756715577831873,0.7006066518306252,0.6382689167120305,0.9123308132229118
transit,0.767,0.6750843209232359,0.7003537448158087,0.6371801850843767,0.9120367566127708
transit,0.768,0.6744009235951525,0.7001220256253813,0.6358192705498095,0.9117453708571965
transit,0.769,0.674465874681847,0.7000488221652631,0.6360914534567229,0.9116050196885427
transit,0.77,0.6746187146187146,0.7001221001221001,0.6363636363636364,0.911515781439452
transit,0.771,0.6746964638262011,0.7000702268633019,0.6366358192705498,0.9113781011253648
transit,0.772,0.6747624424197614,0.7001801911859022,0.6366358192705498,0.9113590384606011
transit,0.773,0.6747532952688529,0.7001649459343882,0.6366358192705498,0.9112915337308407
transit,0.774,0.6744083730940378,0.7001344414568565,0.6358192705498095,0.9111565242713201
transit,0.775,0.6746236572523474,0.7003117931160971,0.6360914534567229,0.9111130572326593
transit,0.776,0.6744726490510402,0.7002415680518607,0.6358192705498095,0.9109402891264087
transit,0.777,0.674369321384925,0.7002508105462777,0.635547087642896,0.9108430383136181
transit,0.778,0.6741571236100122,0.700260058130641,0.6350027218290691,0.9107457875008276
transit,0.779,0.674078214274873,0.7001285425720756,0.6350027218290691,0.9105325898932801
transit,0.78,0.6739399774940351,0.7000796032086215,0.6347305389221557,0.9103624926415961
transit,0.781,0.6742404486159908,0.7002174778693295,0.6352749047359826,0.9102812669562053
transit,0.782,0.6742974963676418,0.7003125574554147,0.6352749047359826,0.9101946995616812
transit,0.783,0.6737351663402936,0.7001011618282702,0.6341861731083288,0.9099059846606735
transit,0.784,0.6730178438214931,0.6998129006533141,0.6328252585737616,0.9095093355286088
transit,0.785,0.6728776455578971,0.6997606921519298,0.6325530756668482,0.9093716552145215
transit,0.786,0.6727908026807434,0.699797409294616,0.6322808927599347,0.9092122413811039
transit,0.787,0.672300003730731,0.6997052321296977,0.6311921611322809,0.9090368024202866
transit,0.788,0.6721873683252273,0.6996989617251337,0.6309199782253675,0.9088720468777356
transit,0.789,0.6719529553914624,0.6996711840447436,0.6303756124115406,0.9087046204806182
transit,0.79,0.6713772073536728,0.6994374250668636,0.6292868807838867,0.908413234725044
transit,0.791,0.6707404480005421,0.699101980563415,0.628198149156233,0.9080436608214428
transit,0.792,0.6705187775053213,0.6990954402805981,0.6276537833424061,0.9078789052788919
transit,0.793,0.670223230197839,0.6989657719773456,0.6271094175285792,0.9076332907337475
transit,0.794,0.6702637534654677,0.6990333107567268,0.6271094175285792,0.9076088863598506
transit,0.795,0.6700661019942258,0.6990668021805414,0.6265650517147523,0.9074818894640299
transit,0.796,0.6693587633058089,0.6987951807228915,0.6252041371801851,0.9071203281241286
transit,0.797,0.669122300187267,0.6987639860678728,0.6246597713663582,0.906985318664608
transit,0.798,0.6688506025540375,0.6986740672217083,0.6241154055525313,0.9067774627661938
transit,0.799,0.6685065919922301,0.6984636268279137,0.6235710397387044,0.9064563309275893
transit,0.8,0.6683642230585618,0.6984078005430758,0.623298856831791,0.9063510675510988
transit,0.801,0.6680794479691068,0.6982960859365354,0.6227544910179641,0.906140540798118
transit,0.802,0.667330974717363,0.6979559068733403,0.6213935764833969,0.9058033838321137
transit,0.803,0.6673750002480199,0.6980292827577687,0.6213935764833969,0.9057141455830231
transit,0.804,0.6673802330033696,0.6980380040166847,0.6213935764833969,0.9056168947702324
transit,0.805,0.6670098953895862,0.6977836852029304,0.62084921066957,0.9052904212224947
transit,0.806,0.6668950040549699,0.6977736549165121,0.6205770277626566,0.9051580826175407
transit,0.807,0.6665987233825139,0.6976427643383034,0.6200326619488297,0.9049124680723963
transit,0.808,0.6662781880649694,0.697471449351614,0.6194882961350027,0.904629094880522
transit,0.809,0.6659964245113397,0.6973647539714488,0.6189439303211758,0.9043537342523474
transit,0.81,0.6658814367142956,0.6973545629143176,0.6186717474142623,0.9042213956473935
transit,0.811,0.6658917091318344,0.6973716836102157,0.6186717474142623,0.9040268940218124
transit,0.812,0.6653988777162231,0.6970946637313572,0.617855198693522,0.903697749619508
transit,0.8130000000000001,0.6649837399593286,0.6969471332836933,0.6170386499727817,0.9033846303446034
transit,0.8140000000000001,0.6650993797068129,0.6969584109248914,0.6173108328796951,0.9032549625942159
transit,0.8150000000000001,0.664890098703385,0.6969725197950629,0.6167664670658682,0.9030928779062317
transit,0.8160000000000001,0.6646146122719317,0.6966948310139164,0.6164942841589548,0.9027637335039272
transit,0.8170000000000001,0.664194156756853,0.6965384376359455,0.6156777354382145,0.9025478650418132
transit,0.8180000000000001,0.6642737672241155,0.6966711217480496,0.6156777354382145,0.9025314732316161
transit,0.8190000000000001,0.664148973508089,0.6966445874926144,0.615405552531301,0.9023316298969017
transit,0.8200000000000001,0.6636325331272153,0.6965096746095938,0.6143168209036473,0.9021184322893543
transit,0.8210000000000001,0.6634314626970644,0.6961745572260092,0.6143168209036473,0.9016840245105595
transit,0.8220000000000001,0.6632724261377996,0.6960909515651768,0.6140446379967338,0.9013789177993548
transit,0.8230000000000001,0.6630612810914036,0.696101953697068,0.6135002721829069,0.9012492500489673
transit,0.8240000000000001,0.6631199704562285,0.6961997693051096,0.6135002721829069,0.9011302657168464
transit,0.8250000000000001,0.6629933315187806,0.6961701596806388,0.6132280892759935,0.9009628393197289
transit,0.8260000000000001,0.6627332301047411,0.6959181125951817,0.61295590636908,0.9005715318967975
transit,0.8270000000000001,0.6623380003474995,0.6956223068756636,0.6124115405552532,0.9001748827647327
transit,0.8280000000000001,0.662051798990092,0.6955082151558692,0.6118671747414263,0.8999643560117518
transit,0.8290000000000001,0.6617051970756338,0.6952934558409901,0.6113228089275994,0.8996432241731473
transit,0.8300000000000001,0.6615762125585952,0.6950784816459258,0.6113228089275994,0.8993220923345429
transit,0.8310000000000001,0.6616217503423977,0.6951543779522632,0.6113228089275994,0.8992004371478554
transit,0.8320000000000001,0.6611790299043399,0.6949608763693271,0.610506260206859,0.8988819761638174
transit,0.833,0.6603435948641816,0.6944757609921082,0.6091453456722917,0.8983640385278626
transit,0.834,0.6601919118885312,0.6944044113039665,0.6088731627653783,0.8981588534840149
transit,0.835,0.6598240060767749,0.6943356007648663,0.608056614044638,0.8979212515025705
transit,0.836,0.65936336779253,0.6942936913762273,0.6069678824169842,0.897621486500499
transit,0.837,0.6593015259825022,0.6943720769641232,0.6066956995100707,0.8974674143762147
transit,0.838,0.6589565714505685,0.6943415185580607,0.6058791507893304,0.8972999879790972
transit,0.839,0.658636663401042,0.6941712490180676,0.6053347849755035,0.8969517809120291
transit,0.84,0.6580595996961054,0.6939352972616091,0.6042460533478498,0.896595561281261
transit,0.841,0.657788715783711,0.6938467346168364,0.6037016875340229,0.8963228715076531
transit,0.842,0.6571605076592019,0.6935255421610903,0.6026129559063691,0.8959235515210218
transit,0.843,0.6567543378947214,0.6933929583674497,0.6017964071856288,0.8956455200382807
transit,0.844,0.6566908516888642,0.6934686032956301,0.6015242242787153,0.8955238648515931
transit,0.845,0.656452960121434,0.6934350278924643,0.6009798584648884,0.8953888553920725
transit,0.846,0.6559200207096921,0.6930911613533882,0.6001633097441481,0.8949868645508745
transit,0.847,0.6557777981989362,0.6930355791067373,0.5998911268372347,0.8948491842367872
transit,0.848,0.6554903136482877,0.692919348731541,0.5993467610234078,0.8946386574838063
transit,0.849,0.6548528813408323,0.6927642379088268,0.5979858464888405,0.8943579551464986
transit,0.85,0.6547296178305719,0.6927402539963353,0.597713663581927,0.8940932779365905
transit,0.851,0.6547137252715569,0.6927137663979769,0.597713663581927,0.8938610176642794
transit,0.852,0.6543924866153061,0.6925412791801101,0.5971692977681001,0.8935128105972112
transit,0.853,0.6536093210864953,0.6923247349264124,0.5955362003266195,0.8931592618210099
transit,0.854,0.6533740415096042,0.6922955128408119,0.5949918345127926,0.8929594184862956
transit,0.855,0.6527900408083769,0.6918665441525933,0.5941752857920523,0.8924819103516374
transit,0.856,0.6526048435006545,0.6917393372443317,0.5939031028851388,0.8921066280561056
transit,0.857,0.6519419739838549,0.6913603758014347,0.592814371257485,0.8915372108177902
transit,0.858,0.6516065983789496,0.6911643270024773,0.5922700054436582,0.8911863328961555
transit,0.859,0.6508889854989418,0.6906941266209001,0.5911812738160044,0.8906386491771703
transit,0.86,0.6505191182191628,0.6904405916971529,0.5906369080021775,0.8901500909414484
transit,0.861,0.6501783824900343,0.6904170646290991,0.5898203592814372,0.8898529967939435
transit,0.862,0.6495170177751299,0.6902220664606367,0.5884594447468698,0.8894697019347119
transit,0.863,0.6489670364435535,0.6900312519931118,0.5873707131192161,0.8890215732002866
transit,0.864,0.6486055109998912,0.6897916201295593,0.5868263473053892,0.8886329366319217
transit,0.865,0.6477607035484765,0.6894723393381884,0.5851932498639085,0.888103948894903
transit,0.866,0.6470601836123182,0.6892120824676362,0.5838323353293413,0.8876802245343747
transit,0.867,0.646677817234114,0.689119170984456,0.583015786608601,0.8874075347607668
transit,0.868,0.6461959563587294,0.6888604353393085,0.5821992378878607,0.8869513934626416
transit,0.869,0.645689890790206,0.6885613585389299,0.5813826891671203,0.8864250765801895
transit,0.87,0.645414767694847,0.6884657305892159,0.5808383233532934,0.8861848037441784
transit,0.871,0.6451421048698536,0.6880112925475602,0.5808383233532934,0.88563979087976
transit,0.872,0.6447362744701347,0.6878792743618558,0.5800217746325531,0.8852645085842282
transit,0.873,0.6437538282554722,0.6875120509030144,0.5781164942841589,0.8847301791380762
transit,0.874,0.6430394139022166,0.6872286366706333,0.5767555797495917,0.8842713669853844
transit,0.875,0.6426501706182376,0.6869428084065528,0.5762112139357648,0.8838449717702894
transit,0.876,0.6420402454007612,0.6868335427338037,0.5748502994011976,0.8834399433917276
transit,0.877,0.6418729006672207,0.6869175453871207,0.5743059335873707,0.8831562035170559
transit,0.878,0.6411951750030958,0.6866952789699572,0.5729450190528035,0.8827702378032576
transit,0.879,0.6407153020612929,0.686439856547446,0.5721284703320632,0.8821844287547451
transit,0.88,0.6397555524441559,0.685747550208596,0.5707675557974959,0.8814155348645126
transit,0.881,0.6389058874470287,0.6854201735077042,0.5691344583560153,0.8808865471274938
transit,0.882,0.6381847335768943,0.6853069820184675,0.5675013609145345,0.8805139356865288
transit,0.883,0.6373211355283401,0.6849563835651976,0.5658682634730539,0.8799822770949434
transit,0.884,0.6360845162930003,0.6845284489477786,0.5634186173108329,0.8792130165219136
transit,0.885,0.635271316444133,0.6842618474939869,0.5617855198693522,0.8787568752237884
transit,0.886,0.6344422764664988,0.6837873905543079,0.560424605334785,0.8779822729416253
transit,0.887,0.6336362300594556,0.6833512562322807,0.5590636908002178,0.877310263181386
transit,0.888,0.6331962930689907,0.6835253042712175,0.5577027762656506,0.8769723728497872
transit,0.889,0.6329626586672723,0.6834988241442382,0.5571584104518236,0.8766104448270886
transit,0.89,0.6325471907272434,0.6831692881200745,0.5566140446379967,0.8760166232148762
transit,0.891,0.6321527027010652,0.6830561738902711,0.5557974959172564,0.8755791778987174
transit,0.892,0.6309518473703443,0.6825063905092745,0.5536200326619488,0.8748613969280481
transit,0.893,0.6299680024346439,0.6819553805774279,0.5519869352204682,0.874143615957379
transit,0.894,0.6289583014212987,0.6813612771828396,0.5503538377789875,0.8733556594023828
transit,0.895,0.6283719639543859,0.6811098691564206,0.5492651061513337,0.872934605896421
transit,0.896,0.6275462895000417,0.6806410214222252,0.5479041916167665,0.8723247591568088
transit,0.897,0.6271354524153274,0.6805006587615283,0.5470876428960262,0.8719170599236803
transit,0.898,0.6261560823046628,0.679775651600132,0.5457267283614589,0.8709185766157033
transit,0.899,0.6244835772668175,0.6788026959164795,0.5430048992923244,0.8698582969698965
transit,0.9,0.6228895242875356,0.6779604936637661,0.54028307022319,0.8688464593890863
transit,0.901,0.6223337740361874,0.6775786090586793,0.5394665215024497,0.8681500452549501
transit,0.902,0.6207939394095972,0.6766453154558428,0.5370168753402287,0.8670302734430828
transit,0.903,0.6195438364295625,0.6761949079305989,0.5345672291780076,0.866261012870053
transit,0.904,0.6188223600618572,0.6758997236741352,0.5332063146434404,0.8655428652165865
transit,0.905,0.6173600216649934,0.6749141351829004,0.5310288513881328,0.864417751695586
transit,0.906,0.6153932625122426,0.6739951217882322,0.5274904735982581,0.8632033999254949
transit,0.907,0.614290302199544,0.6734270414993306,0.5255851932498639,0.8623235342668414
transit,0.908,0.6133654636297757,0.6726114649681528,0.5244964616222101,0.8612846214575677
transit,0.909,0.6120966607137545,0.6719484356116557,0.5223189983669025,0.8604264893182445
transit,0.91,0.6097688779857038,0.6709720820719812,0.5179640718562875,0.8592067958390202
transit,0.911,0.608199818963006,0.6701715364135746,0.5152422427871529,0.8581057200091193
transit,0.912,0.605961786045436,0.6693447658913682,0.5108873162765378,0.8570668071998455
transit,0.913,0.6038596443998405,0.6682001150086256,0.5073489384866631,0.8557311669258643
transit,0.914,0.6033312347476363,0.6678637980687786,0.5065323897659227,0.8550103484178311
transit,0.915,0.6020137931508591,0.6669382489730795,0.5046271094175285,0.8538310844399033
transit,0.916,0.6003812041561353,0.6662132752992383,0.5016330974414807,0.8528703597786564
transit,0.917,0.5977105446454043,0.6644840051838211,0.497550353837779,0.850916860201363
transit,0.918,0.5952138759166028,0.6634076302475044,0.49292324442025043,0.8495270694704545
transit,0.919,0.5940638360365247,0.6625796287416946,0.4912901469787697,0.8484584105781505
transit,0.92,0.5921066770146123,0.6614951602938148,0.4880239520958084,0.8471334537224358
transit,0.921,0.5899123383327388,0.6601968476839424,0.4844855743059336,0.8455575406124434
transit,0.922,0.5871116022039679,0.6584322384764008,0.48013064779531844,0.8437337087855373
transit,0.923,0.5854974395603807,0.6573750648452361,0.47768100163309746,0.842381676701359
transit,0.924,0.5828788171457671,0.6559139784946236,0.4733260751224823,0.8406276537759825
transit,0.925,0.5801347766836508,0.6544253173361154,0.46869896570495373,0.8389682108088301
transit,0.926,0.5783624728927927,0.6529231198548905,0.4665215024496462,0.8371791000912903
transit,0.927,0.5757761917971995,0.6511530251600938,0.46271094175285793,0.8351985252855332
transit,0.928,0.5736390859428628,0.6501315558673917,0.4589003810560697,0.8338545057650547
transit,0.929,0.5713940362518207,0.6489301801801802,0.4550898203592814,0.832232454761835
transit,0.93,0.5701694448067915,0.6476150155235675,0.45400108873162764,0.8307267172361696
transit,0.931,0.5682438486171993,0.6462202412536702,0.4512792596624932,0.8291481332716106
transit,0.932,0.5659180883559712,0.644884347949482,0.44746869896570496,0.8275451449331546
transit,0.933,0.5625283634516646,0.6430453671390925,0.4417528579205226,0.8254024854394133
transit,0.934,0.5608890052048746,0.6419462008359232,0.43930321175830156,0.8238612934387872
transit,0.935,0.5580154586773879,0.6400602409638555,0.4349482852476865,0.8217159630904793
transit,0.936,0.5557471084349315,0.6380942099391845,0.432226456178552,0.8195950371160684
transit,0.937,0.553145689594015,0.6361174303975735,0.4286880783886772,0.8175065280792544
transit,0.9380000000000001,0.5511443536729392,0.6347778785131459,0.4256940664126293,0.8155576368454995
transit,0.9390000000000001,0.5480999746681255,0.6324257425742574,0.4216113228089276,0.8132048172815749
transit,0.9400000000000001,0.544417072618081,0.6295537673738113,0.4167120304844856,0.8102825804793347
transit,0.9410000000000001,0.5411902085222992,0.6268974896166427,0.4126292868807839,0.8074843030355512
transit,0.9420000000000001,0.5381806274945831,0.6246033503062504,0.4085465432770822,0.8051772546820565
transit,0.9430000000000001,0.5335769387353013,0.6209225516755112,0.4025585193249864,0.8016291460128043
transit,0.9440000000000001,0.5312922435968226,0.6194736449712965,0.3990201415351116,0.7996478378414527
transit,0.9450000000000001,0.5273202216196192,0.6166641690394126,0.39330430048992926,0.7968118017509391
transit,0.9460000000000001,0.524376317665783,0.6146609467900955,0.3889493739793141,0.7945799040081073
transit,0.9470000000000001,0.5208704131966112,0.6117210570152193,0.384594447468699,0.7914494446246555
transit,0.9480000000000001,0.5167493132032618,0.6088445729943675,0.3786064235166032,0.7885836624511118
transit,0.9490000000000001,0.5126982126818853,0.6064476653026886,0.37207403375068043,0.7860927958903026
transit,0.9500000000000001,0.5092672963404585,0.6038142110119963,0.3674469243331519,0.7833563147843489
transit,0.9510000000000001,0.5044236172330121,0.5999148837389252,0.3611867174741426,0.7797838017411997
transit,0.9520000000000001,0.5001541112251011,0.5962466905466438,0.35601524224278713,0.776337918911074
transit,0.9530000000000001,0.49472164802622925,0.5922733328109083,0.3483941208492107,0.7727680767224915
transit,0.9540000000000001,0.490274780421158,0.5883095369566932,0.3432226456178552,0.769173830160012
transit,0.9550000000000001,0.48673144298678694,0.5851258036352093,0.3391399020141535,0.7661135463608872
transit,0.9560000000000001,0.4826184047887473,0.58117402431222,0.33478497550353836,0.7623759110923898
transit,0.9570000000000001,0.4775461445319214,0.5765308179142984,0.329069134458356,0.7582229307098615
transit,0.9580000000000001,0.47217376671493894,0.572113236667885,0.3222645617855199,0.7543533235192075
transit,0.9590000000000001,0.46783215395572975,0.5685063208280489,0.31682090364725096,0.7509879330088779
transit,0.96,0.46152763116956524,0.5627166199042746,0.30974414806750133,0.7463253942368917
transit,0.961,0.4540922621847472,0.5566752727575581,0.3002177463255308,0.7414603412756247
transit,0.962,0.4484672619268903,0.5512922882958605,0.2942297223734349,0.736991570763625
transit,0.963,0.44382060371317555,0.5469955080939063,0.28905824714207945,0.7332726314770941
transit,0.964,0.4368866787167135,0.5405197140288539,0.281437125748503,0.7282104060356792
transit,0.965,0.4321949153772392,0.5352404822609222,0.27762656505171474,0.7239411121755965
transit,0.966,0.4253526641462696,0.5278287461773701,0.27163854109961894,0.7184662124747172
transit,0.967,0.4185287521961113,0.5206290308331124,0.2653783342406097,0.7131557016335914
transit,0.968,0.4124058825951881,0.5140533535904197,0.2599346761023408,0.7081468932835092
transit,0.969,0.4059189987606572,0.5070524412296564,0.2542188350571584,0.7030167964295367
transit,0.97,0.3974761370793664,0.498787573774992,0.24550898203592814,0.6973717994769734
transit,0.971,0.38935481449237325,0.4896069626406184,0.23897659227000545,0.6914655295346631
transit,0.972,0.38300904523629353,0.4817525096162867,0.23489384866630375,0.6860356676786192
transit,0.973,0.3760427197552947,0.4728637962170897,0.23081110506260208,0.6803041033315318
transit,0.974,0.36642787972628654,0.463008542058781,0.2215568862275449,0.6739649964166015
transit,0.975,0.3554773498528845,0.45074568288854,0.2125748502994012,0.6666578856423189
transit,0.976,0.344289889121279,0.4389952153110048,0.20223189983669027,0.6598309538572612
transit,0.977,0.3345057468247992,0.4275876038079806,0.19488296135002722,0.6533167746643108
transit,0.978,0.3241569331037236,0.4150574179926876,0.18780620577027762,0.6464330215677593
transit,0.979,0.3124126340710123,0.40165306549487345,0.17855198693522048,0.6395202557537722
transit,0.98,0.3004148011288571,0.38601160376856336,0.17201959716929777,0.6317874831299894
transit,0.981,0.28908006541117076,0.37274549098196397,0.16358192705498095,0.6251733822696819
transit,0.982,0.2773605067105426,0.35793073020075006,0.15650517147523135,0.6181332528770768
transit,0.983,0.2663142310513187,0.3431493761942228,0.15106151333696244,0.6112735374716248
transit,0.984,0.25275749780386714,0.3249097472924187,0.14452912357103972,0.6033760093052912
transit,0.985,0.2383542579085034,0.3056221845199789,0.13745236799129015,0.5953163964509733
transit,0.986,0.2248249508463963,0.2867024448419797,0.13200870985302124,0.5877697462062744
transit,0.987,0.20992969102493556,0.26550611723172435,0.12656505171475232,0.5796647288243237
transit,0.988,0.19742140800973385,0.247562263213465,0.12221012520413718,0.5729400228783925
transit,0.989,0.182389306352729,0.22559350006347598,0.1175830157866086,0.5651340371329189
transit,0.99,0.16772889967129045,0.20242967582667445,0.11567773543821448,0.5572441548474878
transit,0.991,0.15219865877529276,0.17872340425531916,0.11241154055525313,0.5495350532320074
transit,0.992,0.1358153565666436,0.152506632201891,0.11077844311377245,0.5414246941409234
transit,0.993,0.1184012340624216,0.1242089157799569,0.10968971148611867,0.5330667830157234
transit,0.994,0.10084883155558724,0.09513636687317525,0.10941752857920523,0.5248675523583461
transit,0.995,0.08359718636847306,0.06692799070847852,0.10860097985846488,0.5172117637592129
transit,0.996,0.06786848873340984,0.04143931573514231,0.10751224823081111,0.5105060164030599
transit,0.997,0.05459139468049319,0.019855191460774798,0.10669569951007077,0.5049631412146377
transit,0.998,0.04511932553596532,0.004068409553228358,0.10669569951007077,0.5010088000434463
transit,0.999,0.04267827980402831,0.0,0.10669569951007077,0.5
transit,1.0,0.04267827980402831,0.0,0.10669569951007077,0.5
victim,0.0,0.04617642826305944,0.07696071377176573,0.0,0.5
victim,0.001,0.7887742901286159,0.732333851357528,0.8734349482852477,0.9841267288863518
victim,0.002,0.8048823892738818,0.7406722455961902,0.9011976047904192,0.9847088038529198
victim,0.003,0.8149729793359507,0.7451509372528955,0.9197060424605334,0.9850465960431644
victim,0.004,0.8203528798231874,0.7475850482990339,0.9295046271094175,0.9852284841456038
victim,0.005,0.8258582530149903,0.7500468252481738,0.939575394665215,0.9853532404546099
victim,0.006,0.8294880353563718,0.7515600807019189,0.9463799673380512,0.985464971717537
victim,0.007,0.8313905414330398,0.7523720056364491,0.949918345127926,0.9855247349511956
victim,0.008,0.8334216337134729,0.7533982409105876,0.9534567229178008,0.9856000885936349
victim,0.009000000000000001,0.8356082047861382,0.7543206969625619,0.9575394665215025,0.9856676470316837
victim,0.01,0.8364821440471666,0.7546885307699557,0.9591725639629831,0.9856364992528848
victim,0.011,0.8376286476283425,0.7553291831729863,0.9610778443113772,0.9856832704792263
victim,0.012,0.8388708541444987,0.7559478851963746,0.9632553075666848,0.9856703115106713
victim,0.013000000000000001,0.8396508623350458,0.7563406224909082,0.9646162221012521,0.9856988939267689
victim,0.014,0.8398454843519837,0.7564835372478624,0.9648884050081655,0.9857092875326225
victim,0.015,0.8404311154992384,0.7567337680748512,0.9659771366358193,0.9857274763428665
victim,0.016,0.8407990996799294,0.7569841645001182,0.9665215024496462,0.9857456651531105
victim,0.017,0.8409938676937562,0.7571273225852205,0.9667936853565596,0.9857560587589641
victim,0.018000000000000002,0.8414279014432722,0.7573063463539204,0.9676102340773,0.9857690507662813
victim,0.019,0.8420861258173055,0.7576775658922066,0.9686989657049537,0.9857379029874822
victim,0.02,0.8425418520996193,0.757892743882236,0.9695155144256941,0.9857534933962628
victim,0.021,0.8427368372060156,0.7580362637882877,0.9697876973326075,0.9857638870021164
victim,0.022,0.8430622693347174,0.758215740126906,0.9703320631464344,0.9857768790094336
victim,0.023,0.8431347199156407,0.7583364910951117,0.9703320631464344,0.9857275424203906
victim,0.024,0.8431778276271195,0.7584083372809095,0.9703320631464344,0.9857327392233175
victim,0.025,0.8433298166703442,0.7584801970816751,0.9706042460533478,0.9857379360262444
victim,0.026000000000000002,0.8436553884515564,0.7586599061744775,0.9711486118671747,0.9857509280335615
victim,0.027,0.8436553884515564,0.7586599061744775,0.9711486118671747,0.9857509280335615
victim,0.028,0.8439378545795096,0.7587677725118483,0.9716929776810016,0.9857587232379517
victim,0.029,0.8440025927882844,0.7588756695264729,0.9716929776810016,0.9857665184423419
victim,0.03,0.8443498707818393,0.7590915556398464,0.9722373434948285,0.9857821088511225
victim,0.031,0.8446324105823393,0.7591995447647951,0.9727817093086554,0.9857899040555127
victim,0.032,0.8449365768901995,0.7593435780686777,0.9733260751224823,0.9858002976613665
victim,0.033,0.8450965924569787,0.7594288154087006,0.9735982580293957,0.9857483626708601
victim,0.034,0.845430387300091,0.7596222296046699,0.9741426238432227,0.985704222884744
victim,0.035,0.8454736521287742,0.7596943376524753,0.9741426238432227,0.9857094196876708
victim,0.036000000000000004,0.845538564775113,0.7598025253963733,0.9741426238432227,0.9857172148920611
victim,0.037,0.8455602064326131,0.7598385948255401,0.9741426238432227,0.9857198132935245
victim,0.038,0.8457340168981362,0.7599468236634697,0.9744148067501361,0.9857276084979147
victim,0.039,0.8457419899397145,0.7599601120661,0.9744148067501361,0.9856704767044816
victim,0.04,0.8458941718423041,0.7600322932991405,0.9746869896570496,0.9856756735074084
victim,0.041,0.8460463619726286,0.7601044882450724,0.974959172563963,0.9856808703103352
victim,0.042,0.8460896871702677,0.7601766969078041,0.974959172563963,0.9856860671132621
victim,0.043000000000000003,0.8462635635660227,0.7602850356294537,0.9752313554708765,0.9856938623176523
victim,0.044,0.8463149228013229,0.7603706343549538,0.9752313554708765,0.9856419273271461
victim,0.045,0.8465760300906526,0.7604429026279522,0.9757757212847034,0.9856471241300728
victim,0.046,0.8467282724603548,0.7605151846395134,0.9760479041916168,0.9856523209329997
victim,0.047,0.8467579932590967,0.7605647193040833,0.9760479041916168,0.98559778754103
victim,0.048,0.8469536517271599,0.7607093614795797,0.9763200870985302,0.9856081811468836
victim,0.049,0.8469753532114166,0.7607455306200075,0.9763200870985302,0.9856107795483471
victim,0.05,0.8469753532114166,0.7607455306200075,0.9763200870985302,0.9856107795483471
victim,0.051000000000000004,0.8468745328307672,0.7607589519235342,0.9760479041916168,0.9855536477549138
victim,0.052000000000000005,0.846896239858119,0.7607951303024538,0.9760479041916168,0.9855562461563774
victim,0.053,0.8470702464922064,0.7609036860879904,0.9763200870985302,0.9855640413607676
victim,0.054,0.8469694423350047,0.7609171344305965,0.9760479041916168,0.9855069095673343
victim,0.055,0.8471000342685543,0.7609533323819037,0.9763200870985302,0.9855095079687979
victim,0.056,0.8475651054984679,0.7611840852845992,0.9771366358192706,0.9854679665841451
victim,0.057,0.8476957153920489,0.7612203131692922,0.977408818726184,0.9854705649856086
victim,0.058,0.8477174541920444,0.7612565445026179,0.977408818726184,0.9854731633870719
victim,0.059000000000000004,0.8480221764152617,0.7614015043320955,0.9779531845400109,0.9854835569929257
victim,0.06,0.8479949106125,0.7613560613274927,0.9779531845400109,0.9853640966031325
victim,0.061,0.8479676344217764,0.76131060100962,0.9779531845400109,0.9852446362133394
victim,0.062,0.8481063801882582,0.7613603886824808,0.9782253674469243,0.9851901028213697
victim,0.063,0.8481063801882582,0.7613603886824808,0.9782253674469243,0.9851901028213697
victim,0.064,0.8481934342584267,0.7615054787994283,0.9782253674469243,0.9852004964272232
victim,0.065,0.8481934342584267,0.7615054787994283,0.9782253674469243,0.9852004964272232
victim,0.066,0.8483458468996827,0.7615780445969127,0.9784975503538378,0.9852056932301501
victim,0.067,0.8483539879757024,0.7615916130569454,0.9784975503538378,0.9851485614367169
victim,0.068,0.848253258216974,0.761605185397007,0.9782253674469243,0.9850914296432838
victim,0.069,0.8481307495071387,0.761582459485224,0.9779531845400109,0.9850316994483872
victim,0.07,0.8481307495071387,0.761582459485224,0.9779531845400109,0.9850316994483872
victim,0.07100000000000001,0.847986457567296,0.7615234281900949,0.9776810016330975,0.9849693708520271
victim,0.07200000000000001,0.8478639422304268,0.7615006912332555,0.977408818726184,0.9849096406571306
victim,0.073,0.8478857242868123,0.7615369946605643,0.977408818726184,0.984912239058594
victim,0.074,0.8479075084201517,0.7615733015494636,0.977408818726184,0.9849148374600574
victim,0.075,0.8478285706883968,0.761623193934481,0.9771366358192706,0.9848603040680877
victim,0.076,0.8478285706883968,0.761623193934481,0.9771366358192706,0.9848603040680877
victim,0.077,0.8479810295172752,0.7616958367113358,0.977408818726184,0.9848655008710145
victim,0.078,0.8478884758227233,0.7617230358250251,0.9771366358192706,0.9847512372841482
victim,0.079,0.8476434445735788,0.7616775609523355,0.9765922700054437,0.9846317768943549
victim,0.08,0.8476434445735788,0.7616775609523355,0.9765922700054437,0.9846317768943549
victim,0.081,0.8477743107607323,0.761895671264258,0.9765922700054437,0.9846473673031355
victim,0.082,0.847651799814831,0.7618729416256981,0.9763200870985302,0.9845876371082389
victim,0.083,0.8476736195649491,0.7619093078758951,0.9763200870985302,0.9845902355097023
victim,0.084,0.8478261384776404,0.7619820507924384,0.9765922700054437,0.9845954323126291
victim,0.085,0.8480659989091889,0.7622003629070767,0.9768644529123571,0.9846110227214097
victim,0.08600000000000001,0.8480878374182259,0.7622367604221384,0.9768644529123571,0.9846136211228731
victim,0.08700000000000001,0.847965338204193,0.7622140503366924,0.9765922700054437,0.9845538909279765
victim,0.088,0.8478209950075275,0.7621549336135257,0.9763200870985302,0.9844915623316165
victim,0.089,0.8475541385258232,0.7620730833532363,0.9757757212847034,0.9843695035403599
victim,0.09,0.8475759806892897,0.7621094869590139,0.9757757212847034,0.9843721019418233
victim,0.091,0.8475759806892897,0.7621094869590139,0.9757757212847034,0.9843721019418233
victim,0.092,0.8476930616336482,0.7621231665950026,0.9760479041916168,0.9843149701483902
victim,0.093,0.8478674843806964,0.7622324159021405,0.9763200870985302,0.9843227653527804
victim,0.094,0.8479111945450415,0.7623052661760489,0.9763200870985302,0.9843279621557073
victim,0.095,0.8479111945450415,0.7623052661760489,0.9763200870985302,0.9843279621557073
victim,0.096,0.8479549130653727,0.7623781303766012,0.9763200870985302,0.984333158958634
victim,0.097,0.8479549130653727,0.7623781303766012,0.9763200870985302,0.984333158958634
victim,0.098,0.8478324108880031,0.7623554153522607,0.9760479041916168,0.9842734287637375
victim,0.099,0.8475436715652651,0.7622370936902486,0.9755035383777899,0.9841487715710174
victim,0.1,0.8475873987147263,0.7623099722726839,0.9755035383777899,0.9841539683739442
victim,0.101,0.847486756866811,0.7623236911307674,0.9752313554708765,0.9840968365805112
victim,0.10200000000000001,0.8475086271075436,0.7623601415319883,0.9752313554708765,0.9840994349819745
victim,0.10300000000000001,0.8475086271075436,0.7623601415319883,0.9752313554708765,0.9840994349819745
victim,0.10400000000000001,0.8475742503802114,0.7624695136531013,0.9752313554708765,0.9841072301863648
victim,0.105,0.8476180096903831,0.762542445836721,0.9752313554708765,0.9841124269892917
victim,0.106,0.8476180096903831,0.762542445836721,0.9752313554708765,0.9841124269892917
victim,0.107,0.8477487656476531,0.7625789171608953,0.9755035383777899,0.9841150253907551
victim,0.108,0.8478795236982694,0.76261539197398,0.9757757212847034,0.9841176237922185
victim,0.109,0.8477789124808519,0.7626291618828932,0.9755035383777899,0.9840604919987853
victim,0.11,0.8479534634815862,0.7627386249461747,0.9757757212847034,0.9840682872031756
victim,0.111,0.8481061323450998,0.762811617780755,0.9760479041916168,0.9840734840061025
victim,0.112,0.8481280333390068,0.7628481194372667,0.9760479041916168,0.9840760824075658
victim,0.113,0.8481280333390068,0.7628481194372667,0.9760479041916168,0.9840760824075658
victim,0.114,0.8481363188912914,0.7628619286910744,0.9760479041916168,0.9840189506141327
victim,0.115,0.8481801342511932,0.7629349542909108,0.9760479041916168,0.9840241474170595
victim,0.116,0.8483109182397568,0.7629714723339077,0.9763200870985302,0.984026745818523
victim,0.117,0.8481884292687961,0.762948779320249,0.9760479041916168,0.9839670156236263
victim,0.11800000000000001,0.8481884292687961,0.762948779320249,0.9760479041916168,0.9839670156236263
victim,0.11900000000000001,0.8482103436384448,0.7629853032696635,0.9760479041916168,0.9839696140250898
victim,0.12,0.8482103436384448,0.7629853032696635,0.9760479041916168,0.9839696140250898
victim,0.121,0.848232260106367,0.7630218307162006,0.9760479041916168,0.9839722124265532
victim,0.122,0.848052316666711,0.762903380254716,0.9757757212847034,0.9838475552338332
victim,0.123,0.8480961532907441,0.7629764412947712,0.9757757212847034,0.9838527520367599
victim,0.124,0.8478073204662934,0.7628579637965713,0.9752313554708765,0.98372809484404
victim,0.125,0.8478073204662934,0.7628579637965713,0.9752313554708765,0.98372809484404
victim,0.126,0.8475623138243104,0.7628125299358175,0.9746869896570496,0.9836086344542467
victim,0.127,0.8475623138243104,0.7628125299358175,0.9746869896570496,0.9836086344542467
victim,0.128,0.8474178841887742,0.7627532691478661,0.9744148067501361,0.9835463058578868
victim,0.129,0.8472734511467929,0.7626940026825063,0.9741426238432227,0.9834839772615267
victim,0.13,0.8472734511467929,0.7626940026825063,0.9741426238432227,0.9834839772615267
victim,0.131,0.847404246053348,0.7627305389221557,0.9744148067501361,0.9834865756629902
victim,0.132,0.8474919540354002,0.7628767188922428,0.9744148067501361,0.9834969692688439
victim,0.133,0.8472250021364558,0.7627947096032202,0.9738704409363091,0.9833749104775873
victim,0.134,0.8472688703264071,0.7628678232531391,0.9738704409363091,0.9833801072805142
victim,0.135,0.8474216200894362,0.7629409509202454,0.9741426238432227,0.9833853040834409
victim,0.136,0.8472991110883574,0.7629182245230564,0.9738704409363091,0.9833255738885444
victim,0.137,0.8471629584040107,0.762872758653754,0.9735982580293957,0.9832061134987512
victim,0.138,0.8471629584040107,0.762872758653754,0.9735982580293957,0.9832061134987512
victim,0.139,0.8472068521185476,0.762945914844649,0.9735982580293957,0.983211310301678
victim,0.14,0.8472288021328802,0.76298249820187,0.9735982580293957,0.9832139087031415
victim,0.14100000000000001,0.8471062896375414,0.7629597659809141,0.9733260751224823,0.9831541785082449
victim,0.14200000000000002,0.8471062896375414,0.7629597659809141,0.9733260751224823,0.9831541785082449
victim,0.14300000000000002,0.8471062896375414,0.7629597659809141,0.9733260751224823,0.9831541785082449
victim,0.14400000000000002,0.8471062896375414,0.7629597659809141,0.9733260751224823,0.9831541785082449
victim,0.145,0.847172156667698,0.7630695443645084,0.9733260751224823,0.9831619737126351
victim,0.146,0.8471941165567392,0.7631061441795771,0.9733260751224823,0.9831645721140985
victim,0.147,0.8473469158178886,0.7631793543435506,0.9735982580293957,0.9831697689170253
victim,0.148,0.847202443864593,0.7631200230260001,0.9733260751224823,0.9831074403206654
victim,0.149,0.8472244094205448,0.7631566322859199,0.9733260751224823,0.9831100387221288
victim,0.15,0.8472244094205448,0.7631566322859199,0.9733260751224823,0.9831100387221288
victim,0.151,0.8472244094205448,0.7631566322859199,0.9733260751224823,0.9831100387221288
victim,0.152,0.847246377084111,0.76319324505853,0.9733260751224823,0.9831126371235922
victim,0.153,0.8474431419833512,0.7633397312859884,0.9735982580293957,0.9831230307294458
victim,0.154,0.8473206402419097,0.7633170169881947,0.9733260751224823,0.9830633005345493
victim,0.155,0.8473426199035785,0.7633536497576427,0.9733260751224823,0.9830658989360127
victim,0.156,0.8471981358841159,0.7632942983298138,0.9730538922155688,0.9830035703396527
victim,0.157,0.8472201170014184,0.763330933525318,0.9730538922155688,0.9830061687411161
victim,0.158,0.8470756289092163,0.7632715753095901,0.9727817093086554,0.9829438401447561
victim,0.159,0.8469311373979261,0.7632122113953823,0.9725095264017419,0.9828815115483962
victim,0.16,0.8469531193164572,0.7632488479262673,0.9725095264017419,0.9828841099498595
victim,0.161,0.8468086237308007,0.7631894772214488,0.9722373434948285,0.9828217813534995
victim,0.162,0.8468086237308007,0.7631894772214488,0.9722373434948285,0.9828217813534995
victim,0.163,0.8466641247248444,0.7631301008161306,0.971965160587915,0.9827594527571395
victim,0.164,0.8465416043622029,0.7631073554830037,0.9716929776810016,0.9826997225622429
victim,0.165,0.8464190813783763,0.763084605781235,0.9714207947740882,0.9826399923673463
victim,0.166,0.8464410670092751,0.7631212484993998,0.9714207947740882,0.9826425907688097
victim,0.167,0.8464630547517404,0.763157894736842,0.9714207947740882,0.9826451891702732
victim,0.168,0.846593917768842,0.763194544494069,0.9716929776810016,0.9826477875717365
victim,0.169,0.8466159097353532,0.7632311977715877,0.9716929776810016,0.9826503859732
victim,0.17,0.8464933899557447,0.7632084534101825,0.9714207947740882,0.9825906557783034
victim,0.171,0.8464933899557447,0.7632084534101825,0.9714207947740882,0.9825906557783034
victim,0.17200000000000001,0.8464933899557447,0.7632084534101825,0.9714207947740882,0.9825906557783034
victim,0.17300000000000001,0.8464933899557447,0.7632084534101825,0.9714207947740882,0.9825906557783034
victim,0.17400000000000002,0.8465153854921321,0.7632451126374946,0.9714207947740882,0.9825932541797668
victim,0.17500000000000002,0.8465153854921321,0.7632451126374946,0.9714207947740882,0.9825932541797668
victim,0.176,0.8465153854921321,0.7632451126374946,0.9714207947740882,0.9825932541797668
victim,0.177,0.8465593829045914,0.7633184416582601,0.9714207947740882,0.9825984509826937
victim,0.178,0.8465813847812724,0.7633551114527285,0.9714207947740882,0.982601049384157
victim,0.179,0.8465813847812724,0.7633551114527285,0.9714207947740882,0.982601049384157
victim,0.18,0.8465813847812724,0.7633551114527285,0.9714207947740882,0.982601049384157
victim,0.181,0.8466474030967779,0.7634651419785711,0.9714207947740882,0.9826088445885474
victim,0.182,0.8468002990441463,0.7635385132862429,0.9716929776810016,0.9826140413914741
victim,0.183,0.8466777897727714,0.7635157864385602,0.9714207947740882,0.9825543111965775
victim,0.184,0.8466998057989086,0.7635524798154556,0.9714207947740882,0.982556909598041
victim,0.185,0.8467218239412593,0.7635891767193732,0.9714207947740882,0.9825595079995044
victim,0.186,0.8467438442001284,0.7636258771508219,0.9714207947740882,0.9825621064009679
victim,0.187,0.8467438442001284,0.7636258771508219,0.9714207947740882,0.9825621064009679
victim,0.188,0.8467438442001284,0.7636258771508219,0.9714207947740882,0.9825621064009679
victim,0.189,0.8468319464068951,0.7637727141620997,0.9714207947740882,0.9825725000068215
victim,0.19,0.8466874145560137,0.7637132830152397,0.9711486118671747,0.9825101714104615
victim,0.191,0.8466737819746213,0.7636905620462523,0.9711486118671747,0.982450441215565
victim,0.192,0.8466737819746213,0.7636905620462523,0.9711486118671747,0.982450441215565
victim,0.193,0.8467178474010989,0.7637640044237151,0.9711486118671747,0.9824556380184918
victim,0.194,0.8467178474010989,0.7637640044237151,0.9711486118671747,0.9824556380184918
victim,0.195,0.8467398832927441,0.7638007309097904,0.9711486118671747,0.9824582364199552
victim,0.196,0.846595341961599,0.763741283962491,0.9708764289602613,0.9823959078235952
victim,0.197,0.8466173793171043,0.763778012888333,0.9708764289602613,0.9823985062250586
victim,0.198,0.8467703335502559,0.7638514813389766,0.9711486118671747,0.9824037030279855
victim,0.199,0.8467703335502559,0.7638514813389766,0.9711486118671747,0.9824037030279855
victim,0.2,0.8467703335502559,0.7638514813389766,0.9711486118671747,0.9824037030279855
victim,0.201,0.8467923772657483,0.7638882208647974,0.9711486118671747,0.9824063014294488
victim,0.202,0.8467923772657483,0.7638882208647974,0.9711486118671747,0.9824063014294488
victim,0.203,0.8467923772657483,0.7638882208647974,0.9711486118671747,0.9824063014294488
victim,0.20400000000000001,0.8465253235897054,0.7638060419472773,0.9706042460533478,0.9822842426381923
victim,0.20500000000000002,0.8465253235897054,0.7638060419472773,0.9706042460533478,0.9822842426381923
victim,0.20600000000000002,0.8465473702354538,0.7638427863568577,0.9706042460533478,0.9822868410396557
victim,0.20700000000000002,0.8465998930128125,0.7639303243191223,0.9706042460533478,0.9822349060491493
victim,0.20800000000000002,0.8465998930128125,0.7639303243191223,0.9706042460533478,0.9822349060491493
victim,0.209,0.8465998930128125,0.7639303243191223,0.9706042460533478,0.9822349060491493
victim,0.21,0.8464994454039128,0.7639443669088983,0.9703320631464344,0.9821777742557162
victim,0.211,0.8465215055935434,0.7639811338916161,0.9703320631464344,0.9821803726571796
victim,0.212,0.8463990002282689,0.7639584135541008,0.9700598802395209,0.982120642462283
victim,0.213,0.8464210640091658,0.7639951865222623,0.9700598802395209,0.9821232408637464
victim,0.214,0.846298557486935,0.7639724642564868,0.9697876973326075,0.9820635106688498
victim,0.215,0.8463206248602526,0.764009243212016,0.9697876973326075,0.9820661090703132
victim,0.216,0.8463647659816708,0.764082811747713,0.9697876973326075,0.98207130587324
victim,0.217,0.8463647659816708,0.764082811747713,0.9697876973326075,0.98207130587324
victim,0.218,0.8463647659816708,0.764082811747713,0.9697876973326075,0.98207130587324
victim,0.219,0.8464089156048458,0.7641563944530047,0.9697876973326075,0.9820765026761669
victim,0.22,0.846453073732234,0.7642299913319851,0.9697876973326075,0.9820816994790937
victim,0.221,0.846453073732234,0.7642299913319851,0.9697876973326075,0.9820816994790937
victim,0.222,0.846475155985776,0.7642667950878884,0.9697876973326075,0.9820842978805572
victim,0.223,0.846475155985776,0.7642667950878884,0.9697876973326075,0.9820842978805572
victim,0.224,0.8465193268740918,0.7643404132350815,0.9697876973326075,0.9820894946834839
victim,0.225,0.8465193268740918,0.7643404132350815,0.9697876973326075,0.9820894946834839
victim,0.226,0.8465193268740918,0.7643404132350815,0.9697876973326075,0.9820894946834839
victim,0.227,0.8465193268740918,0.7643404132350815,0.9697876973326075,0.9820894946834839
victim,0.228,0.8464189225332834,0.7643545279383429,0.9695155144256941,0.9820323628900509
victim,0.229,0.8464631091328365,0.7644281722709316,0.9695155144256941,0.9820375596929778
victim,0.23,0.8464852056257481,0.7644649997591174,0.9695155144256941,0.9820401580944411
victim,0.231,0.8465073042478264,0.7645018307959145,0.9695155144256941,0.9820427564959046
victim,0.232,0.8465073042478264,0.7645018307959145,0.9695155144256941,0.9820427564959046
victim,0.233,0.8466246630895505,0.7645159735941792,0.9697876973326075,0.9819856247024714
victim,0.234,0.8466246630895505,0.7645159735941792,0.9697876973326075,0.9819856247024714
victim,0.23500000000000001,0.8465021722297253,0.7644932774324129,0.9695155144256941,0.9819258945075748
victim,0.23600000000000002,0.8465242780594342,0.7645301204819277,0.9695155144256941,0.9819284929090382
victim,0.23700000000000002,0.8463796787446756,0.7644705768952721,0.9692433315187806,0.9818661643126783
victim,0.23800000000000002,0.8464460070507784,0.7645811240721102,0.9692433315187806,0.9818739595170685
victim,0.23900000000000002,0.8464460070507784,0.7645811240721102,0.9692433315187806,0.9818739595170685
victim,0.24,0.8464460070507784,0.7645811240721102,0.9692433315187806,0.9818739595170685
victim,0.241,0.8464681207492332,0.7646179802362015,0.9692433315187806,0.9818765579185318
victim,0.242,0.8464681207492332,0.7646179802362015,0.9692433315187806,0.9818765579185318
victim,0.243,0.8464681207492332,0.7646179802362015,0.9692433315187806,0.9818765579185318
victim,0.244,0.8465123545426229,0.7646917032251843,0.9692433315187806,0.9818817547214587
victim,0.245,0.8463677478450939,0.7646321473339118,0.9689711486118672,0.9818194261250988
victim,0.246,0.8464119888565115,0.764705882352941,0.9689711486118672,0.9818246229280255
victim,0.247,0.8465651115640173,0.7647796315941751,0.9692433315187806,0.9818298197309523
victim,0.248,0.8465872395371549,0.7648165115494043,0.9692433315187806,0.9818324181324158
victim,0.249,0.8464647555624223,0.7647938268627923,0.9689711486118672,0.9817726879375193
victim,0.25,0.8464647555624223,0.7647938268627923,0.9689711486118672,0.9817726879375193
victim,0.251,0.8463422689617675,0.7647711377996431,0.9686989657049537,0.9817129577426226
victim,0.252,0.8463644020257592,0.7648080262396296,0.9686989657049537,0.981715556144086
victim,0.253,0.8463865372250137,0.764844918238387,0.9686989657049537,0.9817181545455494
victim,0.254,0.8462419142769586,0.7647853352629042,0.9684267827980403,0.9816558259491894
victim,0.255,0.8462640509550983,0.7648222297264702,0.9684267827980403,0.9816584243506529
victim,0.256,0.8462861897691583,0.7648591277499035,0.9684267827980403,0.9816610227521163
victim,0.257,0.8462861897691583,0.7648591277499035,0.9684267827980403,0.9816610227521163
victim,0.258,0.8461415620580572,0.7647995368360109,0.9681545998911268,0.9815986941557563
victim,0.259,0.8459833084265749,0.7647172360548158,0.9678824169842134,0.9814766353644997
victim,0.26,0.8456940275331097,0.7645980117749251,0.9673380511703865,0.9813519781717797
victim,0.261,0.845426871314302,0.764515661952797,0.9667936853565596,0.981229919380523
victim,0.262,0.8454711546948274,0.7645894675870059,0.9667936853565596,0.9812351161834498
victim,0.263,0.8454711546948274,0.7645894675870059,0.9667936853565596,0.9812351161834498
victim,0.264,0.8456686202740562,0.7647371216144451,0.9670658682634731,0.9812455097893036
victim,0.265,0.8456907737248562,0.7647740440324451,0.9670658682634731,0.9812481081907669
victim,0.266,0.8457350870446456,0.7648478995654273,0.9670658682634731,0.9812533049936938
victim,0.267,0.8457350870446456,0.7648478995654273,0.9670658682634731,0.9812533049936938
victim,0.268,0.845590427930832,0.7647882563136801,0.9667936853565596,0.9811909763973339
victim,0.269,0.845590427930832,0.7647882563136801,0.9667936853565596,0.9811909763973339
victim,0.27,0.8454679239141318,0.764765538223789,0.9665215024496462,0.9811312462024373
victim,0.271,0.8454900846077924,0.7648024727132232,0.9665215024496462,0.9811338446039006
victim,0.272,0.8454900846077924,0.7648024727132232,0.9665215024496462,0.9811338446039006
victim,0.273,0.8455344124172619,0.7648763523956724,0.9665215024496462,0.9811390414068275
victim,0.274,0.8455344124172619,0.7648763523956724,0.9665215024496462,0.9811390414068275
victim,0.275,0.8455787487916642,0.7649502463530095,0.9665215024496462,0.9811442382097544
victim,0.276,0.8455787487916642,0.7649502463530095,0.9665215024496462,0.9811442382097544
victim,0.277,0.8454562495562237,0.7649275362318841,0.9662493195427327,0.9810845080148578
victim,0.278,0.8453559220554003,0.7649417790017876,0.9659771366358193,0.9810273762214246
victim,0.279,0.8453644701950642,0.7649560259012275,0.9659771366358193,0.9809702444279914
victim,0.28,0.8452419660266483,0.7649333075584765,0.9657049537289059,0.9809105142330947
victim,0.281,0.8452419660266483,0.7649333075584765,0.9657049537289059,0.9809105142330947
victim,0.28200000000000003,0.8452419660266483,0.7649333075584765,0.9657049537289059,0.9809105142330947
victim,0.28300000000000003,0.8452061514205169,0.7648736165482577,0.9657049537289059,0.9808481856367348
victim,0.28400000000000003,0.8453815739118684,0.764984532095901,0.9659771366358193,0.980855980841125
victim,0.28500000000000003,0.8452812563284007,0.7649987913947306,0.9657049537289059,0.980798849047692
victim,0.28600000000000003,0.8451809412269693,0.7650130548302874,0.9654327708219924,0.9807417172542587
victim,0.28700000000000003,0.8450362384540737,0.7649533388134037,0.965160587915079,0.9806793886578987
victim,0.28800000000000003,0.8450806286086545,0.7650273224043715,0.965160587915079,0.9806845854608255
victim,0.289,0.8451250273505845,0.7651013203075882,0.965160587915079,0.9806897822637524
victim,0.29,0.8451250273505845,0.7651013203075882,0.965160587915079,0.9806897822637524
victim,0.291,0.8450891916373027,0.7650415941187851,0.965160587915079,0.9806274536673925
victim,0.292,0.8451558038788454,0.7651526145213564,0.965160587915079,0.9806352488717827
victim,0.293,0.8451558038788454,0.7651526145213564,0.965160587915079,0.9806352488717827
victim,0.294,0.8450196611952929,0.7651071653200445,0.9648884050081655,0.9805157884819895
victim,0.295,0.8450863017109986,0.7652182328462208,0.9648884050081655,0.9805235836863797
victim,0.296,0.8450863017109986,0.7652182328462208,0.9648884050081655,0.9805235836863797
victim,0.297,0.8450863017109986,0.7652182328462208,0.9648884050081655,0.9805235836863797
victim,0.298,0.8450863017109986,0.7652182328462208,0.9648884050081655,0.9805235836863797
victim,0.299,0.8451307394713267,0.7652922957801007,0.9648884050081655,0.9805287804893066
victim,0.3,0.8451307394713267,0.7652922957801007,0.9648884050081655,0.9805287804893066
victim,0.301,0.8451529615773843,0.76532933262353,0.9648884050081655,0.9805313788907699
victim,0.302,0.8451529615773843,0.76532933262353,0.9648884050081655,0.9805313788907699
victim,0.303,0.8451615575502167,0.7653436592449175,0.9648884050081655,0.9804742470973368
victim,0.304,0.8451615575502167,0.7653436592449175,0.9648884050081655,0.9804742470973368
victim,0.305,0.845206015503121,0.7654177558330914,0.9648884050081655,0.9804794439002636
victim,0.306,0.845206015503121,0.7654177558330914,0.9648884050081655,0.9804794439002636
victim,0.307,0.845206015503121,0.7654177558330914,0.9648884050081655,0.9804794439002636
victim,0.308,0.845206015503121,0.7654177558330914,0.9648884050081655,0.9804794439002636
victim,0.309,0.845359355227999,0.7654918667699456,0.965160587915079,0.9804846407031904
victim,0.31,0.8453815917382901,0.7655289276204309,0.965160587915079,0.980487239104654
victim,0.311,0.8453815917382901,0.7655289276204309,0.965160587915079,0.980487239104654
victim,0.312,0.8452368571131723,0.7654691585165101,0.9648884050081655,0.9804249105082938
victim,0.313,0.8452368571131723,0.7654691585165101,0.9648884050081655,0.9804249105082938
victim,0.314,0.8452590951170995,0.7655062218563888,0.9648884050081655,0.9804275089097573
victim,0.315,0.8453035775860467,0.7655803593046341,0.9648884050081655,0.9804327057126841
victim,0.316,0.8453035775860467,0.7655803593046341,0.9648884050081655,0.9804327057126841
victim,0.317,0.8448693469318628,0.7654010073614879,0.9640718562874252,0.9802457199236041
victim,0.318,0.8448915894176678,0.7654380781711628,0.9640718562874252,0.9802483183250675
victim,0.319,0.8448915894176678,0.7654380781711628,0.9640718562874252,0.9802483183250675
victim,0.32,0.8448643187393561,0.7653926270406433,0.9640718562874252,0.9801288579352744
victim,0.321,0.8448643187393561,0.7653926270406433,0.9640718562874252,0.9801288579352744
victim,0.322,0.8447640553987164,0.765406976744186,0.9637996733805118,0.9800717261418412
victim,0.323,0.8447863066795945,0.7654440622123164,0.9637996733805118,0.9800743245433046
victim,0.324,0.8448085601168137,0.7654811512743483,0.9637996733805118,0.980076922944768
victim,0.325,0.8447726677240611,0.7654213306197607,0.9637996733805118,0.980014594348408
victim,0.326,0.8447726677240611,0.7654213306197607,0.9637996733805118,0.980014594348408
victim,0.327,0.8448171797471646,0.7654955173249333,0.9637996733805118,0.9800197911513349
victim,0.328,0.8448171797471646,0.7654955173249333,0.9637996733805118,0.9800197911513349
victim,0.329,0.8448394389945426,0.7655326160705632,0.9637996733805118,0.9800223895527982
victim,0.33,0.8448035411401172,0.7654727863131876,0.9637996733805118,0.9799600609564383
victim,0.331,0.8446587666431036,0.7654129507561072,0.9635274904735982,0.9798977323600783
victim,0.332,0.8447032889669478,0.7654871546291808,0.9635274904735982,0.9799029291630051
victim,0.333,0.8445585096668407,0.7654273110669445,0.9632553075666848,0.9798406005666451
victim,0.334,0.8445807734048008,0.765464417296878,0.9632553075666848,0.9798431989681085
victim,0.335,0.8445807734048008,0.765464417296878,0.9632553075666848,0.9798431989681085
victim,0.336,0.8445807734048008,0.765464417296878,0.9632553075666848,0.9798431989681085
victim,0.337,0.8446030393014594,0.7655015271246425,0.9632553075666848,0.979845797369572
victim,0.338,0.8444582551969835,0.7654416755551248,0.9629831246597713,0.9797834687732119
victim,0.339,0.8445027921447464,0.7655159038013964,0.9629831246597713,0.9797886655761388
victim,0.34,0.8445250638579929,0.7655530233234737,0.9629831246597713,0.9797912639776022
victim,0.341,0.8445473377312347,0.7655901464455436,0.9629831246597713,0.9797938623790656
victim,0.342,0.8444025474979037,0.7655302846612676,0.9627109417528579,0.9797315337827056
victim,0.343,0.8444248228699113,0.7655674102812803,0.9627109417528579,0.979734132184169
victim,0.34400000000000003,0.8444916619511795,0.7656788087500607,0.9627109417528579,0.9797419273885593
victim,0.34500000000000003,0.8445585204869199,0.7657902396429612,0.9627109417528579,0.9797497225929495
victim,0.34600000000000003,0.8445585204869199,0.7657902396429612,0.9627109417528579,0.9797497225929495
victim,0.34700000000000003,0.8445448851428277,0.7657675140694742,0.9627109417528579,0.9796899923980529
victim,0.34800000000000003,0.8445671771475066,0.7658046674106058,0.9627109417528579,0.9796925907995163
victim,0.34900000000000003,0.8445671771475066,0.7658046674106058,0.9627109417528579,0.9796925907995163
victim,0.35000000000000003,0.8445671771475066,0.7658046674106058,0.9627109417528579,0.9796925907995163
victim,0.35100000000000003,0.8445894713154081,0.7658418243571081,0.9627109417528579,0.9796951892009798
victim,0.352,0.8445894713154081,0.7658418243571081,0.9627109417528579,0.9796951892009798
victim,0.353,0.8443221551972748,0.7657592080361041,0.962166575939031,0.9795731304097232
victim,0.354,0.8443444523692065,0.7657963699893234,0.962166575939031,0.9795757288111866
victim,0.355,0.8442665427676475,0.7658479759246675,0.9618943930321175,0.9795211954192169
victim,0.356,0.844121725174299,0.7657880685403622,0.9616222101252041,0.9794588668228568
victim,0.357,0.8441663363535916,0.7658624205058499,0.9616222101252041,0.9794640636257836
victim,0.358,0.8441663363535916,0.7658624205058499,0.9616222101252041,0.9794640636257836
victim,0.359,0.8440215139458656,0.7658025050975823,0.9613500272182907,0.9794017350294237
victim,0.36,0.844043822121962,0.7658396853910764,0.9613500272182907,0.9794043334308871
victim,0.361,0.8439436170874721,0.7658541322715354,0.9610778443113772,0.9793472016374539
victim,0.362,0.8438880521182477,0.7659429792607703,0.9608056614044638,0.9792952666469475
victim,0.363,0.8437878594841266,0.7659574468085106,0.9605334784975503,0.9792381348535144
victim,0.364,0.8437878594841266,0.7659574468085106,0.9605334784975503,0.9792381348535144
victim,0.365,0.8436653421771798,0.7659347065682084,0.9602612955906369,0.9791784046586178
victim,0.366,0.8436653421771798,0.7659347065682084,0.9602612955906369,0.9791784046586178
victim,0.367,0.843651695381333,0.7659119619084637,0.9602612955906369,0.9791186744637213
victim,0.368,0.843651695381333,0.7659119619084637,0.9602612955906369,0.9791186744637213
victim,0.369,0.8436740240911695,0.7659491764248578,0.9602612955906369,0.9791212728651846
victim,0.37,0.8432394596382298,0.7657692681504519,0.9594447468698966,0.9789342870761046
victim,0.371,0.84326178852781,0.7658064829664188,0.9594447468698966,0.978936885477568
victim,0.372,0.843284119587772,0.7658437013996889,0.9594447468698966,0.9789394838790315
victim,0.373,0.843284119587772,0.7658437013996889,0.9594447468698966,0.9789394838790315
victim,0.374,0.8431839237526944,0.7658581636125017,0.9591725639629831,0.9788823520855983
victim,0.375,0.8430253930641392,0.7657754010695187,0.9589003810560697,0.9787602932943417
victim,0.376,0.8429028545222061,0.7657526254375728,0.9586281981491562,0.9787005630994451
victim,0.377,0.8429028545222061,0.7657526254375728,0.9586281981491562,0.9787005630994451
victim,0.378,0.8429028545222061,0.7657526254375728,0.9586281981491562,0.9787005630994451
victim,0.379,0.8429028545222061,0.7657526254375728,0.9586281981491562,0.9787005630994451
victim,0.38,0.8429028545222061,0.7657526254375728,0.9586281981491562,0.9787005630994451
victim,0.381,0.8430787519847912,0.7658643326039388,0.9589003810560697,0.9787083583038354
victim,0.382,0.8430787519847912,0.7658643326039388,0.9589003810560697,0.9787083583038354
victim,0.383,0.8430787519847912,0.7658643326039388,0.9589003810560697,0.9787083583038354
victim,0.384,0.8428113293533896,0.7657815387608209,0.9583560152422428,0.9785862995125787
victim,0.385,0.8428336759767668,0.7658187831331162,0.9583560152422428,0.9785888979140422
victim,0.386,0.8428423574540331,0.7658332522618932,0.9583560152422428,0.978531766120609
victim,0.387,0.842864709935006,0.765870506396848,0.9583560152422428,0.9785343645220724
victim,0.388,0.8425972685093249,0.7657876812299309,0.9578116494284159,0.9784123057308158
victim,0.389,0.8423074584049637,0.7656675749318802,0.957267283614589,0.9782876485380958
victim,0.39,0.8423298125748317,0.7657048318816603,0.957267283614589,0.9782902469395591
victim,0.391,0.8421849015969389,0.7656447688564478,0.9569951007076756,0.9782279183431992
victim,0.392,0.8422072572765978,0.7656820283225461,0.9569951007076756,0.9782305167446625
victim,0.393,0.8418172151872975,0.7655763239875389,0.9561785519869352,0.9780487277585095
victim,0.394,0.8418172151872975,0.7655763239875389,0.9561785519869352,0.9780487277585095
victim,0.395,0.8415720775851148,0.7655306718597857,0.9556341861731084,0.9779292673687163
victim,0.396,0.8415944408161931,0.7655679439115828,0.9556341861731084,0.9779318657701797
victim,0.397,0.8416168062250131,0.7656052195929496,0.9556341861731084,0.9779344641716431
victim,0.398,0.8416168062250131,0.7656052195929496,0.9556341861731084,0.9779344641716431
victim,0.399,0.8416615435771514,0.7656797818465134,0.9556341861731084,0.9779396609745699
victim,0.4,0.841683915521106,0.7657170684197712,0.9556341861731084,0.9779422593760334
victim,0.401,0.8417062896440755,0.7657543586247201,0.9556341861731084,0.9779448577774967
victim,0.402,0.8415837259119718,0.7657315410091565,0.9553620032661949,0.9778851275826002
victim,0.403,0.8415837259119718,0.7657315410091565,0.9553620032661949,0.9778851275826002
victim,0.404,0.8414387823641598,0.7656714237007453,0.9550898203592815,0.9778227989862401
victim,0.405,0.8414387823641598,0.7656714237007453,0.9550898203592815,0.9778227989862401
victim,0.406,0.841293835302428,0.7656113005358013,0.954817637452368,0.9777604703898801
victim,0.40700000000000003,0.8413162117835191,0.7656485946709533,0.954817637452368,0.9777630687913437
victim,0.40800000000000003,0.8409261030038575,0.7655427791853441,0.9540010887316277,0.9775812798051904
victim,0.40900000000000003,0.8408035202287258,0.7655199298314003,0.9537289058247143,0.9775215496102938
victim,0.41000000000000003,0.8408482874760845,0.7655945419103314,0.9537289058247143,0.9775267464132207
victim,0.41100000000000003,0.8407257050556085,0.7655716931474803,0.9534567229178008,0.9774670162183241
victim,0.41200000000000003,0.8405807322201759,0.7655115270263683,0.9531845400108874,0.977404687621964
victim,0.41300000000000003,0.8402907759912785,0.7653911771874239,0.9526401741970604,0.977280030429244
victim,0.41400000000000003,0.8401457925967841,0.7653309934678756,0.9523679912901469,0.977217701832884
victim,0.41500000000000004,0.8401457925967841,0.7653309934678756,0.9523679912901469,0.977217701832884
victim,0.41600000000000004,0.8401681783324679,0.7653683030273485,0.9523679912901469,0.9772203002343475
victim,0.417,0.8398781996420419,0.765247915752523,0.95182362547632,0.9770956430416274
victim,0.418,0.8398781996420419,0.765247915752523,0.95182362547632,0.9770956430416274
victim,0.419,0.8398781996420419,0.765247915752523,0.95182362547632,0.9770956430416274
victim,0.42,0.8399005862217322,0.7652852267186737,0.95182362547632,0.9770982414430909
victim,0.421,0.8398003692938181,0.7652996537767591,0.9515514425694066,0.9770411096496576
victim,0.422,0.8398003692938181,0.7652996537767591,0.9515514425694066,0.9770411096496576
victim,0.423,0.8398227617541841,0.7653369745440358,0.9515514425694066,0.9770437080511211
victim,0.424,0.8397001548989419,0.7653140850565744,0.9512792596624932,0.9769839778562245
victim,0.425,0.8395551498750359,0.7652538652880067,0.9510070767555797,0.9769216492598645
victim,0.426,0.839563806311988,0.7652682926829268,0.9510070767555797,0.9768645174664313
victim,0.427,0.8395276660600542,0.7652080589297039,0.9510070767555797,0.9768021888700713
victim,0.428,0.8395276660600542,0.7652080589297039,0.9510070767555797,0.9768021888700713
victim,0.429,0.8395276660600542,0.7652080589297039,0.9510070767555797,0.9768021888700713
victim,0.43,0.8395948681729579,0.76532006245121,0.9510070767555797,0.9768099840744615
victim,0.431,0.8396172732491947,0.7653574042449379,0.9510070767555797,0.9768125824759251
victim,0.432,0.8394946602184301,0.7653345044649392,0.9507348938486663,0.9767528522810285
victim,0.433,0.8395394799639455,0.7654092040407984,0.9507348938486663,0.9767580490839552
victim,0.434,0.8395843084594723,0.7654839182000097,0.9507348938486663,0.976763245886882
victim,0.435,0.8395843084594723,0.7654839182000097,0.9507348938486663,0.976763245886882
victim,0.436,0.8396067259892908,0.765521280749707,0.9507348938486663,0.9767658442883456
victim,0.437,0.8396515676146398,0.7655960167919554,0.9507348938486663,0.9767710410912723
victim,0.438,0.8396515676146398,0.7655960167919554,0.9507348938486663,0.9767710410912723
victim,0.439,0.8395513881407982,0.7656105062734951,0.9504627109417528,0.9767139092978392
victim,0.44,0.8395513881407982,0.7656105062734951,0.9504627109417528,0.9767139092978392
victim,0.441,0.8396186781267012,0.76572265625,0.9504627109417528,0.9767217045022294
victim,0.442,0.8396411125030745,0.7657600468772889,0.9504627109417528,0.9767243029036928
victim,0.443,0.8397084287799049,0.7658722406720063,0.9504627109417528,0.9767320981080831
victim,0.444,0.8397308719224885,0.7659096459096457,0.9504627109417528,0.9767346965095465
victim,0.445,0.83973959785853,0.7659241891363815,0.9504627109417528,0.9766775647161133
victim,0.446,0.8394133295505108,0.7657433191655675,0.949918345127926,0.9764905789270333
victim,0.447,0.8394133295505108,0.7657433191655675,0.949918345127926,0.9764905789270333
victim,0.448,0.8392907216920401,0.7657204280060586,0.9496461622210125,0.9764308487321367
victim,0.449,0.8392907216920401,0.7657204280060586,0.9496461622210125,0.9764308487321367
victim,0.45,0.8391681111490454,0.7656975323723431,0.9493739793140991,0.9763711185372401
victim,0.451,0.8391681111490454,0.7656975323723431,0.9493739793140991,0.9763711185372401
victim,0.452,0.8391681111490454,0.7656975323723431,0.9493739793140991,0.9763711185372401
victim,0.453,0.8390454979207397,0.7656746322631091,0.9491017964071856,0.9763113883423435
victim,0.454,0.8388642338464214,0.7655539807438542,0.9488296135002722,0.9761867311496235
victim,0.455,0.8388866841097862,0.7655913978494623,0.9488296135002722,0.976189329551087
victim,0.456,0.8389091365678101,0.7656288186128354,0.9488296135002722,0.9761919279525504
victim,0.457,0.8387503089600654,0.7655455612045365,0.9485574305933587,0.9760698691612937
victim,0.458,0.8387727644641827,0.7655829870447322,0.9485574305933587,0.9760724675627572
victim,0.459,0.8387952221640083,0.7656204165444412,0.9485574305933587,0.9760750659642206
victim,0.46,0.8385275084407844,0.7655371375482861,0.9480130647795318,0.9759530071729641
victim,0.461,0.8385275084407844,0.7655371375482861,0.9480130647795318,0.9759530071729641
victim,0.462,0.8384912894814949,0.765476772616137,0.9480130647795318,0.9758906785766039
victim,0.463,0.8383461938170702,0.765416401780038,0.9477408818726184,0.975828349980244
victim,0.464,0.8383461938170702,0.765416401780038,0.9477408818726184,0.975828349980244
victim,0.465,0.8382235533379325,0.765393456252751,0.947468698965705,0.9757686197853475
victim,0.466,0.8382460142629914,0.765430891127849,0.947468698965705,0.9757712181868108
victim,0.467,0.8382684773852549,0.7654683296649548,0.947468698965705,0.9757738165882742
victim,0.468,0.8382909427050454,0.7655057718646058,0.947468698965705,0.9757764149897377
victim,0.46900000000000003,0.838168304104761,0.7654828294687407,0.9471965160587915,0.9757166847948411
victim,0.47000000000000003,0.838168304104761,0.7654828294687407,0.9471965160587915,0.9757166847948411
victim,0.47100000000000003,0.838168304104761,0.7654828294687407,0.9471965160587915,0.9757166847948411
victim,0.47200000000000003,0.8378780812330151,0.7653620352250489,0.9466521502449646,0.975592027602121
victim,0.47300000000000003,0.8378780812330151,0.7653620352250489,0.9466521502449646,0.975592027602121
victim,0.47400000000000003,0.8379005489281635,0.7653994813836293,0.9466521502449646,0.9755946260035844
victim,0.47500000000000003,0.8379230188219314,0.765436931206576,0.9466521502449646,0.9755972244050479
victim,0.47600000000000003,0.8379230188219314,0.765436931206576,0.9466521502449646,0.9755972244050479
victim,0.47700000000000004,0.8378228457558714,0.7654514313677514,0.9463799673380512,0.9755400926116147
victim,0.47800000000000004,0.8377001979010705,0.7654284735476924,0.9461077844311377,0.9754803624167181
victim,0.47900000000000004,0.8376000262190877,0.7654429760156632,0.9458356015242243,0.975423230623285
victim,0.48,0.8376000262190877,0.7654429760156632,0.9458356015242243,0.975423230623285
victim,0.481,0.837499857092981,0.7654574827434278,0.9455634186173109,0.9753660988298518
victim,0.482,0.8373772041984797,0.7654345165238678,0.9452912357103974,0.9753063686349552
victim,0.483,0.837399690523877,0.7654719937328633,0.9452912357103974,0.9753089670364186
victim,0.484,0.8374221790513332,0.7655094746119572,0.9452912357103974,0.975311565437882
victim,0.485,0.8374221790513332,0.7655094746119572,0.9452912357103974,0.975311565437882
victim,0.486,0.8374671627137167,0.7655844473825962,0.9452912357103974,0.9753167622408089
victim,0.487,0.837512155188219,0.7656594348400999,0.9452912357103974,0.9753219590437356
victim,0.488,0.837512155188219,0.7656594348400999,0.9452912357103974,0.9753219590437356
victim,0.489,0.8373895087640444,0.7656364794044179,0.945019052803484,0.9752622288488391
victim,0.49,0.8374345131125766,0.7657114866519715,0.945019052803484,0.9752674256517659
victim,0.491,0.8374570185937166,0.7657489957872049,0.945019052803484,0.9752700240532294
victim,0.492,0.8374795262798711,0.7657865085974624,0.945019052803484,0.9752726224546928
victim,0.493,0.8374795262798711,0.7657865085974624,0.945019052803484,0.9752726224546928
victim,0.494,0.8374795262798711,0.7657865085974624,0.945019052803484,0.9752726224546928
victim,0.495,0.8373793947004213,0.7658010779029887,0.9447468698965705,0.9752154906612596
victim,0.496,0.8374019083290529,0.7658386006173746,0.9447468698965705,0.975218089062723
victim,0.497,0.8374694624543647,0.7659511908262275,0.9447468698965705,0.9752258842671133
victim,0.498,0.8374694624543647,0.7659511908262275,0.9447468698965705,0.9752258842671133
victim,0.499,0.8374331757949428,0.7658907130605244,0.9447468698965705,0.9751635556707532
victim,0.5,0.8374331757949428,0.7658907130605244,0.9447468698965705,0.9751635556707532
victim,0.501,0.8372880124159373,0.7658302293667908,0.9444746869896571,0.9751012270743933
victim,0.502,0.8373105335225206,0.7658677645444297,0.9444746869896571,0.9751038254758567
victim,0.503,0.8371878885504054,0.7658448115288466,0.9442025040827436,0.9750440952809601
victim,0.504,0.8371878885504054,0.7658448115288466,0.9442025040827436,0.9750440952809601
victim,0.505,0.8370427167056262,0.7657843137254903,0.9439303211758302,0.9749817666846001
victim,0.506,0.8369200647986932,0.7657613491518775,0.9436581382689168,0.9749220364897035
victim,0.507,0.8369200647986932,0.7657613491518775,0.9436581382689168,0.9749220364897035
victim,0.508,0.8369425905039191,0.7657988919939206,0.9436581382689168,0.9749246348911669
victim,0.509,0.8369425905039191,0.7657988919939206,0.9436581382689168,0.9749246348911669
victim,0.51,0.836819937427959,0.7657759254719294,0.9433859553620033,0.9748649046962703
victim,0.511,0.836819937427959,0.7657759254719294,0.9433859553620033,0.9748649046962703
victim,0.512,0.8368424668756045,0.7658134745513386,0.9433859553620033,0.9748675030977337
victim,0.513,0.8368875323998033,0.7658885837583367,0.9433859553620033,0.9748726999006606
victim,0.514,0.8368875323998033,0.7658885837583367,0.9433859553620033,0.9748726999006606
victim,0.515,0.8368512189845835,0.765828061399637,0.9433859553620033,0.9748103713043006
victim,0.516,0.8367060288447138,0.7657675331044631,0.9431137724550899,0.9747480427079406
victim,0.517,0.8367060288447138,0.7657675331044631,0.9431137724550899,0.9747480427079406
victim,0.518,0.8366284439228712,0.7658196801726677,0.9428415895481764,0.9746935093159709
victim,0.519,0.8366284439228712,0.7658196801726677,0.9428415895481764,0.9746935093159709
victim,0.52,0.8366509846051425,0.7658572479764533,0.9428415895481764,0.9746961077174343
victim,0.521,0.8365057846345272,0.7657967032967034,0.9425694066412629,0.9746337791210742
victim,0.522,0.8365508712817628,0.7658718477087627,0.9425694066412629,0.9746389759240011
victim,0.523,0.8364282123592942,0.7658488714425907,0.9422972237343494,0.9745792457291045
victim,0.524,0.8364507605374611,0.7658864517395357,0.9422972237343494,0.9745818441305679
victim,0.525,0.8364958635330978,0.76596162339893,0.9422972237343494,0.9745870409334947
victim,0.526,0.8365184183512192,0.7659992147624657,0.9422972237343494,0.9745896393349582
victim,0.527,0.8365184183512192,0.7659992147624657,0.9422972237343494,0.9745896393349582
victim,0.528,0.8362505467906505,0.765915672704069,0.9417528579205225,0.9744675805437015
victim,0.529,0.8361053271426908,0.7658550952287452,0.9414806750136091,0.9744052519473416
victim,0.53,0.8359826604656533,0.7658321060382917,0.9412084921066957,0.9743455217524449
victim,0.531,0.83600521921982,0.7658697039619029,0.9412084921066957,0.9743481201539084
victim,0.532,0.8358599910797557,0.7658091123330714,0.9409363091997822,0.9742857915575484
victim,0.533,0.8360591187047879,0.7659595364368493,0.9412084921066957,0.974296185163402
victim,0.534,0.8360591187047879,0.7659595364368493,0.9412084921066957,0.974296185163402
victim,0.535,0.8360816878607011,0.7659971516967048,0.9412084921066957,0.9742987835648654
victim,0.536,0.8359364527635,0.7659365484726451,0.9409363091997822,0.9742364549685054
victim,0.537,0.835959023458902,0.7659741662983154,0.9409363091997822,0.974239053369969
victim,0.538,0.8358137841124323,0.7659135559921414,0.9406641262928688,0.9741767247736088
victim,0.539,0.8358137841124323,0.7659135559921414,0.9406641262928688,0.9741767247736088
victim,0.54,0.8358137841124323,0.7659135559921414,0.9406641262928688,0.9741767247736088
victim,0.541,0.8358137841124323,0.7659135559921414,0.9406641262928688,0.9741767247736088
victim,0.542,0.8356685411934704,0.7658529397318139,0.9403919433859553,0.9741143961772489
victim,0.543,0.8355232947014899,0.7657923175164554,0.9401197604790419,0.9740520675808888
victim,0.544,0.8355232947014899,0.7657923175164554,0.9401197604790419,0.9740520675808888
victim,0.545,0.8355684386777633,0.7658675574769109,0.9401197604790419,0.9740572643838157
victim,0.546,0.8354231872558227,0.7658069270449521,0.9398475775721284,0.9739949357874557
victim,0.547,0.8354457618925637,0.7658445514395205,0.9398475775721284,0.9739975341889191
victim,0.548,0.8354909178213041,0.7659198113207547,0.9398475775721284,0.974002730991846
victim,0.549,0.8354909178213041,0.7659198113207547,0.9398475775721284,0.974002730991846
victim,0.55,0.8353682414041695,0.7658968058968059,0.939575394665215,0.9739430007969494
victim,0.551,0.8354134092912875,0.7659720857086691,0.939575394665215,0.9739481975998762
victim,0.552,0.8352907332435744,0.7659490809004228,0.9393032117583016,0.9738884674049796
victim,0.553,0.835168054481963,0.7659260715690129,0.9390310288513881,0.9738287372100831
victim,0.554,0.8352132374180501,0.7660013764624916,0.9390310288513881,0.9738339340130099
victim,0.555,0.8352358322180047,0.7660390344624158,0.9390310288513881,0.9738365324144733
victim,0.556,0.8352810284833745,0.7661143615713654,0.9390310288513881,0.9738417292174002
victim,0.557,0.835303629949445,0.7661520306814829,0.9390310288513881,0.9738443276188635
victim,0.558,0.8351583547223835,0.7660913605743227,0.9387588459444747,0.9737819990225036
victim,0.559,0.8351583547223835,0.7660913605743227,0.9387588459444747,0.9737819990225036
victim,0.56,0.8350855398530788,0.7659700024588149,0.9387588459444747,0.9736573418297836
victim,0.561,0.8349854580538991,0.7659846547314578,0.9384866630375612,0.9736002100363503
victim,0.562,0.835008063473841,0.7660223304313609,0.9384866630375612,0.9736028084378138
victim,0.5630000000000001,0.8347174767132923,0.765900929706331,0.9379422972237343,0.9734781512450937
victim,0.5640000000000001,0.8347400829981124,0.7659386068476978,0.9379422972237343,0.9734807496465572
victim,0.5650000000000001,0.8345947835631036,0.7658778963939588,0.9376701143168209,0.973418421050197
victim,0.5660000000000001,0.8346400014462855,0.7659532595325952,0.9376701143168209,0.9734236178531239
victim,0.5670000000000001,0.8343720000212153,0.7658695010333627,0.937125748502994,0.9733015590618674
victim,0.5680000000000001,0.8344172285350558,0.7659448818897637,0.937125748502994,0.9733067558647943
victim,0.5690000000000001,0.834149214000016,0.7658611015405817,0.9365813826891671,0.9731846970735376
victim,0.5700000000000001,0.834003892553185,0.7658003544004726,0.9363091997822537,0.9731223684771776
victim,0.5710000000000001,0.8340491303411774,0.7658757507137934,0.9363091997822537,0.9731275652801045
victim,0.5720000000000001,0.8339264254976746,0.7658526979125642,0.9360370168753402,0.9730678350852078
victim,0.5730000000000001,0.8339125910928245,0.7658296405711472,0.9360370168753402,0.9730081048903112
victim,0.5740000000000001,0.8338125076751237,0.765844290146255,0.9357648339684268,0.9729509730968782
victim,0.5750000000000001,0.8337124268548655,0.7658589440504334,0.9354926510615134,0.9728938413034449
victim,0.5760000000000001,0.8337124268548655,0.7658589440504334,0.9354926510615134,0.9728938413034449
victim,0.577,0.8336759551692243,0.7657981579076983,0.9354926510615134,0.972831512707085
victim,0.578,0.8335532382445503,0.7657750849711837,0.9352204681545999,0.9727717825121883
victim,0.579,0.8334531538862457,0.7657897329786186,0.9349482852476865,0.9727146507187552
victim,0.58,0.8331850710994861,0.7657058388765705,0.9344039194338596,0.9725925919274985
victim,0.581,0.8331850710994861,0.7657058388765705,0.9344039194338596,0.9725925919274985
victim,0.582,0.8331485787127377,0.7656450182319897,0.9344039194338596,0.9725302633311386
victim,0.583,0.833048485848273,0.7656596520624908,0.9341317365269461,0.9724731315377054
victim,0.584,0.8327577340312184,0.7655379762432846,0.9335873707131193,0.9723484743449854
victim,0.585,0.8326349921629516,0.7655148617341154,0.9333151878062058,0.9722887441500887
victim,0.586,0.8323442173845779,0.7653931476460438,0.9327708219923789,0.9721640869573687
victim,0.587,0.8323895002212971,0.7654686190405758,0.9327708219923789,0.9721692837602955
victim,0.588,0.8322893964625886,0.7654832347140039,0.9324986390854655,0.9721121519668624
victim,0.589,0.8321439973340866,0.765422358104443,0.9322264561785519,0.9720498233705024
victim,0.59,0.8322119476322021,0.7655356086013021,0.9322264561785519,0.9720576185748926
victim,0.591,0.8320665428474964,0.765474722564735,0.9319542732716385,0.9719952899785327
victim,0.592,0.8320891967309697,0.7655124790371906,0.9319542732716385,0.9719978883799961
victim,0.593,0.8322433843656591,0.765588003157064,0.9322264561785519,0.9720030851829229
victim,0.594,0.8322433843656591,0.765588003157064,0.9322264561785519,0.9720030851829229
victim,0.595,0.8322433843656591,0.765588003157064,0.9322264561785519,0.9720030851829229
victim,0.596,0.832420246003716,0.7657013172825496,0.9324986390854655,0.9720108803873132
victim,0.597,0.832420246003716,0.7657013172825496,0.9324986390854655,0.9720108803873132
victim,0.598,0.832420246003716,0.7657013172825496,0.9324986390854655,0.9720108803873132
victim,0.599,0.8322748335075368,0.7656404183935267,0.9322264561785519,0.9719485517909532
victim,0.6,0.8322748335075368,0.7656404183935267,0.9322264561785519,0.9719485517909532
victim,0.601,0.8322748335075368,0.7656404183935267,0.9322264561785519,0.9719485517909532
victim,0.602,0.8322975001208015,0.7656781960823013,0.9322264561785519,0.9719511501924166
victim,0.603,0.8322975001208015,0.7656781960823013,0.9322264561785519,0.9719511501924166
victim,0.604,0.8322836246623905,0.7656550703182828,0.9322264561785519,0.9718914199975199
victim,0.605,0.8320154479314985,0.7655710196426808,0.931682090364725,0.9717693612062634
victim,0.606,0.8319788921154867,0.7655100932826613,0.931682090364725,0.9717070326099033
victim,0.607,0.8320242355239442,0.7655856656300902,0.931682090364725,0.9717122294128302
victim,0.608,0.8320469105856175,0.7656234573995458,0.931682090364725,0.9717148278142936
victim,0.609,0.8320922674255109,0.7656990521327014,0.931682090364725,0.9717200246172204
victim,0.61,0.8318467548410979,0.7656527750345645,0.9311377245508982,0.9716005642274274
victim,0.611,0.8318467548410979,0.7656527750345645,0.9311377245508982,0.9716005642274274
victim,0.612,0.8318467548410979,0.7656527750345645,0.9311377245508982,0.9716005642274274
victim,0.613,0.8318467548410979,0.7656527750345645,0.9311377245508982,0.9716005642274274
victim,0.614,0.8318694397290058,0.7656905831810775,0.9311377245508982,0.9716031626288908
victim,0.615,0.8317693695615844,0.7657052548399842,0.9308655416439847,0.9715460308354575
victim,0.616,0.8316239192838343,0.7656442929816764,0.9305933587370713,0.9714837022390975
victim,0.617,0.831478465392816,0.7655833251012547,0.9303211758301578,0.9714213736427375
victim,0.618,0.8314418810507591,0.7655223511978266,0.9303211758301578,0.9713590450463775
victim,0.619,0.8310508627014745,0.7654150197628459,0.9295046271094175,0.9711772560602243
victim,0.62,0.8310508627014745,0.7654150197628459,0.9295046271094175,0.9711772560602243
victim,0.621,0.8308687855671564,0.7652930131435912,0.9292324442025041,0.9710525988675043
victim,0.622,0.8305778208000252,0.7651709824075905,0.9286880783886772,0.9709279416747842
victim,0.623,0.83030952872094,0.7650867394849997,0.9281437125748503,0.9708058828835276
victim,0.624,0.8303549097741445,0.765162374573674,0.9281437125748503,0.9708110796864545
victim,0.625,0.8303776036656296,0.7652001977261492,0.9281437125748503,0.970813678087918
victim,0.626,0.8302774989982371,0.7652148118851041,0.9278715296679368,0.9707565462944847
victim,0.627,0.8303001989333272,0.765252645110254,0.9278715296679368,0.9707591446959482
victim,0.628,0.8301773969322574,0.7652294303797468,0.9275993467610234,0.9706994145010517
victim,0.629,0.8303316798129763,0.7653051132430027,0.9278715296679368,0.9707046113039784
victim,0.63,0.8301861706316137,0.7652440532120073,0.9275993467610234,0.9706422827076184
victim,0.631,0.8300406578265105,0.7651829871414441,0.92732716385411,0.9705799541112584
victim,0.632,0.8300633646761214,0.7652208318907957,0.92732716385411,0.9705825525127219
victim,0.633,0.8300860737719338,0.7652586803838164,0.92732716385411,0.9705851509141853
victim,0.634,0.8300860737719338,0.7652586803838164,0.92732716385411,0.9705851509141853
victim,0.635,0.8298631711628803,0.765250086577945,0.9267827980402831,0.9704682889258556
victim,0.636,0.829885887868399,0.7652879477538096,0.9267827980402831,0.9704708873273189
victim,0.637,0.8297857988268647,0.7653025879558613,0.9265106151333696,0.9704137555338858
victim,0.638,0.8296402660022214,0.7652414885193982,0.9262384322264562,0.9703514269375257
victim,0.639,0.8296036027119313,0.7651803830355816,0.9262384322264562,0.9702890983411657
victim,0.64,0.8295669357926908,0.7651192715035139,0.9262384322264562,0.9702267697448057
victim,0.641,0.8295896564837525,0.7651571393219501,0.9262384322264562,0.9702293681462691
victim,0.642,0.8296351046135939,0.7652328862050192,0.9262384322264562,0.970234564949196
victim,0.643,0.8297754921546399,0.7652854101688201,0.9265106151333696,0.9701800315572262
victim,0.644,0.8296299406695704,0.7652242796316466,0.9262384322264562,0.9701177029608663
victim,0.645,0.8296299406695704,0.7652242796316466,0.9262384322264562,0.9701177029608663
victim,0.646,0.8296159908347298,0.7652010299069122,0.9262384322264562,0.9700579727659696
victim,0.647,0.829179301612062,0.7650175803496261,0.9254218835057159,0.9698709869768896
victim,0.648,0.8288107771001991,0.7649477386436816,0.9246053347849755,0.9696917963921998
victim,0.649,0.8289017385317378,0.7650993410295792,0.9246053347849755,0.9697021899980536
victim,0.65,0.8289244845234441,0.7651372510157566,0.9246053347849755,0.9697047883995169
victim,0.651,0.828969983269788,0.765213082259663,0.9246053347849755,0.9697099852024438
victim,0.652,0.8289927360250957,0.7652510035185093,0.9246053347849755,0.9697125836039072
victim,0.653,0.8286875846144819,0.765105328376704,0.9240609689711486,0.9695281962162905
victim,0.654,0.8286875846144819,0.765105328376704,0.9240609689711486,0.9695281962162905
victim,0.655,0.8285647386362726,0.7650820403509642,0.9237887860642352,0.9694684660213939
victim,0.656,0.8285874953894061,0.7651199682728533,0.9237887860642352,0.9694710644228575
victim,0.657,0.8286102543989229,0.7651578999553814,0.9237887860642352,0.9694736628243208
victim,0.658,0.8281961840731148,0.765012148559528,0.9229722373434949,0.9692892754367042
victim,0.659,0.8279504671656539,0.7649655309229778,0.922427871529668,0.969169815046911
victim,0.66,0.8278731390832107,0.7650181060568482,0.9221556886227545,0.9691152816549413
victim,0.661,0.8277502768212375,0.7649947908915017,0.9218835057158411,0.9690555514600447
victim,0.662,0.827795823521762,0.7650707020590425,0.9218835057158411,0.9690607482629715
victim,0.663,0.827795823521762,0.7650707020590425,0.9218835057158411,0.9690607482629715
victim,0.664,0.8279362668142947,0.765123318941988,0.9221556886227545,0.9690062148710017
victim,0.665,0.8279362668142947,0.765123318941988,0.9221556886227545,0.9690062148710017
victim,0.666,0.827836189659773,0.7651379789557275,0.9218835057158411,0.9689490830775687
victim,0.667,0.8278589763172095,0.7651759567181219,0.9218835057158411,0.968951681479032
victim,0.668,0.8275904613619176,0.7650913423351866,0.9213391399020141,0.9688296226877755
victim,0.669,0.827613251155166,0.765129325323934,0.9213391399020141,0.9688322210892388
victim,0.67,0.8276588375307377,0.7652053026165534,0.9213391399020141,0.9688374178921657
victim,0.671,0.8276816341137351,0.765243296921549,0.9213391399020141,0.9688400162936291
victim,0.672,0.8276816341137351,0.765243296921549,0.9213391399020141,0.9688400162936291
victim,0.673,0.8277272340718396,0.7653192968517231,0.9213391399020141,0.9688452130965559
victim,0.674,0.8277132483326769,0.7652959872864521,0.9213391399020141,0.9687854829016593
victim,0.675,0.8277360532789084,0.7653339955301712,0.9213391399020141,0.9687880813031228
victim,0.676,0.827758860490457,0.7653720075494189,0.9213391399020141,0.9687906797045862
victim,0.677,0.8275763953551633,0.7652493542618716,0.9210669569951007,0.9686660225118662
victim,0.678,0.8274763377737815,0.765264046897511,0.9207947740881872,0.9686088907184329
victim,0.679,0.8274483444178835,0.7652173913043478,0.9207947740881872,0.9684894303286399
victim,0.68,0.827265837148353,0.7650946677930726,0.9205225911812738,0.9683647731359198
victim,0.681,0.827265837148353,0.7650946677930726,0.9205225911812738,0.9683647731359198
victim,0.682,0.8271885871876705,0.7651473731298774,0.9202504082743603,0.96831023974395
victim,0.683,0.8271745779839004,0.7651240244569271,0.9202504082743603,0.9682505095490535
victim,0.684,0.8272202229667165,0.7652000994282874,0.9202504082743603,0.9682557063519803
victim,0.685,0.8272658770272403,0.7652761895291603,0.9202504082743603,0.9682609031549072
victim,0.686,0.8269972852089771,0.7651914470412728,0.9197060424605334,0.9681388443636505
victim,0.687,0.8268515685864786,0.7651300412750509,0.91943385955362,0.9680765157672906
victim,0.6880000000000001,0.8267058482994226,0.7650686294012333,0.9191616766467066,0.9680141871709306
victim,0.6890000000000001,0.8267058482994226,0.7650686294012333,0.9191616766467066,0.9680141871709306
victim,0.6900000000000001,0.8268006998942621,0.7650452601213568,0.91943385955362,0.9679544569760339
victim,0.6910000000000001,0.8267006354400585,0.765059941302293,0.9191616766467066,0.9678973251826009
victim,0.6920000000000001,0.8264408040166867,0.7649897994725581,0.9186173108328797,0.967718134597911
victim,0.6930000000000001,0.8264636440783748,0.7650278662420382,0.9186173108328797,0.9677207329993744
victim,0.6940000000000001,0.8264496117025159,0.76500447894894,0.9186173108328797,0.9676610028044779
victim,0.6950000000000001,0.8264496117025159,0.76500447894894,0.9186173108328797,0.9676610028044779
victim,0.6960000000000001,0.826472455612702,0.7650425521325835,0.9186173108328797,0.9676636012059412
victim,0.6970000000000001,0.8263723966158818,0.7650572424091588,0.9183451279259662,0.9676064694125082
victim,0.6980000000000001,0.8263583618036003,0.7650338510553564,0.9183451279259662,0.9675467392176116
victim,0.6990000000000001,0.8260896849792845,0.7649489668907145,0.9178007621121393,0.9674246804263549
victim,0.7000000000000001,0.8260581969592456,0.7650779421285921,0.9175285792052259,0.967375343837312
victim,0.7010000000000001,0.826081060131139,0.7651160474150811,0.9175285792052259,0.9673779422387754
victim,0.7020000000000001,0.8258123653067465,0.7650311332503115,0.916984213391399,0.9672558834475188
victim,0.7030000000000001,0.8258352316353281,0.7650692437979476,0.916984213391399,0.9672584818489822
victim,0.704,0.8257123131902071,0.7650458349940215,0.9167120304844856,0.9671987516540856
victim,0.705,0.8256439679370842,0.7651133815100922,0.9164398475775721,0.9670870864686827
victim,0.706,0.8254981663467323,0.7650518341307815,0.9161676646706587,0.9670247578723228
victim,0.707,0.8255668116436485,0.7651662429589752,0.9161676646706587,0.967032553076713
victim,0.708,0.8252980781427925,0.765081264333433,0.9156232988568318,0.9669104942854563
victim,0.709,0.825198038003004,0.7650959860383945,0.9153511159499184,0.9668533624920231
victim,0.71,0.8251437926685735,0.7651870324189526,0.9150789330430049,0.9668014275015169
victim,0.711,0.8252124980438593,0.7653015413777623,0.9150789330430049,0.9668092227059071
victim,0.712,0.8249437410804559,0.7652165236479744,0.914534567229178,0.9666871639146506
victim,0.713,0.8249437410804559,0.7652165236479744,0.914534567229178,0.9666871639146506
victim,0.714,0.8248437192595679,0.7652312758844368,0.9142623843222646,0.9666300321212173
victim,0.715,0.8248666303756124,0.7652694610778442,0.9142623843222646,0.9666326305226808
victim,0.716,0.8248525732518124,0.7652460325381775,0.9142623843222646,0.9665729003277841
victim,0.717,0.8246067042587208,0.7651991614255764,0.9137180185084377,0.9664534399379909
victim,0.718,0.8240690904263699,0.7650289594567605,0.9126292868807839,0.9662093223554777
victim,0.719,0.823946137305118,0.765005492859283,0.9123571039738705,0.9661495921605812
victim,0.72,0.8237002226239215,0.7649585455998401,0.9118127381600436,0.966030131770788
victim,0.721,0.8233943506369581,0.7648116694974523,0.9112683723462166,0.9658457443831714
victim,0.722,0.8232943039046245,0.764826380214839,0.9109961894393032,0.9657886125897382
victim,0.723,0.8231342957970453,0.7647411553068159,0.9107240065323897,0.9656665537984817
victim,0.724,0.8231431185307929,0.7647558598630616,0.9107240065323897,0.9656094220050484
victim,0.725,0.823234866297035,0.7649087728067985,0.9107240065323897,0.9656198156109022
victim,0.726,0.822797099713001,0.7647235276472353,0.9099074578116494,0.9654328298218221
victim,0.727,0.822505236799129,0.7646,0.9093630919978225,0.9653081726291022
victim,0.728,0.8224051789586619,0.7646146922038306,0.9090909090909091,0.9652510408356689
victim,0.729,0.8218443283682553,0.764405762304922,0.9080021774632553,0.9650043248516923
victim,0.73,0.821744256564845,0.7644204312371804,0.9077299945563418,0.9649471930582592
victim,0.731,0.8217530605664575,0.7644351045732012,0.9077299945563418,0.9648900612648259
victim,0.732,0.8213468889203559,0.7643025176435256,0.9069134458356015,0.9646485420837762
victim,0.733,0.8212468135415192,0.76431718061674,0.9066412629286881,0.964591410290343
victim,0.734,0.8209777865333225,0.7642317128122966,0.9060968971148612,0.9644693514990864
victim,0.735,0.8205627377852112,0.7640843307126046,0.9052803483941209,0.9642849641114698
victim,0.736,0.8205856970499561,0.7641225961538463,0.9052803483941209,0.9642875625129332
victim,0.737,0.8205315435079121,0.7642137955217152,0.9050081654872074,0.9642356275224269
victim,0.738,0.8200934803739215,0.7640280561122244,0.9041916167664671,0.9640486417333468
victim,0.739,0.8201853658887877,0.7641811986370015,0.9041916167664671,0.9640590353392005
victim,0.74,0.8198932994990275,0.7640573318632856,0.9036472509526402,0.9639343781464805
victim,0.741,0.8198020023536425,0.7640866252255865,0.9033750680457268,0.9638201145596141
victim,0.742,0.8194098089735387,0.7639773354059067,0.9025585193249864,0.963638325573461
victim,0.743,0.8196106398876944,0.7641305983248908,0.9028307022318999,0.9636487191793146
victim,0.744,0.8194645753496154,0.764068612699368,0.9025585193249864,0.9635863905829547
victim,0.745,0.819241421199778,0.7640595996588572,0.9020141535111595,0.9634695285946249
victim,0.746,0.8193334350007306,0.7642129559937779,0.9020141535111595,0.9634799222004786
victim,0.747,0.8192103627887954,0.7641892909118283,0.9017419706042461,0.963420192005582
victim,0.748,0.8187951047570161,0.7640415600060232,0.9009254218835057,0.9632358046179654
victim,0.749,0.8185029068413046,0.7639174740223885,0.9003810560696788,0.9631111474252454
victim,0.75,0.8182337021089678,0.7638317100110452,0.8998366902558519,0.9629890886339887
victim,0.751,0.818156625476484,0.7638847042281812,0.8995645073489384,0.962934555242019
victim,0.752,0.8180565410469622,0.7638993521169203,0.899292324442025,0.9628774234485858
victim,0.753,0.8177102459798322,0.7638665594855306,0.8984757757212847,0.9627008312653594
victim,0.754,0.8175268395978619,0.7637423374535223,0.8982035928143712,0.9625761740726395
victim,0.755,0.8171114162905834,0.7635943310885517,0.8973870440936309,0.9623917866850229
victim,0.756,0.8168651501296555,0.7635467980295567,0.896842678279804,0.9622723262952296
victim,0.757,0.8166419053071712,0.7635376338679672,0.8962983124659771,0.9621554643068999
victim,0.758,0.8163352723998594,0.7633894895649989,0.8957539466521502,0.9619710769192833
victim,0.759,0.8163813452956736,0.7634662777246893,0.8957539466521502,0.9619762737222102
victim,0.76,0.8161811307203976,0.763495497308447,0.8952095808383234,0.9618620101353438
victim,0.761,0.8159809267324598,0.7635247345377686,0.8946652150244965,0.9617477465484775
victim,0.762,0.8157115569180106,0.7634386953895712,0.8941208492106696,0.9616256877572209
victim,0.763,0.8157346134045074,0.763477122867066,0.8941208492106696,0.9616282861586842
victim,0.764,0.8155574815762596,0.7635448136958709,0.8935764833968427,0.9615166209732813
victim,0.765,0.8155662633995288,0.7635594500679861,0.8935764833968427,0.9614594891798482
victim,0.766,0.8152594898579681,0.7634110713746032,0.8930321175830158,0.9612751017922316
victim,0.767,0.815036213162331,0.7634018540910923,0.8924877517691889,0.9611582398039018
victim,0.768,0.8148756455343282,0.76331569664903,0.8922155688622755,0.9610361810126452
victim,0.769,0.8148987250252568,0.7633541624672445,0.8922155688622755,0.9610387794141086
victim,0.77,0.8145918683161536,0.7632056451612903,0.8916712030484486,0.960854392026492
victim,0.771,0.8146842101969959,0.7633595482960275,0.8916712030484486,0.9608647856323458
victim,0.772,0.8146324806143272,0.763273332324913,0.8916712030484486,0.9607427268410891
victim,0.773,0.8142650472646187,0.7630238539512834,0.8911268372346217,0.960493412455649
victim,0.774,0.8140417052753397,0.7630145278450363,0.8905824714207947,0.9603765504673193
victim,0.775,0.8140417052753397,0.7630145278450363,0.8905824714207947,0.9603765504673193
victim,0.776,0.8137490733395484,0.7628897184946021,0.8900381056069678,0.9602518932745993
victim,0.777,0.8131955767846195,0.7626930453214898,0.8889493739793141,0.9599480454971895
victim,0.778,0.813034856036249,0.7626066326788148,0.8886771910724006,0.9598259867059329
victim,0.779,0.8129116019334675,0.7625826644454542,0.8884050081654872,0.9597662565110363
victim,0.78,0.8127883449264719,0.7625586913717373,0.8881328252585737,0.9597065263161397
victim,0.781,0.8125418221963202,0.7625107306973691,0.8875884594447468,0.9595870659263466
victim,0.782,0.8120025278899832,0.7623377279385765,0.8864997278170931,0.9593429483438334
victim,0.783,0.8118648369910005,0.7622896983782145,0.8862275449101796,0.9592234879540401
victim,0.784,0.811764661223742,0.7623041940373926,0.8859553620032662,0.959166356160607
victim,0.785,0.8116500722450611,0.7622946676775334,0.8856831790963527,0.9590494941722773
victim,0.786,0.8112339480402404,0.7621454931499924,0.8848666303756124,0.9588651067846605
victim,0.787,0.8113033110641898,0.7622610981899081,0.8848666303756124,0.9588729019890508
victim,0.788,0.8111029701581149,0.7622901072223346,0.8843222645617855,0.9587586384021844
victim,0.789,0.8106867865387654,0.7621408336705787,0.8835057158410452,0.958574251014568
victim,0.79,0.8106097458998215,0.762193887876948,0.8832335329341318,0.9585197176225981
victim,0.791,0.8103399753345346,0.7621071808106877,0.8826891671203049,0.9583976588313415
victim,0.792,0.8103555447611426,0.76231458512631,0.8824169842133914,0.9583535190452255
victim,0.793,0.809792795869215,0.7621024913915333,0.8813282525857377,0.958106803061249
victim,0.794,0.8097389451181487,0.7621941954110317,0.8810560696788242,0.9580548680707426
victim,0.795,0.8098084461086117,0.7623100303951368,0.8810560696788242,0.9580626632751328
victim,0.796,0.8096081476451171,0.7623391101651971,0.8805117038649973,0.9579483996882665
victim,0.797,0.8094848211543666,0.7623150212852219,0.8802395209580839,0.9578886694933699
victim,0.798,0.8095543719191451,0.7624309392265194,0.8802395209580839,0.9578964646977601
victim,0.799,0.8095543719191451,0.7624309392265194,0.8802395209580839,0.9578964646977601
victim,0.8,0.8094310473510506,0.7624068535509708,0.8799673380511703,0.9578367345028636
victim,0.801,0.8091178043731806,0.7622476924637387,0.8794229722373434,0.9575354851269171
victim,0.802,0.8091033337519064,0.762223574761615,0.8794229722373434,0.9574757549320205
victim,0.803,0.8088276755712331,0.7621270550030443,0.8788786064235166,0.9572368341524342
victim,0.804,0.8081354276897795,0.7618805848903331,0.8775176918889493,0.9568135259852313
victim,0.805,0.808120918534802,0.7618564029653703,0.8775176918889493,0.9567537957903347
victim,0.806,0.8081905615963699,0.7619724747346504,0.8775176918889493,0.9567615909947249
victim,0.807,0.8079525086458588,0.761938630359683,0.8769733260751225,0.9565849988114985
victim,0.808,0.807753627998991,0.7617886178861789,0.876701143168209,0.956400611423882
victim,0.809,0.8075692464685796,0.761662770606769,0.8764289602612956,0.956275954231162
victim,0.81,0.8074312989258943,0.7616143133069024,0.8761567773543821,0.9561564938413687
victim,0.811,0.8068998346141085,0.7614543605390287,0.8750680457267284,0.9558552444654225
victim,0.812,0.8066151688115493,0.7613428280773143,0.8745236799129015,0.9556734554792692
victim,0.8130000000000001,0.8061691948338765,0.7611439039283534,0.8737071311921611,0.9553696077018594
victim,0.8140000000000001,0.8058074573433003,0.7610853739245532,0.8728905824714208,0.9551332853237364
victim,0.8150000000000001,0.8056547845851858,0.7610123745989713,0.8726183995645074,0.9549540947390467
victim,0.8160000000000001,0.8057245524508412,0.7611286543750636,0.8726183995645074,0.9549618899434369
victim,0.8170000000000001,0.8055241315357318,0.7611575300590993,0.8720740337506805,0.9548476263565706
victim,0.8180000000000001,0.8053323931954357,0.761200876701157,0.8715296679368536,0.9546762309762711
victim,0.8190000000000001,0.8047918846445181,0.761025850201397,0.8704409363091998,0.9544321133937579
victim,0.8200000000000001,0.8046770484845375,0.7610159118727049,0.8701687534022864,0.9543152514054281
victim,0.8210000000000001,0.8044706663993682,0.7610348522733072,0.8696243875884594,0.954084125830232
victim,0.8220000000000001,0.8037831840148187,0.7607963246554365,0.8682634730538922,0.9537776796513588
victim,0.8230000000000001,0.803219143443102,0.7605820781210111,0.8671747414262384,0.9535309636673822
victim,0.8240000000000001,0.8029107682930725,0.7604310300801799,0.8666303756124115,0.9533465762797655
victim,0.8250000000000001,0.8025349557281403,0.760167586347844,0.8660860097985846,0.9529803999059958
victim,0.8260000000000001,0.8024432860464569,0.760196258816314,0.8658138268916712,0.9528661363191294
victim,0.8270000000000001,0.8019955811614465,0.7601759050930661,0.8647250952640174,0.9526324123424699
victim,0.8280000000000001,0.8020128002539446,0.7602046035805626,0.8647250952640174,0.9525181487556036
victim,0.8290000000000001,0.8015953433077846,0.7600532078174562,0.8639085465432771,0.952333761367987
victim,0.8300000000000001,0.8012719773071332,0.7598771750255885,0.8633641807294502,0.9520896437854738
victim,0.8310000000000001,0.8007308000973582,0.7597010340943994,0.8622754491017964,0.9518455262029606
victim,0.8320000000000001,0.8002455319834083,0.7594366197183099,0.8614589003810561,0.9514793498291907
victim,0.833,0.8000386640882425,0.7594547504355847,0.8609145345672292,0.9512482242539947
victim,0.834,0.79983804084563,0.7594832889071151,0.8603701687534023,0.9511339606671283
victim,0.835,0.7991347545620404,0.7592184214575106,0.859009254218835,0.9507677842933585
victim,0.836,0.798740301651377,0.7591053657535652,0.8581927054980947,0.9505859953072053
victim,0.837,0.7980070862842868,0.7587906164981264,0.8568317909635275,0.9501003585436423
victim,0.838,0.7978153806571737,0.7586525623908803,0.856559608056614,0.9498588393625926
victim,0.839,0.7975062509803198,0.7585002568053416,0.8560152422427871,0.949674451974976
victim,0.84,0.7971354378005988,0.7582451453816911,0.8554708764289602,0.949425137589536
victim,0.841,0.7967814595092113,0.7580180921052632,0.8549265106151334,0.9490615596172296
victim,0.842,0.7965189247585689,0.7579434447300771,0.8543821448013065,0.9488823690325398
victim,0.843,0.7964269512255622,0.757971610779675,0.854109961894393,0.9487681054456734
victim,0.844,0.7961409871332913,0.7578579145017748,0.8535655960805661,0.9485863164595203
victim,0.845,0.795498444929259,0.7576942871847658,0.8522046815459989,0.9482850670835739
victim,0.846,0.7950732917547628,0.7577115196457079,0.8511159499183452,0.9480539415083777
victim,0.847,0.7948724290366458,0.7577396589913975,0.8505715841045183,0.9479396779215115
victim,0.848,0.7945797684171373,0.7576148018347678,0.8500272182906914,0.9476410269470286
victim,0.849,0.7941931618728374,0.757514823408095,0.8492106695699511,0.947402106167442
victim,0.85,0.7936122990060915,0.7572725397152879,0.8481219379422972,0.9470956599885689
victim,0.851,0.7928538726166015,0.7569157720891826,0.84676102340773,0.9466074248235425
victim,0.852,0.7925909480143294,0.7568404749612803,0.8462166575939031,0.9464282342388527
victim,0.853,0.7920097511849297,0.75659763466405,0.8451279259662493,0.9461217880599795
victim,0.854,0.7916378639115838,0.7565221883556337,0.844311377245509,0.9459425974752897
victim,0.855,0.7915373476744689,0.7565361165650512,0.8440391943385955,0.9458854656818566
victim,0.856,0.7908554310283111,0.756306865177833,0.8426782798040283,0.9455218877095501
victim,0.857,0.7905084670724584,0.7562729577319053,0.841861731083288,0.9451713017445609
victim,0.858,0.7901212974158022,0.7561720407846385,0.8410451823625477,0.9449323809649746
victim,0.859,0.7887947826599891,0.7554128250284885,0.8388677191072401,0.9441273060152212
victim,0.86,0.7881039187822791,0.7551686615886835,0.8375068045726728,0.943820859836348
victim,0.861,0.7873977028270618,0.7548989113530327,0.8361458900381056,0.9434546834625783
victim,0.862,0.7865754013299968,0.7546171404855779,0.8345127925966249,0.9429716451004787
victim,0.863,0.7861488665751112,0.7544506150412622,0.8336962438758846,0.9426703957245324
victim,0.864,0.7855428751033315,0.7541664503400654,0.8326075122482308,0.9423613511441957
victim,0.865,0.7851780164422564,0.7539212631141581,0.8320631464344039,0.9420549049653224
victim,0.866,0.7842307314224485,0.7536126416467409,0.8301578660860098,0.9415121364083263
victim,0.867,0.7834544397645435,0.7534075538445532,0.8285247686445292,0.9410342948491536
victim,0.868,0.7832764702657704,0.7534738485558158,0.8279804028307022,0.9409226296637507
victim,0.869,0.7832309424704788,0.7535794241682721,0.8277082199237887,0.9408135628798112
victim,0.87,0.7822042825655853,0.7531385112257123,0.8258029395753946,0.940320130911858
victim,0.871,0.7817850176397507,0.7529841021631484,0.8249863908546543,0.9399617497424784
victim,0.872,0.7814055064197799,0.7530774045482995,0.8238976592270005,0.9397358209702091
victim,0.873,0.7806976285245755,0.7528048844126702,0.8225367446924333,0.9393696445964393
victim,0.874,0.7798732871942867,0.7525197138231761,0.8209036472509527,0.9388866062343397
victim,0.875,0.7791259388987701,0.7521814096870265,0.8195427327163854,0.9384581012642099
victim,0.876,0.777949238870008,0.7514904298713524,0.8176374523679912,0.9376582231173836
victim,0.877,0.7779507122214341,0.7516743407283383,0.8173652694610778,0.9375543531363708
victim,0.878,0.7775777038160847,0.7515970258665827,0.8165487207403375,0.9372011687699182
victim,0.879,0.7772426284378333,0.7514014774453818,0.8160043549265106,0.9368401891990752
victim,0.88,0.7763304470015615,0.7509699066792492,0.8143712574850299,0.9362896254376888
victim,0.881,0.7753405914108804,0.7505903342603767,0.8124659771366358,0.9356845282843327
victim,0.882,0.7751939306784462,0.7507088102488712,0.8119216113228089,0.9355183297069599
victim,0.883,0.7742350828022074,0.7503809173540692,0.8100163309744148,0.935032692943397
victim,0.884,0.7735725650619028,0.7501839974766061,0.8086554164398476,0.934671713372554
victim,0.885,0.7728783416154821,0.7499342347556164,0.8072945019052804,0.9341912734119178
victim,0.886,0.7724253830739108,0.7497236696668247,0.80647795318454,0.933887425634508
victim,0.887,0.7718334891497443,0.7496444561495917,0.8051170386499727,0.9335342412680554
victim,0.888,0.7709051166483413,0.7493673555461831,0.8032117583015786,0.9329940711125226
victim,0.889,0.7705940445794073,0.7493932679117864,0.8023952095808383,0.9327058137438934
victim,0.89,0.7692099693877226,0.748719573367126,0.7999455634186173,0.9319656657919635
victim,0.891,0.768952238154436,0.7486529318541997,0.7994011976047904,0.9317293434138405
victim,0.892,0.767943871421825,0.7482425075321106,0.7974959172563963,0.9312385098473508
victim,0.893,0.7674383430269457,0.7483072365636901,0.796135002721829,0.9309528508801849
victim,0.894,0.7668351548081895,0.7480277439508657,0.7950462710941752,0.9304126807246522
victim,0.895,0.7662316644352574,0.7477477477477479,0.7939575394665215,0.9298725105691195
victim,0.896,0.7650650777448685,0.7472550787673049,0.7917800762112139,0.9292024864179398
victim,0.897,0.7643383157219971,0.7471325403568395,0.7901469787697333,0.9286727098682608
victim,0.898,0.7624579676704716,0.7463575454642136,0.7866086009798585,0.9276365093433114
victim,0.899,0.7610605796913474,0.7456616629404875,0.7841589548176374,0.9267794994030518
victim,0.9,0.760016700729043,0.7451920515689096,0.7822536744692433,0.9261692054467687
victim,0.901,0.7591424755486652,0.7446422859579913,0.7808927599346761,0.925553714687559
victim,0.902,0.7572508000957108,0.7438484120629836,0.7773543821448013,0.9245746459560427
victim,0.903,0.7561497754138187,0.7434650130967019,0.7751769188894937,0.9237384232274904
victim,0.904,0.7545709367379809,0.7428296232876711,0.7721829069134458,0.9229437418835909
victim,0.905,0.7533013685491288,0.7421653184764558,0.7700054436581383,0.9220893303447946
victim,0.906,0.7517465824382412,0.7413885610043995,0.7672836145890038,0.9209959980264121
victim,0.907,0.7507199379725951,0.7409476737939186,0.7653783342406096,0.9202143086898296
victim,0.908,0.749709359250518,0.7405335628227194,0.7634730538922155,0.9194923495481436
victim,0.909,0.7484194041903269,0.7401981904351573,0.7607512248230811,0.9187755872093846
victim,0.91,0.7473156379029342,0.7398102221263747,0.7585737615677736,0.9181133582625951
victim,0.911,0.746677293348436,0.7396535908919225,0.7572128470332063,0.9176978452997825
victim,0.912,0.7458721914921048,0.7394004860923575,0.7555797495917257,0.9171602735457132
victim,0.913,0.7445835719288596,0.738885884261763,0.7531301034295046,0.9163162556127706
victim,0.914,0.7422518751566103,0.7379030073150908,0.7487751769188895,0.9149788057118748
victim,0.915,0.7410501536993792,0.7375332356611862,0.7463255307566685,0.9142023131782192
victim,0.916,0.7399738154276023,0.7371909807117631,0.7441480675013609,0.9134855508394601
victim,0.917,0.7387880677359171,0.7368478320004351,0.7416984213391399,0.912768788500701
victim,0.918,0.7369399949043016,0.7357637185984415,0.738704409363092,0.9114832735903116
victim,0.919,0.7355068663783986,0.7353711790393014,0.7357103973870441,0.9105899190683262
victim,0.92,0.7337971308246882,0.7345176277671495,0.7327163854109962,0.9095511201419133
victim,0.921,0.7319887502699103,0.7338625787024362,0.7291780076211214,0.9085253132228177
victim,0.922,0.7309493242039508,0.7335818440960421,0.7270005443658138,0.9078708794804187
victim,0.923,0.7290664477448416,0.7328026351907768,0.723462166575939,0.9068372773569326
victim,0.924,0.7271049717097731,0.7318924269922455,0.7199237887860642,0.9056218862472935
victim,0.925,0.7243815472863744,0.7308010364408181,0.7147523135547088,0.9040481139682748
victim,0.926,0.7229705243672672,0.7302638842883957,0.7120304844855743,0.9032040960353322
victim,0.927,0.7209604379442992,0.7296355693192502,0.7079477408818726,0.9021808875177
victim,0.928,0.7182662700115987,0.7284114843143775,0.7030484485574305,0.900599320034291
victim,0.929,0.7169967366162682,0.7277472374923649,0.700870985302123,0.8995163813217621
victim,0.93,0.7143752854465386,0.7264628918211681,0.6962438758845945,0.8977582216551268
victim,0.931,0.7123985690539331,0.7253458277554663,0.6929776810016332,0.8964155749513042
victim,0.932,0.7085389262351593,0.7234494715060678,0.686173108328797,0.8943301818940883
victim,0.933,0.7044408745077408,0.7213372223468699,0.6790963527490473,0.8920006712543591
victim,0.934,0.7026369021280563,0.7205080649693699,0.675830157866086,0.8907930753491102
victim,0.935,0.7000388578427517,0.7196256413147658,0.6706586826347305,0.8891206298920058
victim,0.936,0.6981884913707003,0.719082070992539,0.6668481219379423,0.8878740910035676
victim,0.937,0.6947109219970246,0.717096682733201,0.6611322808927599,0.8855549739696922
victim,0.9380000000000001,0.6919711892860785,0.7157966564312522,0.6562329885683179,0.8837994127045203
victim,0.9390000000000001,0.6889520201804518,0.7142123580761112,0.6510615133369625,0.8816802734670421
victim,0.9400000000000001,0.6836867448437067,0.7119692889474589,0.6412629286880784,0.8788859132754574
victim,0.9410000000000001,0.6816660014974987,0.7111417571683043,0.6374523679912901,0.8773926584030426
victim,0.9420000000000001,0.679148041307305,0.7098484411917249,0.633097441480675,0.8756396955393342
victim,0.9430000000000001,0.6759820473484055,0.7082008900190718,0.6276537833424061,0.8736919516821553
victim,0.9440000000000001,0.6729185061935459,0.706905548791094,0.6219379422972238,0.8718247252315805
victim,0.9450000000000001,0.6695415823799643,0.7050879031319129,0.6162221012520414,0.8694069350196193
victim,0.9460000000000001,0.6656496263092538,0.7036820572764465,0.6086009798584648,0.8672462543974884
victim,0.9470000000000001,0.662086880400643,0.70155470812555,0.6028851388132825,0.8647531435818501
victim,0.9480000000000001,0.6586981477459588,0.6997173810645313,0.5971692977681001,0.8625093471516518
victim,0.9490000000000001,0.6552257862641471,0.6982850384387935,0.5906369080021775,0.8602344029426545
victim,0.9500000000000001,0.651551313297069,0.6961529327950605,0.5846488840500816,0.8577438905284795
victim,0.9510000000000001,0.648357797334263,0.6940966010733453,0.5797495917256397,0.8551443113303652
victim,0.9520000000000001,0.6443563585031009,0.6917824628653569,0.5732172019597169,0.8524148781366039
victim,0.9530000000000001,0.6396693589466015,0.6894144550761268,0.5650517147523135,0.8495685829545128
victim,0.9540000000000001,0.6358602584031434,0.6870579701384271,0.5590636908002178,0.8468391497607515
victim,0.9550000000000001,0.6295253579249049,0.6833951029831703,0.5487207403375068,0.8432267226120964
victim,0.9560000000000001,0.6243016153088611,0.6806768892418597,0.5397387044093631,0.8400194478591625
victim,0.9570000000000001,0.6200918065588724,0.6783783783783784,0.5326619488296135,0.8370692826960587
victim,0.9580000000000001,0.6144317036927168,0.6751143528248238,0.5234077299945563,0.8333737727780983
victim,0.9590000000000001,0.609936962330535,0.6723409542743538,0.5163309744148068,0.8303404918069273
victim,0.96,0.6050590396521449,0.6692918307394212,0.5087098530212303,0.8268916978729435
victim,0.961,0.5987845350253758,0.6653667127940622,0.49891126837234623,0.822933881562226
victim,0.962,0.5929084714369333,0.662105663245914,0.48911268372346217,0.8191345016632529
victim,0.963,0.5857781852562818,0.6574800637958533,0.47822536744692434,0.8146832533845821
victim,0.964,0.5774355561283473,0.6521040796659171,0.46543277082199236,0.8099047717153307
victim,0.965,0.5709893512996959,0.6478927947174209,0.4556341861731083,0.8056015662425509
victim,0.966,0.5643198104419673,0.6434907383250718,0.44556341861731086,0.8012905655653806
victim,0.967,0.556732456017863,0.6386477242830834,0.43385955362003265,0.7965588551224707
victim,0.968,0.5472778618169845,0.6315999203028492,0.4207947740881873,0.7904481203552505
victim,0.969,0.5382394747703537,0.6254272501843039,0.4074578116494284,0.7850230001479903
victim,0.97,0.5302184669667386,0.6189542041534194,0.39711486118671746,0.7794732227480101
victim,0.971,0.5185933808205745,0.6091961899540876,0.3826891671203048,0.7715264093090141
victim,0.972,0.5071762251321865,0.6012363686879211,0.36608600979858463,0.764439237250503
victim,0.973,0.4956904640930937,0.5924363840854773,0.3505715841045182,0.7574818861488768
victim,0.974,0.4833921171593486,0.5822820896586132,0.3350571584104518,0.7496129917150212
victim,0.975,0.4702580051299358,0.5710977639481873,0.3189983669025585,0.7411390001278094
victim,0.976,0.4552443500096581,0.5591397849462366,0.2994011976047904,0.7320261652069792
victim,0.977,0.43823612265734835,0.5451277057898285,0.2778987479586282,0.7224224636808969
victim,0.978,0.42187816112412246,0.5302033950145282,0.2593903102885139,0.7119643836547807
victim,0.979,0.4051544738891755,0.5141251755891993,0.2416984213391399,0.7014179910176701
victim,0.98,0.38961069064217607,0.4989247311827958,0.2256396298312466,0.6915728033493003
victim,0.981,0.37073271425551546,0.4812520378219759,0.20495372890582472,0.6806316849610843
victim,0.982,0.3500636184909743,0.46131996658312446,0.18317909635274904,0.6690049520129083
victim,0.983,0.33066958113756373,0.44079116362702286,0.16548720740337508,0.6576197382457821
victim,0.984,0.312409173747367,0.4216073781291173,0.14861186717474142,0.6470863706547507
victim,0.985,0.28959258322576253,0.39646305152034644,0.12928688078388678,0.6346909073385473
victim,0.986,0.2673471348619524,0.37190771796534794,0.11050626020685901,0.6231083141764874
victim,0.987,0.24022880556325293,0.34031964781318785,0.09009254218835057,0.6091338817783383
victim,0.988,0.21917040189722875,0.31447652720487135,0.07621121393576484,0.5983355763543243
victim,0.989,0.1959610567038914,0.28377831715210355,0.06423516603157321,0.5862439608155307
victim,0.99,0.17096977148652226,0.25156184922948777,0.050081654872074034,0.5743211422555731
victim,0.991,0.14701943993912048,0.21908429610611896,0.038922155688622756,0.5630397654306974
victim,0.992,0.11949970996607767,0.17975046925030363,0.029123571039738703,0.5501612307136323
victim,0.993,0.09508378544239408,0.14413800930654866,0.02150244964616222,0.5391785048632397
victim,0.994,0.06938209815225982,0.10656406668998485,0.013609145345672292,0.5282295251931094
victim,0.995,0.04071504073742587,0.06350347471842799,0.0065323897659227,0.5163637723490608
victim,0.996,0.01524168151639856,0.025039891984779673,0.0005443658138268917,0.5062977535950623
victim,0.997,0.005062662861397196,0.008437771435661993,0.0,0.50211137707185
victim,0.998,0.0011955168119551682,0.0019925280199252805,0.0,0.50049862877088
victim,0.999,0.0,0.0,0.0,0.5
victim,1.0,0.0,0.0,0.0,0.5
path,0.0,0.13233433795102376,0.22055722991837295,0.0,0.5
path,0.001,0.73616789773539,0.7232266631644997,0.7555797495917257,0.9448889021284308
path,0.002,0.7447564515339629,0.7270165137614679,0.7713663581927055,0.9456486983705046
path,0.003,0.7494275019919889,0.7291764844486334,0.7798040283070223,0.9461171539531268
path,0.004,0.7521536098896786,0.7306352579997638,0.7844311377245509,0.9464121157492977
path,0.005,0.7534174602346925,0.7314714883425242,0.786336418072945,0.9464352268690861
path,0.006,0.7548334486400324,0.7321983715766099,0.7887860642351661,0.9465048625533133
path,0.007,0.755962370672784,0.7328097213989332,0.7906913445835602,0.946589315250083
path,0.008,0.7567511972995115,0.7333986113583765,0.7917800762112139,0.9466219356213601
path,0.009000000000000001,0.7570459931039777,0.7337084824278778,0.7920522591181274,0.9465660952566711
path,0.01,0.7583881406086168,0.7343122974941292,0.7945019052803484,0.9466477006216754
path,0.011,0.7591989287974245,0.7345748795144881,0.796135002721829,0.9465487633780284
path,0.012,0.7594367878126351,0.7347898559352303,0.7964071856287425,0.9465134346894126
path,0.013000000000000001,0.7600305750119143,0.7350536801822596,0.7974959172563963,0.9465212028797549
path,0.014,0.7608196630901163,0.7352800953516091,0.799129014697877,0.9464887215229048
path,0.015,0.7612091849491921,0.7355663879075175,0.7996733805117039,0.9465021843767778
path,0.016,0.7618100576169404,0.7358420212686623,0.8007621121393577,0.9465127998988855
path,0.017,0.7617376700680168,0.7359028306250652,0.8004899292324442,0.9463914709035923
path,0.018000000000000002,0.7623930721616887,0.7360878910914735,0.8018508437670114,0.9463937378816423
path,0.019,0.7626291121179797,0.7362998357473496,0.8021230266739249,0.9464334070751195
path,0.02,0.7624687934948347,0.736395548584659,0.801578660860098,0.9463667577370842
path,0.021,0.762760063440665,0.7365180879518252,0.8021230266739249,0.9463375106144764
path,0.022,0.7629982046132258,0.7367335346348173,0.8023952095808383,0.946362749697888
path,0.023,0.7635583414786862,0.736941274992149,0.8034839412084921,0.9463707113394688
path,0.024,0.7633831269821469,0.7370121613738013,0.8029395753946652,0.9463127974479684
path,0.025,0.7633612392462866,0.7371571370853098,0.8026673924877518,0.9462892449888912
path,0.026000000000000002,0.7634265193295168,0.7372659372240268,0.8026673924877518,0.9462715806445834
path,0.027,0.763394303738911,0.7373936998442928,0.8023952095808383,0.9462740410738718
path,0.028,0.7636765041536124,0.7375011233262438,0.8029395753946652,0.9462102390676022
path,0.029,0.7633906719648702,0.7375691021588339,0.8021230266739249,0.9461667552861671
path,0.03,0.7633585716373567,0.7376970568842535,0.8018508437670114,0.9461692157154555
path,0.031,0.7635528127741704,0.7378393368410008,0.8021230266739249,0.9461600933664439
path,0.032,0.7640291780859776,0.7379074579422437,0.8032117583015786,0.946116609585009
path,0.033,0.7640681466319692,0.7379724055188962,0.8032117583015786,0.9460875559136395
path,0.034,0.7640001854974098,0.7380405922325728,0.8029395753946652,0.9460440721322045
path,0.035,0.7641926484027832,0.7381799084702528,0.8032117583015786,0.9460493798932583
path,0.036000000000000004,0.7647070627634378,0.738311444652908,0.8043004899292324,0.9460374102124813
path,0.037,0.764452760340707,0.7384319730955169,0.8034839412084921,0.9460225931999389
path,0.038,0.7642447133402781,0.7384481386373534,0.8029395753946652,0.9459504426496115
path,0.039,0.7646370537649492,0.7385576735313115,0.8037561241154055,0.9459327783053035
path,0.04,0.7646734085667379,0.7386182648676263,0.8037561241154055,0.9458720170820377
path,0.041,0.7648441682298647,0.7387214090348951,0.804028307022319,0.9458832129578609
path,0.042,0.7648547285352372,0.7387390095438492,0.804028307022319,0.9458572000694954
path,0.043000000000000003,0.7647689339060619,0.7387774737664994,0.8037561241154055,0.9457907441826987
path,0.044,0.7649303207338021,0.7388649965414574,0.804028307022319,0.94576738517486
path,0.045,0.7650756402205987,0.7389257404148429,0.8043004899292324,0.9457066239515941
path,0.046,0.7652551301873116,0.7390434350880889,0.8045726728361459,0.9457062370491172
path,0.047,0.7651321217627585,0.7390198763184423,0.8043004899292324,0.9456544047236245
path,0.048,0.7651627325776131,0.7390708943432003,0.8043004899292324,0.9456369338305551
path,0.049,0.7649394840074752,0.7390617239355217,0.8037561241154055,0.9455735187267624
path,0.05,0.764952043962069,0.7390826571931778,0.8037561241154055,0.9455330757283312
path,0.051000000000000004,0.7647488244926028,0.7391068686199523,0.8032117583015786,0.9454782026198347
path,0.052000000000000005,0.7647786792242459,0.7391566265060242,0.8032117583015786,0.9454145940648034
path,0.053,0.7647845752912299,0.7391664532843306,0.8032117583015786,0.945371303734607
path,0.054,0.7647531345240337,0.7392955072769459,0.8029395753946652,0.9453737641638954
path,0.055,0.7645432681245508,0.7393086404870257,0.8023952095808383,0.9453160437236334
path,0.056,0.7643200336727076,0.7392994936098385,0.8018508437670114,0.9452526286198407
path,0.057,0.7644415051436587,0.7393204907901479,0.8021230266739249,0.9452121856214096
path,0.058,0.7642222130700289,0.7393179145433163,0.801578660860098,0.9451199102974859
path,0.059000000000000004,0.7638834144532822,0.7392976159958985,0.8007621121393577,0.9450536478619277
path,0.06,0.7638987645082946,0.7393231994209192,0.8007621121393577,0.945044912415393
path,0.061,0.7641405270212811,0.7393632264000122,0.8013064779531845,0.9450245941905582
path,0.062,0.7640509593145925,0.73939540216014,0.8010342950462711,0.9449869985238926
path,0.063,0.7640301133901499,0.7393606589527357,0.8010342950462711,0.9449323188666344
path,0.064,0.7640380107382369,0.7393738211995473,0.8010342950462711,0.9448745984263724
path,0.065,0.7641976990862571,0.739458513174972,0.8013064779531845,0.9448656695285993
path,0.066,0.7643546694645029,0.7395386752007729,0.801578660860098,0.9448250330789298
path,0.067,0.7645783568913559,0.7395485770363099,0.8021230266739249,0.9447817427487333
path,0.068,0.7646091200693435,0.7395998489996225,0.8021230266739249,0.9447642718556639
path,0.069,0.7646083661734435,0.7395985925064561,0.8021230266739249,0.9447181341937021
path,0.07,0.7644960018171181,0.7395927738505226,0.8018508437670114,0.9446402889798438
path,0.07100000000000001,0.7642479480813418,0.7395422615001133,0.8013064779531845,0.944551054438924
path,0.07200000000000001,0.7641604126891843,0.7395778244511264,0.8010342950462711,0.9444990286621928
path,0.073,0.7642630503502958,0.73956743194837,0.8013064779531845,0.9443894758964381
path,0.074,0.7644476973936696,0.7396937217493841,0.801578660860098,0.944406366435792
path,0.075,0.7646828388275959,0.7397227135967099,0.8021230266739249,0.9443832008791919
path,0.076,0.7643641735430213,0.7397359706029125,0.8013064779531845,0.9443254804389298
path,0.077,0.7647236132347583,0.7397906709419807,0.8021230266739249,0.944293579435795
path,0.078,0.7647658912026452,0.7398611342217919,0.8021230266739249,0.9442962333163221
path,0.079,0.7646535520194684,0.7398553575211063,0.8018508437670114,0.9442183881024637
path,0.08,0.7651380600470981,0.7399370498153865,0.8029395753946652,0.9442238893147561
path,0.081,0.7653228446858502,0.7400635689420312,0.8032117583015786,0.9442407798541099
path,0.082,0.7653738990152589,0.7401486594910457,0.8032117583015786,0.9442318509563368
path,0.083,0.7655022280292891,0.7401810859098205,0.8034839412084921,0.9441942552896712
path,0.084,0.7655129604837603,0.740198973333939,0.8034839412084921,0.9441682424013056
path,0.085,0.7650740381533605,0.7401932572017085,0.8023952095808383,0.9440903971874473
path,0.08600000000000001,0.7649415519201759,0.7401539020843432,0.8021230266739249,0.9440040099782928
path,0.08700000000000001,0.7649152096695851,0.7401099983333587,0.8021230266739249,0.943885915217242
path,0.088,0.764798888284148,0.7400975846289057,0.8018508437670114,0.9438369302235147
path,0.089,0.7644257212921286,0.7400200054560334,0.8010342950462711,0.9437102934671676
path,0.09,0.7644768385751335,0.7401052009277084,0.8010342950462711,0.9437013645693944
path,0.091,0.7644903017649272,0.7401276395773645,0.8010342950462711,0.9437070592329253
path,0.092,0.7644123694551033,0.7401792076656003,0.8007621121393577,0.943689588339856
path,0.093,0.7643344465288308,0.7402307913930884,0.8004899292324442,0.9436721174467865
path,0.094,0.7641611327762586,0.7403048456813528,0.7999455634186173,0.943660341217248
path,0.095,0.7641422249427348,0.7402733326254797,0.7999455634186173,0.9435912314499244
path,0.096,0.7640528584854025,0.7403058438012016,0.7996733805117039,0.9435536357832587
path,0.097,0.7639480074897996,0.7403125474131391,0.7994011976047904,0.9435247755631277
path,0.098,0.7638836007803618,0.7403866581686849,0.799129014697877,0.9435129993335891
path,0.099,0.7635056675881104,0.7403011353287596,0.7983124659771367,0.9433690851354112
path,0.1,0.7634028304956415,0.7403111954459204,0.7980402830702232,0.9433257948052147
path,0.101,0.7633906494076053,0.7402908936325266,0.7980402830702232,0.9432595323696565
path,0.10200000000000001,0.7634149075855607,0.7403313239291192,0.7980402830702232,0.9432392141448217
path,0.10300000000000001,0.7634418888191785,0.7403762926518155,0.7980402830702232,0.9432506034718833
path,0.10400000000000001,0.7634411872656017,0.740375123395854,0.7980402830702232,0.9432044658099215
path,0.105,0.7632200220246876,0.7403694252035484,0.7974959172563963,0.9431266205960632
path,0.106,0.7629149635557435,0.7404053602358018,0.7966793685356559,0.9430745948193321
path,0.107,0.7628053905864005,0.7404041938915058,0.7964071856287425,0.9430284571573702
path,0.108,0.762834412023331,0.7404525629530568,0.7964071856287425,0.9430254163743663
path,0.109,0.7627545664726455,0.7405009423065232,0.796135002721829,0.9430223755913625
path,0.11,0.762661219792635,0.7405268197777812,0.7958628198149156,0.9430136401448277
path,0.111,0.7626625496346923,0.74052903618121,0.7958628198149156,0.9429530723728003
path,0.112,0.7625597407980794,0.7405391433914642,0.7955906369080021,0.9429097820426038
path,0.113,0.7626861707616033,0.7405684047260618,0.7958628198149156,0.9428866164860037
path,0.114,0.7627037318344143,0.7405976731807467,0.7958628198149156,0.9428634509294035
path,0.115,0.7627821731448263,0.7405469534268245,0.796135002721829,0.9427742163884836
path,0.116,0.7629018511145462,0.7405649614384155,0.7964071856287425,0.942748203500118
path,0.117,0.7631506855407425,0.7406167749395245,0.7969515514425695,0.9427307326070486
path,0.11800000000000001,0.7630391018053524,0.7406122573184833,0.7966793685356559,0.9426990250551524
path,0.11900000000000001,0.7628456924833904,0.7406528189910979,0.796135002721829,0.9426787068303175
path,0.12,0.7627293733755309,0.7406404090826079,0.7958628198149156,0.9426297218365902
path,0.121,0.7627699551762783,0.7407080454171867,0.7958628198149156,0.9426468058271826
path,0.122,0.7627740124851479,0.740714807598636,0.7958628198149156,0.9426179456070517
path,0.123,0.7629978461637476,0.7407249531870843,0.7964071856287425,0.9425746552768552
path,0.124,0.7630992748198653,0.7407125456760049,0.7966793685356559,0.942525670283128
path,0.125,0.7628537818305552,0.7406663012363726,0.796135002721829,0.9424681432941044
path,0.126,0.7630938579670262,0.7407035175879397,0.7966793685356559,0.9424622551793351
path,0.127,0.7631344667125081,0.7407711988304094,0.7966793685356559,0.9424793391699275
path,0.128,0.763029656669481,0.7407779706966401,0.7964071856287425,0.9424504789497965
path,0.129,0.7629038617068862,0.7407497676969244,0.796135002721829,0.9423669390724074
path,0.13,0.7629058931123743,0.7407531533727378,0.796135002721829,0.9423525089623421
path,0.131,0.7629031852627746,0.7407486402900715,0.796135002721829,0.9423208014104456
path,0.132,0.7629255321782751,0.740785885149239,0.796135002721829,0.9423149132956763
path,0.133,0.7628024397031311,0.7407621862952748,0.7958628198149156,0.9422630809701837
path,0.134,0.7625657302494548,0.7407305810816989,0.7953184540010887,0.9421939712028602
path,0.135,0.7622181120679414,0.7406955832596702,0.7945019052803484,0.9421392915456019
path,0.136,0.7623513698987902,0.7407362243731423,0.7947740881872618,0.9421189733207673
path,0.137,0.7623852450310022,0.7407926829268292,0.7947740881872618,0.9421332099795943
path,0.138,0.762278405906825,0.7407960729911429,0.7945019052803484,0.9421187798695287
path,0.139,0.7622777323358049,0.7407949503727759,0.7945019052803484,0.9420726422075669
path,0.14,0.7620410142922733,0.7407633308427746,0.7939575394665215,0.9420035324402433
path,0.14100000000000001,0.762179033244369,0.7408119071583249,0.7942297223734349,0.9420004916572394
path,0.14200000000000002,0.761840217985443,0.7407915808739419,0.7934131736526946,0.9419342292216812
path,0.14300000000000002,0.7618944578009959,0.74088198056653,0.7934131736526946,0.9419570078758044
path,0.14400000000000002,0.7617031719264542,0.7409260813181784,0.7928688078388677,0.9419222595409042
path,0.145,0.7612487044243974,0.7408944565665196,0.7917800762112139,0.9418531497735807
path,0.146,0.7612575266467243,0.740909160270398,0.7917800762112139,0.9418415669952805
path,0.147,0.7613840474854806,0.7409385730637161,0.7920522591181274,0.9418184014386803
path,0.148,0.7613922101055111,0.7409521774304336,0.7920522591181274,0.9417606809984184
path,0.149,0.7616228674895367,0.7409736958612583,0.7925966249319543,0.9417202379999874
path,0.15,0.7613908839516923,0.740949967174069,0.7920522591181274,0.9416684056744946
path,0.151,0.7613813910275816,0.7409341456338845,0.7920522591181274,0.9416338507908328
path,0.152,0.7611399073179025,0.7408945833269704,0.7915078933043005,0.9415474635816784
path,0.153,0.7610167882443588,0.7408708401423401,0.791235710397387,0.9414956312561857
path,0.154,0.7610391971738775,0.7409081883582045,0.791235710397387,0.9414897431414164
path,0.155,0.7610385305271323,0.7409070772802957,0.791235710397387,0.9414436054794545
path,0.156,0.7610426135966011,0.7409138823960769,0.791235710397387,0.9414147452593236
path,0.157,0.7609378242519074,0.74092068875953,0.7909635274904736,0.9413858850391925
path,0.158,0.7608214922983101,0.7409082574414766,0.7906913445835602,0.9413369000454652
path,0.159,0.7607841483230628,0.7408460174827313,0.7906913445835602,0.9412448181727799
path,0.16,0.7607651359871197,0.7408143302561594,0.7906913445835602,0.9411757084054564
path,0.161,0.7605487558902404,0.7408166073039117,0.7901469787697333,0.941115140633429
path,0.162,0.7606712189013398,0.7408392570511351,0.7904191616766467,0.9411208352969598
path,0.163,0.7608025204963603,0.7408766377715604,0.7906913445835602,0.9411149471821906
path,0.164,0.7606956896224979,0.7408800415863988,0.7904191616766467,0.9411005170721252
path,0.165,0.7604752314137355,0.7408755217810126,0.7898747958628198,0.9410688095202286
path,0.166,0.7606807549569323,0.7408551504771227,0.7904191616766467,0.9410025470846706
path,0.167,0.7607984684628973,0.7408698843824555,0.7906913445835602,0.9409909643063704
path,0.168,0.7607957553670337,0.7408653625560161,0.7906913445835602,0.940959256754474
path,0.169,0.7607270123736984,0.7409322461717328,0.7904191616766467,0.9409302030831046
path,0.17,0.7607426600809762,0.7409583256838626,0.7904191616766467,0.9409214676365698
path,0.171,0.7606290310966451,0.7409503993145864,0.7901469787697333,0.940904190194739
path,0.17200000000000001,0.7608059312883597,0.7410637776961685,0.7904191616766467,0.9409326635123931
path,0.17300000000000001,0.7610481904828981,0.7411046324778477,0.7909635274904736,0.9409123452875583
path,0.17400000000000002,0.7611747770035251,0.7411341547409503,0.791235710397387,0.940889179730958
path,0.17500000000000002,0.7611972491515309,0.7411716083209601,0.791235710397387,0.9408832916161889
path,0.176,0.7610693564348692,0.7411399090644663,0.7909635274904736,0.9408141818488651
path,0.177,0.7612075156254092,0.7411887191107572,0.791235710397387,0.9408111410658613
path,0.178,0.7612572389549856,0.741271591326718,0.791235710397387,0.9408166422781536
path,0.179,0.7611388566317178,0.7412557427258806,0.7909635274904736,0.9407820873944919
path,0.18,0.7612429747773506,0.7412478176973262,0.791235710397387,0.9407648099526609
path,0.181,0.7612450307704872,0.7412512443525539,0.791235710397387,0.9407503798425956
path,0.182,0.7612328192200706,0.7412308917685262,0.791235710397387,0.9406841174070373
path,0.183,0.7612233059413758,0.7412150363040348,0.791235710397387,0.9406495625233755
path,0.184,0.7608225042698865,0.7410913993320464,0.7904191616766467,0.9405115364399668
path,0.185,0.7608150362366874,0.741078952610048,0.7904191616766467,0.9404625514462396
path,0.186,0.7608143800662364,0.7410778589926295,0.7904191616766467,0.9404164137842776
path,0.187,0.7606959840601882,0.7410619875871581,0.7901469787697333,0.9403818589006159
path,0.188,0.7605612474280118,0.7410188818048064,0.7898747958628198,0.940309901801527
path,0.189,0.7604244551510952,0.7409723499478879,0.7896026129559064,0.9402523748125033
path,0.19,0.760458528589527,0.7410291390119408,0.7896026129559064,0.9402666114713305
path,0.191,0.7603585229048582,0.7410439181421016,0.789330430048993,0.9402550286930305
path,0.192,0.7603789711365949,0.7410779985283297,0.789330430048993,0.9402635706883267
path,0.193,0.7603558114493074,0.7410393990495171,0.789330430048993,0.9402233211411339
path,0.194,0.7601162933052721,0.7410031126853428,0.7887860642351661,0.940122503821914
path,0.195,0.7602292702420275,0.7410099523086595,0.7890582471420795,0.940093643601783
path,0.196,0.7598835848790184,0.7409781758508045,0.7882416984213392,0.9400245338344595
path,0.197,0.7597604092396522,0.7409543383898031,0.7879695155144257,0.9399727015089667
path,0.198,0.7597808669168787,0.740988434518514,0.7879695155144257,0.9399812435042629
path,0.199,0.759557688746219,0.740979381443299,0.7874251497005988,0.9399178284004702
path,0.2,0.7598163618533815,0.7410475927460187,0.7879695155144257,0.9399349123910626
path,0.201,0.7598572961707859,0.7411158166083595,0.7879695155144257,0.939951996381655
path,0.202,0.7595204869016363,0.7410988336402701,0.7871529667936854,0.9398713038360313
path,0.203,0.7594246082592369,0.7411204911742134,0.786880783886772,0.9398308608376003
path,0.20400000000000001,0.7592109764149817,0.7411273486430062,0.786336418072945,0.9398020006174693
path,0.20500000000000002,0.758944133408445,0.7410455208413296,0.7857920522591181,0.9396897939711877
path,0.20600000000000002,0.7586752234518901,0.740960248122956,0.7852476864452912,0.9395920174349717
path,0.20700000000000002,0.7587766034946978,0.7409477595896932,0.7855198693522046,0.9395430324412444
path,0.20800000000000002,0.7587854839059975,0.7409625602751927,0.7855198693522046,0.9395314496629443
path,0.209,0.7589032385711229,0.740977362779126,0.7857920522591181,0.9395198668846442
path,0.21,0.7588820883781899,0.7409421124575712,0.7857920522591181,0.939465187227386
path,0.211,0.7590046179916434,0.7409648732087181,0.7860642351660315,0.939470881890917
path,0.212,0.758904627917149,0.7409796783558361,0.7857920522591181,0.9394592991126168
path,0.213,0.7587882598952385,0.7409671869239277,0.7855198693522046,0.9394103141188895
path,0.214,0.7586766659501956,0.7409626522867986,0.7852476864452912,0.9393786065669931
path,0.215,0.7588265234495706,0.7410309595144811,0.7855198693522046,0.9393956905575855
path,0.216,0.7587285960753967,0.741049202495467,0.7852476864452912,0.93936967766922
path,0.217,0.7587395442189703,0.741067449401423,0.7852476864452912,0.9393436647808544
path,0.218,0.7584910850999006,0.7410162614121915,0.7847033206314643,0.9392544302399346
path,0.219,0.7585924610418211,0.7410037660441166,0.7849755035383778,0.9392054452462073
path,0.22,0.7585829056012975,0.7409878403099106,0.7849755035383778,0.9391708903625455
path,0.221,0.7585316727044586,0.7409024521485126,0.7849755035383778,0.9390731138263294
path,0.222,0.7584016234555377,0.7408671586715867,0.7847033206314643,0.9390184341690713
path,0.223,0.7583153095966937,0.7409047575114555,0.7844311377245509,0.939012546054302
path,0.224,0.7582105463116278,0.7409116073076213,0.7841589548176374,0.938983685834171
path,0.225,0.7582515675319272,0.7409799760081204,0.7841589548176374,0.9390007698247634
path,0.226,0.7583666131812791,0.7409902634857645,0.7844311377245509,0.938957479494567
path,0.227,0.7583939690340435,0.7410358565737053,0.7844311377245509,0.9389688688216287
path,0.228,0.7583775684639704,0.7410085222902502,0.7844311377245509,0.9389314666062014
path,0.229,0.7582611911210426,0.7409960153233127,0.7841589548176374,0.9388824816124741
path,0.23,0.7580222580405186,0.7409607040649906,0.7836145890038105,0.938827801955216
path,0.231,0.7580236482602196,0.7409630210978256,0.7836145890038105,0.9387672341831886
path,0.232,0.7580441735516626,0.7409972299168974,0.7836145890038105,0.9387757761784848
path,0.233,0.7580482919686864,0.7410040939452703,0.7836145890038105,0.9387469159583539
path,0.234,0.7577813102411285,0.7409220349418917,0.7830702231899836,0.9386347093120724
path,0.23500000000000001,0.7578292161579788,0.7410018781366422,0.7830702231899836,0.93865464063443
path,0.23600000000000002,0.7577059878831506,0.7409779529498708,0.7827980402830702,0.9386028083089374
path,0.23700000000000002,0.7575875431721786,0.7409620003695264,0.7825258573761568,0.9385682534252757
path,0.23800000000000002,0.7576286177187175,0.7410304579470913,0.7825258573761568,0.9385853374158681
path,0.23900000000000002,0.7575286526390325,0.7410453047522252,0.7822536744692433,0.938573754637568
path,0.24,0.7572753417411568,0.7409860304649838,0.7817093086554164,0.9384672426548172
path,0.241,0.7571753770772766,0.7410008779631255,0.781437125748503,0.9384556598765171
path,0.242,0.7571842866739602,0.7410157272909317,0.781437125748503,0.938444077098217
path,0.243,0.7570658384937952,0.740999768928599,0.7811649428415895,0.9384095222145552
path,0.244,0.7569816379152625,0.7410408899023202,0.7808927599346761,0.9383892039897205
path,0.245,0.7569789125746624,0.7410363476679867,0.7808927599346761,0.9383574964378241
path,0.246,0.7571288941564371,0.7411048616996688,0.7811649428415895,0.9383745804284165
path,0.247,0.7571631569794468,0.7411619664046849,0.7811649428415895,0.9383888170872435
path,0.248,0.7572925903706019,0.7411962334520011,0.781437125748503,0.9383973590825397
path,0.249,0.7573035802624098,0.7412145499383477,0.781437125748503,0.9383713461941741
path,0.25,0.7573310004936179,0.7412602503236945,0.781437125748503,0.9383827355212357
path,0.251,0.7573282840371269,0.7412557228962094,0.781437125748503,0.9383510279693394
path,0.252,0.7572283370422889,0.7412705998427551,0.7811649428415895,0.9383394451910393
path,0.253,0.7570934592005124,0.74122725871107,0.7808927599346761,0.9382674880919504
path,0.254,0.7570955285078451,0.7412307075566246,0.7808927599346761,0.9382530579818849
path,0.255,0.7571161011058901,0.7412649952200328,0.7808927599346761,0.9382615999771811
path,0.256,0.757256551438036,0.7413176238356671,0.7811649428415895,0.9382441290841116
path,0.257,0.7572634109382799,0.7413290563360734,0.7811649428415895,0.938246976415877
path,0.258,0.7573743567768842,0.7413325107958051,0.781437125748503,0.9382325463058115
path,0.259,0.7572881383483456,0.741370268686183,0.7811649428415895,0.9382266581910423
path,0.26,0.7572970738511199,0.7413851611908068,0.7811649428415895,0.9382150754127422
path,0.261,0.7572916482258059,0.74137611848195,0.7811649428415895,0.9381516603089495
path,0.262,0.7572916482258059,0.74137611848195,0.7811649428415895,0.9381516603089495
path,0.263,0.7571361708709329,0.7412984448284374,0.7808927599346761,0.9380711612145642
path,0.264,0.7570362330329159,0.7413133370363513,0.7806205770277627,0.9380595784362642
path,0.265,0.7570245805048299,0.741293916156208,0.7806205770277627,0.9380394536626678
path,0.266,0.756924643188482,0.7413088092335705,0.7803483941208492,0.9380278708843677
path,0.267,0.7569267164533517,0.7413122646750201,0.7803483941208492,0.9380134407743022
path,0.268,0.7570349460404402,0.7413111920488918,0.7806205770277627,0.9379673031123403
path,0.269,0.7569096260415303,0.7412837806553177,0.7803483941208492,0.9379299008969131
path,0.27,0.7570157803573174,0.7412792492436872,0.7806205770277627,0.9378981933450168
path,0.271,0.7570315844687003,0.7413055894293256,0.7806205770277627,0.9378894578984821
path,0.272,0.7570494658554895,0.7413353917406407,0.7806205770277627,0.9378662923418819
path,0.273,0.7569722149014857,0.74138809542191,0.7803483941208492,0.9378488214488125
path,0.274,0.7568791565053397,0.7414144533662754,0.7800762112139358,0.9378400860022779
path,0.275,0.7568901821057619,0.7414328293669792,0.7800762112139358,0.9378140731139123
path,0.276,0.7568943391815448,0.7414397578266175,0.7800762112139358,0.9377852128937814
path,0.277,0.7569307764270625,0.7415004865691469,0.7800762112139358,0.9377850194425428
path,0.278,0.7567055268889566,0.7414879812148552,0.7795318454001089,0.9377360344488155
path,0.279,0.7567398937519912,0.7415452593199128,0.7795318454001089,0.9377502711076426
path,0.28,0.7567811409968354,0.7416140047279863,0.7795318454001089,0.9377673550982351
path,0.281,0.7567990623916508,0.7416438737193455,0.7795318454001089,0.9377441895416347
path,0.28200000000000003,0.7564464005621441,0.7416004698173276,0.7787152966793686,0.9376722324425458
path,0.28300000000000003,0.7562259464177148,0.7415959567858301,0.7781709308655417,0.9376405248906494
path,0.28400000000000003,0.756107487498211,0.7415799805245994,0.7778987479586282,0.9376059700069876
path,0.28500000000000003,0.7562067737188536,0.7415640022877282,0.7781709308655417,0.9375714151233259
path,0.28600000000000003,0.7560972745564125,0.7415629589549354,0.7778987479586282,0.937525277461364
path,0.28700000000000003,0.7560760112428205,0.7415275200989487,0.7778987479586282,0.9374705978041058
path,0.28800000000000003,0.7560732989515224,0.7415229996134519,0.7778987479586282,0.9374388902522095
path,0.289,0.7560705862408195,0.7415184784289469,0.7778987479586282,0.9374071827003131
path,0.29,0.7560843460938242,0.7415414115172884,0.7778987479586282,0.9374128773638439
path,0.291,0.7558453298648643,0.7415059616782396,0.7773543821448013,0.9373581977065859
path,0.292,0.7557310282729474,0.7414969142963204,0.7770821992378879,0.9372947826027931
path,0.293,0.7557399934942859,0.7415118563318845,0.7770821992378879,0.937283199824493
path,0.294,0.7556119259643292,0.7414798657198992,0.7768100163309745,0.9372140900571695
path,0.295,0.755632574247975,0.7415142795259755,0.7768100163309745,0.9372226320524657
path,0.296,0.7556271444911693,0.7415052299312991,0.7768100163309745,0.9371592169486729
path,0.297,0.7554969865797818,0.7414697553502623,0.776537833424061,0.9371045372914147
path,0.298,0.7556217130537926,0.7414961775356712,0.7768100163309745,0.9370958018448801
path,0.299,0.7556237976025747,0.7414996517836415,0.7768100163309745,0.9370813717348145
path,0.3,0.7556444547463438,0.74153408035659,0.7768100163309745,0.9370899137301107
path,0.301,0.7555445538748251,0.7415490341753344,0.776537833424061,0.9370783309518107
path,0.302,0.7554398535940607,0.7415559889786694,0.7762656505171476,0.9370494707316797
path,0.303,0.7553420422031616,0.7415744252651133,0.775993467610234,0.9370234578433141
path,0.304,0.7550796221392602,0.7414999690344957,0.7754491017964071,0.9369285286388634
path,0.305,0.7549356742678823,0.741441511186808,0.7751769188894937,0.9368681543180746
path,0.306,0.7548330539569568,0.7414519326065412,0.7749047359825803,0.936824863987878
path,0.307,0.7548606121034949,0.7414978628507712,0.7749047359825803,0.9368362533149397
path,0.308,0.754857893897423,0.7414933325073181,0.7749047359825803,0.9368045457630433
path,0.309,0.7548785662225346,0.7415277863825042,0.7749047359825803,0.9368130877583395
path,0.31,0.7548806533961454,0.7415312650051888,0.7749047359825803,0.936798657648274
path,0.311,0.7548545424086469,0.7414877466926914,0.7749047359825803,0.936726700549185
path,0.312,0.7547498422007074,0.741494701617401,0.7746325530756668,0.936697840329054
path,0.313,0.7548862870554021,0.7415406544372831,0.7749047359825803,0.9367092296561157
path,0.314,0.7549228464198079,0.7416015867112928,0.7749047359825803,0.9367090362048771
path,0.315,0.7549408182710385,0.7416315397966774,0.7749047359825803,0.936685870648277
path,0.316,0.7547086562972525,0.7416075137162519,0.7743603701687534,0.9366340383227842
path,0.317,0.7544812980499777,0.7415914938466784,0.7738160043549265,0.9365994834391225
path,0.318,0.7545178759320186,0.7416524569834134,0.7738160043549265,0.936599289987884
path,0.319,0.7543876859313484,0.7416169289202387,0.773543821448013,0.936544610330626
path,0.32,0.7544890362422652,0.7416043908338243,0.7738160043549265,0.9364956253368987
path,0.321,0.7546393064125199,0.7416733858463065,0.7740881872618399,0.9365127093274912
path,0.322,0.7546503947000371,0.741691866325502,0.7740881872618399,0.9364866964391255
path,0.323,0.7545526122323705,0.741710350817333,0.7738160043549265,0.93646068355076
path,0.324,0.7544548321730691,0.7417288393231065,0.773543821448013,0.9364346706623944
path,0.325,0.754683674011214,0.7417473318441301,0.7740881872618399,0.9364086577740287
path,0.326,0.7544328874175185,0.7416922647305221,0.773543821448013,0.9363338533431744
path,0.327,0.7544232691073338,0.7416762342135477,0.773543821448013,0.9362992984595127
path,0.328,0.7543020606457052,0.7416556753821089,0.7732716385410996,0.9362330360239544
path,0.329,0.7541856601518091,0.7416431298302243,0.7729994556341862,0.9361840510302272
path,0.33,0.7539459474531727,0.7416065192083817,0.7724550898203593,0.9360832337110072
path,0.331,0.7540569144927904,0.7416100090031356,0.7727272727272727,0.9360688036009417
path,0.332,0.7539708585809008,0.7416480377545952,0.7724550898203593,0.9360629154861724
path,0.333,0.7537221357994548,0.7415964103280698,0.7719107240065324,0.9359736809452526
path,0.334,0.7534851292799705,0.7415643100048137,0.7713663581927055,0.9359045711779289
path,0.335,0.7534775906121549,0.7415517455584546,0.7713663581927055,0.9358555861842017
path,0.336,0.7534610473072738,0.7415241733836526,0.7713663581927055,0.9358181839687745
path,0.337,0.7534790544216745,0.7415541852409873,0.7713663581927055,0.9357950184121744
path,0.338,0.7537175344999381,0.7415887414955419,0.7719107240065324,0.9358035604074706
path,0.339,0.7537334536931477,0.7416152734842246,0.7719107240065324,0.9357948249609358
path,0.34,0.7534757006223469,0.7415485955754412,0.7713663581927055,0.935717173198316
path,0.341,0.7534868021294927,0.741567098087351,0.7713663581927055,0.9356911603099505
path,0.342,0.7534792591921768,0.7415545265251577,0.7713663581927055,0.9356421753162232
path,0.343,0.7534834488530131,0.7415615092932181,0.7713663581927055,0.9356133150960921
path,0.34400000000000003,0.7533179933968782,0.7414672054709357,0.771094175285792,0.9354982611180452
path,0.34500000000000003,0.7532181279637375,0.7414822183536434,0.7708219923788786,0.9354866783397451
path,0.34600000000000003,0.7530184004581313,0.7415122497201841,0.7702776265650517,0.935463512783145
path,0.34700000000000003,0.7530433412399917,0.7415538176899517,0.7702776265650517,0.9354431945583102
path,0.34800000000000003,0.7528847773699572,0.7414709998445033,0.7700054436581383,0.9353309879120286
path,0.34900000000000003,0.75276834901069,0.7414584078503335,0.7697332607512248,0.9352820029183013
path,0.35000000000000003,0.7526636634502741,0.7414653871875826,0.7694610778443114,0.9352531426981703
path,0.35100000000000003,0.7525589786714797,0.7414723678275342,0.769188894937398,0.9352242824780393
path,0.352,0.7525514213313154,0.7414597722605936,0.769188894937398,0.9351752974843122
path,0.353,0.7527039177188214,0.7415324776351614,0.7694610778443114,0.935177951364839
path,0.354,0.7525944121302799,0.7415314235922013,0.769188894937398,0.9351318137028771
path,0.355,0.7528606245619278,0.7416122004357298,0.7697332607512248,0.9351517450252349
path,0.356,0.7528765740849425,0.7416387829740876,0.7697332607512248,0.9351430095787003
path,0.357,0.7527580502253652,0.741622698479401,0.7694610778443114,0.9351084546950384
path,0.358,0.752509245753634,0.7415709349024002,0.7689167120304845,0.9350192201541185
path,0.359,0.7524066697130405,0.7415814301060202,0.7686445291235711,0.9349759298239222
path,0.36,0.7522528714733039,0.7415065549777348,0.7683723462166576,0.9348810006194714
path,0.361,0.7522474061582713,0.7414974461193472,0.7683723462166576,0.9348175855156786
path,0.362,0.7522702903010221,0.7415355863572651,0.7683723462166576,0.9348116974009093
path,0.363,0.7520588412631712,0.7415460818367315,0.7678279804028307,0.934768407070713
path,0.364,0.7520796329225268,0.7415807346023241,0.7678279804028307,0.9347769490660092
path,0.365,0.7521788446490683,0.7415646322086177,0.7681001633097442,0.9347423941823474
path,0.366,0.7522065710101415,0.7416108428104066,0.7681001633097442,0.9347537835094089
path,0.367,0.7518536948111869,0.7415670816259756,0.7672836145890038,0.9346818264103199
path,0.368,0.7516145190432443,0.7415313658886225,0.766739248775177,0.9346271467530618
path,0.369,0.7515951852510712,0.7414991429016674,0.766739248775177,0.9345580369857382
path,0.37,0.7516229195331359,0.7415453667051085,0.766739248775177,0.9345694263127999
path,0.371,0.7516506572732328,0.7415915962719366,0.766739248775177,0.9345808156398615
path,0.372,0.7515667961070984,0.7416332829329882,0.7664670658682635,0.9345604974150268
path,0.373,0.7514621301530654,0.7416402949475422,0.7661948829613501,0.9345316371948957
path,0.374,0.7513408596220117,0.7416196326670617,0.7659227000544366,0.9344653747593377
path,0.375,0.751391535111595,0.7417040918163673,0.7659227000544366,0.9344708759716299
path,0.376,0.7510199250146937,0.741629107468692,0.7651061513336962,0.9343759467671793
path,0.377,0.7509152609260434,0.7416361225922171,0.7648339684267828,0.9343470865470482
path,0.378,0.7506642882210858,0.7415807452931724,0.7642896026129559,0.9342722821161938
path,0.379,0.7506642882210858,0.7415807452931724,0.7642896026129559,0.9342722821161938
path,0.38,0.750401529869881,0.7415057252503822,0.763745236799129,0.9341773529117432
path,0.381,0.7503107430721607,0.7415358691921241,0.7634730538922155,0.934154187355143
path,0.382,0.750314948682089,0.7415428785420047,0.7634730538922155,0.9341253271350121
path,0.383,0.7499780150157154,0.7415256882452088,0.7626565051714752,0.9340446345893884
path,0.384,0.7498664039069953,0.7415211250019509,0.7623843222645618,0.934012927037492
path,0.385,0.7497735230548941,0.7415477788530578,0.7621121393576483,0.9340041915909573
path,0.386,0.749543355885518,0.741527077446649,0.7615677735438214,0.9339379291553991
path,0.387,0.7494269013601497,0.7415144418423107,0.761295590636908,0.9338889441616718
path,0.388,0.7493131852253978,0.7415063702223332,0.7610234077299945,0.9338716667198409
path,0.389,0.7493291825882737,0.7415330324937933,0.7610234077299945,0.9338629312733062
path,0.39,0.7489671908241888,0.741474078700812,0.7602068590092542,0.9338025569525173
path,0.391,0.7490082426197264,0.7415424983600412,0.7602068590092542,0.9337735032811478
path,0.392,0.7490055033231687,0.7415379328657784,0.7602068590092542,0.9337417957292515
path,0.393,0.749035410207882,0.7415877776736338,0.7602068590092542,0.9337387549462476
path,0.394,0.7490375170020238,0.7415912889972036,0.7602068590092542,0.9337243248361822
path,0.395,0.748897466578557,0.7415393268960345,0.7599346761023408,0.9336350902952623
path,0.396,0.7486276785875601,0.741452590786924,0.7593903102885139,0.9335373137590461
path,0.397,0.7485278610288997,0.7414676834604326,0.7591181273816004,0.9335257309807461
path,0.398,0.7482504615035845,0.7413682614607918,0.7585737615677736,0.9333789694508028
path,0.399,0.7482852272644308,0.7414262043955356,0.7585737615677736,0.9333932061096297
path,0.4,0.7481896202705476,0.7414483146770058,0.7583015786608601,0.9333527631111986
path,0.401,0.7477347229023437,0.7414159734817686,0.7572128470332063,0.9332836533438751
path,0.402,0.7476231015092214,0.7414113930978404,0.7569406641262929,0.9332519457919787
path,0.403,0.7476252054140751,0.7414148996059299,0.7569406641262929,0.9332375156819133
path,0.404,0.7474851093741592,0.7413628614773456,0.7566684812193795,0.9331482811409934
path,0.405,0.7473686300676505,0.7413501845711068,0.756396298312466,0.933099296147266
path,0.406,0.7473540641737177,0.7413259080812188,0.756396298312466,0.9330474638217734
path,0.40700000000000003,0.7472633136737202,0.7413561125191653,0.7561241154055526,0.9330242982651732
path,0.40800000000000003,0.7467847612597982,0.7412843462477311,0.7550353837778987,0.932914938950657
path,0.40900000000000003,0.7466821939151167,0.7412948559445375,0.7547632008709853,0.9328716486204605
path,0.41000000000000003,0.7466724765296289,0.741278660302058,0.7547632008709853,0.9328370937367987
path,0.41100000000000003,0.7466599996922253,0.741257865573052,0.7547632008709853,0.9327708313012406
path,0.41200000000000003,0.7466502789395466,0.7412416643185874,0.7547632008709853,0.9327362764175788
path,0.41300000000000003,0.746652380334305,0.7412451666431847,0.7547632008709853,0.9327218463075133
path,0.41400000000000003,0.7466496207685964,0.7412405673670038,0.7547632008709853,0.9326901387556169
path,0.41500000000000004,0.7465310243767983,0.7412243619852826,0.7544910179640718,0.9326555838719551
path,0.41600000000000004,0.7461849547763466,0.7411919451316901,0.7536744692433315,0.9325864741046316
path,0.417,0.7459595818932958,0.7411792342024901,0.7531301034295046,0.9325374891109042
path,0.418,0.7457411724250046,0.7411781289645558,0.7525857376156777,0.9324913514489424
path,0.419,0.7455088311098007,0.7411538039817672,0.7520413718018508,0.9324395191234497
path,0.42,0.7451439483134839,0.7410900318017326,0.7512248230811105,0.9323474372507644
path,0.421,0.7448166587453231,0.7410889150019585,0.7504082743603702,0.9323012995888025
path,0.422,0.7447113139222801,0.7410947955681624,0.7501360914534567,0.9322263017067096
path,0.423,0.7445899319337109,0.741073947525156,0.7498639085465433,0.9321600392711515
path,0.424,0.7442347626080227,0.7410263644628359,0.749047359825803,0.932102512282128
path,0.425,0.7442271174971253,0.7410136226113402,0.749047359825803,0.9320535272884007
path,0.426,0.7442361856880461,0.7410287362628748,0.749047359825803,0.9320419445101007
path,0.427,0.7441029490779185,0.7409881305172711,0.7487751769188895,0.9319555573009461
path,0.428,0.7438678035374677,0.7409591318257378,0.7482308111050626,0.9318720174235571
path,0.429,0.7435007655707205,0.740891767694986,0.7474142623843223,0.9317943656609373
path,0.43,0.7435377250939577,0.7409533669003813,0.7474142623843223,0.9317941722096988
path,0.431,0.7435586461301995,0.7409882352941176,0.7474142623843223,0.931802714204995
path,0.432,0.743544018206741,0.7409638554216869,0.7474142623843223,0.9317508818795024
path,0.433,0.7431532609051302,0.7408569590661624,0.746597713663582,0.9316329805696899
path,0.434,0.7429962774262453,0.7407767752059632,0.7463255307566685,0.931506343813343
path,0.435,0.742976749333601,0.7407442283848894,0.7463255307566685,0.9314372340460193
path,0.436,0.7428392758247231,0.7406965611413684,0.7460533478497551,0.9313797070569958
path,0.437,0.7424317210487144,0.7405616689951808,0.7452367991290147,0.9312244035317563
path,0.438,0.742466599459449,0.7406197996797387,0.7452367991290147,0.9312386401905833
path,0.439,0.7424945061307091,0.7406663107985053,0.7452367991290147,0.9312500295176449
path,0.44,0.7423758606197872,0.7406500235515779,0.7449646162221013,0.9312154746339831
path,0.441,0.742373064829109,0.7406453639004476,0.7449646162221013,0.9311837670820867
path,0.442,0.7422446414008901,0.7406127801246918,0.7446924333151878,0.9311146573147631
path,0.443,0.7420973655829016,0.7405487756993199,0.7444202504082743,0.9310225754420778
path,0.444,0.7420994544183281,0.7405522570916974,0.7444202504082743,0.9310081453320125
path,0.445,0.7421085230215296,0.7405673714303666,0.7444202504082743,0.9309965625537123
path,0.446,0.7421385345361005,0.7406173906213179,0.7444202504082743,0.9309935217707084
path,0.447,0.7421496989566732,0.7406359979889391,0.7444202504082743,0.9309675088823428
path,0.448,0.7418914439812354,0.7405684835724274,0.7438758845944474,0.930889857119723
path,0.449,0.741767894553732,0.7405440231311974,0.743603701687534,0.9308380247942304
path,0.45,0.7417720742536151,0.7405509892976694,0.743603701687534,0.9308091645740995
path,0.451,0.7411773952673355,0.740467134010248,0.7422427871529668,0.9306969579278178
path,0.452,0.7411885555591353,0.740485734496581,0.7422427871529668,0.9306709450394522
path,0.453,0.7410391456443417,0.7404181732432007,0.7419706042460533,0.9305932932768325
path,0.454,0.7406859512512082,0.7403738817351383,0.741154055525313,0.9305213361777435
path,0.455,0.7405435127626294,0.7403179395254493,0.7408818726183996,0.9304465317468891
path,0.456,0.7405050395378534,0.7402538174841561,0.7408818726183996,0.9303544498742038
path,0.457,0.7405210932849038,0.74028057372924,0.7408818726183996,0.9303457144276691
path,0.458,0.7404212901658149,0.7402956904687008,0.7406096897114861,0.9303341316493691
path,0.459,0.7404583099121538,0.7403573900459323,0.7406096897114861,0.9303339381981306
path,0.46,0.7406042121396762,0.7404191051538607,0.7408818726183996,0.930333744746892
path,0.461,0.7402628896836743,0.7403946002076843,0.7400653238976592,0.9302819124213995
path,0.462,0.7401770751274162,0.7404330312185298,0.7397931409907458,0.9302760243066301
path,0.463,0.7401714504726573,0.7404236567939315,0.7397931409907458,0.9302126092028373
path,0.464,0.74020150917036,0.740473754623436,0.7397931409907458,0.9302095684198335
path,0.465,0.740073026613513,0.7404410722999669,0.7395209580838323,0.9301404586525099
path,0.466,0.7400674005044997,0.7404316954516114,0.7395209580838323,0.9300770435487171
path,0.467,0.7399836947404155,0.7404736411160798,0.7392487751769189,0.9300567253238823
path,0.468,0.7400046828918052,0.7405086213683962,0.7392487751769189,0.9300652673191785
path,0.46900000000000003,0.7399090871796772,0.7405307504527916,0.7389765922700055,0.9300248243207475
path,0.47000000000000003,0.7399083712473157,0.7405295572321892,0.7389765922700055,0.9299786866587856
path,0.47100000000000003,0.7397896887015243,0.7405132082604792,0.738704409363092,0.9299441317751238
path,0.47200000000000003,0.7395523199009979,0.7404805041354864,0.7381600435492651,0.9298750220078003
path,0.47300000000000003,0.7394357265976477,0.7404676372345118,0.7378878606423517,0.929826037014073
path,0.47400000000000003,0.7394448202937489,0.7404827933946804,0.7378878606423517,0.9298144542357729
path,0.47500000000000003,0.7390894765492938,0.7404349196344154,0.7370713119216113,0.9297569272467494
path,0.47600000000000003,0.7386035252540191,0.74035082189406,0.7359825802939576,0.9296447206004678
path,0.47700000000000004,0.7383542208823709,0.7402982251505311,0.7354382144801307,0.9295554860595479
path,0.47800000000000004,0.7381147347941693,0.7402619922127464,0.7348938486663038,0.9295008064022898
path,0.47900000000000004,0.7381707542420974,0.7403553579592931,0.7348938486663038,0.9295235850564131
path,0.48,0.7380352261725713,0.7403109331146921,0.7346216657593904,0.9294516279573242
path,0.481,0.7380653342845178,0.7403611133012693,0.7346216657593904,0.9294485871743202
path,0.482,0.7379108756542383,0.7402851375220793,0.7343494828524768,0.9293536579698696
path,0.483,0.737782339536585,0.7402523659305994,0.7340772999455634,0.929284548202546
path,0.484,0.737643962635489,0.7402031930333818,0.7338051170386499,0.9291808835515606
path,0.485,0.7374656200466105,0.7400874106565265,0.7335329341317365,0.9290457047999172
path,0.486,0.737348988995894,0.7400744808432745,0.733260751224823,0.92899671980619
path,0.487,0.7373152842982806,0.7400183063472524,0.733260751224823,0.9289219153753356
path,0.488,0.7373503224908446,0.740076703334859,0.733260751224823,0.9289361520341626
path,0.489,0.7373306291562907,0.7400438811106024,0.733260751224823,0.928867042266839
path,0.49,0.7373467327687699,0.7400707204647344,0.733260751224823,0.9288583068203045
path,0.491,0.7372441177074982,0.7400811506338907,0.7329885683179096,0.9288150164901079
path,0.492,0.7372602266450657,0.7401079988631698,0.7329885683179096,0.9288062810435731
path,0.493,0.7369609085305704,0.7401535011528378,0.7321720195971693,0.928771532708673
path,0.494,0.7368302475462636,0.7401171881169354,0.7318998366902558,0.9287168530514149
path,0.495,0.7366026498671637,0.7401007691943202,0.7313554708764289,0.928682298167753
path,0.496,0.736467056065448,0.7400562347960699,0.7310832879695155,0.9286103410686641
path,0.497,0.7363454856763987,0.7400350727522631,0.730811105062602,0.928544078633106
path,0.498,0.7359661592670855,0.7399472278839013,0.7299945563418617,0.9284463020968898
path,0.499,0.7357336197049329,0.7399225724895315,0.7294501905280348,0.9283944697713971
path,0.5,0.7357567509374263,0.7399611245436875,0.7294501905280348,0.928388581656628
path,0.501,0.7357468877481559,0.7399446858949033,0.7294501905280348,0.9283540267729661
path,0.502,0.7357580745674129,0.739963330593665,0.7294501905280348,0.9283280138846004
path,0.503,0.7356393365841087,0.7399468892261002,0.7291780076211214,0.9282934590009387
path,0.504,0.7351672235271991,0.7398858552163534,0.7280892759934676,0.9281869470181879
path,0.505,0.7350386089161776,0.7398529528025931,0.7278170930865542,0.9281178372508644
path,0.506,0.7347961787560111,0.7398118130782003,0.7272727272727273,0.92803145004171
path,0.507,0.73472449060444,0.7398737880968574,0.7270005443658138,0.9280312565904714
path,0.508,0.7347406182398246,0.739900667489165,0.7270005443658138,0.9280225211439367
path,0.509,0.7346000342518246,0.739847816113774,0.7267283614589004,0.9279332866030168
path,0.51,0.7343414630852665,0.7397797747120617,0.7261839956450735,0.927855634840397
path,0.511,0.7341278812986579,0.7397867156102654,0.7256396298312466,0.9278267746202661
path,0.512,0.7340091263060478,0.7397702458938574,0.7253674469243332,0.9277922197366043
path,0.513,0.7338635760360119,0.73970911738174,0.7250952640174197,0.9276857077538535
path,0.514,0.7337159337215257,0.7396445021288719,0.7248230811105063,0.9275936258811682
path,0.515,0.7335612571475805,0.7395681631102388,0.7245508982035929,0.9274986966767176
path,0.516,0.7335604644046086,0.7395668418719524,0.7245508982035929,0.9274525590147558
path,0.517,0.7336685446235679,0.7395655202989423,0.7248230811105063,0.9274064213527937
path,0.518,0.7338167104054476,0.7396310079974662,0.7250952640174197,0.9273917977914898
path,0.519,0.7338088934051243,0.739617979663594,0.7250952640174197,0.9273428127977625
path,0.52,0.7335874879943084,0.7396118811881187,0.7245508982035929,0.9272649675839042
path,0.521,0.7336036292434143,0.7396387832699619,0.7245508982035929,0.9272562321373696
path,0.522,0.7334799051699123,0.7396140317520676,0.7242787152966794,0.9272043998118769
path,0.523,0.7334910985230009,0.7396326873405485,0.7242787152966794,0.9271783869235113
path,0.524,0.7335002124866733,0.7396478772800026,0.7242787152966794,0.9271668041452112
path,0.525,0.7334832769269126,0.7396196513470681,0.7242787152966794,0.927129401929784
path,0.526,0.7332175891655259,0.7395397489539749,0.7237343494828524,0.9270489028353989
path,0.527,0.7330868209503261,0.7395032571999175,0.723462166575939,0.9269942231781407
path,0.528,0.7330959323015915,0.7395184427853598,0.723462166575939,0.9269826403998407
path,0.529,0.7325147984891975,0.7394571627877481,0.7221012520413718,0.9268761284170899
path,0.53,0.7324001653761694,0.7394475628706434,0.7218290691344583,0.9268127133132972
path,0.531,0.7322764176689438,0.7394227719632097,0.7215568862275449,0.9267608809878045
path,0.532,0.7320529066587464,0.7394131641554321,0.721012520413718,0.9266974658840117
path,0.533,0.7317842859988373,0.7393283735981346,0.7204681545998911,0.9265852592377302
path,0.534,0.7315226877630017,0.7392552870809601,0.7199237887860642,0.9264758999232139
path,0.535,0.7314038857235485,0.7392387389531471,0.7196516058791508,0.9264413450395521
path,0.536,0.731400993340204,0.7392339183142396,0.7196516058791508,0.9264096374876558
path,0.537,0.7312722566996068,0.7392008125178531,0.7193794229722373,0.9263405277203323
path,0.538,0.7312383105804643,0.7391442356526156,0.7193794229722373,0.9262657232894778
path,0.539,0.7311526258759755,0.7391828830830767,0.7191072400653239,0.9262598351747086
path,0.54,0.7310097991031255,0.7391262937329355,0.7188350571584105,0.9261850307438542
path,0.541,0.7310230521714643,0.7391483821801669,0.7188350571584105,0.9261445877454231
path,0.542,0.7310222250927142,0.7391470037155833,0.7188350571584105,0.9260984500834613
path,0.543,0.7310023411101485,0.7391138637446404,0.7188350571584105,0.9260293403161376
path,0.544,0.7307506199721767,0.7390572390572389,0.7182906913445836,0.9259545358852832
path,0.545,0.730740672980019,0.7390406607369758,0.7182906913445836,0.9259199810016214
path,0.546,0.7305030288779528,0.7390074977760834,0.7177463255307567,0.9258508712342979
path,0.547,0.7303387352364914,0.739096585582866,0.7172019597169298,0.9258419423365247
path,0.548,0.7302340053325584,0.7391034910142533,0.7169297768100164,0.9258130821163937
path,0.549,0.7300911367873286,0.739046832043479,0.7166575939031029,0.9257382776855394
path,0.55,0.7298393885958923,0.7389901622669697,0.716113228089276,0.9256634732546849
path,0.551,0.7298978424994205,0.7390875854395168,0.716113228089276,0.9256718217987427
path,0.552,0.7297661524004964,0.7390495572125857,0.7158410451823626,0.9255710044795227
path,0.553,0.7297914492394633,0.7390917186108638,0.7158410451823626,0.925550686254688
path,0.554,0.7297985008563502,0.7391034713056753,0.7158410451823626,0.9255535335864533
path,0.555,0.729584901610171,0.7391103831045944,0.7152966793685357,0.9255246733663224
path,0.556,0.7293804310763188,0.7391325094240588,0.7147523135547088,0.9254842303678913
path,0.557,0.7290218577136771,0.7390792529668163,0.7139357648339685,0.9253949958269714
path,0.558,0.7290160420756354,0.7390695602367467,0.7139357648339685,0.9253315807231787
path,0.559,0.7289798107844758,0.7391906300227564,0.713663581927055,0.9253456239307671
path,0.56,0.7288368963737689,0.7391338946095205,0.7133913990201415,0.9252708194999129
path,0.561,0.7283785645692205,0.739095829353709,0.7123026673924877,0.9251700021806928
path,0.562,0.7283727466258376,0.7390861327814041,0.7123026673924877,0.9251065870769001
path,0.5630000000000001,0.7282509925394726,0.7390646645754048,0.7120304844855743,0.9250403246413419
path,0.5640000000000001,0.7281342216729652,0.7390515017358346,0.7117583015786608,0.9249913396476146
path,0.5650000000000001,0.7280386370711454,0.7390736493374108,0.7114861186717474,0.9249508966491835
path,0.5660000000000001,0.7278906972828674,0.7390085382948898,0.7112139357648339,0.9248588147764982
path,0.5670000000000001,0.7276933039622399,0.7390424599697284,0.710669569951007,0.9248212191098326
path,0.5680000000000001,0.7274555981709578,0.7390091941934763,0.7101252041371802,0.9247521093425091
path,0.5690000000000001,0.7273338265835199,0.7389876968190221,0.7098530212302667,0.9246858469069508
path,0.5700000000000001,0.7270790577481308,0.7389259926359246,0.7093086554164398,0.9245793349242001
path,0.5710000000000001,0.7269502072983792,0.7388926971576144,0.7090364725095264,0.9245102251568764
path,0.5720000000000001,0.7268163553601701,0.7388510658652083,0.708764289602613,0.9244238379477221
path,0.5730000000000001,0.726976785817665,0.7389369946897575,0.7090364725095264,0.9244293391600144
path,0.5740000000000001,0.7262494320856993,0.7388134700974683,0.7074033750680457,0.9242163151945129
path,0.5750000000000001,0.7259098829049837,0.7387919206101025,0.7065868263473054,0.9241500527589546
path,0.5760000000000001,0.7256712691069472,0.7387571414892597,0.7060424605334785,0.9240348053296692
path,0.577,0.7256745502969055,0.7387626101391903,0.7060424605334785,0.9239598074475763
path,0.578,0.7255365128129656,0.7387140029372326,0.7057702776265651,0.9239022804585528
path,0.579,0.7254973313073474,0.7386487004278689,0.7057702776265651,0.9238101985858675
path,0.58,0.725254545736177,0.7386069683518027,0.7052259118127382,0.9237238113767131
path,0.581,0.7250167622559637,0.7385735730939986,0.7046815459989113,0.9236547016093895
path,0.582,0.7249090804229605,0.7385755586436022,0.7044093630919979,0.9235941338373621
path,0.583,0.7249061368536804,0.7385706526948022,0.7044093630919979,0.9235624262854658
path,0.584,0.724869865142868,0.738510199843448,0.7044093630919979,0.9235020519646768
path,0.585,0.7247288455522252,0.7384566224636524,0.7041371801850844,0.923412817423757
path,0.586,0.7246394447567879,0.7384890764091991,0.703864997278171,0.9233290840951294
path,0.587,0.7243824539507617,0.7384236689417069,0.7033206314643441,0.9232370022224442
path,0.588,0.7243886484037508,0.738433993030022,0.7033206314643441,0.9231937118922477
path,0.589,0.7242384524697035,0.7383651217445523,0.7030484485574305,0.9231160601296279
path,0.59,0.7239008991162807,0.7383468986360077,0.7022318998366902,0.9230353675840042
path,0.591,0.7238757912651415,0.7383050522174421,0.7022318998366902,0.9229489803748497
path,0.592,0.7238536377057008,0.7382681296183745,0.7022318998366902,0.9228943007175917
path,0.593,0.7236391142042691,0.7382735009918729,0.7016875340228633,0.9228193028354988
path,0.594,0.7233992060705527,0.7382365646448971,0.7011431682090364,0.9227646231782407
path,0.595,0.7231179233391505,0.7381306706351111,0.7005988023952096,0.9226322917583629
path,0.596,0.7225120565527077,0.7380281690140846,0.6992378878606423,0.9224855302284194
path,0.597,0.7222863022606931,0.7380148224032782,0.6986935220468155,0.9224365452346922
path,0.598,0.7222732592285622,0.7379930840163934,0.6986935220468155,0.922370282799134
path,0.599,0.7222409986033711,0.7379393163077416,0.6986935220468155,0.9222810482582142
path,0.6,0.7218164309966963,0.7377760694437772,0.6978769733260751,0.9220739124074819
path,0.601,0.7217116581310494,0.737782903272308,0.6976047904191617,0.9220450521873509
path,0.602,0.7216864542385679,0.7377408967848389,0.6976047904191617,0.9219586649781963
path,0.603,0.721622183261893,0.737815233761656,0.6973326075122482,0.9219613188587235
path,0.604,0.7213721350737279,0.7377613973239323,0.6967882416984214,0.9218720843178035
path,0.605,0.7214025622968563,0.7378121093624795,0.6967882416984214,0.9218690435347996
path,0.606,0.7215347737657138,0.7378510065392999,0.6970604246053348,0.9218631554200303
path,0.607,0.7215409356276845,0.7378612763092509,0.6970604246053348,0.9218198650898339
path,0.608,0.7214240308078795,0.737847890214185,0.6967882416984214,0.9217708800961066
path,0.609,0.7211831171161809,0.7378092779372385,0.6962438758845945,0.9216700627768866
path,0.61,0.7210226701987383,0.7377233216794432,0.695971692977681,0.921557856130605
path,0.611,0.7208622083911269,0.7376373406046998,0.6956995100707676,0.9214456494843235
path,0.612,0.7205417369014071,0.7376475872689938,0.6948829613500273,0.9214023591541269
path,0.613,0.7201655548469782,0.7375649829921057,0.6940664126292869,0.9212757223977799
path,0.614,0.7198931711575753,0.7374739207189857,0.69352204681546,0.921131808199602
path,0.615,0.7199165228864305,0.7375128402670775,0.69352204681546,0.9211259200848327
path,0.616,0.7197965743440004,0.7374943813009696,0.6932498639085466,0.921045227539209
path,0.617,0.7198077724880394,0.7375130448743679,0.6932498639085466,0.9210192146508434
path,0.618,0.7196614452689449,0.7374506214471529,0.6929776810016332,0.9209127026680926
path,0.619,0.7194011701508681,0.7373797401262427,0.6924333151878062,0.920788913243511
path,0.62,0.7191408772691906,0.7373088291993316,0.6918889493739793,0.9206651238189293
path,0.621,0.7191256835380304,0.7372835063140645,0.6918889493739793,0.9206132914934366
path,0.622,0.7187808427635853,0.7372531375038164,0.6910724006532389,0.9205297516160476
path,0.623,0.7185570457288893,0.7372430529885409,0.690528034839412,0.9204663365122548
path,0.624,0.7180109473151837,0.7370587100508005,0.6894393032117583,0.9202390758879262
path,0.625,0.7181614878386893,0.7371281556520342,0.6897114861186717,0.9202100222165568
path,0.626,0.7180711144455387,0.7369775333301168,0.6897114861186717,0.9200518713595518
path,0.627,0.7180558851591696,0.7369521511861681,0.6897114861186717,0.9200000390340591
path,0.628,0.7178147841600319,0.7369132267301566,0.6891671203048448,0.9198992217148392
path,0.629,0.7177089693596359,0.7369183240007724,0.6888949373979314,0.9198242238327463
path,0.63,0.7175716453722849,0.7368709059597961,0.688622754491018,0.9197061290716955
path,0.631,0.7175675821569996,0.7368641339343207,0.688622754491018,0.9196282838578371
path,0.632,0.7170629425645509,0.7367488890320087,0.6875340228633642,0.9194786749961283
path,0.633,0.7168462034159789,0.7367505676602734,0.6869896570495373,0.919418107224101
path,0.634,0.7165735097581406,0.7366589887730941,0.6864452912357104,0.9192741930259232
path,0.635,0.716339457958149,0.736631812982326,0.6859009254218835,0.9191762230384686
path,0.636,0.7159527554022274,0.7365316745362835,0.6850843767011432,0.9190150313984597
path,0.637,0.7153248860512926,0.7363925019744371,0.683723462166576,0.9188597278732201
path,0.638,0.7150745208314566,0.7363381371505949,0.6831790963527491,0.9187704933323002
path,0.639,0.7144486251724123,0.7362022540752327,0.6818181818181818,0.9186007596969952
path,0.64,0.7144373470713197,0.7361834572400782,0.6818181818181818,0.9185200671513715
path,0.641,0.7141940697008273,0.7361409054984757,0.6812738160043549,0.918433679942217
path,0.642,0.7139915187268743,0.7361662310844385,0.680729450190528,0.9183788068337204
path,0.643,0.7139151903780128,0.7362204724409449,0.6804572672836146,0.9183613359406511
path,0.644,0.713978287729792,0.7363256346939104,0.6804572672836146,0.9183408242645779
path,0.645,0.7137686377538796,0.7363391286099408,0.6799129014697877,0.9182831038243159
path,0.646,0.7133991249469402,0.7362676397455356,0.6790963527490473,0.9181593143997342
path,0.647,0.7131415582659979,0.7362012724865162,0.6785519869352205,0.9180672325270489
path,0.648,0.7132901460116334,0.7362674634579665,0.6788241698421339,0.918052608965745
path,0.649,0.7130488606439873,0.7362282317211075,0.678279804028307,0.917951791646525
path,0.65,0.7130181746408915,0.7361770883826143,0.678279804028307,0.9178481269955396
path,0.651,0.7123117461680972,0.7360884392222778,0.6766467065868264,0.9176897826872962
path,0.652,0.7120367463379735,0.7359930167146229,0.6761023407729995,0.9175602985991838
path,0.653,0.7119073856801428,0.7359588708895141,0.675830157866086,0.9174911888318602
path,0.654,0.7116506635501023,0.7358939112153311,0.6752857920522591,0.9173385391871475
path,0.655,0.7116546943136659,0.7359006291546039,0.6752857920522591,0.9173096789670165
path,0.656,0.7114204724609153,0.7358731699425707,0.6747414262384323,0.917211708979562
path,0.657,0.7112025473881735,0.7358728720305522,0.6741970604246054,0.9171050035455727
path,0.658,0.710827739231003,0.7357925575824283,0.673380511703865,0.9169639366791602
path,0.659,0.7105966094924525,0.7357702518940621,0.6728361458900382,0.9168976742436019
path,0.66,0.7105080741425868,0.7358041482488948,0.6725639629831247,0.9168600785769363
path,0.661,0.709834615016034,0.735588992727685,0.6712030484485574,0.9165954157371805
path,0.662,0.7098672328896529,0.7356433558503832,0.6712030484485574,0.9165779448441111
path,0.663,0.7098292427105961,0.7355800388852884,0.6712030484485574,0.9164714328613603
path,0.664,0.7092437380463429,0.735511474134578,0.6698421339139902,0.9163332133267132
path,0.665,0.7089108467786972,0.7355010211689954,0.6690255851932498,0.9162697982229204
path,0.666,0.7081095730931917,0.7354357519254155,0.6671203048448557,0.9161171485782078
path,0.667,0.7077806860238203,0.7354319726236235,0.6663037561241154,0.9160248732542841
path,0.668,0.7073500829954309,0.7354401219947437,0.6652150244964616,0.9159354452621258
path,0.669,0.7073652776757204,0.7354654464618929,0.6652150244964616,0.9158805721536292
path,0.67,0.7068690911497629,0.735364290003733,0.6641262928688079,0.9157193805136203
path,0.671,0.7064531001072392,0.7352153374133535,0.6633097441480675,0.9155467995465498
path,0.672,0.7063502368617038,0.7352253539420703,0.6630375612411541,0.9155035092163534
path,0.673,0.7062740250630327,0.7352797895488942,0.6627653783342407,0.9154860383232839
path,0.674,0.7058834775252949,0.7351732427998245,0.6619488296135003,0.9152931391313788
path,0.675,0.7051582658347554,0.7350532882765792,0.6603157321720196,0.9151579603797355
path,0.676,0.7048848538655821,0.7349605122038416,0.6597713663581927,0.9150140461815575
path,0.677,0.7047943101430666,0.7349910612709248,0.6594991834512792,0.9149908806249574
path,0.678,0.7046389079040514,0.7349135128105084,0.6592270005443658,0.9148353836484793
path,0.679,0.7040232964347527,0.7347947700513888,0.6578660860097986,0.9146396371248087
path,0.68,0.7039080599236953,0.734784164470902,0.6575939031028851,0.9145762220210158
path,0.681,0.7036819539965504,0.7347702318015452,0.6570495372890582,0.9145272370272886
path,0.682,0.7031679723556838,0.7346394168185368,0.6559608056614045,0.9143286431718526
path,0.683,0.7026682892049384,0.7345324326523969,0.6548720740337507,0.9141357439799473
path,0.684,0.7025550096889883,0.7345250887304223,0.6545998911268373,0.914057898766089
path,0.685,0.7018981412990228,0.7345190397081338,0.6529667936853566,0.9139194857802034
path,0.686,0.7015216051141562,0.7344358452138493,0.6521502449646163,0.9137322812518289
path,0.687,0.7013105286267381,0.7342655063394283,0.6518780620577028,0.9135395755111622
path,0.6880000000000001,0.70132564331401,0.7342906974848815,0.6518780620577028,0.9134847024026657
path,0.6890000000000001,0.7010519426697197,0.7341974402869488,0.6513336962438759,0.9133407882044877
path,0.6900000000000001,0.701011689483513,0.7343118069145467,0.6510615133369625,0.9133375539702453
path,0.6910000000000001,0.7004686820500068,0.7341326156104722,0.6499727817093086,0.9131275707877476
path,0.6920000000000001,0.7002320966091146,0.7341012170848698,0.6494284158954817,0.9130440309103586
path,0.6930000000000001,0.699863820599457,0.7340317895492674,0.6486118671747414,0.9129058113757115
path,0.6940000000000001,0.6996187733161581,0.7339862879529871,0.6480675013609145,0.912773286504595
path,0.6950000000000001,0.6992452424257178,0.733908102282747,0.6472509526401742,0.912617789528117
path,0.6960000000000001,0.698980557113918,0.7338298706389651,0.6467065868263473,0.912462292551639
path,0.6970000000000001,0.6990256879037807,0.7339050886220697,0.6467065868263473,0.9124649464321659
path,0.6980000000000001,0.6986233311357739,0.733778859822552,0.645890038105607,0.9122980601286262
path,0.6990000000000001,0.698531525506788,0.7338073057121843,0.6456178551986935,0.9122287569100642
path,0.7000000000000001,0.6983040401874925,0.7337910740559097,0.6450734893848666,0.912133634254375
path,0.7010000000000001,0.6980281343284306,0.7336941415000245,0.6445291235710398,0.9120041501662626
path,0.7020000000000001,0.6977450094169704,0.733585177190142,0.6439847577572129,0.9118718187463847
path,0.7030000000000001,0.6975083168087588,0.7335536000523407,0.643440391943386,0.9117882788689956
path,0.704,0.6973647951081836,0.7334958524893245,0.6431682090364725,0.9116529066661139
path,0.705,0.6967988663390801,0.7334599142305299,0.6418072945019053,0.911477091464801
path,0.706,0.6964626008653255,0.7332623823168236,0.6412629286880784,0.9112325533986416
path,0.707,0.6961989947886099,0.7331859493981822,0.6407185628742516,0.9111231940841255
path,0.708,0.695909141515627,0.7330657711524287,0.6401741970604246,0.9109274475604547
path,0.709,0.6956244921853352,0.7329542661444934,0.6396298312465977,0.910748978478615
path,0.71,0.6951647163868386,0.7327323389608261,0.6388132825258573,0.9104987457489249
path,0.711,0.6950176728770259,0.7326687217157473,0.6385410996189439,0.9103316659941467
path,0.712,0.6947276267329117,0.732548222018108,0.637996733805117,0.910135919470476
path,0.713,0.6944677564890741,0.7324780154875968,0.6374523679912901,0.9099976999358288
path,0.714,0.6940989909614692,0.7324077720887489,0.6366358192705498,0.9098594804011817
path,0.715,0.6935838727313708,0.732275062790354,0.635547087642896,0.9096608865457456
path,0.716,0.6934169657534948,0.7321783397651696,0.6352749047359826,0.9094708346856057
path,0.717,0.6932711401433982,0.7321167523529508,0.6350027218290691,0.9093498925927896
path,0.718,0.6932899717785206,0.7321481384114882,0.6350027218290691,0.909266159264162
path,0.719,0.6928122187016095,0.7320777043684055,0.6339139902014154,0.9091279397295149
path,0.72,0.6924394499961755,0.7320007890065092,0.633097441480675,0.9090185804149987
path,0.721,0.6923205146361602,0.7319840186777593,0.6328252585737616,0.9089234577593095
path,0.722,0.6918032367138103,0.7318477098922787,0.6317365269461078,0.9087392940139389
path,0.723,0.6911914873355179,0.7317354039515028,0.6303756124115406,0.9085608249320992
path,0.724,0.6907791514154089,0.7315925432318147,0.6295590636908002,0.9084055214068596
path,0.725,0.6901567183078723,0.7314624310756317,0.628198149156233,0.9081924974413581
path,0.726,0.6896503269798173,0.7313442666139761,0.6271094175285792,0.9079823208076219
path,0.727,0.6892561533537512,0.7312316763843595,0.6262928688078389,0.9078038517257823
path,0.728,0.6887515731425724,0.7311165304508306,0.6252041371801851,0.9075792449819806
path,0.729,0.6882252440639204,0.7309651364048464,0.6241154055525313,0.9073460962428828
path,0.73,0.6878058153025902,0.7308104542831231,0.623298856831791,0.9071273776138504
path,0.731,0.687681343186102,0.7307844560269183,0.6230266739248775,0.9070149775163303
path,0.732,0.6873527945421679,0.7305997854962462,0.6224823081110507,0.9067588566718708
path,0.733,0.6873550562344684,0.7306035549834135,0.6224823081110507,0.906683858789778
path,0.734,0.6870804967352881,0.7305088663606645,0.6219379422972238,0.9064793768195727
path,0.735,0.6869666356967382,0.7305005532343568,0.6216657593903103,0.9064015316057144
path,0.736,0.6868222647416342,0.7304413902471257,0.6213935764833969,0.9062661594028326
path,0.737,0.6862650240947704,0.7302384769207886,0.6203048448557431,0.9059754836747114
path,0.738,0.6860494928813338,0.7302421687742788,0.6197604790419161,0.9059004857926185
path,0.739,0.6859737091673654,0.7302973178556073,0.6194882961350027,0.9058224471275217
path,0.74,0.6854449814584793,0.7301419260925662,0.6183995645073489,0.9056037284984894
path,0.741,0.6850143415123928,0.7299685586629157,0.6175830157866086,0.9053504549857951
path,0.742,0.6846016024697117,0.729825026072274,0.6167664670658682,0.9051345836885283
path,0.743,0.6838750709939466,0.729702871906986,0.6151333696243876,0.9048782693928303
path,0.744,0.6836890772750963,0.7295743376468444,0.6148611867174741,0.9046508153172632
path,0.745,0.6836387966731344,0.7294905366435747,0.6148611867174741,0.9045097484508506
path,0.746,0.6833564660674641,0.7293828961766754,0.6143168209036473,0.90430241914888
path,0.747,0.6825987837952167,0.72920882401725,0.6126837234621666,0.9040491456361859
path,0.748,0.681971667088621,0.7290709058626353,0.6113228089275994,0.9038044141187879
path,0.749,0.6807729284242865,0.7288875608015009,0.6086009798584648,0.9035338631642629
path,0.75,0.6804776778373464,0.7287583870324853,0.608056614044638,0.9033064090886957
path,0.751,0.6801607177672077,0.7285930307914721,0.6075122482308111,0.9030098452458053
path,0.752,0.679313816682097,0.7284517158818836,0.605606967882417,0.9027189760664454
path,0.753,0.6785084708118028,0.7283796596636559,0.6037016875340229,0.9025201887597709
path,0.754,0.6782019792546436,0.7282317509442753,0.603157321720196,0.9023187475725695
path,0.755,0.6777502917216298,0.7280233042030794,0.6023407729994557,0.9020425019545136
path,0.756,0.6769718847308586,0.7278146908461142,0.600707675557975,0.9017662563364578
path,0.757,0.6764783708950219,0.7277179888714891,0.5996189439303212,0.9015617743662525
path,0.758,0.676073682205097,0.7275878735354411,0.5988023952095808,0.9013343202906854
path,0.759,0.6757905545859039,0.7274789047126705,0.5982580293957539,0.9010664232166873
path,0.76,0.6752750325998331,0.727345522487655,0.5971692977681001,0.9008533992511858
path,0.761,0.6745617315575027,0.7272454190447581,0.5955362003266195,0.9006633473910459
path,0.762,0.6744583143863594,0.7272545123641282,0.595264017419706,0.9004989215167947
path,0.763,0.6740533335190746,0.7271239100658138,0.5944474686989657,0.9002714674412278
path,0.764,0.6734956440363595,0.7269202486797245,0.5933587370713119,0.8999663616030409
path,0.765,0.6729724794699521,0.7267741288208147,0.5922700054436582,0.8996899225337466
path,0.766,0.6721821454480057,0.7265456370785578,0.5906369080021775,0.8993185542600015
path,0.767,0.6713460626021142,0.7262408972963924,0.5890038105606968,0.8989445321057297
path,0.768,0.6710284211458954,0.7262558606831883,0.5881872618399564,0.8988723815554023
path,0.769,0.670559800044115,0.7262006465986566,0.5870985302123026,0.8987081491323894
path,0.77,0.6701250990514812,0.7260205107580938,0.5862819814915623,0.8984693057297608
path,0.771,0.669525472637438,0.7259284097577333,0.5849210669569951,0.8982359635394246
path,0.772,0.6689632310617818,0.7257171615500755,0.5838323353293413,0.8978991501493413
path,0.773,0.6681777617502033,0.7254967776584317,0.5821992378878607,0.8976056270894546
path,0.774,0.6677422730266506,0.7253153289330041,0.5813826891671203,0.8972456481427712
path,0.775,0.6673655877822622,0.7252318860061837,0.58056614044638,0.8970295833942659
path,0.776,0.6663624542012765,0.7248301836034703,0.5786608600979859,0.8965577847037778
path,0.777,0.6658255008986788,0.7246610825175767,0.577572128470332,0.8963217886329146
path,0.778,0.6655831783626172,0.7246201221666919,0.5770277626565051,0.8961459734316017
path,0.779,0.6651713542611746,0.7244781144781145,0.5762112139357648,0.8959012419142038
path,0.78,0.6645530103066393,0.7241733623056581,0.575122482308111,0.8955127896498665
path,0.781,0.6638991665886456,0.7239908991320467,0.5737615677735438,0.8952133784752103
path,0.782,0.6633812560282402,0.7238535359498068,0.57267283614589,0.894879218965654
path,0.783,0.6625202134349101,0.7236886518598529,0.5707675557974959,0.8945537949026325
path,0.784,0.662007655322387,0.7235602094240837,0.5696788241698422,0.8942369128349071
path,0.785,0.6611131356289679,0.7233395301673144,0.5677735438214481,0.8938683918929275
path,0.786,0.6608004070645461,0.7231812264358294,0.5672291780076211,0.8936352431538297
path,0.787,0.6602525140114079,0.7229938924323684,0.5661404463799673,0.8932896943172118
path,0.788,0.6592836103126734,0.7226492398334067,0.5642351660315732,0.8928321322855508
path,0.789,0.6584697172929579,0.7225629383661438,0.5623298856831791,0.892555499765018
path,0.79,0.6571426530768628,0.7221657173854082,0.5596080566140447,0.8921009785163609
path,0.791,0.6564851779065637,0.7219772017912879,0.5582471420794775,0.8917554296797431
path,0.792,0.655877620799874,0.7216904276985743,0.5571584104518236,0.891387102189002
path,0.793,0.6549669835042977,0.7214428857715433,0.5552531301034295,0.8910128865834915
path,0.794,0.6546033015646472,0.7213811150192859,0.5544365813826891,0.8908025164985169
path,0.795,0.6540121346936126,0.7213031132572731,0.5530756668481219,0.890543161419815
path,0.796,0.653202589216311,0.7210426024227575,0.5514425694066413,0.8901660984825392
path,0.797,0.6526497915550256,0.7208470940723843,0.5503538377789875,0.8898494098660523
path,0.798,0.651716462557465,0.7203802773707704,0.5487207403375068,0.8892739465245789
path,0.799,0.6508293280627891,0.7199904515072978,0.5470876428960262,0.88876170483566
path,0.8,0.6502766976131509,0.7197952218430034,0.5459989112683723,0.8883700183370802
path,0.801,0.6497926315105236,0.7195328108191179,0.545182362547632,0.8879929553998044
path,0.802,0.6491274924158682,0.7193315220177372,0.5438214480130648,0.8876301291213555
path,0.803,0.6479951343063659,0.7188959006721051,0.5416439847577572,0.8870776378852439
path,0.804,0.6478670542162551,0.7188638891265293,0.5413718018508438,0.8869046700156965
path,0.805,0.6466069406767087,0.7185782526067082,0.5386499727817093,0.8865074823048245
path,0.806,0.6459320875178772,0.7183607736983673,0.5372890582471421,0.8861562388046758
path,0.807,0.6456280098494513,0.7182168881268753,0.5367446924333152,0.8858220792951195
path,0.808,0.6444265313007914,0.7178475213205896,0.5342950462710941,0.8853155322697311
path,0.809,0.643581958087889,0.717710086198015,0.5323897659227,0.8850130803120713
path,0.81,0.6429475761634633,0.7173786040757414,0.5313010342950463,0.8845756430540066
path,0.811,0.6418641919009446,0.7170246058084151,0.5291235710397387,0.8841180810223457
path,0.812,0.6404730937384853,0.7165206615837392,0.5264017419706043,0.8834907853553795
path,0.8130000000000001,0.6392816599014033,0.7161680359634166,0.5239520958083832,0.8830187932136531
path,0.8140000000000001,0.6382691165464381,0.7157506506040708,0.5220468154599891,0.8825469945231651
path,0.8150000000000001,0.6371037943152741,0.7154415443269447,0.5195971692977681,0.8820402540465384
path,0.8160000000000001,0.6364356326778311,0.7152352179542513,0.5182362547632009,0.8816774277680895
path,0.8170000000000001,0.6354022128037207,0.7149644936676055,0.5160587915078934,0.8812397970587864
path,0.8180000000000001,0.6345774171481755,0.7146785658693509,0.5144256940664126,0.8807387512456905
path,0.8190000000000001,0.6331010714028016,0.7142139976110928,0.5114316820903647,0.880151705125917
path,0.8200000000000001,0.6321948855642565,0.7139738747791137,0.5095264017419706,0.8797514766320411
path,0.8210000000000001,0.6309554253016166,0.7131782945736435,0.5076211213935765,0.878908696570285
path,0.8220000000000001,0.6299082785509977,0.7128846921594835,0.505443658138269,0.87843651097732
path,0.8230000000000001,0.6288802989068355,0.712441579651476,0.5035383777898748,0.8778551595210774
path,0.8240000000000001,0.6275283721964736,0.7120029211802957,0.5008165487207403,0.8773199457267966
path,0.8250000000000001,0.6269216344859007,0.7117175127477767,0.49972781709308656,0.8768650375756626
path,0.8260000000000001,0.6263788654658724,0.7113572635282233,0.49891126837234623,0.8763930454339361
path,0.8270000000000001,0.6256491552366072,0.7110483561691595,0.497550353837779,0.8759180125092058
path,0.8280000000000001,0.6248665065093073,0.7106512179800377,0.49618943930321174,0.8753480503800246
path,0.8290000000000001,0.6243733965403584,0.7103737338456164,0.4953728905824714,0.8749104196707216
path,0.8300000000000001,0.6236244047750521,0.7100326905931508,0.4940119760479042,0.8743835544204985
path,0.8310000000000001,0.6227216135824658,0.7097982255044363,0.49210669569951004,0.873911175376295
path,0.8320000000000001,0.621362084057085,0.7091654404036157,0.48965704953728906,0.8731832558413475
path,0.833,0.6204640300814623,0.7089388706765072,0.48775176918889496,0.8728175822311333
path,0.834,0.6187099248594817,0.7083742804997895,0.48421339139902014,0.8721356069069093
path,0.835,0.6176715047608361,0.7077323119630339,0.4825802939575395,0.8713615497099998
path,0.836,0.6168749075388932,0.7073119262828405,0.4812193794229722,0.8708176004691843
path,0.837,0.6154884553157097,0.7066342700190154,0.47876973326075123,0.8700061410568478
path,0.838,0.6140412529808865,0.7062182741116753,0.4757757212847033,0.8694189014858358
path,0.839,0.6124664842739598,0.7055896675841627,0.47278170930865543,0.8686938292826536
path,0.84,0.611095848674937,0.7051198276318812,0.47005988023952094,0.8681096304946456
path,0.841,0.6089202883923208,0.7043971781679308,0.4657049537289058,0.8673040591970783
path,0.842,0.6074154720861307,0.7037037037037036,0.4629831246597714,0.8664608922328454
path,0.843,0.6057305361331096,0.702891485099367,0.45998911268372344,0.8655315315106964
path,0.844,0.6045228426128612,0.7025117600071004,0.45753946652150246,0.8649095436047842
path,0.845,0.6028727200236761,0.7021204742183751,0.45400108873162764,0.8642702782570411
path,0.846,0.6014995119988409,0.7016463468897393,0.4512792596624932,0.8635677912567437
path,0.847,0.6003677074351894,0.7010301928492496,0.44937397931409906,0.862758985724934
path,0.848,0.5984716640737313,0.7004104943780117,0.44556341861731086,0.8619646103031897
path,0.849,0.5973431013462377,0.7001626539403363,0.4431137724550898,0.8613739430466971
path,0.85,0.595837828346847,0.6994684183207747,0.4403919433859554,0.8605336234142295
path,0.851,0.5941177703244538,0.6989605734767025,0.4368535655960806,0.8598398718604667
path,0.852,0.5927355211559712,0.69810846703277,0.434676102340773,0.8588903863647215
path,0.853,0.5919297728970936,0.6974913743530765,0.4335873707131192,0.8581132883848082
path,0.854,0.5899048182188367,0.6968382789584495,0.4295046271094175,0.8572987881894678
path,0.855,0.5883370683923126,0.6964028258362168,0.4262384322264562,0.8565932604061665
path,0.856,0.5874546936902242,0.6960209329603899,0.42460533478497553,0.8559741198320197
path,0.857,0.5865212652000675,0.6953724951665071,0.42324442025040826,0.8551913271885756
path,0.858,0.5851549859486356,0.6947284605222679,0.4207947740881873,0.8543508141048695
path,0.859,0.583421540665535,0.6938353930344653,0.41780076211213935,0.8534100640556589
path,0.86,0.5822748336552684,0.6931944015829505,0.41589548176374525,0.8524974004216254
path,0.861,0.5806649849583599,0.6923258731341927,0.41317365269461076,0.8515190547057491
path,0.862,0.5792784047105142,0.6916480034959305,0.4107240065323898,0.8506728469585123
path,0.863,0.5773343108334654,0.6909482208320414,0.4069134458356015,0.8497632241074826
path,0.864,0.5757342947539328,0.6900960800789099,0.4041916167664671,0.8488050031652026
path,0.865,0.5742515567651156,0.6894394028103044,0.4014697876973326,0.8479356298613656
path,0.866,0.5720237907372104,0.6884482884995968,0.3973870440936309,0.8468883678294041
path,0.867,0.5708806288418913,0.6878132055729942,0.3954817637452368,0.8460102590790326
path,0.868,0.5698430425746865,0.6873540820265823,0.3935764833968427,0.8453191614057967
path,0.869,0.5684754917461917,0.6867079280872385,0.39112683723462166,0.844366054773332
path,0.87,0.5673703057187178,0.6859546830024357,0.389493739793141,0.8434334598169408
path,0.871,0.5651403239223198,0.6849598757442401,0.3854109961894393,0.8422418966843245
path,0.872,0.5639342807132135,0.6845829011705438,0.3829613500272183,0.841556300223381
path,0.873,0.5627297576911814,0.6840270049706952,0.3807838867719107,0.840830841117722
path,0.874,0.5614092624746199,0.6830963665086888,0.3788786064235166,0.8396996523058946
path,0.875,0.5595525889484747,0.6823608291583634,0.3753402286336418,0.8386861713526411
path,0.876,0.5571868060516738,0.6813211420041052,0.37098530212302666,0.8375322038866905
path,0.877,0.5558905365375011,0.6804308797127468,0.36908002177463256,0.8363979742918592
path,0.878,0.5536417999489607,0.6792233591963717,0.3652694610778443,0.8350915506324345
path,0.879,0.5508792159660054,0.6778852474410743,0.3603701687534023,0.8337133633251592
path,0.88,0.5491303648562184,0.6769665035754611,0.3573761567773544,0.8326340068388245
path,0.881,0.5476726067350226,0.6761700041482822,0.35492651061513336,0.8316264140003402
path,0.882,0.5451974446065649,0.6753109288171474,0.35002721829069133,0.8304747135124396
path,0.883,0.5436303847900129,0.674332259897708,0.34757757212847035,0.8293118171487159
path,0.884,0.542093150361968,0.6732218446878382,0.34540010887316275,0.8281060173572725
path,0.885,0.5402592601079427,0.6719799136438857,0.3426782798040283,0.8268284539179788
path,0.886,0.5382228795818061,0.6705819540843567,0.3396842678279804,0.8253579912867797
path,0.887,0.5353822168589055,0.6691137110958171,0.33478497550353836,0.8238155715564917
path,0.888,0.5331043627911144,0.6676762061760816,0.3312465977136636,0.8222816938214998
path,0.889,0.5315521526663198,0.6663593762003535,0.32934131736526945,0.82100717116521
path,0.89,0.529831515935284,0.66530620102805,0.326619488296135,0.8197780123659281
path,0.891,0.5271297629381462,0.6637065637065637,0.3222645617855199,0.8181406634311894
path,0.892,0.5253707586234792,0.6627708978328173,0.31927054980947195,0.8170121284998889
path,0.893,0.5232756164649579,0.6610935469480381,0.3165487207403375,0.8154326934566507
path,0.894,0.5201002584406058,0.6590674784570795,0.3116494284158955,0.8135339159163986
path,0.895,0.5182201300450556,0.6577484838439187,0.308927599346761,0.8121524943748809
path,0.896,0.5161080242403352,0.6560428602154743,0.3062057702776266,0.8105009087813153
path,0.897,0.5139978572934921,0.6545219232881011,0.30321175830157865,0.8089208933843615
path,0.898,0.512397887771116,0.6536698601302303,0.3004899292324442,0.8076621005599947
path,0.899,0.510841126685825,0.6523454452203417,0.29858464888405006,0.8062430833518114
path,0.9,0.5078587580084587,0.6506410256410258,0.29368535655960804,0.8045567494233454
path,0.901,0.506120444965368,0.6493769346773554,0.29123571039738705,0.803140386095689
path,0.902,0.5039577455786721,0.6477684436835609,0.2882416984213391,0.8014652480430462
path,0.903,0.501467990063104,0.6457963144129215,0.2849755035383778,0.7996555115924755
path,0.904,0.49963332850613107,0.6440087320502293,0.28307022318998365,0.7979173453385169
path,0.905,0.49811737951005153,0.6423894267464749,0.28170930865541643,0.7963316352780323
path,0.906,0.49517639443749534,0.6402096140280158,0.27762656505171474,0.794314569525491
path,0.907,0.492369029205341,0.6377081352297327,0.2743603701687534,0.7920472710432593
path,0.908,0.48991073328926243,0.6356069833536337,0.2713663581927055,0.790110704385103
path,0.909,0.4872447856894805,0.633704111151856,0.26755579749591724,0.7882629853653897
path,0.91,0.48451817079460147,0.6315186715203075,0.2640174197060425,0.7862024358314134
path,0.911,0.48090131565948857,0.628756774511414,0.25911812738160045,0.7838375542642041
path,0.912,0.47818722940449465,0.6262293054037894,0.2561241154055525,0.7815151892222374
path,0.913,0.47529196680673824,0.6237627862674453,0.2525857376156777,0.779238768390994
path,0.914,0.47155971994516477,0.6211714802570021,0.24714207947740882,0.7769395689056275
path,0.915,0.46779060006397316,0.6188816297564133,0.24115405552531302,0.7748906021499513
path,0.916,0.4643306300450283,0.6163812079411332,0.236254763200871,0.7726343060923042
path,0.917,0.46127744893037403,0.6140144018191772,0.2321720195971693,0.7704670511243387
path,0.918,0.4573517708468619,0.6114636209813875,0.2261839956450735,0.7681818948465606
path,0.919,0.4548169645393574,0.6092349517862453,0.2231899836690256,0.7661498186302383
path,0.92,0.450909182916544,0.605988177297851,0.21829069134458357,0.7634767904418384
path,0.921,0.4479858412387362,0.6036563149660301,0.2144801306477953,0.7614044646783233
path,0.922,0.4448355775422155,0.601309159812239,0.2101252041371802,0.7592656830280118
path,0.923,0.44227385004119923,0.5992170772325195,0.20685900925421882,0.7573224544501325
path,0.924,0.43928017530133423,0.5962236273167765,0.20386499727817092,0.7548764934348225
path,0.925,0.43564667823629755,0.5932525384867343,0.19923788786064237,0.7524014787481431
path,0.926,0.43245010168197173,0.5906467399653258,0.19515514425694067,0.7501332130097191
path,0.927,0.4282843657161236,0.5878773179282517,0.18889493739793142,0.7478480567319411
path,0.928,0.4247841552560408,0.5845840076259726,0.18508437670114317,0.7451888782998912
path,0.929,0.4207013272544401,0.5806825786303814,0.18072945019052802,0.7421009980563112
path,0.93,0.41613380339184103,0.5761547784710688,0.17610234077299947,0.7387289105530948
path,0.931,0.41178706850789604,0.5723578704853974,0.170930865541644,0.7357386133944925
path,0.932,0.4069069783310656,0.5682164028254105,0.16494284158954817,0.732734853382017
path,0.933,0.4028499776304124,0.5643580193313987,0.16058791507893305,0.7298167067737422
path,0.934,0.39855101192925063,0.5602778161078147,0.15596080566140447,0.7267574932990548
path,0.935,0.39355172299569696,0.5557562285820136,0.1502449646162221,0.7234596298729773
path,0.936,0.3883726003952477,0.5505720077355017,0.14507348938486664,0.7199527505205944
path,0.937,0.38287703555572317,0.5459491147848516,0.13826891671203048,0.716735773091379
path,0.9380000000000001,0.37805915040837457,0.5408225905463474,0.13391399020141534,0.7132455908271116
path,0.9390000000000001,0.37371214209086584,0.5357550399391404,0.130647795318454,0.709821477547164
path,0.9400000000000001,0.36853811104098294,0.5307607602815149,0.12520413718018508,0.7064662805833014
path,0.9410000000000001,0.36362004067370235,0.525104350133906,0.12139357648339684,0.7027110485768013
path,0.9420000000000001,0.3570166847526351,0.5184536834427425,0.11486118671747414,0.69855978956686
path,0.9430000000000001,0.35168303119781735,0.5124675451917896,0.11050626020685901,0.6948079852458408
path,0.9440000000000001,0.34670615531276233,0.5065316705766144,0.10696788241698421,0.6910411704610406
path,0.9450000000000001,0.3426658238038836,0.5014308821699639,0.1045182362547632,0.6877658922378478
path,0.9460000000000001,0.3376858233227686,0.4953083446234131,0.10125204137180185,0.6840106602313477
path,0.9470000000000001,0.33288980539645496,0.48858516831181975,0.09934676102340773,0.6799706406114956
path,0.9480000000000001,0.3262550230844737,0.48133775848863924,0.09363091997822537,0.6757700097053501
path,0.9490000000000001,0.31964974374479205,0.4739580650146824,0.08818726183995645,0.6715462132426043
path,0.9500000000000001,0.3140828016203338,0.46685729139589294,0.0849210669569951,0.6674946108444522
path,0.9510000000000001,0.3071439311784448,0.45874015748031494,0.07974959172563963,0.6630118462054815
path,0.9520000000000001,0.30160900908129445,0.4518742058449809,0.07621121393576484,0.6592480722036852
path,0.9530000000000001,0.2958054732756892,0.44437910942427966,0.07294501905280348,0.6551789989124637
path,0.9540000000000001,0.2891912183640256,0.43625863557858374,0.06859009254218836,0.6509147594512869
path,0.9550000000000001,0.2837476205971004,0.4286376148039135,0.06641262928688078,0.6469174498079159
path,0.9560000000000001,0.2767034841720116,0.4198006717691757,0.06205770277626565,0.6424605046060723
path,0.9570000000000001,0.27046753481564234,0.4117663413684767,0.058519324986390855,0.638440416308578
path,0.9580000000000001,0.26354217170175614,0.4038531749375123,0.05307566684812194,0.6345264530913575
path,0.9590000000000001,0.2571783640411841,0.39578720263441775,0.0492651061513337,0.6305803954197636
path,0.96,0.2502223074308666,0.3865526934771384,0.0457267283614589,0.6262643236330943
path,0.961,0.24349903561168937,0.3775247037004839,0.04246053347849755,0.6221236801452605
path,0.962,0.2369590086918344,0.3691650326319178,0.038649972781709306,0.6183365471356257
path,0.963,0.2292592388434084,0.3592353672249512,0.03429504627109418,0.6139599075769289
path,0.964,0.22164007087605747,0.3488956724726162,0.030756668481219378,0.6095056162556122
path,0.965,0.21483827081882217,0.3397368022991983,0.027490473598258028,0.605611777811988
path,0.966,0.20774618380001672,0.33009412052316345,0.024224278715296678,0.6016382140789326
path,0.967,0.19964320585162196,0.3185851652598708,0.021230266739248774,0.5970029932464878
path,0.968,0.19240524983370003,0.30833645794275716,0.018508437670114317,0.5929603197461087
path,0.969,0.18509599511386737,0.2974245536419655,0.016603157321720196,0.5887448718274207
path,0.97,0.1762390911552304,0.2842961444857179,0.014153511159499184,0.5837986570420198
path,0.971,0.16837516117207124,0.27300414722654226,0.011431682090364725,0.5796433899928822
path,0.972,0.16099796427377713,0.2616160954190969,0.010070767555797496,0.5755517314987759
path,0.973,0.15265828964008568,0.248623914052656,0.008709853021230268,0.5709945493314279
path,0.974,0.14468455909382172,0.23696746058369672,0.006260206859009254,0.5670004739222991
path,0.975,0.13655626579024027,0.22414612616283017,0.005171475231355471,0.56270756769223
path,0.976,0.12799088415259147,0.21005194537135777,0.004899292324442025,0.5581067082922083
path,0.977,0.12081546551490067,0.19863728012236667,0.004082743603701687,0.5544669171662322
path,0.978,0.111825097397959,0.184742064888451,0.0024496461622210124,0.550128260176678
path,0.979,0.1037393946732774,0.17217317003702648,0.0010887316276537834,0.5463126538493891
path,0.98,0.09644696206922312,0.1605634815107629,0.00027218290691344586,0.5428289400536064
path,0.981,0.08809740141740868,0.1468290023623478,0.0,0.5388012770170083
path,0.982,0.08079042092117829,0.13465070153529715,0.0,0.5353283721945719
path,0.983,0.0728838728838729,0.12147312147312149,0.0,0.5316285936502838
path,0.984,0.06455582232893158,0.10759303721488596,0.0,0.5277854812615331
path,0.985,0.058186769544990365,0.09697794924165061,0.0,0.5249115922396472
path,0.986,0.05130434782608696,0.0855072463768116,0.0,0.5218366489330367
path,0.987,0.0436010931065009,0.07266848851083484,0.0,0.5184510985759471
path,0.988,0.03640878404593777,0.060681306743229614,0.0,0.5153190151827901
path,0.989,0.029682310187175178,0.0494705169786253,0.0,0.5124172331969655
path,0.99,0.022711891083654675,0.037853151806091126,0.0,0.5094294509044635
path,0.991,0.017378917378917377,0.028964862298195632,0.0,0.5071919798985551
path,0.992,0.011794667727815358,0.01965777954635893,0.0,0.5048626204712001
path,0.993,0.006908407628033421,0.011514012713389036,0.0,0.5028296314354971
path,0.994,0.0037059318974852606,0.006176553162475435,0.0,0.5015182869174954
path,0.995,0.0015434083601286177,0.0025723472668810294,0.0,0.5006354507597853
path,0.996,0.000337987365710377,0.0005633122761839617,0.0,0.5001380260834086
path,0.997,0.0,0.0,0.0,0.5
path,0.998,0.0,0.0,0.0,0.5
path,0.999,0.0,0.0,0.0,0.5
path,1.0,0.0,0.0,0.0,0.5
